bug_number,reported_dt,subject,thread_message_cnt,is_acted_upon,linked_via,first_commit_dt,days_to_commit
17208,2021-10-01,"BUG #17208: Download fails when running 'yum install postgresql96'",3,false,,,
17209,2021-10-01,"BUG #17209: The latest pgdg-redhat-repo-latest.noarch has incorrect path for pgdg14",2,false,,,
17210,2021-10-01,"BUG #17210: Postgres Let'sEncrypt root certificate is expired and breaks installation of postgres-client",2,false,,,
17211,2021-10-01,"BUG #17211: Partitioned index partition does not inherit table partition tablespace",2,false,,,
17212,2021-10-02,"BUG #17212: pg_amcheck fails on checking temporary relations",83,true,both,2021-10-12,10
17213,2021-10-04,"BUG #17213: Wrong result from a query involving Merge Semi Join and Memoize",10,true,both,2021-11-24,51
17214,2021-10-05,"BUG #17214: HammerDB-v4.2-TPCH build schema error for virtual users.",2,false,,,
17215,2021-10-05,"BUG #17215: ltree tests failing in REL_14_STABLE / commit cb8a5a588",5,false,,,
17216,2021-10-06,"BUG #17216: No Password Provided Error - uncaught exception",4,false,,,
17217,2021-10-06,"BUG #17217: PANIC: stuck spinlock detected at LockBufHdr, bufmgr.c:4297",1,false,,,
17218,2021-10-11,"BUG #17218: Cluster recovery is not working properly.",3,false,,,
17219,2021-10-11,"BUG #17219: Create table not working",1,false,,,
17220,2021-10-11,"BUG #17220: ALTER INDEX ALTER COLUMN SET (..) with an optionless opclass makes index and table unusable",16,true,discussion_link,2021-10-19,8
17221,2021-10-11,"BUG #17221: Data sending resume",2,false,,,
17223,2021-10-12,"BUG #17223: Foreign key SET NULL depends on constraints order",1,false,,,
17224,2021-10-12,"BUG #17224: Postgres Yum repo mirror has expired SSL certificate",4,false,,,
17225,2021-10-12,"BUG #17225: Query with CTE failed after upgrade Postgres from 11 to 12/13",3,false,,,
17226,2021-10-13,"BUG #17226: hot standby mode, create database and drop database cause standby restrat failed",2,false,,,
17227,2021-10-13,"BUG #17227: segmentation fault with jsonb_to_recordset",7,true,both,2021-10-14,1
17228,2021-10-13,"BUG #17228: Adding 'syslog' to log_destination causes postgres service throw an error when restarted.",1,false,,,
17229,2021-10-13,"BUG #17229: Segmentation Fault after upgrading to version 13",14,false,,,
17230,2021-10-14,"BUG #17230: The postmaster has commanded this server process to roll back the current transaction and exit, beca",2,false,,,
17231,2021-10-15,"BUG #17231: ERROR: tuple concurrently updated",2,false,,,
17232,2021-10-15,"BUG #17232: DISTINCT ON does not allow AS",3,false,,,
17233,2021-10-16,"BUG #17233: Incorrect behavior of DELETE command with bad subquery in WHERE clause",16,true,both,2022-11-22,402
17235,2021-10-18,"BUG #17235: PQsendQuery (with two sql) after PQenterPipelineMode cause ERROR",8,true,discussion_link,2021-11-05,18
17236,2021-10-18,"BUG #17236: Postgres core on pstate->p_multiassign_exprs",3,true,both,2021-10-19,1
17237,2021-10-19,"BUG #17237: set_config: Custom parameter names must be two or more simple identifiers separated by dots.",2,false,,,
17238,2021-10-19,"BUG #17238: Link to ""Using EXPLAIN"" in the ""EXPLAIN"" documentation",2,false,,,
17240,2021-10-21,"BUG #17240: <timestamptz> at time zone ... ; wrong result",5,false,,,
17241,2021-10-21,"BUG #17241: llvm::install_bad_alloc_error_handler error",3,false,,,
17242,2021-10-21,"BUG #17242: Postgis 2.5 fails to install and fails to load due to broken gdal32-libs RPM",1,false,,,
17243,2021-10-22,"BUG #17243: explain wtih recursive cte error?",2,false,,,
17244,2021-10-22,"BUG #17244: strange string to timestamp with time zone conversion due to summer time / winter time switch ?",3,false,,,
17245,2021-10-24,"BUG #17245: Index corruption involving deduplicated entries",103,true,both,2021-10-27,3
17246,2021-10-25,"BUG #17246: Feature request for adoptive indexes",5,false,,,
17247,2021-10-25,"BUG #17247: How to avoid crating multiple Foreign keys on same column on same table.",2,false,,,
17248,2021-10-27,"BUG #17248: Installation fails...",2,false,,,
17249,2021-10-27,"BUG #17249: Bug in .pgpass search and/or documentation thereof, Ubuntu 13.4-4",5,false,,,
17250,2021-10-28,"BUG #17250: libboost_thread.so.1.75.0 is missing when installing PostGIS 3.1",1,false,,,
17251,2021-10-28,"BUG #17251: Download Link Page Displaying Weirdly",2,false,,,
17252,2021-10-28,"BUG #17252: Alter Column Length with dependent Views",2,false,,,
17253,2021-10-29,"BUG #17253: Composite partition table configuration error",1,false,,,
17254,2021-10-29,"BUG #17254: Crash with 0xC0000409 in pg_stat_statements when pg_stat_tmp\pgss_query_texts.stat exceeded 2GB.",11,true,both,2021-10-31,2
17255,2021-10-29,"BUG #17255: Server crashes in index_delete_sort_cmp() due to race condition with vacuum",90,true,both,2022-01-14,77
17256,2021-10-29,"BUG #17256: Running pgagent on a custom user",2,false,,,
17257,2021-10-29,"BUG #17257: (auto)vacuum hangs within lazy_scan_prune()",43,false,,,
17258,2021-10-29,"BUG #17258: Unexpected results in CHAR(1) data type",19,false,,,
17259,2021-10-31,"BUG #17259: RETURN QUERY no longer accepts an UPDATE RETURNING",2,false,,,
17260,2021-11-01,"BUG #17260: Unable to Download Installer: Receiving Internal Server Error 500",2,false,,,
17261,2021-11-01,"BUG #17261: FK ON UPDATE CASCADE can break referential integrity with columns of different types",8,false,,,
17262,2021-11-02,"BUG #17262: ""View manual"" button on postgres.org/docs is overflowing horizontally on mobile view",4,false,,,
17265,2021-11-03,"BUG #17265: Not able to download",2,false,,,
17266,2021-11-03,"BUG #17266: could not truncate file ""base/126370/130666"" to 0 blocks: Permission denied",2,false,,,
17267,2021-11-03,"BUG #17267: cant able to install",2,false,,,
17268,2021-11-03,"BUG #17268: Possible corruption in toast index after reindex index concurrently",28,true,discussion_link,2021-12-08,35
17269,2021-11-03,"BUG #17269: Why is virtual memory usage of PostgreSQL growing constantly?",6,false,,,
17270,2021-11-03,"BUG #17270: Partitions are not prunned for generic plans when `ANY` construct is used.",1,false,,,
17271,2021-11-04,"BUG #17271: Updating enum columns type fails when constraints exist",6,false,,,
17272,2021-11-05,"BUG #17272: Incorrect syntax parsed",2,false,,,
17274,2021-11-08,"BUG #17274: Issue in upgrading package pgrouting: not signed",3,false,,,
17275,2021-11-08,"BUG #17275: pg_waldump files split across postgresql14 and postgresql14-server packages",1,false,,,
17276,2021-11-09,"BUG #17276: pg_tblspc Permission denied",2,false,,,
17277,2021-11-09,"BUG #17277: write past chunk when calling normalize() on an empty string",3,true,discussion_link,2021-11-11,2
17278,2021-11-10,"BUG #17278: Silent install issue",2,false,,,
17279,2021-11-10,"BUG #17279: 'return query update ... returning *' reports syntax error in pg/plsql function",2,false,,,
17280,2021-11-10,"BUG #17280: global-buffer-overflow on select from pg_stat_slru",8,true,discussion_link,2021-11-12,2
17281,2021-11-11,"BUG #17281: How specify regress database?",3,false,,,
17283,2021-11-13,"BUG #17283: localhost should also include IPv6",2,false,,,
17284,2021-11-13,"BUG #17284: Assert failed in SerialAdd() when the summarize_serial mode is engaged",5,false,,,
17286,2021-11-17,"BUG #17286: Installing open source edition of PostgreSQL 11.14 will fail",3,false,,,
17288,2021-11-17,"BUG #17288: PSQL bug with COPY command (Windows)",29,true,discussion_link,2021-11-25,8
17289,2021-11-17,"BUG #17289: Postgres 14.1 Windows installer fails with unknown error and terminates",12,false,,,
17290,2021-11-17,"BUG #17290: Error Installation",4,false,,,
17292,2021-11-19,"BUG #17292: view definition containing multiple joins on partitioned table returns invalid explain plan",2,false,,,
17294,2021-11-20,"BUG #17294: spgist doesn't support varchar, only text type fields.",2,true,both,2021-11-20,0
17295,2021-11-20,"BUG #17295: Different query plan with Index Only Scan and Bitmap Index Scan.",2,false,,,
17296,2021-11-22,"BUG #17296: replication slot self-removed after created",2,false,,,
17298,2021-11-25,"BUG #17298: Error in func pg_get_serial_sequence()",2,false,,,
17299,2021-11-25,"BUG #17299: Exit code 3 when open connections concurrently (PQisthreadsafe() == 1)",7,true,both,2022-01-21,57
17300,2021-11-27,"BUG #17300: Server crashes on deserializing text multirange",5,true,discussion_link,2021-12-13,16
17301,2021-11-27,"BUG #17301: SELECT gets weird result while two transactions are submitted concurrently",2,false,,,
17302,2021-11-28,"BUG #17302: gist index prevents insertion of some data",4,false,,,
17303,2021-11-29,"BUG #17303: statement_timeout does not work always",4,false,,,
17304,2021-11-30,"BUG #17304: Test failure with -fsanitize=undefined",1,false,,,
17305,2021-12-01,"BUG #17305: to_timestamp accept dates rejected by timestamptz cast",3,false,,,
17307,2021-12-02,"BUG #17307: Performance deviation between the multiple iterations (NOPM & TPM values).",3,false,,,
17309,2021-12-02,"BUG #17309: Memory consumption",2,false,,,
17311,2021-12-03,"BUG #17311: Google search results: Outdated docs at the top",3,false,,,
17312,2021-12-03,"BUG #17312: MacOS User Account Postgres not deleting.",2,false,,,
17313,2021-12-03,"BUG #17313: Exception by opening and closing connection",1,false,,,
17315,2021-12-04,"BUG #17315: Postgresql needs reinstall after restore",2,false,,,
17318,2021-12-06,"BUG #17318: ERROR: AddressSanitizer: SEGV on unknown address in optimizer",4,true,discussion_link,2022-04-23,138
17320,2021-12-06,"BUG #17320: A SEGV in optimizer",3,true,discussion_link,2022-04-23,138
17321,2021-12-06,"BUG #17321: count(*) on a 1,874,554,883 rows partitioned table takes several minutes.",3,false,,,
17323,2021-12-06,"BUG #17323: test_config_settings during postgres initialization does not read the parameter huge_pages",3,false,,,
17325,2021-12-08,"BUG #17325: Unexpected streaming replication protocol bytes for IDENTIFY_SYSTEM command",2,false,,,
17326,2021-12-08,"BUG #17326: Postgres crashed when pg_reload_conf() with ssl certificate parameters",13,false,,,
17327,2021-12-08,"BUG #17327: Postgres server does not correctly emit error for max_slot_wal_keep_size being breached",7,false,,,
17328,2021-12-08,"BUG #17328: import foreign schema never reports errors",1,false,,,
17329,2021-12-08,"BUG #17329: Aggregate Functions Precision Error",3,false,,,
17330,2021-12-09,"BUG #17330: EXPLAIN hangs and very long query plans",10,false,,,
17331,2021-12-09,"BUG #17331: Minor change in install steps",1,false,,,
17332,2021-12-10,"BUG #17332: Cannot read termcap database",1,false,,,
17333,2021-12-10,"BUG #17333: pgdg postgresql-common pg_upgradecluster duplicate data_directory in configuration file",4,false,,,
17334,2021-12-12,"BUG #17334: Assert failed inside computeDistance() on gist index scanning",5,false,,,
17335,2021-12-13,"BUG #17335: Duplicate result rows in Gather node when ""Suppress Append ... that have a single child"" applied",4,true,bug_ref,2022-01-25,43
17336,2021-12-14,"BUG #17336: logtape sort performance and overflow",2,true,discussion_link,2021-12-14,0
17337,2021-12-14,"BUG #17337: Segmentation fault on updating row with ltree GIST index",2,false,,,
17338,2021-12-16,"BUG #17338: pgaudit ddl audit logging show clear text password when create user mapping",1,false,,,
17339,2021-12-19,"BUG #17339: Assert failed on attempt to detach a sequence concurrently",7,true,discussion_link,2021-12-22,3
17340,2021-12-20,"BUG #17340: Unnest discards rows with empty or null arrays",5,false,,,
17341,2021-12-21,"BUG #17341: The comment of the source code is not correct",2,true,discussion_link,2021-12-22,1
17342,2021-12-21,"BUG #17342: pg_restore with jobs > 1 errors out : a worker process died unexpectedly",3,false,,,
17343,2021-12-24,"BUG #17343: ! at end of password for psql throws error",2,false,,,
17344,2021-12-25,"BUG #17344: Assert failed on queiring async_capable foreign table with inheritance",12,true,both,2022-01-27,33
17345,2021-12-27,"BUG #17345: pg_basebackup stucked for 2 hours before timeout",2,false,,,
17346,2021-12-27,"BUG #17346: pg_upgrade fails with role granted by other role",7,true,discussion_link,2021-12-30,3
17347,2021-12-28,"BUG #17347: pg_upgrade: analyze_new_cluster script analyzes wrong cluster",4,false,,,
17348,2021-12-28,"BUG #17348: Can never install pgsql on Ubuntu",10,false,,,
17349,2021-12-28,"BUG #17349: Function gen_random_uuid duplicates in pgcrypto and core",8,true,discussion_link,2022-09-01,247
17350,2021-12-30,"BUG #17350: GIST TRGM Index is broken when combining with combining INCLUDE with a string function (e.g. lower).",2,true,both,2022-01-01,2
17351,2022-01-01,"BUG #17351: Altering a composite type created for a partitioned table can lead to a crash",3,true,both,2022-01-06,5
17352,2022-01-03,"BUG #17352: Column CHECK regex error",3,false,,,
17354,2022-01-04,"BUG #17354: pg_hba_file_rules always shows verify-ca when auth_method=cert",2,true,bug_ref,2022-01-26,22
17355,2022-01-06,"BUG #17355: Server crashes on ExecReScanForeignScan in postgres_fdw when accessing foreign partition",21,true,both,2022-02-03,28
17356,2022-01-06,"BUG #17356: hunspell-hu dictionary processing error",1,false,,,
17357,2022-01-07,"BUG #17357: When working with the window_function, the Where Clause does not work properly!",2,false,,,
17358,2022-01-07,"BUG #17358: While using --with-uuid=bsd option, uuid_ossp test fails on NetBSD 9.2",13,true,discussion_link,2022-09-09,245
17360,2022-01-10,"BUG #17360: array_to_string should be immutable instead of stable",7,false,,,
17361,2022-01-10,"BUG #17361: Unique index constraint inconsistence",4,false,,,
17362,2022-01-11,"BUG #17362: Error ""could not find block containing chunk"" when using index with icu collation on CentOS 7",8,false,,,
17363,2022-01-11,"BUG #17363: 14 regression: ""could not identify a hash function for type record"" in a nested record in sublink",3,true,both,2022-01-16,5
17364,2022-01-12,"BUG #17364: Errors caused by views",2,false,,,
17365,2022-01-13,"BUG #17365: Error: redefinition of 'stat' in win32_port.h when including postgres.h",7,false,,,
17366,2022-01-14,"BUG #17366: Error result returned in timestamp2timestamptz, expected to be off by one hour",3,false,,,
17368,2022-01-15,"BUG #17368: Assert failed in GetSafeSnapshot() for SERIALIZABLE READ ONLY DEFERRABLE transaction",12,true,bug_ref,2023-03-09,418
17369,2022-01-18,"BUG #17369: tmp files didn't deleted after oom killer killed process",2,false,,,
17370,2022-01-19,"BUG #17370: shmem lost on segfault",4,false,,,
17371,2022-01-19,"BUG #17371: Immutable INTERVAL to TEXT cast can cause incorrect query results",2,true,both,2022-01-19,0
17372,2022-01-20,"BUG #17372: Altering statistics during concurrent drop can lead to a server crash",3,true,discussion_link,2022-01-23,3
17373,2022-01-20,"BUG #17373: Missing rhel-8.3-x86_64 yum repository dir for postgresql 14",2,false,,,
17374,2022-01-20,"BUG #17374: Bug in restore",2,false,,,
17375,2022-01-20,"BUG #17375: RECOVERY TARGET TIME RESTORE IS FAILING TO START SERVER",8,false,,,
17376,2022-01-21,"BUG #17376: Adding unique column with a function() default results in ""could not read block 0 in file"" error",6,false,,,
17377,2022-01-22,"BUG #17377: only superusers can query or manipulate replication origins",2,false,,,
17378,2022-01-23,"BUG #17378: WRONG VALUE ON - A.2. Time Zones",2,false,,,
17379,2022-01-24,"BUG #17379: Cannot issue multi-command statements using a replication connection",3,true,both,2022-01-24,0
17381,2022-01-25,"BUG #17381: psql: error: connection to server on socket ""/var/run/postgresql/.s.PGSQL.5432"" After installing",2,false,,,
17382,2022-01-26,"BUG #17382: When vacuum full or vacuumdb - F is executed, a large number of empty files will be generated in the",5,false,,,
17384,2022-01-27,"BUG #17384: ERROR: missing chunk number 0 for toast value 152073604 in pg_toast_2619",4,false,,,
17385,2022-01-28,"BUG #17385: ""RESET transaction_isolation"" inside serializable transaction causes Assert at the transaction end",44,true,both,2022-09-27,242
17386,2022-01-28,"BUG #17386: btree index corruption after reindex concurrently on write heavy table",9,false,,,
17387,2022-01-28,"BUG #17387: Working in PG13 but not in PGH14: array_agg(RECORD)",7,true,both,2022-01-29,1
17388,2022-01-31,"BUG #17388: postgis cant be installed on postgres 11 and centos 7",3,false,,,
17389,2022-01-31,"BUG #17389: pg_repack creates race conditions on streaming replicas",5,false,,,
17390,2022-02-01,"BUG #17390: Function, to_date() -- unexpected values and a request",4,false,,,
17391,2022-02-02,"BUG #17391: While using --with-ssl=openssl and PG_TEST_EXTRA='ssl' options, SSL tests fail on OpenBSD 7.0",44,true,both,2022-02-10,8
17392,2022-02-03,"BUG #17392: archiver process exited with exit code 2 was unexpectedly cause for immediate shutdown request",5,false,,,
17393,2022-02-03,"BUG #17393: Delete database after recovery with point-in-time is still missing datafiles",8,false,,,
17394,2022-02-03,"BUG #17394: pg_dump: query returned 0 rows instead of one:",5,false,,,
17395,2022-02-05,"BUG #17395: Assert failed on merge join when foreign range partition contains out-of-range value",2,true,both,2022-02-05,0
17396,2022-02-07,"BUG #17396: Missing pckages to instal Patroni",1,false,,,
17398,2022-02-07,"BUG #17398: Casts from BYTEA to TEXT and FLOAT4/8 to TEXT should not be immutable",1,false,,,
17399,2022-02-08,"BUG #17399: Dead tuple number stats not updated on long running queries",6,false,,,
17401,2022-02-08,"BUG #17401: REINDEX TABLE CONCURRENTLY creates a race condition on a streaming replica",25,false,,,
17402,2022-02-10,"BUG #17402: RPM packages are not signed",1,false,,,
17403,2022-02-10,"BUG #17403: Package postgresql13-13.6-1PGDG.rhel7.x86_64.rpm is not signed",1,false,,,
17404,2022-02-15,"BUG #17404: CREATE OR REPLACE VIEW does not properly change the COLLATION of an existing field.",4,true,both,2022-02-15,0
17405,2022-02-15,"BUG #17405: Minor upgrade from 12.9 to 12.10 works fine, but PSQL version shows ""12.9""",5,false,,,
17406,2022-02-15,"BUG #17406: Segmentation fault on GiST index after 14.2 upgrade",15,true,discussion_link,2022-03-16,29
17407,2022-02-16,"BUG #17407: trim trims more than expected",3,false,,,
17408,2022-02-16,"BUG #17408: Duplicate aliases silently fail",5,false,,,
17409,2022-02-16,"BUG #17409: Unable to alter data type of clustered column which is referenced by foreign key",16,true,both,2022-03-11,23
17410,2022-02-18,"BUG #17410: After upgrade to postgresql 12.9 from 12.6 , some of the statements having ”=” operator not returnin",3,false,,,
17412,2022-02-21,"BUG #17412: CREATE INDEX on a partitioned table doesn't recognize existing partial indexes on partitions",1,false,,,
17413,2022-02-22,"BUG #17413: update of partitioned table via postgres_fdw updates to much rows",4,false,,,
17414,2022-02-23,"BUG #17414: install failed",1,false,,,
17415,2022-02-23,"BUG #17415: Unable to use underscore as first character in set_config custom parameter",3,true,both,2022-02-23,0
17416,2022-02-23,"BUG #17416: Server crashes due to python3 stack overflow on executing multiple plpy.rollback() calls",2,true,discussion_link,2022-02-28,5
17421,2022-02-27,"BUG #17421: Core dump in ECPGdo() when calling PostgreSQL API from 32-bit client for RHEL8",10,true,both,2022-06-06,99
17422,2022-03-01,"BUG #17422: Memory leak",2,false,,,
17424,2022-03-02,"BUG #17424: Build failed on disabled GNUC in Clang environment CFLAGS= -O2 -fgnuc-version=0",2,false,,,
17425,2022-03-04,"BUG #17425: Postgres service does not start if path to data folder ends with backslash.",1,false,,,
17427,2022-03-06,"BUG #17427: ERROR: cannot cast type bytea to bigint",2,false,,,
17428,2022-03-07,"BUG #17428: last_value incorrect for uninitialized sequence",6,false,,,
17431,2022-03-09,"BUG #17431: How to change postgres path to recognize pearl installation",1,false,,,
17432,2022-03-10,"BUG #17432: libraries are missing when installing postGIS in SLES15 SP3, some are part of SLES15 SP4 some not",1,false,,,
17434,2022-03-11,"BUG #17434: CREATE/DROP DATABASE can be executed in the same transaction with other commands",35,true,both,2022-07-26,137
17435,2022-03-11,"BUG #17435: ""add column if not exists"" always adds new FK on the column",2,false,,,
17436,2022-03-12,"BUG #17436: Initializing and starting with Dockerfile fails",4,false,,,
17437,2022-03-13,"BUG #17437: time spent in JIT is also attributed to function scan",1,false,,,
17438,2022-03-14,"BUG #17438: Logical replication hangs on master after huge DB load",6,false,,,
17439,2022-03-15,"BUG #17439: DROP FUNCTION functionName(); drops associated generated column without using CASCADE",9,true,both,2022-03-21,6
17440,2022-03-15,"BUG #17440: not expected result from jsonb_path_query",2,false,,,
17441,2022-03-20,"BUG #17441: shm_mq receive less data than the sender sends",3,false,,,
17442,2022-03-20,"BUG #17442: Wrong partition pruning when using prepared statement and huge RAM consumption",1,false,,,
17443,2022-03-21,"BUG #17443: Select command does not use brin index when enable_seqscan = on",2,false,,,
17444,2022-03-21,"BUG #17444: ERROR: found xmin 215633 from before relfrozenxid 1280585",2,false,,,
17445,2022-03-21,"BUG #17445: ""ON CONFLICT"" has different behaviors when its param is passed with prepared stmt or hard coded",9,false,,,
17446,2022-03-22,"BUG #17446: Suggest updating the section title ""Building Indexes Concurrently""",3,false,,,
17447,2022-03-24,"BUG #17447: uninstaller fails",2,false,,,
17448,2022-03-25,"BUG #17448: In Windows 10, version 1703 and later, huge_pages doesn't work.",27,true,discussion_link,2022-09-17,176
17449,2022-03-25,"BUG #17449: Disk space not released",8,false,,,
17450,2022-03-28,"BUG #17450: SUBSTRING function extracting lesser characters than specified",7,false,,,
17452,2022-03-31,"BUG #17452: IN caluse behaves differently when there is one item comapred to when multiple",2,false,,,
17454,2022-04-02,"BUG #17454: Using psql without ipv4 address,the inet_server_port do not return PORT.",8,false,,,
17456,2022-04-05,"BUG #17456: pg_dump creates dump that does not fully respect operator schema location",3,false,,,
17457,2022-04-06,"BUG #17457: pg_rewind fatal failure when $PGDATA/log is a soft-link",1,false,,,
17462,2022-04-11,"BUG #17462: Invalid memory access in heapam_tuple_lock",15,true,both,2022-04-13,2
17464,2022-04-12,"BUG #17464: Domain type. If the value field(CREATE DOMAIN) is set to null, errors cannot be intercepted.",3,false,,,
17465,2022-04-18,"BUG #17465: Wrong error message while trying to change system column type.",2,true,both,2022-04-18,0
17466,2022-04-19,"BUG #17466: Is it possible to supplement the default compilation options of CFLAGS in configure file？",2,false,,,
17467,2022-04-21,"BUG #17467: Perf degradation after switching to latest jdbc drivers",4,false,,,
17468,2022-04-25,"BUG #17468: Ranking of search results: ts_rank_cd with normalization variant 4",5,false,,,
17469,2022-04-28,"BUG #17469: postgresql-11.service file not configured to match setup/initdb options specified",6,false,,,
17470,2022-04-29,"BUG #17470: Installation error",2,false,,,
17471,2022-04-29,"BUG #17471: COMSPEC error",1,false,,,
17472,2022-04-29,"BUG #17472: Jsonb[] operations not working",2,false,,,
17473,2022-04-29,"BUG #17473: Custom range type with timestamp doesn't respect precision",3,false,,,
17474,2022-05-05,"BUG #17474: Segmentation fault from INSERT ( JumbleExpr )",4,false,,,
17476,2022-05-08,"BUG #17476: ERROR: ""variable not found in subplan target list"" when running SELECT COUNT(*)",12,false,,,
17477,2022-05-09,"BUG #17477: A crash bug in transformValuesClause()",9,true,both,2022-05-09,0
17478,2022-05-09,"BUG #17478: Missing documents in the index after CREATE INDEX CONCURRENTLY (but existing in the table)",5,false,,,
17479,2022-05-10,"BUG #17479: ""plan should not reference subplan's variable"" when calling `grouping` on result of subquery",6,true,both,2022-05-12,2
17480,2022-05-10,"BUG #17480: Assertion failure in parse_relation.c",5,true,discussion_link,2022-05-18,8
17481,2022-05-15,"BUG #17481: sometime pg_stat_statements coredump",3,false,,,
17482,2022-05-16,"BUG #17482: make world get error",2,false,,,
17483,2022-05-16,"BUG #17483: postgres_fdw used with text to_tsvector and custom search configuration",3,true,bug_ref,2022-07-17,62
17484,2022-05-18,"BUG #17484: Query does not prune partitions correctly",3,false,,,
17485,2022-05-18,"BUG #17485: Records missing from Primary Key index when doing REINDEX INDEX CONCURRENTLY",80,true,discussion_link,2022-05-31,13
17486,2022-05-19,"BUG #17486: [pg_restore] Restoring a view fails if this view contains an attribute without alias name.",8,true,both,2022-05-21,2
17487,2022-05-19,"BUG #17487: Parallel execution fails when original user is removed",3,false,,,
17490,2022-05-20,"BUG #17490: unconsistency between TRUNCATE RESTART IDENTITY and setval()",1,false,,,
17491,2022-05-23,"BUG #17491: PgAgent keeps failing",2,false,,,
17492,2022-05-24,"BUG #17492: error MSB4126: The specified solution configuration ""Release|arm64"" is invalid",3,false,,,
17494,2022-05-24,"BUG #17494: High demand for displacement sort",2,false,,,
17495,2022-05-24,"BUG #17495: Regression in 15beta1 when filtering subquery including row_number window function",15,true,both,2022-05-26,2
17496,2022-05-24,"BUG #17496: to_char function resets if interval exceeds 23 hours 59 minutes",6,false,,,
17497,2022-05-24,"BUG #17497: Data directory has been changed to default",2,false,,,
17498,2022-05-25,"BUG #17498: Receive Failed: (error code 1) when importing any csv file from pgAdmin with no explanations",7,false,,,
17500,2022-05-27,"BUG #17500: Insert data with ODBC driver in VB.net failed",2,false,,,
17501,2022-05-28,"BUG #17501: COPY is failing with ""ERROR: invalid byte sequence for encoding ""UTF8"": 0xe5""",5,true,both,2022-05-29,1
17502,2022-05-28,"BUG #17502: View based on window functions returns wrong results when queried",18,true,both,2026-06-30,1494
17503,2022-05-30,"BUG #17503: Package postgresql-jdbc-42.3.6-1.rhel8.noarch.rpm is not signed",1,false,,,
17504,2022-05-30,"BUG #17504: psql --single-transaction -vON_ERROR_STOP=1 still commits after client-side error",23,true,discussion_link,2022-06-06,7
17506,2022-06-01,"BUG #17506: Issue with the downloading site",2,false,,,
17507,2022-06-01,"BUG #17507: rpm packages provide wrong postgresql version",1,false,,,
17508,2022-06-02,"BUG #17508: ja.po for pg_ctl has an obvious mistake",4,false,,,
17510,2022-06-06,"BUG #17510: cache lookup failed for type",2,false,,,
17511,2022-06-06,"BUG #17511: Inconsistent permissions on some information_schema tables",6,false,,,
17512,2022-06-06,"BUG #17512: Process running query fails with SIGSEV - nodeMemoize.c:349",10,true,both,2022-06-08,2
17513,2022-06-08,"BUG #17513: recompressing already-compressed data via VACUUM FULL or CLUSTER does not work",3,false,,,
17514,2022-06-09,"BUG #17514: Application with embedded SQL crashes when executing EXEC SQL PREPARE",4,true,both,2022-06-14,5
17515,2022-06-09,"BUG #17515: Change in behaviour of a composite type within a domain",2,true,both,2022-06-10,1
17518,2022-06-14,"BUG #17518: Getting Error ""new multixact has more than one updating member"" when trying to delete records.",6,true,discussion_link,2022-11-24,163
17519,2022-06-16,"BUG #17519: I get a segmentation fault when querying in parallel.",2,false,,,
17520,2022-06-16,"BUG #17520: 14.4 release notes doc is out of order",2,false,,,
17522,2022-06-17,"BUG #17522: While using --with-ssl=openssl and PG_TEST_EXTRA='ssl' options, SSL test fails on OpenBSD 7.1",15,true,both,2022-06-24,7
17523,2022-06-18,"BUG #17523: Postgresql Kerberos PAM authentication",1,false,,,
17524,2022-06-20,"BUG #17524: Increase in WAL size due to logical replication with publication contain a table with low activity.",3,false,,,
17525,2022-06-21,"BUG #17525: Range partition by date won't allow the use of a date that is the upper bound",3,false,,,
17526,2022-06-22,"BUG #17526: PG_DUMP is not outputting ""CREATE SCHEMA"" statements when an extension is assigned to a schema",3,false,,,
17527,2022-06-22,"BUG #17527: Timestamp bind variable using 0000-00-00, 0000/00/00",1,false,,,
17528,2022-06-22,"BUG #17528: ERROR: could not access status of transaction 1997627701",2,false,,,
17529,2022-06-22,"BUG #17529: SQL Error [57P01]: FATAL: terminating connection due to administrator command",7,false,,,
17530,2022-06-22,"BUG #17530: pg_dump comment on triggers is ""off"" by comparison to all of the other objects...",5,false,,,
17531,2022-06-24,"BUG #17531: Push Notification Many Times Show.",2,false,,,
17532,2022-06-25,"BUG #17532: Prepared statements and insert on conflict can fail on the 6th execution",2,false,,,
17533,2022-06-25,"BUG #17533: run benchmarksql test failed",2,false,,,
17534,2022-06-28,"BUG #17534: 'tablespace' option crushes 'create database' query with 'permission denied' message",2,false,,,
17535,2022-07-01,"BUG #17535: postgresql-14-orafce 3.22.0-1.pgdg110+1 fails; 3.21.1-1.pgdg110+1 works.",2,false,,,
17536,2022-07-01,"BUG #17536: PostgreSQL 10 initdb with locale de-x-icu fails on Windows Server 2012",2,false,,,
17537,2022-07-03,"BUG #17537: Dynamically updating statement_timeout not affect the insert query right now.",3,false,,,
17538,2022-07-03,"BUG #17538: Dynamically updating log_hostname not affect the disconnection log",2,false,,,
17539,2022-07-05,"BUG #17539: Assert after CREATE OPERATOR CLASS command",5,false,,,
17540,2022-07-05,"BUG #17540: Prepared statement: PG switches to a generic query plan which is consistently much slower",26,true,discussion_link,2024-01-23,567
17542,2022-07-09,"BUG #17542: tsquery returns incorrect results with nested, conjuncted followed-by operators",3,false,,,
17543,2022-07-09,"BUG #17543: CSVLOG malformed from disk space error",6,false,,,
17544,2022-07-10,"BUG #17544: Join order for INNER JOIN ... USING with GROUP BY on join column affects selected query plan",3,false,,,
17545,2022-07-11,"BUG #17545: Incorrect selectivity for IS NOT DISTINCT FROM and NULLs",3,false,,,
17546,2022-07-11,"BUG #17546: power() function - value is distorted via automatic type cast",4,false,,,
17548,2022-07-12,"BUG #17548: Aggregate queries on partitioned tables can cause OOM.",2,false,,,
17549,2022-07-13,"BUG #17549: wrong index scan plan with RLS",2,false,,,
17550,2022-07-14,"BUG #17550: inet type doesn't accept alternate notations of ipv4 addresses",4,false,,,
17552,2022-07-17,"BUG #17552: pg_stat_statements tracks internal FK check queries when COPY used to load data",9,true,both,2023-11-08,479
17553,2022-07-18,"BUG #17553: Unreleased file resources exist",1,false,,,
17554,2022-07-18,"BUG #17554: when i use rule on table which have serial column, the nextval exec twice.",2,false,,,
17555,2022-07-18,"BUG #17555: Missing rhel-9 repo",2,false,,,
17556,2022-07-22,"BUG #17556: ts_headline does not correctly find matches when separated by 4,999 words",3,false,,,
17557,2022-07-22,"BUG #17557: ts_headline will error with ""invalid memory alloc request size"" for large documents",2,false,,,
17558,2022-07-25,"BUG #17558: 15beta2: Endless loop with UNIQUE NULLS NOT DISTINCT and INSERT ... ON CONFLICT",5,true,both,2022-08-04,10
17559,2022-07-27,"BUG #17559: Inconsistent visibility in trigger function",1,false,,,
17560,2022-07-28,"BUG #17560: Planner can not find plan with lowest cost",5,false,,,
17561,2022-07-29,"BUG #17561: Server crashes on executing row() with very long argument list",14,true,both,2022-07-29,0
17562,2022-07-29,"BUG #17562: Strange behavior of to_tsquery() with a - character",1,false,,,
17563,2022-08-01,"BUG #17563: exception "" Segmentation fault"" occured when i executed 'reindex index concurrently' in pg12.0",3,false,,,
17564,2022-08-01,"BUG #17564: Planner bug in combination of generate_series(), unnest() and ORDER BY",18,true,both,2022-08-03,2
17565,2022-08-01,"BUG #17565: Extended query protocol incorrectly sets TBLOCK_STARTED even though multiple queries can be executed",2,false,,,
17567,2022-08-03,"BUG #17567: Unable to Set Max_Connection in Postgresql which has replicas",4,false,,,
17568,2022-08-03,"BUG #17568: unexpected zero page at block 0 during REINDEX CONCURRENTLY",5,false,,,
17569,2022-08-03,"BUG #17569: false negative / positive results when using <-> (followed by) and tsvector limit (16383) hit",1,false,,,
17570,2022-08-04,"BUG #17570: Unrecognized node type for query with statistics on expressions",10,true,both,2022-08-05,1
17571,2022-08-04,"BUG #17571: PostgreSQL 15b2 ICU collation defined at db level sorts differently in collate clause vs implicit",4,false,,,
17572,2022-08-04,"BUG #17572: Different behaviour in different versions of postgresql details as in email",2,false,,,
17573,2022-08-04,"BUG #17573: timestamptz casting precision goes down as the year goes up",2,false,,,
17574,2022-08-04,"BUG #17574: Attaching an invalid index to partition head make head index invalid forever",4,false,,,
17575,2022-08-05,"BUG #17575: row(NULL) IS NULL inconsistent with IS NOT DISTINCT FROM NULL",4,false,,,
17576,2022-08-05,"BUG #17576: Event_trigger ddl_command_end not firing during CREATE PROCEDURE",3,false,,,
17577,2022-08-05,"BUG #17577: pg_ctl promote is not preemptive in archive recovery",5,false,,,
17578,2022-08-05,"BUG #17578: undetected (on one side) deadlock with reindex CONCURRENTLY partitioned index vs drop index",2,false,,,
17579,2022-08-07,"BUG #17579: 15beta2: strange error when trying to use MERGE statement as a CTE",10,true,discussion_link,2022-08-12,5
17580,2022-08-10,"BUG #17580: use pg_terminate_backend to terminate a wal sender process may wait a long time",7,true,discussion_link,2022-08-23,13
17581,2022-08-11,"BUG #17581: DB Restriction Option Is Not Working",2,false,,,
17582,2022-08-11,"BUG #17582: Error: Package: gdal-libs-1.11.4-12.rhel7.x86_64 (@pgdg11)",2,false,,,
17583,2022-08-12,"BUG #17583: Server crashes on executing CROSS JOIN with very big number of tables",4,true,both,2022-08-13,1
17584,2022-08-12,"BUG #17584: SQL crashes PostgreSQL when using ICU collation",14,true,both,2022-08-14,2
17585,2022-08-12,"BUG #17585: Wrong path to the extension control file",4,false,,,
17586,2022-08-15,"BUG #17586: Look like there are an another bug in REINDEX INDEX CONCURRENTLY of pg_toast indexes",4,false,,,
17588,2022-08-15,"BUG #17588: RHEL 8 nothing provides libarmadillo.so.10 (64bit) needed by gdal-libs3x*",4,false,,,
17589,2022-08-17,"BUG #17589: Invalid read at array_positions",2,false,,,
17590,2022-08-19,"BUG #17590: [OPTIMIZER] DELETE never ends on a small table, found a workaround which makes it instant",2,false,,,
17591,2022-08-22,"BUG #17591: elog(ERROR) cause SharedSnapshotLock deadlock",3,false,,,
17593,2022-08-25,"BUG #17593: min key size 112 bits from FIPS SP800-131 requirement for HMAC-SHA raises exception in SCRAM-SHA-256",2,false,,,
17594,2022-08-25,"BUG #17594: conditional hash indexes size (hash index ignore WHERE condition during CREATE INDEX?)",4,false,,,
17596,2022-08-26,"BUG #17596: ""invalid attribute number 11"" when updating partitioned table with a MULTIEXPR_SUBLINK",2,true,discussion_link,2022-08-27,1
17598,2022-08-28,"BUG #17598: EXTENSION can no longer create it's own schema! (Create Schema IF NOT EXISTS XXX)",5,false,,,
17599,2022-08-29,"BUG #17599: After creating more than 10,000 roles, select becomes slow after role switching",1,false,,,
17600,2022-08-29,"BUG #17600: Not able to install PostgreSql in my laptop",1,false,,,
17601,2022-08-29,"BUG #17601: Problem running the post-install step. Installation may not complete correctly.",2,false,,,
17602,2022-08-30,"BUG #17602: Query backend process killed because it uses up all memory.",2,false,,,
17603,2022-09-02,"BUG #17603: Problem running the post-install step. Installation may not complete correctly.",5,false,,,
17604,2022-09-04,"BUG #17604: Constraints creation dialog column names do not refresh after changing names in the table",2,false,,,
17606,2022-09-05,"BUG #17606: There is still some glitch in 3f7323cbb fixing failure of MULTIEXPR_SUBLINK",8,false,,,
17607,2022-09-05,"BUG #17607: Server process crashes when PLpgSQL function raises error in subtransaction",5,true,both,2022-09-25,20
17610,2022-09-08,"BUG #17610: Use of multiple composite types incompatible with record-typed function parameter",6,true,both,2022-09-16,8
17611,2022-09-08,"BUG #17611: SJIS conversion rule about duplicated characters differ from Windows",6,false,,,
17612,2022-09-12,"BUG #17612: Error on your site",3,false,,,
17613,2022-09-12,"BUG #17613: in the postgresql 15beta4,there are lack of many extensions",4,false,,,
17614,2022-09-15,"BUG #17614: ""variable not found in subplan target lists"" on grouping query",2,false,,,
17615,2022-09-15,"BUG #17615: Getting error while inserting records in the table: invalid byte sequence for encoding ""UTF8"": 0xae",7,false,,,
17616,2022-09-16,"BUG #17616: Silently skipping to update data to the database with owner privileges using flyway scripts",2,false,,,
17618,2022-09-19,"BUG #17618: unnecessary filter column <> text even after adding index",21,true,both,2022-11-08,50
17619,2022-09-21,"BUG #17619: AllocSizeIsValid violation in parallel hash join",21,true,both,2023-01-26,127
17620,2022-09-22,"BUG #17620: JIT-Compiler causes Segmentation Fault",3,false,,,
17621,2022-09-22,"BUG #17621: PostgreSQL 15 Windows installer still downloads Beta 3",2,false,,,
17622,2022-09-26,"BUG #17622: a potential bug of NPD",1,false,,,
17623,2022-09-28,"BUG #17623: WHERE should be evaluated after FROM clause when operators may throw",5,false,,,
17624,2022-09-29,"BUG #17624: Creating database is non-ending execution.",4,false,,,
17625,2022-09-29,"BUG #17625: In PG15 PQsslAttribute returns different values than PG14 when SSL is not in use for the connection",14,true,both,2022-09-29,0
17626,2022-10-01,"BUG #17626: Permission denied errors should list role as well as user",6,false,,,
17629,2022-10-07,"BUG #17629: PostgreSQL repository not working on RHEL 8.6",1,false,,,
17630,2022-10-09,"BUG #17630: pg_dump error",3,false,,,
17631,2022-10-10,"BUG #17631: Prepare + Merge fails to identify parameter types",2,false,,,
17632,2022-10-11,"BUG #17632: a potential bug of memory leak",2,false,,,
17633,2022-10-11,"BUG #17633: Define rule on views which do insert to another relation trigger cache lookup failed error.",9,true,both,2022-10-11,0
17634,2022-10-11,"BUG #17634: Inconsistent view_definition in information_schema.views",3,false,,,
17635,2022-10-11,"BUG #17635: The behavior of quote_ident differs from what the doc specifies",2,false,,,
17636,2022-10-12,"BUG #17636: terminating connection because of crash of another server process",4,false,,,
17637,2022-10-13,"BUG #17637: case-when branches taken even if they dont match, raising errors",6,false,,,
17638,2022-10-13,"BUG #17638: Versioning Policy page appears incorrect",2,false,,,
17639,2022-10-13,"BUG #17639: Failed to download packages: python3-humanize-3.13.1-42.rhel8.noarch: Cannot download, all mirrors w",1,false,,,
17640,2022-10-14,"BUG #17640: fork off the requested timeline before the switchpoint.",2,false,,,
17641,2022-10-15,"BUG #17641: postgresql service persistently restarts because ""could not open shared memory segment""",4,false,,,
17644,2022-10-16,"BUG #17644: EXPLAIN VERBOSE fails on query with SEARCH BREADTH FIRST",2,true,both,2022-10-16,0
17645,2022-10-16,"BUG #17645: Strange queries that stuck in database system",2,false,,,
17646,2022-10-17,"BUG #17646: create rule named ""_RETURN"" will cause pg core",6,true,both,2022-10-17,0
17647,2022-10-17,"BUG #17647: 12.12 package has difference on ubuntu 18.04",6,false,,,
17649,2022-10-18,"BUG #17649: With libpg5 15.0 psql 10.22 uses HOME variable instead of uid and /etc/passwd to select .pgpass file",2,false,,,
17650,2022-10-18,"BUG #17650: For the sixth time, the clipping function in the 120 partition table planning stage fails",4,false,,,
17651,2022-10-19,"BUG #17651: Possible optimization for sort on not nullable field (indexed)",2,false,,,
17652,2022-10-19,"BUG #17652: Performance degradation after migrating from v13.4 to v14.4",13,false,,,
17653,2022-10-19,"BUG #17653: Bad handling of NUMERIC data type using ODBC driver version 13.2",1,false,,,
17655,2022-10-20,"BUG #17655: crash postgres by query",3,false,,,
17657,2022-10-20,"BUG #17657: Documentation links color",1,false,,,
17658,2022-10-20,"BUG #17658: Download release 15 without success",1,false,,,
17659,2022-10-21,"BUG #17659: error in rpmbuild when compiling psql",1,false,,,
17660,2022-10-22,"BUG #17660: JSONPATH issue using like_regex followed by the && operator",4,false,,,
17661,2022-10-22,"BUG #17661: Nothing provides 'libselinux.so.1(LIBSELINUX_1.0)(64bit)",1,false,,,
17662,2022-10-24,"BUG #17662: Error on UPDATE with ()",2,false,,,
17663,2022-10-26,"BUG #17663: Connect to the database through jdbc, call the stored procedure containing the rollback statement,",1,true,discussion_link,2022-11-01,6
17664,2022-10-26,"BUG #17664: The subsctring() function with the char() text type does not work correctly",2,false,,,
17665,2022-10-27,"BUG #17665: pg_stat_statements useless with variable number of parameters in IN close",2,false,,,
17666,2022-10-27,"BUG #17666: Unexpected shutdown",2,false,,,
17667,2022-10-27,"BUG #17667: to_char is used to collect statistics by week",2,false,,,
17668,2022-10-27,"BUG #17668: Query normalization generates multiple queryId:s for calls to the same procedure",6,false,,,
17669,2022-10-27,"BUG #17669: Invalid TOAST pointer in PL/pgSQL variable",3,false,,,
17670,2022-10-28,"BUG #17670: Logical Replication data may be lost on the subscription under certain scenarios",7,false,,,
17671,2022-10-31,"BUG #17671: Query returns unexpected result",3,false,,,
17672,2022-10-31,"BUG #17672: Wrong logic of Postgresql Resporitory Naming and mirroring incompatibility",3,false,,,
17673,2022-10-31,"BUG #17673: Regression tests failed with llvm 11+ when using address sanitizers",1,false,,,
17674,2022-11-02,"BUG #17674: undefined symbol: pg_fprintf",2,false,,,
17675,2022-11-02,"BUG #17675: pg_dump v15: Comments on constraints missing?",2,true,both,2022-11-02,0
17676,2022-11-03,"BUG #17676: Text comparison appears to be wrong",2,false,,,
17677,2022-11-04,"BUG #17677: pg_upgrade error 14.5->15.0",2,true,both,2022-11-04,0
17678,2022-11-04,"BUG #17678: Script exit code: 1332",1,false,,,
17679,2022-11-06,"BUG #17679: REFRESH MATERIALIZED VIEW CONCURRENTLY leaves temporary files?",2,true,both,2022-11-07,1
17680,2022-11-07,"BUG #17680: execute alter composite type and select composite type concurrently, may cause pg coredump",1,false,,,
17681,2022-11-09,"BUG #17681: Building the REL_12_13 source in Visual Studio 2013 fails.",5,true,both,2022-11-10,1
17682,2022-11-10,"BUG #17682: Warning: apt-key is deprecated. Manage keyring files in trusted.gpg.d instead (see apt-key(8))",1,false,,,
17683,2022-11-10,"BUG #17683: OAuth error: This email address is already attached to a different account",2,false,,,
17684,2022-11-11,"BUG #17684: pg_rewind ---could not receive data from WAL stream: ERROR: requested WAL segment 00000005000000000",2,false,,,
17685,2022-11-11,"BUG #17685: pg_rewind: error: unexpected result while fetching remote files: ERROR: could not open file "".s.PGS",1,false,,,
17686,2022-11-12,"BUG #17686: SELECT pg_advisory_lock(...) with low lock_timeout sometimes times out but the lock is acquired",5,false,,,
17687,2022-11-14,"BUG #17687: Session timezone change does not play well with prepared statements",2,false,,,
17688,2022-11-15,"BUG #17688: The Database Cluster Initialization Failed",1,false,,,
17689,2022-11-18,"BUG #17689: Two UPDATE operators in common table expressions (CTE) perform not as expected",5,false,,,
17690,2022-11-18,"BUG #17690: Nonresponsive client on replica can halt replication indefinitely",3,false,,,
17691,2022-11-19,"BUG #17691: Unexpected behaviour using ts_headline()",6,true,bug_ref,2023-01-19,61
17692,2022-11-21,"BUG #17692: Unable to connect to database after docker-compose",1,false,,,
17693,2022-11-23,"BUG #17693: Slow performance: Much slower queries on pg_stat_all_tables since 13.4",4,false,,,
17694,2022-11-23,"BUG #17694: In JSONPath expressions, characters between leading $ and dot appear to be ignored",7,false,,,
17695,2022-11-24,"BUG #17695: Failed Assert in logical replication snapbuild.",19,true,both,2023-07-04,222
17696,2022-11-24,"BUG #17696: Creation of deferrable initially deferred constraint breaks before transaction commit",9,false,,,
17698,2022-11-25,"BUG #17698: On SIGTERM, psql terminates, but leaves the statement running",5,false,,,
17699,2022-11-28,"BUG #17699: Outdated instructions for installing on Debian / Ubuntu systems",1,false,,,
17700,2022-11-28,"BUG #17700: An assert failed in prepjointree.c",10,true,both,2022-11-29,1
17701,2022-11-28,"BUG #17701: Certificate verification problem when using proxies to access the server",1,false,,,
17702,2022-11-29,"BUG #17702: An assert failed in parse_utilcmd.c",5,true,both,2022-11-29,0
17703,2022-12-01,"BUG #17703: Recursive query early terminate when subquery result of the recursive term is NULL",2,false,,,
17704,2022-12-01,"BUG #17704: Monitoring Queries trigger 'Signal 7: Bus Error' After Creating Hash Partitioned Table",3,false,,,
17705,2022-12-03,"BUG #17705: Segmentation fault in BufFileLoadBuffer",4,false,,,
17706,2022-12-07,"BUG #17706: ALTER TYPE leads to crash",6,false,,,
17707,2022-12-08,"BUG #17707: Foreign key verification is very slow while creating empty partitions",1,false,,,
17708,2022-12-09,"BUG #17708: 12.4",2,false,,,
17709,2022-12-09,"BUG #17709: Regression in PG15 with window functions - ""WindowFunc not found in subplan target lists""",5,true,both,2022-12-10,1
17710,2022-12-09,"BUG #17710: Slow queries (100% CPU) after auto-vacuum",8,false,,,
17711,2022-12-11,"BUG #17711: Login failed",2,false,,,
17713,2022-12-12,"BUG #17713: Assert with postgres_fdw in v12",5,false,,,
17714,2022-12-12,"BUG #17714: Refresh materialized view does not update all date",2,false,,,
17715,2022-12-12,"BUG #17715: dumps file raise an error on restore if a materialized view use a function calling another function",2,false,,,
17716,2022-12-13,"BUG #17716: walsender process hang while decoding 'DROP PUBLICATION' XLOG",9,false,,,
17717,2022-12-13,"BUG #17717: Regression in vacuumdb (15 is slower than 10/11 and possible memory issue)",29,true,both,2023-01-06,24
17718,2022-12-13,"BUG #17718: Unexpected REVOKE ALL permissions in the backup script",1,false,,,
17719,2022-12-13,"BUG #17719: scram-sha-256 is not working on PostgreSQL 11.18",2,false,,,
17720,2022-12-14,"BUG #17720: pg_dump creates a dump with primary key that cannot be restored, when specifying 'using index ...'",22,true,discussion_link,2023-02-24,72
17721,2022-12-14,"BUG #17721: A completely unused CTE negatively affect Query Plan",6,false,,,
17723,2022-12-16,"BUG #17723: cache lookup failed for type 0",3,true,both,2022-12-16,0
17724,2022-12-16,"BUG #17724: All autovacuum workers operate on 1 db at a time",2,false,,,
17725,2022-12-20,"BUG #17725: Sefault when seg_in() called with a large argument",5,true,both,2022-12-21,1
17727,2022-12-21,"BUG #17727: A query crashes server process: ... was terminated by signal 7: Bus error / Segmentation Fault",2,false,,,
17728,2022-12-22,"BUG #17728: When jdbc calls the stored procedure, portal->stmts in FillPortalStore is null, causing a processing",3,false,,,
17730,2022-12-23,"BUG #17730: Trigger Issue",3,false,,,
17731,2022-12-26,"BUG #17731: Server doesn't start after abnormal shutdown while creating unlogged tables",7,false,,,
17732,2022-12-27,"BUG #17732: pg_restore fails with check constraint",2,false,,,
17733,2022-12-28,"BUG #17733: ERROR: could not load library ""/Users/frank/postgres/postgresql-13.9/lib/postgresql/llvmjit.so"": dl",7,false,,,
17734,2022-12-29,"BUG #17734: Doc bug: ""initial database user"" used where ""bootstrap superuser"" is meant",3,false,,,
17735,2023-01-02,"BUG #17735: Uninstall of one version wipes out logs for all versions",2,false,,,
17736,2023-01-04,"BUG #17736: when psql -c is used, the $ sign is escaped",2,false,,,
17737,2023-01-05,"BUG #17737: An assert failed in execExprInterp.c",5,false,,,
17738,2023-01-06,"BUG #17738: There is a typo on your website",2,false,,,
17739,2023-01-08,"BUG #17739: postgres ts_headline function is not returning matches it should during full text search",4,false,,,
17740,2023-01-09,"BUG #17740: Connecting postgresql 13 with different psql versions",9,false,,,
17741,2023-01-09,"BUG #17741: vacuum process hangs after pg_surgery manipulations",4,false,,,
17742,2023-01-09,"BUG #17742: Postgres not generating the minidump after crash in Windows.",1,false,,,
17743,2023-01-09,"BUG #17743: Bad RIP VALUE",2,false,,,
17744,2023-01-10,"BUG #17744: Fail Assert while recoverying from pg_basebackup",17,false,,,
17745,2023-01-11,"BUG #17745: RETURNING after INSERT does not return the same structure of response",2,false,,,
17746,2023-01-11,"BUG #17746: Partitioning by hash of a text depends on icu version when text collation is not deterministic",2,false,,,
17747,2023-01-11,"BUG #17747: Registry entry ""Base Directory"" is not populated if you only install Command-line tools",3,false,,,
17748,2023-01-12,"BUG #17748: postres_raster extension missing in postgis packages for SLES",1,false,,,
17749,2023-01-12,"BUG #17749: do repodata in online repos vor sles12 available",1,false,,,
17750,2023-01-12,"BUG #17750: Plugin_debugger not work when have pg_hint_plan on shared_preload_libraries",2,false,,,
17751,2023-01-14,"BUG #17751: DDL CREATE statement accepts invalid default values for FOREIGN KEY constraint.",2,false,,,
17753,2023-01-18,"BUG #17753: pg_dump --if-exists bug",6,true,discussion_link,2023-01-20,2
17754,2023-01-19,"BUG #17754: Subquery IN clause returns row matches where subquery is invalid",2,false,,,
17755,2023-01-20,"BUG #17755: database queries get stuck for certain IDs",3,false,,,
17756,2023-01-20,"BUG #17756: Invalid replica indentity set order in a dump",5,true,both,2023-01-21,1
17757,2023-01-20,"BUG #17757: Not honoring huge_pages setting during initdb causes DB crash in Kubernetes",25,false,,,
17759,2023-01-25,"BUG #17759: MERGE UPDATE statements do not cause generated columns to update",2,true,both,2023-01-30,5
17760,2023-01-25,"BUG #17760: SCRAM authentication fails with ""modern"" (rsassaPss signature) server certificate",18,true,discussion_link,2023-02-15,21
17761,2023-01-27,"BUG #17761: Questionable regular expression behavior",4,false,,,
17762,2023-01-27,"BUG #17762: date field casts to null in case section with join's",2,false,,,
17765,2023-01-31,"BUG #17765: SELECT CAST(true AS BIGINT);",3,false,,,
17766,2023-02-01,"BUG #17766: Issue in asc, limit and offset for pagination.",3,false,,,
17767,2023-02-01,"BUG #17767: psql: tab-completion causes warnings when standard_conforming_strings = off",11,false,,,
17768,2023-02-02,"BUG #17768: Assert triggered on initsplan.c",5,true,both,2023-02-04,2
17769,2023-02-02,"BUG #17769: Assert triggered in indxpath.c",3,true,both,2023-02-04,2
17770,2023-02-02,"BUG #17770: SELECT FOR UPDATE on a UNION ALL view doesn't raise an error",1,false,,,
17771,2023-02-05,"BUG #17771: add a ""status"" column to the pg_rules system view",2,false,,,
17772,2023-02-06,"BUG #17772: small glitch with autocompletion on CREATE DATABASE",3,false,,,
17773,2023-02-06,"BUG #17773: Assert triggered on analyzejoins.c",3,true,both,2023-02-06,0
17774,2023-02-06,"BUG #17774: Assert triggered on brin_minmax_multi.c",13,true,discussion_link,2023-03-20,42
17775,2023-02-06,"BUG #17775: Clarify default value for HEADER argument in documentation",2,false,,,
17776,2023-02-06,"BUG #17776: Connections are terminated unexpectedly sometimes",5,false,,,
17777,2023-02-06,"BUG #17777: An assert failed in nodeWindowAgg.c",18,true,both,2023-02-13,7
17778,2023-02-07,"BUG #17778: the revocation function was unable to check revocation because the revocation server was offline",1,false,,,
17779,2023-02-07,"BUG #17779: ""commit"" causes error 2D000 when ""set search_path"" is added to the first example in section ""43.8""",4,false,,,
17781,2023-02-07,"BUG #17781: Assert in setrefs.c",9,true,both,2023-02-07,0
17782,2023-02-07,"BUG #17782: ERROR: variable not found in subplan target lists",6,false,,,
17783,2023-02-08,"BUG #17783: ERROR: could not open file ""base/361098/2674030_vm"": Operation not permitted",4,false,,,
17784,2023-02-09,"BUG #17784: broken URL in 15.2 release notes",6,false,,,
17786,2023-02-10,"BUG #17786: Assert on indxpath.c",2,true,both,2023-02-10,0
17787,2023-02-12,"BUG #17787: Seriously wrong value of pg_class.reltuples for FTS GIN index after VACUUM (INDEX_CLEANUP)",1,false,,,
17788,2023-02-12,"BUG #17788: Incorrect memory access when parsing empty string as sql_standard interval",2,true,both,2023-02-12,0
17789,2023-02-13,"BUG #17789: process_pgfdw_appname() fails for autovacuum workers",11,true,discussion_link,2023-02-21,8
17790,2023-02-13,"BUG #17790: Download of SLES 12 SP5 - x86_64 is not working",1,false,,,
17791,2023-02-14,"BUG #17791: Assert on procarray.c",5,false,,,
17792,2023-02-14,"BUG #17792: MERGE uses uninitialized pointer and crashes when target tuple is updated concurrently",9,true,both,2023-02-15,1
17793,2023-02-14,"BUG #17793: Query with large number of joins crashes PostgreSQL",6,false,,,
17794,2023-02-15,"BUG #17794: dates with zero or negative years are not accepted",5,false,,,
17795,2023-02-15,"BUG #17795: Erroneous parsing of floating-poing components in DecodeISO8601Interval()",4,true,both,2023-02-20,5
17796,2023-02-15,"BUG #17796: pgcrypto undecryptable blowfish data previous stored with openssl 1.1.1 with builtin decrypter one",5,false,,,
17797,2023-02-16,"BUG #17797: connection error",2,false,,,
17798,2023-02-17,"BUG #17798: Incorrect memory access occurs when using BEFORE ROW UPDATE trigger",37,true,both,2024-01-14,331
17800,2023-02-18,"BUG #17800: ON CONFLICT DO UPDATE fails to detect incompatible fields that leads to a server crash",34,true,both,2023-02-25,7
17802,2023-02-20,"BUG #17802: PGLogical getting Terminated",1,false,,,
17803,2023-02-21,"BUG #17803: Rule ""ALSO INSERT ... SELECT ..."" fails to substitute default values",17,true,both,2023-02-23,2
17804,2023-02-22,"BUG #17804: Assertion failed in pg_stat after fetching from pg_stat_database and swithing cache->snapshot",14,true,discussion_link,2023-05-10,77
17805,2023-02-22,"BUG #17805: Unexpected results when bounds of FOR loop use non-integer numbers",2,false,,,
17806,2023-02-23,"BUG #17806: PostgreSQL 13.10 returns ""CREATE DATABASE cannot be executed within a pipeline""",3,false,,,
17809,2023-02-26,"BUG #17809: MERGE ... UPDATE fails with BEFORE ROW UPDATE trigger when target row updated concurrently",7,true,both,2023-03-13,15
17810,2023-02-27,"BUG #17810: Update from 13.09 to 13.10 breaks SQLs with VACUUM",14,false,,,
17811,2023-02-27,"BUG #17811: Replacing an underlying view breaks OLD/NEW tuple when accessing it via upper-level view",4,true,both,2023-03-07,8
17812,2023-02-28,"BUG #17812: LOCK TABLE IN ACCESS EXCLUSIVE MODE with a view returns an empty tuple set",13,false,,,
17813,2023-02-28,"BUG #17813: I have an error about the installation of PostgreSQL installer on every version. please help.",1,false,,,
17814,2023-02-28,"BUG #17814: Detail info on kerbos authentication",1,false,,,
17815,2023-03-01,"BUG #17815: Server crashes on executing gist_page_items() in pageinspect extension",6,true,discussion_link,2023-03-02,1
17816,2023-03-01,"BUG #17816: Invalid memory access in translate function",2,true,both,2023-03-01,0
17817,2023-03-01,"BUG #17817: DISABLE TRIGGER ALL on a partitioned table with foreign key fails",8,true,both,2023-03-04,3
17818,2023-03-02,"BUG #17818: CTE is not returning the right data.",3,false,,,
17819,2023-03-02,"BUG #17819: The assert failed #17334 has not been repaired",2,false,,,
17821,2023-03-02,"BUG #17821: Assertion failed in heap_update() due to heap pruning",13,true,both,2025-01-25,695
17822,2023-03-05,"BUG #17822: Some scripts are blocked by Device Guard",2,false,,,
17823,2023-03-06,"BUG #17823: Generated columns not always updated correctly",3,true,both,2023-03-06,0
17824,2023-03-08,"BUG #17824: PQTRANS_ACTIVE misleading",3,false,,,
17826,2023-03-09,"BUG #17826: An assert failed in /src/backend/optimizer/util/var.c",10,true,both,2023-03-17,8
17827,2023-03-09,"BUG #17827: Rule on insert into table doesn't work when excepting select from the table itself",4,false,,,
17828,2023-03-09,"BUG #17828: postgres_fdw leaks file descriptors on error and aborts aborted transaction in lack of fds",15,true,both,2023-11-23,259
17830,2023-03-11,"BUG #17830: Incorrect memory access in trgm_regexp",3,true,both,2023-03-11,0
17831,2023-03-11,"BUG #17831: server crash",2,false,,,
17832,2023-03-11,"BUG #17832: ERROR: failed to apply nullingrels to a non-Var in HEAD",2,true,both,2023-03-12,1
17834,2023-03-13,"BUG #17834: Warning: apt-key is deprecated. Manage keyring files in trusted.gpg.d instead (see apt-key(8))",1,false,,,
17835,2023-03-13,"BUG #17835: Two assertions failed in nodeAgg.c and execExprInterp.c with the same SQL",3,true,both,2023-03-13,0
17836,2023-03-13,"BUG #17836: Why does pg_dump need to add * to dump the full partition table structure",1,false,,,
17837,2023-03-13,"BUG #17837: The potential risks associated with executing ""commit"" in a procedure.",2,false,,,
17838,2023-03-13,"BUG #17838: Uninstall of PostgreSQL 13.9.3 fails on Windows 11",3,false,,,
17839,2023-03-14,"BUG #17839: Heap-buffer overflow on float8_to_char with invalid template",5,true,both,2023-03-14,0
17840,2023-03-14,"BUG #17840: Failing to execute auto_explain for logging leads to transaction rollback.",6,false,,,
17841,2023-03-14,"BUG #17841: COPY Command Invalid QUOTES",2,false,,,
17842,2023-03-14,"BUG #17842: Adding a qual to a working query gets bogus syntax error",7,false,,,
17843,2023-03-14,"BUG #17843: Writing uninitialised data in logtape/buffile",1,false,,,
17844,2023-03-15,"BUG #17844: Memory consumption for memoize node",7,true,discussion_link,2023-03-20,5
17845,2023-03-16,"BUG #17845: insert into on conflict bug .",9,false,,,
17846,2023-03-16,"BUG #17846: pg_dump doesn't properly dump with paused WAL replay",4,true,both,2026-08-26,1259
17847,2023-03-16,"BUG #17847: Unaligned memory access in ltree_gist",20,true,discussion_link,2023-04-23,38
17848,2023-03-16,"BUG #17848: Deadlock when running ANALYZE on a table while REINDEX INDEX CONCURRENTLY is running",1,false,,,
17849,2023-03-16,"BUG #17849: python3-etcd Missing from the postgres common repo for RHEL8",2,false,,,
17850,2023-03-16,"BUG #17850: could not load library ""$libdir/postgis-2.4"" could not load library ""$libdir/rtpostgis-2.4"":",1,false,,,
17851,2023-03-17,"BUG #17851: RHEL 8 GIS packages missing from common",2,false,,,
17852,2023-03-17,"BUG #17852: gdal34: RPM build broken for RHEL8 and RHEL9 since 2023.01.08",1,false,,,
17853,2023-03-18,"BUG #17853: COLLATE does not work with numeric column references in ORDER BY",6,false,,,
17854,2023-03-20,"BUG #17854: nothing provides proj90 >= 9.0.1 needed by postgis33_14-3.3.2-1.rhel8.x86_64",2,false,,,
17855,2023-03-20,"BUG #17855: Uninitialised memory used when the name type value processed in binary mode of Memoize",19,true,both,2024-05-01,408
17856,2023-03-21,"BUG #17856: Missing geos310-3.10.3 library",2,false,,,
17857,2023-03-21,"BUG #17857: Uninstaller does not work",4,false,,,
17858,2023-03-21,"BUG #17858: ExecEvalArrayExpr() leaves uninitialised memory for multidim array with nulls",8,true,both,2023-03-26,5
17859,2023-03-21,"BUG #17859: Suspected collation conflict when using recursive query",2,false,,,
17860,2023-03-22,"BUG #17860: Possible Bugs in PL/pgSQL Functions' Return Values",3,false,,,
17861,2023-03-22,"BUG #17861: Disappearance of packages in repo for rhel-8",2,false,,,
17862,2023-03-22,"BUG #17862: Overall query cost ignores window function",5,true,both,2023-08-03,134
17863,2023-03-22,"BUG #17863: Unable to restore dump 12.12 -> 15.2",12,false,,,
17864,2023-03-23,"BUG #17864: pg_notify is publishing message twice",2,false,,,
17865,2023-03-23,"BUG #17865: Logical decoding : JDBC - Out of memory exception (WAL2JSON Format -1) gives a wrong associated LSN",2,false,,,
17866,2023-03-23,"BUG #17866: behavior does not match documentation",7,true,both,2023-04-10,18
17867,2023-03-24,"BUG #17867: pg_dump intermittently hangs",3,false,,,
17868,2023-03-24,"BUG #17868: Inconsistent collation in PL/pgSQL function parameters can lead to errors",2,false,,,
17869,2023-03-26,"BUG #17869: Inconsistency between PL/pgSQL Function Parameter Handling and SQL Query Results",3,false,,,
17870,2023-03-27,"BUG #17870: Analyze on remote postgresql_fdw table never finish",3,false,,,
17871,2023-03-27,"BUG #17871: JIT during postgresql_fdw remote_estimates EXPLAIN have very negatively effect on planning time",18,false,,,
17872,2023-03-27,"BUG #17872: Dropping an attribute of a composite type breaks indexes over the type silently",9,true,both,2023-03-27,0
17873,2023-03-27,"BUG #17873: Empty JSONB array is ordered before all other JSONB values",1,false,,,
17874,2023-03-28,"BUG #17874: Incorrect memory access at gistBuildCallback",5,true,both,2023-03-29,1
17875,2023-03-28,"BUG #17875: Postgres common repo is missing gdal32-libs-3.2.3-6.rhel8.x86_64/proj80-8.0.1-1.rhel8.x86_64",1,false,,,
17876,2023-03-29,"BUG #17876: Function width_bucket() for float8 input returns value out of range",9,true,discussion_link,2023-03-30,1
17877,2023-03-29,"BUG #17877: Referencing a system column in a foreign key leads to incorrect memory access",4,true,both,2023-03-31,2
17878,2023-03-29,"BUG #17878: Stack Builder checksum failed",1,false,,,
17879,2023-03-30,"BUG #17879: ERROR: unrecognized node type: 2139062143",3,true,both,2023-03-30,0
17880,2023-03-31,"BUG #17880: Uninitialised value used when analyzing a table with an inheritance tree containing no children",2,true,both,2023-03-31,0
17881,2023-03-31,"BUG #17881: Dependency error in Barman 3.5",4,false,,,
17882,2023-04-02,"BUG #17882: I can't disable triggers on a table that has been partitioned",2,false,,,
17883,2023-04-04,"BUG #17883: Segmentation fault when create brin index on user-defined type.",2,false,,,
17884,2023-04-04,"BUG #17884: gist_page_items() crashes for a non-leaf page of an index with non-key columns",11,true,discussion_link,2023-05-19,45
17885,2023-04-04,"BUG #17885: slow planning constraint_exclusion",5,false,,,
17886,2023-04-04,"BUG #17886: Error disabling user triggers on a partitioned table",5,true,both,2023-04-05,1
17887,2023-04-05,"BUG #17887: EDB Community Installer for windows, locale selection not working properly",1,false,,,
17888,2023-04-06,"BUG #17888: Incorrect memory access in gist__int_ops for an input array with many elements",6,true,discussion_link,2023-06-15,70
17889,2023-04-06,"BUG #17889: Invalid cursor direction for a foreign scan that reached the fetch_size (MOVE BACKWARD ALL IN cX)",12,true,both,2024-07-19,470
17891,2023-04-12,"BUG #17891: MAIF - Strange behavior on Grants with Groups",1,false,,,
17892,2023-04-12,"BUG #17892: Bug primary key",5,false,,,
17893,2023-04-12,"BUG #17893: Assert failed in heap_update()/_delete() when FK modiified by RI trigger in non-read-committed xact",6,true,both,2023-11-28,230
17895,2023-04-13,"BUG #17895: Bug concerning UTF-8",3,false,,,
17896,2023-04-14,"BUG #17896: xmlagg exponentially slower than string_agg equivalent",2,false,,,
17897,2023-04-14,"BUG #17897: Crash on assignment to array of constraint-less domain over composite type",3,true,both,2023-04-15,1
17898,2023-04-15,"BUG #17898: Build failure when strip is LLVM's version",2,true,discussion_link,2023-04-20,5
17900,2023-04-16,"BUG #17900: llvm-jit uses deprecated symbols in LLVM 16",2,false,,,
17901,2023-04-17,"BUG #17901: Unexpected 'permission denied' error depending on which template used to create database",2,false,,,
17902,2023-04-17,"BUG #17902: export/import tenant not possible due to PG internal id on jsonB fields.",5,false,,,
17903,2023-04-19,"BUG #17903: There is a bug in the KeepLogSeg()",13,true,discussion_link,2023-04-27,8
17904,2023-04-19,"BUG #17904: Inconsistent value of max_worker_processes parameter in the config file and running cluster",1,false,,,
17905,2023-04-21,"BUG #17905: phpPgAdmin 7.13.0 is not updated to support PHP 8.1.16",1,false,,,
17906,2023-04-21,"BUG #17906: Segmentation fault and database crash during procedure call",5,false,,,
17907,2023-04-24,"BUG #17907: PostgresSQL 15.x contains OpenSSL DLLs (vulnerable to CVE-2023-0464, CVE-2023-0465 & CVE-2023-0466)",2,false,,,
17908,2023-04-25,"BUG #17908: plpython_to_hstore() crashes with a non-dict argument",3,true,both,2023-04-27,2
17909,2023-04-27,"BUG #17909: CREATE SCHEMA AUTHORIZATION sch CREATE TABLE foo ( id INT ) will coredump",14,true,discussion_link,2023-04-28,1
17910,2023-04-27,"BUG #17910: gcc-introduced load may cause concurrency bug",2,false,,,
17911,2023-04-27,"BUG #17911: Database or JDBC Driver Provides Incorrect Type",5,false,,,
17912,2023-04-28,"BUG #17912: Invalid memory access when converting plpython' array containing empty array",12,true,both,2023-04-28,0
17913,2023-04-30,"BUG #17913: alter column set (n_distinct=...) on partition head doesn't work for declarative partitioned tables",3,false,,,
17914,2023-05-01,"BUG #17914: walsenders taking up all memory",5,false,,,
17915,2023-05-02,"BUG #17915: sha256sum check failure on postgress 14 rhel-7-x86_64 repository",1,false,,,
17916,2023-05-03,"BUG #17916: Expression IN list translates to unqualified operator",4,false,,,
17917,2023-05-03,"BUG #17917: to_tsquery syntax error",3,false,,,
17918,2023-05-03,"BUG #17918: Checksum failed while sync repos for a package",3,false,,,
17919,2023-05-03,"BUG #17919: ""client hello"" message / SNI / Openshift Routes",7,false,,,
17920,2023-05-04,"BUG #17920: Incorrect memory access in array_position(s) is detected (or not)",3,true,both,2023-05-04,0
17921,2023-05-05,"BUG #17921: Packages missing on reposync",3,false,,,
17922,2023-05-06,"BUG #17922: ANY vs IN execution plan difference for a single explicit input value",2,false,,,
17923,2023-05-07,"BUG #17923: Excessive warnings of collation version mismatch in logs",6,false,,,
17924,2023-05-07,"BUG #17924: Inverted behavior of ""Date"" and ""Reverse Date"" when searching a mailbox archive",3,false,,,
17925,2023-05-08,"BUG #17925: Incorrect select query result",4,false,,,
17926,2023-05-08,"BUG #17926: Segfault in SELECT",4,false,,,
17927,2023-05-10,"BUG #17927: Postgres does not compile with LLVM-16",2,false,,,
17928,2023-05-11,"BUG #17928: Standby fails to decode WAL on termination of primary",86,true,discussion_link,2023-09-22,134
17929,2023-05-12,"BUG #17929: LLVMBuildGEP: symbol not found",3,false,,,
17930,2023-05-12,"BUG #17930: Regression in DISABLE TRIGGER ALL",3,false,,,
17931,2023-05-15,"BUG #17931: Faild to stop PostgresSQL Service",2,false,,,
17932,2023-05-15,"BUG #17932: Cannot select big bytea values(>500MB)",3,false,,,
17933,2023-05-15,"BUG #17933: pgAgent - password doesn't work",1,false,,,
17934,2023-05-16,"BUG #17934: Cannot run pgAdmin after upgrading from 15.2 to 15.3",3,false,,,
17935,2023-05-16,"BUG #17935: Incorrect memory access in fuzzystrmatch/difference()",2,true,both,2023-05-16,0
17936,2023-05-16,"BUG #17936: Memory Leak when OPERATOR FAMILY use LANGUAGE SQL function",2,false,,,
17937,2023-05-17,"BUG #17937: Corrupt Indexes after reusing DRBD Device on new VM",2,false,,,
17938,2023-05-22,"BUG #17938: could not open shared memory segment ""/PostgreSQL.615216676"": No such file or directory",6,false,,,
17939,2023-05-23,"BUG #17939: CREATE EXTENSION pltcl; looks in the wrong folder",2,false,,,
17940,2023-05-23,"BUG #17940: PostgreSQL Installer For Windows Cannot Initialize Cluster When BeyondTrust Installed",5,false,,,
17942,2023-05-24,"BUG #17942: vacuumdb doesn't populate extended statistics on partitioned tables",8,false,,,
17943,2023-05-24,"BUG #17943: Undefined symbol LLVMBuildGEP in llvmjit.so during pg_restore",8,false,,,
17944,2023-05-25,"BUG #17944: Partial index on boolean field is not picked when using = while the index is created with is",2,false,,,
17945,2023-05-25,"BUG #17945: Different order of definition of a constraint causes constraint violation",2,false,,,
17946,2023-05-25,"BUG #17946: LC_MONETARY & DO LANGUAGE plperl - BUG",38,false,,,
17947,2023-05-26,"BUG #17947: Combination of replslots pgstat issues causes error/assertion failure",9,true,discussion_link,2024-06-05,376
17948,2023-05-26,"BUG #17948: libpq seems to misbehave in a pipelining corner case",6,true,discussion_link,2023-12-05,193
17949,2023-05-28,"BUG #17949: Adding an index introduces serialisation anomalies.",28,true,both,2023-07-03,36
17950,2023-05-29,"BUG #17950: Incorrect memory access in gtsvector_picksplit()",8,true,discussion_link,2023-09-04,98
17951,2023-05-30,"BUG #17951: hashtext('input') returning non-integer value for certain inputs",2,false,,,
17952,2023-06-01,"BUG #17952: rhel-8-aarch64 yum repository for Postgres 14 is missing repodata",1,false,,,
17953,2023-06-01,"BUG #17953: Libpq can stall indefinitely with non-tls localhost (127.0.0.1) connection",3,false,,,
17954,2023-06-01,"BUG #17954: Postgres startup fails with `could not locate a valid checkpoint record`",2,false,,,
17956,2023-06-01,"BUG #17956: proj90-debuginfo (proj90-debuginfo-9.0.1) CRC does not match proj90.so (proj90-9.0.1) CRC",2,false,,,
17957,2023-06-01,"BUG #17957: psql-16beta1 \df+ does not show the function body",4,true,discussion_link,2023-06-01,0
17958,2023-06-01,"BUG #17958: There was a error message while installing postgreSQL15 or 14 .",1,false,,,
17959,2023-06-03,"BUG #17959: amcheck fails to find a matching index tuple for an invisible heap tuple",5,false,,,
17960,2023-06-04,"BUG #17960: pg_dump does not backup generated columns correctly.",2,false,,,
17961,2023-06-04,"BUG #17961: Incorrect aggregation MIN, AVG, MAX",3,false,,,
17962,2023-06-05,"BUG #17962: postgresql 11 hangs on poly_contain with specific data",7,false,,,
17963,2023-06-06,"BUG #17963: Recursive table cannot be referenced when using LEFT JOIN instead of LATERAL in recursive term",2,false,,,
17964,2023-06-06,"BUG #17964: Missed query planner optimization",8,false,,,
17965,2023-06-07,"BUG #17965: SIGSEGV from LLVM13 JIT when executing SQL.",1,false,,,
17967,2023-06-07,"BUG #17967: [msvc-x86] Failed to build with error LNK2019: unresolved external symbol __BitScanReverse64 referen",5,true,both,2023-06-07,0
17968,2023-06-11,"BUG #17968: installation",5,false,,,
17969,2023-06-11,"BUG #17969: Assert failed in bloom_init() when false_positive_rate = 0.25",8,true,discussion_link,2023-11-08,150
17970,2023-06-13,"BUG #17970: FEATURE REQUEST-allow re-adding GENERATED ALWAYS AS constraint to existing columns after removing it",3,false,,,
17972,2023-06-13,"BUG #17972: Assert failed in pull_varattnos_walker() for view with subquery and security qual",2,true,both,2023-06-13,0
17973,2023-06-13,"BUG #17973: Reinit of pgstats entry for dropped DB can break autovacuum daemon",24,true,discussion_link,2023-09-03,82
17974,2023-06-14,"BUG #17974: Walsenders memory usage suddenly spike to 80G+ causing OOM and server reboot",8,false,,,
17975,2023-06-14,"BUG #17975: Nested Loop Index Scan returning wrong result",18,true,both,2023-06-19,5
17976,2023-06-14,"BUG #17976: Inconsistent results of SELECT using CASE WHEN clause",9,true,both,2023-06-15,1
17977,2023-06-15,"BUG #17977: PorstGreSQL in a jail crashes randomly with Signal 10 bus error",9,false,,,
17978,2023-06-15,"BUG #17978: Unexpected error: ""wrong varnullingrels (b) (expected (b 5)) for Var 6/2"" triggered by JOIN",7,true,both,2023-06-20,5
17979,2023-06-15,"BUG #17979: (pg_tsparser + ts_headline) duplicate output if dot present",2,false,,,
17981,2023-06-19,"BUG #17981: HY000 server closed the connection unexpectedly",2,false,,,
17982,2023-06-19,"BUG #17982: Inconsistent results of SELECT with CTE caused by subquery comparison",3,false,,,
17983,2023-06-19,"BUG #17983: Assert IsTransactionState() failed when empty string statement prepared in aborted transaction",4,true,both,2023-06-21,2
17984,2023-06-20,"BUG #17984: Service stopped and cannot restart",2,false,,,
17985,2023-06-20,"BUG #17985: Inconsistent results of SELECT comparing two CASE WHEN clause",3,true,both,2023-06-20,0
17986,2023-06-20,"BUG #17986: Inconsistent results of SELECT affected by btree index",5,false,,,
17987,2023-06-21,"BUG #17987: zypper refresh failed when installed the postgresql",4,false,,,
17988,2023-06-21,"BUG #17988: psql generates segfault when connecting to remote database",2,false,,,
17989,2023-06-22,"BUG #17989: ERROR: could not open file ""pg_logical/snapshots/6-1E182808.snap"": Permission denied",1,false,,,
17990,2023-06-22,"BUG #17990: PSQL Process hangs in parallel mode",2,false,,,
17991,2023-06-22,"BUG #17991: FATAL: cannot request additional shared memory outside shmem_request_hook",3,false,,,
17992,2023-06-23,"BUG #17992: Followed instructions to setup Postgresql but systemctl restart postgresql-15.service",1,false,,,
17993,2023-06-24,"BUG #17993: FK issue on logical replication table",2,false,,,
17994,2023-06-24,"BUG #17994: Invalidating relcache corrupts tupDesc inside ExecEvalFieldStoreDeForm()",33,true,both,2023-06-29,5
17995,2023-06-24,"BUG #17995: Segmentation fault caused by UPDATE statement",8,true,both,2023-06-24,0
17997,2023-06-25,"BUG #17997: Assert failed in validatePartitionedIndex() when attaching partition index to child of valid index",14,true,discussion_link,2023-06-30,5
17998,2023-06-26,"BUG #17998: Postgres crashes when executing WorkTableScan.",3,false,,,
17999,2023-06-26,"BUG #17999: comment to BUG 17990 (PSQL Process hangs in parallel mode)",1,false,,,
18000,2023-06-26,"BUG #18000: Access method used by matview can be dropped leaving broken matview",10,true,discussion_link,2023-06-29,3
18001,2023-06-26,"BUG #18001: Invalid subquery passed as true",2,false,,,
18002,2023-06-27,"BUG #18002: Duplicate entries of row possible even after having primary key",8,false,,,
18003,2023-06-27,"BUG #18003: FATAL: cannot request additional shared memory outside shmem_request_hook",5,false,,,
18005,2023-06-29,"BUG #18005: PSQL Process hangs in parallel mode",4,false,,,
18006,2023-06-29,"BUG #18006: recovery_target_action=shutdown triggers automatic recovery on next startup (beyond point in time)",2,false,,,
18007,2023-06-29,"BUG #18007: age(timestamp, timestamp) is marked as immutable, but using age(date, date) says it's not",9,false,,,
18008,2023-06-30,"BUG #18008: SSL certificate error for Stackbuilder 4.2.1",3,false,,,
18009,2023-06-30,"BUG #18009: Postgres Recovery not happening",6,false,,,
18010,2023-07-01,"BUG #18010: Bug with installation/auto-configuration",1,false,,,
18011,2023-07-01,"BUG #18011: Declarative partition privilege problem cause incorrect execution plans",3,false,,,
18012,2023-07-02,"BUG #18012: Installer fails to run .bat files when they are registered to Notepad++",4,false,,,
18013,2023-07-03,"BUG #18013: Failed installing",3,false,,,
18014,2023-07-04,"BUG #18014: Releasing catcache entries makes schema_to_xmlschema() fail when parallel workers are used",24,true,both,2023-10-14,102
18015,2023-07-05,"BUG #18015: missing dependency packages for postgis extension",2,false,,,
18016,2023-07-06,"BUG #18016: REINDEX TABLE failure",21,true,discussion_link,2024-01-26,204
18017,2023-07-07,"BUG #18017: configure --with-ldap fails when openldap is installed",4,false,,,
18018,2023-07-10,"BUG #18018: Homebrew link is broken",7,false,,,
18019,2023-07-12,"BUG #18019: misbehaviour by replication",7,false,,,
18021,2023-07-15,"BUG #18021: Loading Error",2,false,,,
18023,2023-07-16,"BUG #18023: when the query shows an error SQL Error [XX000]: ERROR: pg_attribute catalog is missing",1,false,,,
18025,2023-07-17,"BUG #18025: Probably we need to change behaviour of the checkpoint failures in PG",3,false,,,
18026,2023-07-17,"BUG #18026: compile error / fe-auth.c:807:64: error: 'CHAR_BIT' undeclared (first use in this function)",7,true,both,2023-07-17,0
18027,2023-07-17,"BUG #18027: Logical replication taking forever",8,false,,,
18029,2023-07-19,"BUG #18029: Misleading warning about Collation Changes with newer glibc version",1,false,,,
18030,2023-07-19,"BUG #18030: Large memory consumption caused by in-clause subqueries",4,false,,,
18031,2023-07-19,"BUG #18031: Segmentation fault after deadlock within VACUUM's parallel worker",8,true,both,2023-07-26,7
18033,2023-07-20,"BUG #18033: org.postgresql.util.PSQLException:",4,false,,,
18034,2023-07-20,"BUG #18034: Accept the spelling ""+infinity"" in datetime input is not accurate",6,false,,,
18035,2023-07-25,"BUG #18035: Assertion failure in jsonb_path_query",3,true,both,2023-08-01,7
18036,2023-07-26,"BUG #18036: Query planner chooses sub-optimal query path given enough IN tuples.",2,false,,,
18038,2023-07-27,"BUG #18038: Aliases removed from view definitions",5,false,,,
18040,2023-07-27,"BUG #18040: PostgreSQL does not report its version correctly",5,false,,,
18042,2023-07-28,"BUG #18042: Query planner favor index corresponding to a order by with a limit even when there is a where",4,false,,,
18043,2023-07-30,"BUG #18043: Merge fails to insert when source and target are same table and table is empty (contains no rows)",1,false,,,
18045,2023-08-01,"BUG #18045: NpgSQL installation not working",2,false,,,
18046,2023-08-01,"BUG #18046: stats collection behaviour change is affecting the usability of information.",10,false,,,
18047,2023-08-03,"BUG #18047: ODBC to PG long transaction causes PANIC",5,false,,,
18048,2023-08-03,"BUG #18048: Database process terminated automatically",2,false,,,
18049,2023-08-04,"BUG #18049: dynamic_shared_memory_type's value `posix` doesn't have any effect, syscall shm_get executes",3,false,,,
18051,2023-08-09,"BUG #18051: char(N) and varchar(N) behave opposite to the documentation",11,false,,,
18053,2023-08-10,"BUG #18053: fastpath count per pid in pg_locks shows > 16 entries",1,false,,,
18054,2023-08-13,"BUG #18054: Permission denied.",3,false,,,
18055,2023-08-14,"BUG #18055: logical decoding core on AllocateSnapshotBuilder()",22,true,discussion_link,2023-09-12,29
18057,2023-08-15,"BUG #18057: unaccent removes intentional spaces",10,true,both,2023-09-20,36
18058,2023-08-16,"BUG #18058: Http Extension Postgres",1,false,,,
18059,2023-08-17,"BUG #18059: Unexpected error 25001 in stored procedure",5,true,both,2023-08-24,7
18060,2023-08-18,"BUG #18060: Left joining rows using random() function in join condition doesn't work as expected.",6,false,,,
18061,2023-08-18,"BUG #18061: The psql -v variable option does not work for the -c command option",3,false,,,
18063,2023-08-22,"BUG #18063: postgresql-x64-14 service not working",1,false,,,
18064,2023-08-22,"BUG #18064: Order of cascading deletes by foreign key; ""on delete restrict""",2,false,,,
18065,2023-08-22,"BUG #18065: An error occurred when attempting to add a column of type ""vector"" to a table named ""vector"".",5,false,,,
18067,2023-08-22,"BUG #18067: Droping function that was used to generate column drops the column, even after `DROP EXPRESSION`",2,false,,,
18068,2023-08-24,"BUG #18068: Insufficient permission unless SUPERUSER",3,false,,,
18069,2023-08-25,"BUG #18069: pg_is_in_recovery() is false but recovery is not yet completed(i.e. recovery.signal is present)",1,false,,,
18070,2023-08-25,"BUG #18070: Assertion failed when processing error from plpy's iterator",15,true,discussion_link,2023-09-18,24
18074,2023-08-29,"BUG #18074: After enabling JIT, the query runtime increased by over a thousand times.",1,false,,,
18075,2023-08-29,"BUG #18075: configuration variable idle_session_timeout not working as expected",13,false,,,
18076,2023-08-29,"BUG #18076: Consistently receiving Signal 7 and Signal 11 errors",4,false,,,
18077,2023-08-30,"BUG #18077: PostgreSQL server subprocess crashed by a SELECT statement with WITH clause",16,true,both,2023-09-15,16
18078,2023-08-31,"BUG #18078: createdb not working",8,false,,,
18080,2023-09-04,"BUG #18080: to_tsvector fails for long text input",5,true,both,2023-09-25,21
18081,2023-09-04,"BUG #18081: Spurious ""function with OID ###### does not exist"" error",3,false,,,
18082,2023-09-04,"BUG #18082: coredump during initdb",5,false,,,
18083,2023-09-04,"BUG #18083: not compile PostgreSQL module in Qt with GCC 11.2 compiler",6,false,,,
18084,2023-09-04,"BUG #18084: Count Mismatch Challenges During PostgreSQL Database Migration: Causes and Solutions",8,false,,,
18085,2023-09-05,"BUG #18085: Error in documentation",2,false,,,
18086,2023-09-05,"BUG #18086: compilation failed due to epoll_create1 not present",3,false,,,
18087,2023-09-05,"BUG #18087: pg_visibility: false positives in pg_check_visible",2,false,,,
18088,2023-09-05,"BUG #18088: Table Corruption Issues Arising from Abrupt Server Shutdown During PostgreSQL 10.20 to 14.7 Migratio",2,false,,,
18089,2023-09-05,"BUG #18089: Orphaned Rows During PostgreSQL Data Migration",2,false,,,
18090,2023-09-05,"BUG #18090: Encountering Toast Table Corruption and Missing Chunk Number Error During PostgreSQL Data Migration",2,false,,,
18091,2023-09-07,"BUG #18091: Unexpected Result by enable_material",3,false,,,
18092,2023-09-07,"BUG #18092: Unexpected Result by enable_seqscan",3,false,,,
18094,2023-09-07,"BUG #18094: max max_connections cannot be set",8,false,,,
18095,2023-09-07,"BUG #18095: Unintended non-SSL connection attempt by psql cli command after a failed password authentication",3,false,,,
18096,2023-09-08,"BUG #18096: In edge-triggered epoll and kqueue, PQconsumeInput/PQisBusy are insufficient for correct async ops.",3,false,,,
18097,2023-09-08,"BUG #18097: Immutable expression not allowed in generated at",16,true,both,2023-11-16,69
18098,2023-09-08,"BUG #18098: Console code page issue Postgresql 14.7",7,false,,,
18099,2023-09-08,"BUG #18099: ERROR: could not access status of transaction 4007513275",3,false,,,
18101,2023-09-09,"BUG #18101: 'RAISE LOG ...' with omitted trailing ';' does not throw syntax error in certain situations",2,false,,,
18103,2023-09-10,"BUG #18103: bugs of concurrent merge into when use different join plan",6,true,both,2023-09-30,20
18105,2023-09-11,"BUG #18105: ogr_fdw_15 incompatible with latest gdal36-libs",2,false,,,
18107,2023-09-14,"BUG #18107: ""policy ... for table ... already exists"" errors when restore postgres database from dump",1,false,,,
18108,2023-09-14,"BUG #18108: server process was terminated by signal 11: Segmentation fault",5,false,,,
18109,2023-09-14,"BUG #18109: enable_partitionwise_aggregate does not apply when inserting or updating",4,false,,,
18111,2023-09-15,"BUG #18111: Query hangs when trying to INSERT empty string into NOT NULL table",3,false,,,
18112,2023-09-15,"BUG #18112: pgstattuple of sequence failed",2,false,,,
18114,2023-09-16,"BUG #18114: FULL JOIN is replaced by LEFT JOIN in plan",4,false,,,
18115,2023-09-18,"BUG #18115: pg_restore of extensions does not respect dependencies",3,false,,,
18116,2023-09-18,"BUG #18116: This is definitiv a BUG in INOUT parameter in stored procedures in Postgres 12.16",2,false,,,
18117,2023-09-20,"BUG #18117: View definitions were changed in version 16 (missing column qualifiers)",2,false,,,
18118,2023-09-20,"BUG #18118: bug report for COMMIT AND CHAIN feature",4,true,both,2023-09-22,2
18119,2023-09-20,"BUG #18119: Failed assert while recoverying from pg_basebackup",2,false,,,
18123,2023-09-21,"BUG #18123: The execution plan for the left join is incorrect, returning incorrect rows of data.",2,false,,,
18124,2023-09-21,"BUG #18124: PG16 release note document bug in ""Add build option to allow testing of small WAL segment sizes""",9,true,discussion_link,2023-09-25,4
18125,2023-09-21,"BUG #18125: Ordered set aggregate results (MD5 hashing) vary between postgres versions",1,false,,,
18126,2023-09-21,"BUG #18126: Ordered set aggregate: result does not depend on sort order",2,false,,,
18127,2023-09-21,"BUG #18127: Assertion HaveRegisteredOrActiveSnapshot failed on REINDEX CONCURRENTLY when blocksize=1",5,true,discussion_link,2025-05-30,617
18128,2023-09-21,"BUG #18128: a Parallel Hash started with batches 64 but increased to 262144 and FreeableMemory tanked",1,false,,,
18129,2023-09-22,"BUG #18129: GiST index produces incorrect query results",6,true,discussion_link,2023-09-26,4
18130,2023-09-22,"BUG #18130: \copy fails with ""could not read block"" or ""page should be empty but not"" errors due to triggers",3,true,both,2023-10-14,22
18131,2023-09-22,"BUG #18131: PL/pgSQL: regclass procedure parameter wrongly memoized(?)",3,true,both,2023-09-25,3
18132,2023-09-23,"BUG #18132: llvm-jit does not build with LLVM 17",2,false,,,
18134,2023-09-26,"BUG #18134: ROW_COUNT do not set to 0 when psql's \gset command get no rows returned",8,true,discussion_link,2023-10-02,6
18135,2023-09-27,"BUG #18135: Incorrect memory access occurs when attaching a partition with an index",10,true,both,2023-09-28,1
18136,2023-09-27,"BUG #18136: lc_messages is the empty string but should be 'C'?",1,false,,,
18137,2023-09-28,"BUG #18137: PG16 release note doc bug in ""Allow GRANT group_name TO user_name ...""",4,true,discussion_link,2023-09-29,1
18138,2023-09-28,"BUG #18138: Using limit on VALUES causes type conversion to fail.",4,false,,,
18139,2023-09-28,"BUG #18139: Causing FATAL error on database using function last() or first()",3,false,,,
18141,2023-09-29,"BUG #18141: sorry, too many clients error occurring very frequently",8,false,,,
18142,2023-10-02,"BUG #18142: strange behaviour of ""UPDATE"" with id_encode()",4,false,,,
18143,2023-10-02,"BUG #18143: pg_upgrade fails to use port 50432 even with firewall disabled",1,false,,,
18144,2023-10-02,"BUG #18144: While i am intalling postgresql-12 repo,i am facing the below.i tried with dowload and install.",2,false,,,
18145,2023-10-03,"BUG #18145: In psql, \d does not output in expanded format",2,false,,,
18146,2023-10-03,"BUG #18146: Rows reappearing in Tables after Auto-Vacuum Failure in PostgreSQL on Windows",45,true,discussion_link,2024-12-02,426
18147,2023-10-05,"BUG #18147: ERROR: invalid perminfoindex 0 in RTE with relid xxxxx",26,true,both,2023-10-24,19
18148,2023-10-05,"BUG #18148: Handle null in a date/time fields when passing empty arrays issue",2,false,,,
18149,2023-10-05,"BUG #18149: Incorrect lexeme for english token ""proxy""",6,false,,,
18150,2023-10-08,"BUG #18150: The results returned by index only scan using gist index of bpchar and seqscan have difference.",2,false,,,
18151,2023-10-08,"BUG #18151: pg_upgradecluster fails when column default refers to column",6,false,,,
18152,2023-10-10,"BUG #18152: Join condition is not pushed down to union all subquery",3,false,,,
18153,2023-10-10,"BUG #18153: Undefined Symbol creating postgis_raster extension",2,false,,,
18154,2023-10-11,"BUG #18154: Corrupt DB: pg_dump segfaults or returns empty",1,false,,,
18155,2023-10-13,"BUG #18155: Logical Apply Worker Timeout During TableSync Causes Either Stuckness or Data Loss",6,false,,,
18156,2023-10-13,"BUG #18156: Self-referential foreign key in partitioned table not enforced on deletes",3,true,discussion_link,2025-05-02,567
18158,2023-10-16,"BUG #18158: Assert in pgstat_report_stat() fails when a backend shutting down with stats pending",12,true,discussion_link,2026-06-05,963
18159,2023-10-16,"BUG #18159: Database Integrity Concerns: Missing FK Constraint",2,false,,,
18160,2023-10-18,"BUG #18160: first create table show ""ERROR: permission denied for schema public"", next create table works",4,false,,,
18161,2023-10-18,"BUG #18161: ALTER TABLE ... ALTER COLUMN does not remove dependencies in automatically from column and sequence.",3,false,,,
18163,2023-10-20,"BUG #18163: Catcache entry invalidation might be missed when toast processed inside CatalogCacheCreateEntry",1,false,,,
18165,2023-10-20,"BUG #18165: Could not duplicate handle for ""Global/PostgreSQL.xxxxxxxxxx"": Bad file descriptor",11,true,both,2023-10-21,1
18166,2023-10-20,"BUG #18166: 100 Gb 18000000 records table update",3,false,,,
18167,2023-10-24,"BUG #18167: cannot create partitioned tables when default_tablespace is set",4,false,,,
18168,2023-10-24,"BUG #18168: Parallel worker failed to initialize: could not create inherited socket: error code 10106",5,false,,,
18170,2023-10-26,"BUG #18170: Unexpected error: no relation entry for relid 3",34,true,both,2023-11-04,9
18171,2023-10-26,"BUG #18171: Dropping an index on a partitioned table drops all child indices even with a restrict",4,false,,,
18172,2023-10-27,"BUG #18172: High memory usage in tSRF function context",5,true,both,2023-10-28,1
18173,2023-10-30,"BUG #18173: ERROR: could not identify a comparison function for type unknown",5,false,,,
18177,2023-11-01,"BUG #18177: certain queries under certain contexts take multiple orders of magnitude longer compared to v10",11,false,,,
18178,2023-11-01,"BUG #18178: New Restriction on ""ON SELECT"" rules on tables",8,true,both,2023-11-03,2
18179,2023-11-02,"BUG #18179: Cluster History Error",8,false,,,
18180,2023-11-02,"BUG #18180: Maybe a bug? repomd.xml signature could not be verified for pgdg-common",1,false,,,
18181,2023-11-03,"BUG #18181: KB5031455 Update crashes PostgreSQL Server for Turkish language",7,false,,,
18182,2023-11-06,"BUG #18182: apt distribution is missing for Bionic",2,false,,,
18183,2023-11-06,"BUG #18183: Unable to grant similar roles after changing user from No inheritance to Inheritance.",3,false,,,
18184,2023-11-06,"BUG #18184: ERROR: wrong varnullingrels (b) (expected (b 3)) for Var 2/2",3,true,both,2023-11-09,3
18185,2023-11-06,"BUG #18185: Error when calling whoami at the beginning of the installation",3,false,,,
18186,2023-11-07,"BUG #18186: Question around integration",4,false,,,
18187,2023-11-07,"BUG #18187: Unexpected error: ""variable not found in subplan target lists"" triggered by JOIN",24,true,both,2023-11-09,2
18188,2023-11-09,"BUG #18188: wrong varnullingrels",2,false,,,
18189,2023-11-10,"BUG #18189: Value partitioned tables: Upd ERROR: more than one row returned by a subquery used as an expression",4,false,,,
18190,2023-11-10,"BUG #18190: PL/pgSQL does not document comparison operations on RECORD (or ROW) types",4,false,,,
18193,2023-11-13,"BUG #18193: CVE-2019-9193",4,false,,,
18194,2023-11-13,"BUG #18194: Missing install instructions",4,false,,,
18195,2023-11-14,"BUG #18195: PL/pgSQL: invalid syntax allowed in SELECT INTO statement",8,false,,,
18196,2023-11-15,"BUG #18196: Databases Created in Turkish Language Will Not Run on the Latest Version of Windows",22,false,,,
18198,2023-11-15,"BUG #18198: Constantly getting errors",3,false,,,
18199,2023-11-15,"BUG #18199: 'Release' file not available in apt.postgresql.org/pub/repos/apt bionic-pgdg",2,false,,,
18200,2023-11-15,"BUG #18200: Undefined behaviour in interval_div",5,true,both,2023-11-18,3
18201,2023-11-16,"BUG #18201: POSTGRESQL 16 - Failed to initialise the database cluster with initdb",2,false,,,
18202,2023-11-17,"BUG #18202: pg_constraint data isn't refreshed when using alter rename to on a constraint trigger",2,false,,,
18203,2023-11-18,"BUG #18203: Logical Replication initial sync failure",8,true,discussion_link,2023-11-22,4
18205,2023-11-19,"BUG #18205: Performance regression with NOT NULL checks.",11,false,,,
18206,2023-11-19,"BUG #18206: Strange performance behaviour depending on location of field in query.",3,false,,,
18207,2023-11-19,"BUG #18207: Turkiye LC Setting Error",2,false,,,
18208,2023-11-20,"BUG #18208: ts_headline MinWords and MaxWords cannot be set to the same value",2,false,,,
18209,2023-11-22,"BUG #18209: New connection is waiting for ProcArrayLock lock when execute a stored procedure concurrently",1,false,,,
18210,2023-11-22,"BUG #18210: libpq: PQputCopyData sometimes fails in non-blocking mode over GSSAPI encrypted connection",6,true,both,2023-11-23,1
18211,2023-11-23,"BUG #18211: pg_catcheck_16 RPM package mssing für RHEL8 and RHEL9 repo",1,false,,,
18212,2023-11-24,"BUG #18212: Functions txid_status() and pg_xact_status() return invalid status of the specified transaction",10,true,discussion_link,2024-02-08,76
18213,2023-11-24,"BUG #18213: Standby's repeatable read isolation level transaction encountered a ""nonrepeatable read"" problem",6,false,,,
18214,2023-11-24,"BUG #18214: poly_contain (@>) hangs forever for input data with zeros and infinities",4,false,,,
18216,2023-11-28,"BUG #18216: Unaccent function is unable to remove accents (diacritic signs) from Japanese character 'ド'",10,false,,,
18217,2023-11-29,"BUG #18217: ALTER TABLE IF EXISTS not being honored with DROP CONSTRAINT IF EXISTS",2,false,,,
18218,2023-11-30,"BUG #18218: NOT LIKE ANY returns same result as LIKE ANY when array items are wrapped into E''",4,false,,,
18219,2023-11-30,"BUG #18219: libpq does not take into consideration UNICODE define",12,false,,,
18220,2023-12-01,"BUG #18220: drop database in anytime",1,false,,,
18221,2023-12-02,"BUG #18221: Unexpected Query Result",3,false,,,
18222,2023-12-04,"BUG #18222: Unexpected Error--Cannot delete from scalar",4,false,,,
18223,2023-12-04,"BUG #18223: There is a confusing result where an update statement can reference itself and execute successfully.",2,false,,,
18224,2023-12-04,"BUG #18224: message bug in libpqwalreceiver.c.",10,true,both,2023-12-05,1
18225,2023-12-04,"BUG #18225: chdb's s3 table function crashes postgresql with plpython3",2,false,,,
18229,2023-12-05,"BUG #18229: Multiple vacuum queries fail after upgrading to 13.10",2,false,,,
18230,2023-12-06,"BUG #18230: Redundant comparison of a local variable 'tzp' address with a NULL value at dt_common.c",11,false,,,
18231,2023-12-07,"BUG #18231: String conversion function is adding special characters in Postgres 15",2,false,,,
18232,2023-12-07,"BUG #18232: Function pushJsonbValueScalar has not Assert(scalarVal) on WJB_KEY, WJB_VALUE and WJB_ELEM",2,false,,,
18233,2023-12-07,"BUG #18233: coerce_type accepts NULL as pstate and can pass it to coerce_record_to_complex",2,false,,,
18234,2023-12-07,"BUG #18234: Nested Loop joint strategy is ignored for a tiny table joined with UNION ALL of two filtered parts",4,false,,,
18235,2023-12-08,"BUG #18235: Unable to install postgreSQL15 on Oracle Cloud VM",1,false,,,
18236,2023-12-08,"BUG #18236: Backend processing a parallel query terminates badly when postmaster killed with SIGKILL",1,false,,,
18237,2023-12-09,"BUG #18237: C:\Users\админ\AppData\Local\Temp\postgresql_installer_7ddb2d40c9",2,false,,,
18238,2023-12-09,"BUG #18238: Cross-partitition MERGE/UPDATE with delete-preventing trigger leads to incorrect memory access",9,true,both,2023-12-21,12
18239,2023-12-10,"BUG #18239: select position ('' in 'A') returns 1",3,false,,,
18240,2023-12-11,"BUG #18240: Undefined behaviour in cash_mul_flt8() and friends",24,true,both,2024-01-15,35
18241,2023-12-11,"BUG #18241: PushTransaction may cause Standby to execute ItemIdMarkDead",7,true,discussion_link,2023-12-12,1
18242,2023-12-12,"BUG #18242: pg_dump with non-superuser from pg14 to pg15 fails on ALTER FUNCTION",7,false,,,
18243,2023-12-12,"BUG #18243: Ability to log in json format to stdout",1,false,,,
18244,2023-12-12,"BUG #18244: Corruption in indexes involving whole-row expressions",8,false,,,
18245,2023-12-13,"BUG #18245: pg_restore accepts same output file name as input file name",4,false,,,
18246,2023-12-13,"BUG #18246: pgstathashindex() attempts to read invalid file for hash index attached to partitioned table",5,true,discussion_link,2023-12-19,6
18247,2023-12-14,"BUG #18247: Integer overflow leads to negative width",21,true,both,2023-12-18,4
18248,2023-12-14,"BUG #18248: Expression is always zero",5,false,,,
18249,2023-12-15,"BUG #18249: pg_dump/pg_restore single schema with function1 calling function2",4,false,,,
18251,2023-12-17,"BUG #18251: Incorrect DROP VIEW pg_catalog.* behavior",2,false,,,
18252,2023-12-18,"BUG #18252: Assert in CheckOpSlotCompatibility() fails when recursive union filters tuples in non-recursive term",6,true,discussion_link,2024-01-02,15
18253,2023-12-20,"BUG #18253: aarch64 oel 7 repomd.xml: [Errno 14] HTTPS Error 404",3,false,,,
18254,2023-12-20,"BUG #18254: could not load library llvmjit.so，Undefined symbol ""_ZN4llvm12MemoryBuffer7getFileERKNS_5TwineEbbbSt",3,false,,,
18255,2023-12-21,"BUG #18255: I am unable to deselect the stack bulider when i was install the postgresql",1,false,,,
18256,2023-12-21,"BUG #18256: spgGetCache() attempts to read to read invalid file for index attached to partitioned table",2,true,both,2023-12-21,0
18257,2023-12-23,"BUG #18257: Failed to build postgres, error occurred during linking",2,false,,,
18258,2023-12-24,"BUG #18258: The redo of the drop db wal needs to forward the Min Recovery Point",1,false,,,
18259,2023-12-25,"BUG #18259: Assertion in ExtendBufferedRelLocal() fails after no-space-left condition",17,true,discussion_link,2024-01-05,11
18260,2023-12-27,"BUG #18260: Unexpected error: ""negative bitmapset member not allowed"" triggered by multiple JOIN",8,true,both,2024-01-15,19
18261,2023-12-27,"BUG #18261: Inconsistent results of SELECT affected by joined subqueries",14,true,both,2024-01-06,10
18262,2023-12-27,"BUG #18262: Connecting ODI",2,false,,,
18264,2023-12-30,"BUG #18264: Table has type text, but query expects integer.attribute 1 of type record has wrong type",5,true,both,2024-01-04,5
18265,2024-01-02,"BUG #18265: jsonb comparison order is inconsistent",1,false,,,
18266,2024-01-02,"BUG #18266: Restore process request way too many archive log files via pgbackrest",1,false,,,
18267,2024-01-03,"BUG #18267: Logical replication bug: data is not synchronized after Alter Publication.",7,false,,,
18268,2024-01-03,"BUG #18268: Failed to validate GPG signature for pgdg-redhat-repo-42.0-38PGDG.noarch",2,false,,,
18269,2024-01-03,"BUG #18269: RPM key descrepency",3,false,,,
18270,2024-01-04,"BUG #18270: RPM signing GPG key URL changed 2024-01-03",2,false,,,
18271,2024-01-05,"BUG #18271: Re: Postgres policy exists bug",3,false,,,
18272,2024-01-05,"BUG #18272: ERROR XX000 when selecting string_agg with distinct and subquery - occur in pg16.1 and not in pg15.4",2,false,,,
18273,2024-01-06,"BUG #18273: Incorrect memory access occurs when gist__int index is building on data containing 2^31-1",2,true,both,2024-01-07,1
18274,2024-01-06,"BUG #18274: Error 'invalid XML content'",16,true,discussion_link,2024-01-16,10
18276,2024-01-07,"BUG #18276: Heap-buffer-overflow triggered in src/backend/utils/adt/datum.c:163",7,false,,,
18277,2024-01-08,"BUG #18277: Unexpected error: ""WindowFunc not found in subplan target lists"" triggered by JOIN and Window Func",4,true,both,2024-01-10,2
18279,2024-01-10,"BUG #18279: Duplicate key violation and Deadlock when using ON CONFLICT/DO UPDATE with multiple unique indexes",3,false,,,
18280,2024-01-10,"BUG #18280: logical decoding build wrong snapshot for subtransactions",11,true,discussion_link,2024-01-29,19
18281,2024-01-10,"BUG #18281: Superuser can rename the schema with the prefix ""pg_"" (Applies to all versions of postgresql)",3,false,,,
18282,2024-01-10,"BUG #18282: repomd.xml signature could not be verified for pgdg-common",2,false,,,
18283,2024-01-11,"BUG #18283: vacuum full use a large amount of memory (may cause OOM)",2,false,,,
18284,2024-01-11,"BUG #18284: Filter in left lateral join not respected",5,true,both,2024-01-11,0
18285,2024-01-11,"BUG #18285: pgdg.list doesn't work",1,false,,,
18286,2024-01-12,"BUG #18286: ""ERROR: could not open relation with OID 16391"" error was encountered when reindexing",1,false,,,
18287,2024-01-12,"BUG #18287: pg_restore with -C and -c options does not do what is said in the documentation",2,false,,,
18289,2024-01-12,"BUG #18289: postgresql14-devel-14.10-2PGDG.rhel8.x86_64.rpm Contains invalid cLang option in Makefile.global",10,false,,,
18290,2024-01-14,"BUG #18290: \di+ can not show the same name indexes",3,false,,,
18292,2024-01-14,"BUG #18292: Unexpected error: ""relation ""hobbies_r"" does not exist"" caused by user-defined functions",3,false,,,
18293,2024-01-15,"BUG #18293: Rocky 8 postgres install failing as nothing provides libarmadillo.so.10()(64bit)",2,false,,,
18294,2024-01-15,"BUG #18294: Manual savepoints do not work with JDBC param cleanupSavepoints=true",3,false,,,
18295,2024-01-15,"BUG #18295: In PostgreSQL a unique index on targeted columns is sufficient to support a foreign key",15,true,discussion_link,2024-01-29,14
18296,2024-01-16,"BUG #18296: ARM",2,false,,,
18297,2024-01-16,"BUG #18297: Error when adding a column to a parent table with complex inheritance",12,true,discussion_link,2024-01-24,8
18298,2024-01-16,"BUG #18298: some possible issues in postgres10.23 that caused the crash",2,false,,,
18299,2024-01-16,"BUG #18299: yum.postgresql.org/keys website is down (404 error) and can't download keys",4,false,,,
18301,2024-01-17,"BUG #18301: version mismatch",1,false,,,
18303,2024-01-19,"BUG #18303: I found a description error about the maximum value of the interval type in the official documentati",1,false,,,
18304,2024-01-20,"BUG #18304: Faulty proj93 RPM package in EL9 repo",2,false,,,
18305,2024-01-22,"BUG #18305: Unexpected error: ""WindowFunc not found in subplan target lists"" triggered by subqueries",15,true,both,2024-05-05,104
18306,2024-01-23,"BUG #18306: Slow SQL query Postgresql 15 Debian family linux.",1,false,,,
18307,2024-01-24,"BUG #18307: system columns does not support using join",4,false,,,
18308,2024-01-24,"BUG #18308: SQL query information_schema metadata got error: server process was terminated by signal 11: Segment",8,false,,,
18309,2024-01-24,"BUG #18309: TOASTed entry in pg_subscription provokes an assertion failure",3,true,discussion_link,2025-05-30,492
18310,2024-01-25,"BUG #18310: Some SQL commands fail to process duplicate objects with error: tuple already updated by self",20,true,discussion_link,2024-01-28,3
18311,2024-01-25,"BUG #18311: python3-psycopg2 packaged for wrong python version",2,false,,,
18312,2024-01-26,"BUG #18312: libpq: PQsetdbLogin() not thread-safe",9,true,both,2024-02-09,14
18313,2024-01-26,"BUG #18313: No error triggered when subtracting an interval from a timestamp",2,true,both,2024-01-26,0
18314,2024-01-29,"BUG #18314: PARALLEL UNSAFE function does not prevent parallel index build",21,true,discussion_link,2024-03-06,37
18315,2024-01-30,"BUG #18315: Segmentation fault on connection (repmgr, psql)",3,false,,,
18316,2024-01-31,"BUG #18316: The descriptions of the objoid and classoid fields in the pg_description section, include: 12,14,16",2,false,,,
18318,2024-01-31,"BUG #18318: Different character codes are mixed in the log file in Japanese locale.",2,false,,,
18319,2024-01-31,"BUG #18319: Logical Replication updates causing duplication of row if evaluation filter is set to the same field",2,false,,,
18320,2024-02-01,"BUG #18320: Duplicate primary key records in table",3,false,,,
18321,2024-02-01,"BUG #18321: My first name and my name are reverse",3,false,,,
18322,2024-02-01,"BUG #18322: pg_dump fails with ""incorrect version found"" (with no good reason)",2,false,,,
18323,2024-02-02,"BUG #18323: Cannot install the best update candidate for package gdal36-libs-3.6.4-5PGDG.rhel9.x86_64",1,false,,,
18324,2024-02-02,"BUG #18324: Duplicate value when I insert values in PK column",3,false,,,
18325,2024-02-02,"BUG #18325: Possible bug with plpgsql function + ALTER TABLE DROP COLUMN",1,false,,,
18327,2024-02-03,"BUG #18327: Column naming inconsistency for boolean literals in ELSE clauses of CASE expressions.",3,false,,,
18328,2024-02-03,"BUG #18328: yum update nothing provides libarmadillo.so.12()(64bit) needed by gdal36-libs-3.6.4-6PGDG.rhel9.x86",4,false,,,
18330,2024-02-04,"BUG #18330: The query planner chooses the wrong plan when using the parallel aggregation function",2,false,,,
18331,2024-02-05,"BUG #18331: Why is the session lock (DEFAULT_LOCKMETHOD) not automatically released during process exit?",2,false,,,
18332,2024-02-05,"BUG #18332: The conditional lock cannot be granted even if the process holds a stronger lock",1,false,,,
18333,2024-02-05,"BUG #18333: Postgres is crashing if we have special character in the query",4,false,,,
18334,2024-02-05,"BUG #18334: Segfault when running a query with parallel workers",10,false,,,
18335,2024-02-06,"BUG #18335: JDBC Postgress Kerberos authentication does'nt work without JAAS",2,false,,,
18336,2024-02-07,"BUG #18336: Inconsistency in PostgreSQL 16 Documentation for SHOW Command",7,false,,,
18337,2024-02-12,"BUG #18337: Unable to write temp variables path",3,false,,,
18338,2024-02-12,"BUG #18338: Memory leak in function 'dumpRule'",3,false,,,
18339,2024-02-12,"BUG #18339: Erroneous dependency references of Postgres 15.4 packages when installing 16.2 from GPDG repository",1,false,,,
18340,2024-02-13,"BUG #18340: BitString may break nodetoString() conversion for a raw parse tree",2,true,both,2024-02-13,0
18341,2024-02-13,"BUG #18341: SIGBUS with > 4GB DSM and 'dynamic_shared_memory_type = mmap'",1,true,both,2024-02-13,0
18342,2024-02-14,"BUG #18342: pg_rewind copy all files found in pg_wal source directory",1,false,,,
18343,2024-02-14,"BUG #18343: Incorrect description in postgresql.conf for max_parallel_workers_per_gather",8,true,both,2024-02-15,1
18344,2024-02-15,"BUG #18344: Pruning tables partitioned by bool range fails with invalid strategy",12,true,both,2024-02-19,4
18345,2024-02-15,"BUG #18345: Specifying index parameters for a PRIMARY KEY column constraint is a syntax error",2,false,,,
18346,2024-02-16,"BUG #18346: pg restore issue with generated cloumn in Postgres v13.14",2,false,,,
18347,2024-02-16,"BUG #18347: problem with restore functional index",1,false,,,
18348,2024-02-16,"BUG #18348: Inconsistency with EXTRACT([field] from INTERVAL);",31,true,both,2024-02-20,4
18349,2024-02-16,"BUG #18349: ERROR: invalid DSA memory alloc request size 1811939328, CONTEXT: parallel worker",41,true,discussion_link,2024-10-17,244
18350,2024-02-16,"BUG #18350: Modifying predefined roles' unlimited connections for VA STIG cybersecurity checklist",5,false,,,
18351,2024-02-17,"BUG #18351: VACUUM FULL fails with error: missing chunk number 0 for toast value XXX",4,false,,,
18352,2024-02-20,"BUG #18352: signature could not be verified for pgdg-common",2,false,,,
18353,2024-02-20,"BUG #18353: PG16.2 release note doc bug in ""In contrib/bloom, fix overly tight assertion ...""",2,true,discussion_link,2024-02-20,0
18354,2024-02-21,"BUG #18354: Aborted transaction aborted during cleanup when temp_file_limit exceeded",6,false,,,
18356,2024-02-21,"BUG #18356: Casting values from jsonb_each_text does not respect WHERE filter with sub select",7,false,,,
18357,2024-02-22,"BUG #18357: PGJDBC: how to pass the user defined type as input parameter to store procedure",1,false,,,
18358,2024-02-22,"BUG #18358: I am not able to change the existing SQL connection to Postgres connection in existing application",2,false,,,
18359,2024-02-22,"BUG #18359: autovacuum stopped vacuuming user tables, focusing on just pg_auth_members repeatedly",1,false,,,
18360,2024-02-23,"BUG #18360: Invalid memory access occurs when using geqo",3,true,both,2024-02-23,0
18361,2024-02-24,"BUG #18361: systemd[1]: postgresql-16.service: Killing process 25992 (postgres) with signal SIGKILL.",1,false,,,
18362,2024-02-24,"BUG #18362: unaccent rules and Old Greek text",22,true,discussion_link,2024-07-05,132
18363,2024-02-25,"BUG #18363: Assert !ReindexIsProcessingIndex falsified with expression index over select from table",6,true,both,2024-02-25,0
18364,2024-02-26,"BUG #18364: psql execution error: Segmentation fault",2,false,,,
18365,2024-02-26,"BUG #18365: Inconsistent cost function between materialized and non-materialized CTE",5,false,,,
18366,2024-02-26,"BUG #18366: Not present at postgresql.org YUM repository",3,false,,,
18367,2024-02-27,"BUG #18367: Cannot drop schema",3,false,,,
18368,2024-02-27,"BUG #18368: order by collation doesn't work as expected for the second column in the ORDER BY list",1,false,,,
18369,2024-02-28,"BUG #18369: logical decoding core on AssertTXNLsnOrder()",32,false,,,
18370,2024-02-28,"BUG #18370: Issue accessing pgadmin4 web gui",1,false,,,
18371,2024-02-28,"BUG #18371: There are wrong constraint residues when detach hash partiton concurrently",11,true,discussion_link,2025-10-11,591
18372,2024-02-29,"BUG #18372: Timezone documentation and use of TZ and PGTZ environment variables missing since version 7.4",2,false,,,
18373,2024-02-29,"BUG #18373: failed: could not open certificate file ""/root/.postgresql/postgresql.crt"": Permission denied",1,false,,,
18374,2024-03-02,"BUG #18374: Printing memory contexts on OOM condition might lead to segmentation fault",11,false,,,
18375,2024-03-04,"BUG #18375: requested statistics kind ""f"" is not yet built for statistics object 16722",5,true,discussion_link,2024-03-05,1
18376,2024-03-04,"BUG #18376: pg_upgrade fails trying to restore privileges on retired function pg_start_backup and pg_stop_backup",2,false,,,
18377,2024-03-05,"BUG #18377: Assert false in ""partdesc->nparts >= pinfo->nparts"", fileName=""execPartition.c"", lineNumber=1943",23,true,both,2024-06-11,98
18378,2024-03-05,"BUG #18378: postgis protobuf support inconsistent",2,false,,,
18379,2024-03-06,"BUG #18379: LDAP bind password exposed",7,false,,,
18380,2024-03-06,"BUG #18380: BUG: notify stops working after LEFT JOIN if enable_mergejoin is ON",1,false,,,
18381,2024-03-07,"BUG #18381: Invalid query generated by postgres_fdw with UNION ALL and ORDER BY",2,true,both,2024-03-10,3
18383,2024-03-07,"BUG #18383: creation of public schema is not consistent",5,false,,,
18384,2024-03-08,"BUG #18384: It's not bug just question about documentation",2,false,,,
18385,2024-03-10,"BUG #18385: Assert(""strategy_delta >= 0"") in BgBufferSync() fails due to race condition",5,false,,,
18386,2024-03-11,"BUG #18386: Slow connection access after 'vacuum full pg_attribute'",3,false,,,
18387,2024-03-11,"BUG #18387: Erroneous permission checks and/or misleading error messages with refresh materialized view",11,false,,,
18388,2024-03-11,"BUG #18388: Server freezes after AuthenticationSASLFinal message",1,false,,,
18389,2024-03-12,"BUG #18389: pg_database_owner not recognized with alter default privileges",7,false,,,
18390,2024-03-13,"BUG #18390: exponentiation produces float datatype, but nth-root produces integer",3,false,,,
18391,2024-03-13,"BUG #18391: not able to create a new cluster using init db on rocky linux.We are forced to download version 1 3",4,false,,,
18392,2024-03-14,"BUG #18392: Can't restore database (using pg_restore) after latest Feb 8 update",6,false,,,
18393,2024-03-14,"BUG #18393: Bad multiple ""inplace"" insert into domain of complex type",2,true,both,2024-03-14,0
18394,2024-03-14,"BUG #18394: LISTEN error: could not access status of transaction",1,false,,,
18395,2024-03-15,"BUG #18395: Checksum verification failed for: deb_postgis_3_4_pg16.app.zip",2,false,,,
18396,2024-03-17,"BUG #18396: Assert in gistFindCorrectParent() fails on inserting large tuples into gist index",9,true,discussion_link,2025-04-04,383
18398,2024-03-18,"BUG #18398: Simplified SQL Query for Problem Diagnosis",2,false,,,
18399,2024-03-18,"BUG #18399: Query plan optimization results in runtime error when hoisting cast from inside subquery",8,false,,,
18400,2024-03-19,"BUG #18400: logging_collector does not collect messages from postmaster",1,false,,,
18401,2024-03-19,"BUG #18401: Cannot install",2,false,,,
18402,2024-03-20,"BUG #18402: Attaching a new partition doesn't reuse the prebuilt index on said partition",3,false,,,
18403,2024-03-20,"BUG #18403: PL/pgSQL is reporting unexpected errors when processing DECLARE blocks with <<label>>",5,false,,,
18404,2024-03-22,"BUG #18404: Select from pg_stat_activity in a plpgsql block can lead to a global locking issue",2,false,,,
18405,2024-03-23,"BUG #18405: flaw in dump of inherited/dropped constraints",4,false,,,
18406,2024-03-25,"BUG #18406: Connection issue after upgrading to postgres16",2,false,,,
18407,2024-03-25,"BUG #18407: ALTER TABLE SET SCHEMA on foreign table with SERIAL column does not move sequence to new schema",4,true,both,2024-03-26,1
18408,2024-03-26,"BUG #18408: ERROR: could not load library",4,false,,,
18409,2024-03-27,"BUG #18409: After my windows update, I can not run postgre 16 server",2,false,,,
18410,2024-03-27,"BUG #18410: SQL Error [XX000]: ERROR: variable not found in subplan target list",4,false,,,
18411,2024-03-27,"BUG #18411: Unable to create database with owner on AWS RDS",8,false,,,
18412,2024-03-27,"BUG #18412: could not send data to client: Broken pipe",1,false,,,
18414,2024-03-28,"BUG #18414: When the key values are the same, the memory limit is exceeded when making a hash join",1,false,,,
18415,2024-03-28,"BUG #18415: Logical replication errors.",5,false,,,
18416,2024-03-28,"BUG #18416: Confirmation of Issue with PostgreSQL ODBC Driver for Windows",5,false,,,
18417,2024-03-29,"BUG #18417: Excessive log messages on warm standby server",1,false,,,
18419,2024-04-03,"BUG #18419: Auto Vacuum In PostgreSQL 10.21",2,false,,,
18420,2024-04-04,"BUG #18420: Unexpected values appeared in select query statements that should logically imply each other",3,false,,,
18422,2024-04-05,"BUG #18422: Assert in expandTupleDesc() fails on row mismatch with additional SRF",11,true,both,2024-04-15,10
18423,2024-04-06,"BUG #18423: suboptimal query plan is used when ordering by an indexed field with limit",3,false,,,
18424,2024-04-07,"BUG #18424: Build failure when static linking with openldap",2,false,,,
18425,2024-04-10,"BUG #18425: KB5036892 Microsoft Update Package Issue",4,false,,,
18426,2024-04-10,"BUG #18426: Canceling vacuum while truncating a relation leads to standby PANIC",6,true,discussion_link,2024-12-20,254
18427,2024-04-11,"BUG #18427: RPM postgis33_15-3.3.6-3PGDG.rhel9.x86_64.rpm not signed",4,false,,,
18428,2024-04-12,"BUG #18428: Connection broken but DB service still alive.",3,false,,,
18429,2024-04-12,"BUG #18429: Inconsistent results on similar queries with join lateral",15,true,both,2024-04-16,4
18430,2024-04-12,"BUG #18430: syntax error when using aggregate function in where clause of subquery",6,false,,,
18432,2024-04-14,"BUG #18432: Polymorphic, table-returning PL/pgSQL function fails with an erroneous ""schema mismatch"" error",1,false,,,
18433,2024-04-14,"BUG #18433: Logical replication timeout",12,false,,,
18437,2024-04-15,"BUG #18437: The index scan result is more than the full scan result, and the primary key index has duplicate val",3,false,,,
18438,2024-04-15,"BUG #18438: regex isnt working for ""^"" , "".*""",2,false,,,
18439,2024-04-16,"BUG #18439: No way to see national language error messages when running UTF8 scripts with psql.exe on Windows",1,false,,,
18440,2024-04-16,"BUG #18440: Query does not prune partitions correctly or use index when prepared statements are used",2,false,,,
18442,2024-04-19,"BUG #18442: Unnecessary Sort operator in indexScan Plan",6,false,,,
18443,2024-04-19,"BUG #18443: jsonb_agg issue. Again.",5,false,,,
18445,2024-04-23,"BUG #18445: date_part / extract range for hours do not match documentation",7,false,,,
18446,2024-04-23,"BUG #18446: Postgres.exe crash observed while installing the application",1,false,,,
18449,2024-04-27,"BUG #18449: Altering column type fails when an SQL routine depends on the column",7,true,both,2024-04-28,1
18450,2024-04-27,"BUG #18450: The memory usage of the postgresql12.6 walsender process is abnormally high.",3,false,,,
18451,2024-04-30,"BUG #18451: NULL fails to coerce to string when performing string comparison",13,false,,,
18452,2024-04-30,"BUG #18452: [PostgreSQL and 16.1]: [Postgres.exe crash observed while installing the application]",2,false,,,
18453,2024-04-30,"BUG #18453: --exclude-database has problems with capital letters",4,false,,,
18454,2024-05-02,"BUG #18454: Reproducible SIGSEGV in query",1,false,,,
18455,2024-05-02,"BUG #18455: DST information is flagged wrongly",4,false,,,
18456,2024-05-03,"BUG #18456: Trigger data in plpython3u trigger-function changes in AFTER UPDATE OR INSERT trigger",5,true,bug_ref,2024-05-07,4
18457,2024-05-07,"BUG #18457: Possible data loss needs to be evaluated",5,false,,,
18458,2024-05-07,"BUG #18458: SQL Error [XX000]: ERROR: cache lookup failed for type 0",3,false,,,
18459,2024-05-09,"BUG #18459: running pg_ctl.exe from inside a program running as a Windows service returns ""error code 6""",2,false,,,
18462,2024-05-14,"BUG #18462: Wrong SELinux types of the binary files",1,false,,,
18463,2024-05-14,"BUG #18463: Possible bug in stored procedures with polymorphic OUT parameters",10,true,both,2024-05-15,1
18464,2024-05-14,"BUG #18464: Replacing a SQL function silently drops the generated columns that use this function",6,false,,,
18465,2024-05-14,"BUG #18465: Wrong results from SELECT DISTINCT MIN in scalar subquery using HashAggregate",3,true,both,2024-05-18,4
18466,2024-05-15,"BUG #18466: Wrong row estimate for nested loop",3,false,,,
18467,2024-05-15,"BUG #18467: postgres_fdw (deparser) ignores LimitOption",28,true,both,2024-06-07,23
18468,2024-05-15,"BUG #18468: CREATE TABLE ... LIKE leaves orphaned column reference in extended statistics",7,true,both,2024-05-22,7
18469,2024-05-16,"BUG #18469: OOM occurs and backend processes are kept in Zombie state.",2,false,,,
18470,2024-05-17,"BUG #18470: Time literal accepted in Postgres 15 and below, not accepted in Postgres 16",5,true,both,2024-05-22,5
18471,2024-05-17,"BUG #18471: Possible JIT memory leak resulting in signal 11: Segmentation fault on ARM",4,false,,,
18472,2024-05-17,"BUG #18472: SELECT FOR UPDATE locking more rows than expected",2,false,,,
18473,2024-05-21,"BUG #18473: Problems deployment postgresql for windows",4,false,,,
18474,2024-05-22,"BUG #18474: wal_writer_delay limited to arbitrary value of 10s",1,false,,,
18475,2024-05-23,"BUG #18475: pg_dump: ""Error Segmentation fault""",2,false,,,
18476,2024-05-23,"BUG #18476: Debian Install Docs have confusing code block structure",2,false,,,
18477,2024-05-23,"BUG #18477: A specific SQL query with ""ORDER BY ... NULLS FIRST"" is performing poorly if an ordering column is n",9,false,,,
18478,2024-05-24,"BUG #18478: uuid-ossp extension is not installed with PostgreSQL 17 Beta 1",6,false,,,
18479,2024-05-24,"BUG #18479: websearch_to_tsquery inconsistent behavior for german when using parentheses",3,true,both,2024-06-14,21
18481,2024-05-27,"BUG #18481: BIGINT Out of Range Error When Selecting Data",2,false,,,
18482,2024-05-28,"BUG #18482: The first data after paging is inconsistent with the actual first data",2,false,,,
18483,2024-05-28,"BUG #18483: Segmentation fault in tests modules",16,true,both,2024-06-07,10
18484,2024-05-28,"BUG #18484: ""Cannot enlarge string buffer"" during parallel execution of prepared statement/partitioning",12,true,discussion_link,2024-07-01,34
18486,2024-05-29,"BUG #18486: Is there something wrong with the calculation in ReorderBufferChangeSize()?",4,false,,,
18487,2024-05-29,"BUG #18487: libpq: Race condition in PQsetdbLogin/emitHostIdentityInfo/libpq_gettext",1,false,,,
18488,2024-05-30,"BUG #18488: Installation of postgis30_13 fails on Rocky 9",3,false,,,
18489,2024-05-31,"BUG #18489: CONSUMO CPU",2,false,,,
18490,2024-06-01,"BUG #18490: Assert in comparetup_index_btree_tiebreak() fails when pg_class reindexed during a table creation",2,false,,,
18492,2024-06-03,"BUG #18492: Adding a toasted column to a table with an inherited temp table fails with Assert",4,true,both,2024-06-07,4
18493,2024-06-03,"BUG #18493: COPY FROM STDIN BINARY failure",2,false,,,
18494,2024-06-04,"BUG #18494: hstore data type not recognized by Npgsql in PostgreSQL 16.3",3,false,,,
18495,2024-06-05,"BUG #18495: invalid type mapping for timestamptz from call of: getMetaData and then geColumns on PgConnection.",2,false,,,
18496,2024-06-06,"BUG #18496: Strange Handling for Circular Views and Permissions in PostgreSQL",2,false,,,
18497,2024-06-06,"BUG #18497: Heap-use-after-free in plpgsql",2,true,both,2024-06-13,7
18498,2024-06-07,"BUG #18498: Locking a table from a trigger (with using two sessions) causes a deadlock: the bug or the feature?",6,false,,,
18499,2024-06-07,"BUG #18499: Reindexing spgist index concurrently triggers Assert(""TransactionIdIsValid(state->myXid)"")",7,true,both,2024-06-17,10
18500,2024-06-09,"BUG #18500: Detaching a partition with an index manually attached to the parent's index triggers Assert",24,true,discussion_link,2024-07-12,33
18501,2024-06-10,"BUG #18501: haproxy-3.0.0 not signed",1,false,,,
18502,2024-06-11,"BUG #18502: Upsert on view returns 42P10 error when condition is an expression",4,true,both,2024-06-11,0
18503,2024-06-11,"BUG #18503: Reproducible 'Segmentation fault' in 16.3 on ARM64",7,false,,,
18504,2024-06-11,"BUG #18504: More than one row with the same Primary Key",2,false,,,
18505,2024-06-11,"BUG #18505: while installation of postgresql ,getting warning by selecting postresql 16 on port 5432",1,false,,,
18506,2024-06-12,"BUG #18506: Memory Leak on wrong INNER JOINs",3,false,,,
18507,2024-06-13,"BUG #18507: See C include file ""ntstatus.h"" for a description of the hexadecimal value.",2,false,,,
18508,2024-06-14,"BUG #18508: Not all packages are present in the repo on rhel 8",2,false,,,
18509,2024-06-14,"BUG #18509: Logical decoding behaves badly when processing a change record for a table with altered column",3,false,,,
18510,2024-06-14,"BUG #18510: jsonpath does not support trailing backslash at the end of the query",4,false,,,
18511,2024-06-16,"BUG #18511: changing global certificate directory path",1,false,,,
18512,2024-06-16,"BUG #18512: Backend memory leak when using command parameters after generating notifications",2,true,bug_ref,2024-07-01,15
18513,2024-06-17,"BUG #18513: PG17 build on windows generates postgres.exe.lib instead of postgres.lib",4,true,bug_ref,2024-06-20,3
18514,2024-06-17,"BUG #18514: Encountering an error invalid DSA memory alloc request size 1811939328 when executing script",6,false,,,
18516,2024-06-20,"BUG #18516: Foreign key data integrity is not validated when reenabled the trigger on tables",6,false,,,
18517,2024-06-20,"BUG #18517: Dropping a table referenced by an initially deferred foreign key fails with an error",2,true,both,2024-06-20,0
18518,2024-06-20,"BUG #18518: ::timestamp add minutes and seconds to the converted values",3,false,,,
18520,2024-06-24,"BUG #18520: Different results when analyze a relation with UDT.",2,false,,,
18521,2024-06-24,"BUG #18521: RLS should report when non-select operation is refused",1,false,,,
18522,2024-06-24,"BUG #18522: Wrong results with Merge Right Anti Join, inconsistent with Merge Anti Join",9,true,both,2024-07-08,14
18523,2024-06-26,"BUG #18523: String compare not consistent",6,false,,,
18525,2024-06-28,"BUG #18525: Boolean aggregate functions like EVERY/BOOL_AND should shortcut",2,false,,,
18526,2024-06-28,"BUG #18526: 'UPDATE' inconsistency using index scan with 'NOT EXIST' after upgrading to PostgreSQL 16",7,true,bug_ref,2024-07-08,10
18527,2024-07-01,"BUG #18527: Imported data using a csv file and made a latest entry into same table using a form. Got an issue!",3,false,,,
18528,2024-07-02,"BUG #18528: Installer displays error when installing",7,false,,,
18529,2024-07-04,"BUG #18529: Can not install as Document",3,false,,,
18531,2024-07-09,"BUG #18531: err when using 'current of' with incremental COMMIT",2,true,both,2024-07-15,6
18533,2024-07-12,"BUG #18533: pg_basebackup uses out-of-bounds memory and a segment error occurs during backup",3,false,,,
18534,2024-07-12,"BUG #18534: ERROR: portal ""C_n"" does not exist type of error getting thrown.",2,false,,,
18536,2024-07-13,"BUG #18536: Using WITH inside WITH RECURSIVE triggers a ""shouldn't happen"" error",6,true,both,2024-07-14,1
18540,2024-07-15,"BUG #18540: Does PG16 standby database support function pg_replication_origin_advance?",4,false,,,
18541,2024-07-15,"BUG #18541: Reattaching a partition referenced by a foreign key fails with an error",7,true,discussion_link,2024-08-08,24
18542,2024-07-16,"BUG #18542: Order by expression, that contains column from projection isn't working",2,false,,,
18543,2024-07-17,"BUG #18543: Mistake in docs example",2,true,both,2024-07-17,0
18544,2024-07-18,"BUG #18544: Setting local config_parameter to DEFAULT behaves unexpectedly when using period in config name",7,false,,,
18545,2024-07-19,"BUG #18545: \dt breaks transaction, calling error when executed in SET SESSION AUTHORIZATION",16,true,both,2024-07-31,12
18546,2024-07-20,"BUG #18546: Attempt to insert default into a non-updatable column of a view fails with a dubious error",4,true,both,2024-07-20,0
18547,2024-07-20,"BUG #18547: bemused by your unhelpful installation guides",3,false,,,
18549,2024-07-22,"BUG #18549: Support ipv6 link-local addresses in the inet type",3,false,,,
18550,2024-07-23,"BUG #18550: Cross-partition update of a former inheritance parent leads to an assertion failure",5,true,discussion_link,2024-07-24,1
18551,2024-07-23,"BUG #18551: pg_basebackup uses out-of-bounds memory and a segment error occurs during backup",2,false,,,
18552,2024-07-25,"BUG #18552: slow query, but using union is ok.",2,false,,,
18553,2024-07-26,"BUG #18553: Please seriously address the severe issue of database installation failures on Windows 10.",9,false,,,
18554,2024-07-26,"BUG #18554: pg_verifybackup is not work",2,false,,,
18556,2024-07-26,"BUG #18556: Parallel operation error during CREATE TABLE AS statement",4,false,,,
18557,2024-07-26,"BUG #18557: Compatibility issue",2,false,,,
18558,2024-07-27,"BUG #18558: ALTER PUBLICATION fails with unhelpful error on attempt to use system column",21,true,both,2024-08-15,19
18559,2024-07-30,"BUG #18559: Crash after detaching a partition concurrently from another session",12,true,both,2024-08-12,13
18560,2024-07-31,"BUG #18560: Inconsistent Behavior of PostgreSQL 'LIKE' Operator",5,false,,,
18561,2024-07-31,"BUG #18561: postgresql16-devel rpm cannot be installed due to missing Perl-IPC-Run",6,false,,,
18562,2024-08-01,"BUG #18562: pg_upgrade (14.12 -> 15.7/16.3) fails when schema has unlogged table with logged sequence",2,false,,,
18563,2024-08-01,"BUG #18563: Where is tha ""FIRST"" aggregate function??",3,false,,,
18564,2024-08-01,"BUG #18564: Incorrect sorting with using NULLS LAST (NULLS FIRST)",4,false,,,
18565,2024-08-01,"BUG #18565: Job finishes successfully but reruns unwanted!!!",2,false,,,
18567,2024-08-05,"BUG #18567: ERROR: cache lookup failed for attribute 1 of relation 74580",2,false,,,
18568,2024-08-06,"BUG #18568: BUG: Result wrong when do group by on partition table!",37,true,both,2024-11-08,94
18569,2024-08-06,"BUG #18569: Memory leak in Postgres Enterprise server",13,false,,,
18570,2024-08-06,"BUG #18570: Drop event trigger for DDL finishes successfully but trigger still executed on DDL",4,false,,,
18571,2024-08-06,"BUG #18571: A CTE with a DELETE auxiliary statement only deletes when the DELETE results are referenced later",2,false,,,
18572,2024-08-06,"BUG #18572: Crash during postgresql-16.3-2-windows-x64.exe installation",2,false,,,
18573,2024-08-06,"BUG #18573: Analyze command consumes several GB of memory - more than analyzed table size",6,false,,,
18574,2024-08-07,"BUG #18574: procedure cache does not invalidate when output parameter type mismatch",2,true,both,2024-08-07,0
18575,2024-08-07,"BUG #18575: Sometimes pg_rewind mistakenly assumes that nothing needs to be done.",11,true,both,2024-08-08,1
18576,2024-08-07,"BUG #18576: Using EXPLAIN (VERBOSE) in information_schema.element_types returns ERROR: failed to find plan for",13,true,both,2024-08-09,2
18577,2024-08-08,"BUG #18577: Miss out part invalItems in saved plansource of one CallStmt",1,false,,,
18578,2024-08-08,"BUG #18578: Broken postgresql12-*-12.20-1 rpms",2,false,,,
18580,2024-08-12,"BUG #18580: The pg_similarity appears to be wrong",2,false,,,
18581,2024-08-13,"BUG #18581: psql symbol append_history not found when quitting",3,false,,,
18582,2024-08-13,"BUG #18582: fixed range of search for empty slot in SLRU",4,true,discussion_link,2024-08-19,6
18583,2024-08-14,"BUG #18583: jsonb_populate_record return values cannot be queried correctly in subselects",3,false,,,
18584,2024-08-17,"BUG #18584: Triggers are not fired or executing when any DML transaction runs",2,false,,,
18585,2024-08-17,"BUG #18585: Date/time conversion functions are not protected against integer overflow",4,true,both,2024-12-09,114
18586,2024-08-21,"BUG #18586: Process (and transaction) is stuck in IPC when the DB is under high load",1,false,,,
18587,2024-08-21,"BUG #18587: PLPGSQL : conflict between variable and ON CONFLICT (a_column)",3,false,,,
18588,2024-08-22,"BUG #18588: Cannot force/let database use parallel execution in simple case.",17,false,,,
18589,2024-08-26,"BUG #18589: pg_get_viewdef returns wrong query",10,true,both,2024-08-29,3
18590,2024-08-26,"BUG #18590: during pg14 to pg15 migration , old passwords not migrated to scram-sha from md5",2,false,,,
18592,2024-08-27,"BUG #18592: rt_raster_to_gdal: Could not load the output GDAL driver after unsuccessful paralell operation",1,false,,,
18593,2024-08-28,"BUG #18593: Container Image Vulnerabilities",2,false,,,
18594,2024-08-28,"BUG #18594: CASE WHEN ELSE failing to return the expected output when the same colum is used in WHEN and ELSE",14,false,,,
18595,2024-08-29,"BUG #18595: Doesn't exist repodata folder in repository",1,false,,,
18596,2024-08-30,"BUG #18596: I can't download PostgreSQL16",2,false,,,
18598,2024-09-01,"BUG #18598: AddressSanitizer detects use after free inside json_unique_hash_match()",11,true,discussion_link,2024-09-11,10
18599,2024-09-03,"BUG #18599: server closed the connection unexpectedly",8,false,,,
18600,2024-09-04,"BUG #18600: Getting wait_type_event as IPC:BTreePage for count queries",5,false,,,
18603,2024-09-05,"BUG #18603: Yum repo does not contain 16.x version for Centos/RH/OEL7",2,false,,,
18604,2024-09-06,"BUG #18604: Regression in PostgreSQL 16.4: pg_dump Prevents Essential System Table Modifications",34,false,,,
18605,2024-09-09,"BUG #18605: cursor select not working",1,false,,,
18606,2024-09-09,"BUG #18606: syntax error at or near ""ROWS""",2,false,,,
18607,2024-09-09,"BUG #18607: UNION ALL discards all foreign key relations + indexes",6,false,,,
18608,2024-09-10,"BUG #18608: Assert in check_agglevels_and_constraints() fails on creating a rule with aggr(NEW) in subselect",2,true,both,2024-09-11,1
18609,2024-09-11,"BUG #18609: Repeated installcheck failure in test_pg_dump due to existing role",5,false,,,
18610,2024-09-11,"BUG #18610: llvm error: __aarch64_swp4_acq_rel which could not be resolved",6,true,discussion_link,2024-11-22,72
18611,2024-09-12,"BUG #18611: Postgres service crashes continuously in loop of reinitialization if disk partition is full",2,false,,,
18612,2024-09-12,"BUG #18612: Postgres crash with segfault on disk full - ____strtof_l_internal (strtod_l.c:1019)",2,false,,,
18613,2024-09-12,"BUG #18613: Incorrect output for foreign tables with NOT NULL constraints",3,false,,,
18614,2024-09-12,"BUG #18614: [ECPG] out of bound in DecodeDateTime",12,true,discussion_link,2024-10-22,40
18615,2024-09-12,"BUG #18615: installer cannot be executed as ""nt-autorität\system""",6,false,,,
18616,2024-09-13,"BUG #18616: Long-running hash index build can not be interrupted",5,true,both,2024-09-13,0
18617,2024-09-13,"BUG #18617: PostgreSQL Server Subprocess Crashes by the XPATH Function Expression with Crafted Arguments",7,true,both,2024-09-15,2
18618,2024-09-15,"BUG #18618: pg_upgrade from 14 to 15+ fails for unlogged table with identity column",4,true,both,2024-09-17,2
18619,2024-09-16,"BUG #18619: uppercase column with quotation marks, gets an error without quotation marks",6,false,,,
18620,2024-09-16,"BUG #18620: Problem: Slow Delete Operation",2,false,,,
18621,2024-09-17,"BUG #18621: postgres_fdw cannot work with tables that use schemaless functions in triggers",5,false,,,
18622,2024-09-18,"BUG #18622: Attempt to grant role in absence of INHERIT option fails with internal error",1,false,,,
18623,2024-09-18,"BUG #18623: postgresql v14.13.1 installation error",1,false,,,
18624,2024-09-19,"BUG #18624: Memory Leak Issue with PostgreSQL Connection During COPY Command Execution.",10,false,,,
18625,2024-09-20,"BUG #18625: user-created extensions change ownership to ""postgres"" after upgrade",6,false,,,
18626,2024-09-20,"BUG #18626: Using ampersand (&) in password fails installation.",1,false,,,
18627,2024-09-22,"BUG #18627: Regression (15 -> 16) - Join removal not performed when join condition spans multiple tables",6,true,both,2024-09-27,5
18628,2024-09-22,"BUG #18628: Race condition during attach/detach partition breaks constraints of partition having foreign key",7,false,,,
18630,2024-09-25,"BUG #18630: Incorrect memory access inside ReindexIsProcessingIndex() on VACUUM",6,true,discussion_link,2024-09-27,2
18631,2024-09-25,"BUG #18631: Brocken postgresql12-devel RPM",4,false,,,
18632,2024-09-25,"BUG #18632: Whether you need to consider modifying the array's handling of delimiters？",9,false,,,
18634,2024-09-26,"BUG #18634: Wrong varnullingrels with merge ... when not matched by source",9,true,both,2024-10-03,7
18635,2024-09-27,"BUG #18635: "" $libdir/adminpack could not be loaded"" error with pg_upgrade to PostgreSQL17",11,false,,,
18636,2024-09-27,"BUG #18636: I am seeing a difference in behavior between 13.12 and 15.6 for full text searching",2,false,,,
18637,2024-09-27,"BUG #18637: CREATE INDEX won't look up operator classes in search_path if PARTITION BY is specified",7,true,both,2024-10-05,8
18638,2024-09-27,"BUG #18638: PANIC: could not open file ""pg_logical/snapshots/B6-9EE5B820.snap"": Permission denied",2,false,,,
18639,2024-09-27,"BUG #18639: Unexpected behavior with SET ROLE and CREATE ROLE interaction",2,false,,,
18640,2024-09-28,"BUG #18640: Replica Sync Failure After Downtime in Patroni HA Setup Due to Missing WAL Segments",1,false,,,
18641,2024-09-28,"BUG #18641: Logical decoding of two-phase commit fails with TOASTed default values",10,true,discussion_link,2024-10-07,9
18642,2024-09-30,"BUG #18642: Creating a materialized view on top of ts_stat succeeds on 16.4, but it fails on 17.0",2,false,,,
18643,2024-10-01,"BUG #18643: EXPLAIN estimated rows mismatch",9,false,,,
18644,2024-10-01,"BUG #18644: ALTER PUBLICATION ... SET (publish_via_partition_root) wrong/undocumented behavior.",20,true,discussion_link,2024-10-25,24
18645,2024-10-03,"BUG #18645: Change between 16 and 17 when attaching partitions and the root tbl has identity col",1,false,,,
18646,2024-10-04,"BUG #18646: The problem with the installer",5,false,,,
18647,2024-10-08,"BUG #18647: INSERT statements execute functions twice.",8,false,,,
18648,2024-10-09,"BUG #18648: When I restore the database on rockylinux9, I will use amcheck to check that there will be an abnorm",3,false,,,
18649,2024-10-09,"BUG #18649: PG17 release note bug for ""AS LOCAL""",2,true,discussion_link,2024-10-09,0
18650,2024-10-09,"BUG #18650: rhel-8-aarch64 yum repository for Postgres 13 is missing repodata",1,false,,,
18652,2024-10-09,"BUG #18652: Planner can not find pathkey item to sort for query with expression and expression index",18,true,both,2024-10-12,3
18653,2024-10-13,"BUG #18653: Is it necessary for ATExecDropInherit to acquire an AccessExclusiveLock on the parent table?",1,false,,,
18654,2024-10-14,"BUG #18654: From fuzzystrmatch, levenshtein function with costs parameters produce incorrect results",3,false,,,
18655,2024-10-14,"BUG #18655: APT repository shell script doesn't work",4,false,,,
18656,2024-10-15,"BUG #18656: ""STABLE"" function sometimes does not see changes",3,true,both,2024-10-16,1
18657,2024-10-15,"BUG #18657: Using JSON_OBJECTAGG with volatile function leads to segfault",31,true,both,2024-10-20,5
18658,2024-10-16,"BUG #18658: Assert in SerialAdd() due to race condition",7,true,both,2024-10-21,5
18659,2024-10-17,"BUG #18659: Need support on disable database queries to memory dump",1,false,,,
18660,2024-10-17,"BUG #18660: information_schema.columns.ordinal_position has gaps when primary key columns are dropped",3,false,,,
18661,2024-10-17,"BUG #18661: Libcurl.dll could not be found",2,false,,,
18662,2024-10-17,"BUG #18662: ORDER BY after GROUPING SETS does not order correctly for certain WHERE condition",2,false,,,
18663,2024-10-18,"BUG #18663: synchronous_standby_names vs synchronous_commit vs pg_stat_replication",5,true,discussion_link,2025-01-09,83
18664,2024-10-20,"BUG #18664: Assert in BeginCopyTo() fails when source DML query rewritten with notifying rule",4,true,both,2024-10-21,1
18665,2024-10-21,"BUG #18665: Breaking a foreign constraint: the error message may be more detailed",2,false,,,
18666,2024-10-21,"BUG #18666: Standby cluster does not start after building from Primary cluster.",4,false,,,
18667,2024-10-21,"BUG #18667: Default Permission Role Group",2,false,,,
18668,2024-10-21,"BUG #18668: [Windows] September 2024 releases (17.0, 16.4, etc) all include older libiconv-2.dll",3,false,,,
18669,2024-10-23,"BUG #18669: pg_get_shmem_allocations show wrong memory for 11 structures",1,false,,,
18670,2024-10-24,"BUG #18670: Can't install success, the cluster always failed",1,false,,,
18671,2024-10-24,"BUG #18671: Unable to Run PostgreSQL on EndeavourOS without Modifying visudo",2,false,,,
18672,2024-10-24,"BUG #18672: failing to link postgresql",3,false,,,
18673,2024-10-25,"BUG #18673: Uninstallation of second instance",1,false,,,
18674,2024-10-26,"BUG #18674: Partitioned table doesn't depend on access method it uses",8,true,discussion_link,2024-10-28,2
18675,2024-10-28,"BUG #18675: Postgres is not realasing memory causing OOM",15,false,,,
18676,2024-10-28,"BUG #18676: Execute function while selecting from table with partial index using this function.",3,false,,,
18677,2024-10-29,"BUG #18677: numeric values in arrays are stored incorrectly",3,false,,,
18678,2024-10-30,"BUG #18678: While installing the PostgreSQL wizard, it throws an error for an non found column",2,false,,,
18679,2024-10-30,"BUG #18679: Planner issue with bitmap scan recheck on external TOAST",1,false,,,
18680,2024-10-31,"BUG #18680: [ECPG] heap-use-after-free (read)",1,false,,,
18681,2024-10-31,"BUG #18681: [ECPG] heap-read-out-of-bounds",1,false,,,
18682,2024-11-01,"BUG #18682: Null grouping set with empty table returns a row contains null.",2,false,,,
18683,2024-11-01,"BUG #18683: A publication must be created *before* a logical rep slot in order to be used with that slot?",3,false,,,
18684,2024-11-04,"BUG #18684: script give me incorrect link to postgres",1,false,,,
18685,2024-11-04,"BUG #18685: .pgpass is not enabled when running pg_basebackup on PostgreSQL 17.",5,true,both,2024-11-04,0
18688,2024-11-05,"BUG #18688: _LSOpenURLsWithCompletionHandler() failed with error -54. (1)",2,false,,,
18689,2024-11-05,"BUG #18689: psql : operator ""!="" do not behave like ""<>""",4,false,,,
18690,2024-11-06,"BUG #18690: A count function returns wrong value when using FDW",6,false,,,
18691,2024-11-06,"BUG #18691: Turkish Character Encoding",2,false,,,
18692,2024-11-06,"BUG #18692: Segmentation fault when extending a varchar column with a gist index with custom signal length",13,true,discussion_link,2024-11-11,5
18693,2024-11-06,"BUG #18693: Column names not set when using SELECT STRICT INTO with RECORD type",3,false,,,
18694,2024-11-07,"BUG #18694: DISCARD ALL does not reset execution counters for plpgsql functions",4,false,,,
18696,2024-11-07,"BUG #18696: Compatibility Query for Updating zlib1.dll in PostgreSQL 10.2 to Address Security Vulnerabilities",3,false,,,
18697,2024-11-08,"BUG #18697: Postgresql does not start",1,false,,,
18698,2024-11-10,"BUG #18698: Checksum verification failed for: deb_postgis_3_4_pg16.app.zip",1,false,,,
18699,2024-11-11,"BUG #18699: Checksum verification failed for: edb_pgagent_pg17.app.zip",3,false,,,
18700,2024-11-11,"BUG #18700: pg_dump doesn't include definitions for collations nor types (e.g. enumeration)",2,false,,,
18701,2024-11-12,"BUG #18701: Read of Bounds - elog.c",1,false,,,
18702,2024-11-12,"BUG #18702: Critical & High Security vulnerability issue with Trivy Scan in postgres 16",3,false,,,
18704,2024-11-13,"BUG #18704: Installing postgis fails due to depencies",2,false,,,
18705,2024-11-14,"BUG #18705: Segmentation fault when create brin index on user-defined type.",5,false,,,
18707,2024-11-14,"BUG #18707: Installation issue",9,false,,,
18708,2024-11-14,"BUG #18708: regex problem: (?:[^\d\D]){0} asserts with ""lp->nouts == 0 && rp->nins == 0""",16,true,both,2024-11-15,1
18709,2024-11-14,"BUG #18709: Explicit tablespace pg_default not working when creating of indices in partitioned tables",1,false,,,
18710,2024-11-15,"BUG #18710: ""pg_get_viewdef"" triggers assertions in special scenarios",4,false,,,
18711,2024-11-16,"BUG #18711: Attempting a connection with a database name longer than 63 characters now fails",67,true,both,2024-12-12,26
18712,2024-11-16,"BUG #18712: inet value ::2 handling goes not as expected",4,false,,,
18713,2024-11-18,"BUG #18713: pg_upgrade fails when owner of an extension is changed or dropped",2,false,,,
18714,2024-11-18,"BUG #18714: error during installation",1,false,,,
18715,2024-11-19,"BUG #18715: replace() function silently fails if 3rd argument is null",8,false,,,
18716,2024-11-20,"BUG #18716: I wanted to upload/restore tar file data, While uploading file facing error, image attached.",2,false,,,
18717,2024-11-20,"BUG #18717: ALTER ROLE SET ROLE functionality is broken",2,false,,,
18718,2024-11-21,"BUG #18718: Incorrect Twitter/X Logo Displayed on PostgreSQL Documentation Page",5,false,,,
18719,2024-11-21,"BUG #18719: Bug Report for Patch (For inplace update durability, make heap_update() callers wait)",2,false,,,
18720,2024-11-23,"BUG #18720: Can not install",1,false,,,
18721,2024-11-23,"BUG #18721: Documentation for psql does not specify that the history feature doesn't work",1,false,,,
18722,2024-11-23,"BUG #18722: Processing arrays with plpgsql raises errors",8,true,both,2024-11-25,2
18724,2024-11-25,"BUG #18724: High data disk utilization during log writing",3,false,,,
18725,2024-11-27,"BUG #18725: ""set role"" requires ""grant connect on database""",3,false,,,
18726,2024-11-27,"BUG #18726: Unable to install PostGIS extension due to error:Checksum verification failed for: postgis_3_4_pg12.",3,false,,,
18728,2024-11-27,"BUG #18728: Inconsistency between pg_wait_events.name and pg_stat_activity.wait_event for LWLocks",3,true,discussion_link,2024-12-03,6
18729,2024-12-02,"BUG #18729: update with multiple subpartitions return error: too many range table entries",3,false,,,
18730,2024-12-03,"BUG #18730: Inequality comparison operators and SMALLINT negative immediate value",2,false,,,
18731,2024-12-03,"BUG #18731: The psql \d command does not exactly match but can be executed",3,false,,,
18732,2024-12-03,"BUG #18732: Segfault in pgbench on max_connections starvation",3,false,,,
18733,2024-12-03,"BUG #18733: Connection Timeout after upgrade",1,false,,,
18734,2024-12-04,"BUG #18734: pg_terminate_backend was unresponsive for processes with the status ""active""",3,false,,,
18735,2024-12-05,"BUG #18735: Specific multibyte character in psql file path command parameter for Windows",24,true,both,2025-01-29,55
18741,2024-12-08,"BUG #18741: Detaching a partition referencing a partitioned table fails with a trigger-related error",5,false,,,
18742,2024-12-09,"BUG #18742: /src/backend/rewrite/rewriteHandler.c",2,false,,,
18743,2024-12-09,"BUG #18743: /src/backend/rewrite/rewriteHandler.c",2,false,,,
18744,2024-12-09,"BUG #18744: /src/bin/pg_dump/pg_backup_archiver.c",1,false,,,
18745,2024-12-09,"BUG #18745: /src/bin/pg_waldump/compat.c",2,false,,,
18746,2024-12-09,"BUG #18746: /src/backend/parser/parse_utilcmd.c",2,false,,,
18748,2024-12-20,"BUG #18748: Old name version",1,false,,,
18749,2024-12-20,"BUG #18749: Error Installing PostgreSQL",1,false,,,
18750,2024-12-23,"BUG #18750: Inappropriate update when it is blocked in RC",8,false,,,
18751,2024-12-23,"BUG #18751: Sub-optimal UNION ALL plan",6,false,,,
18753,2024-12-24,"BUG #18753: Unable to Recover a Deleted Database Using PITR",2,false,,,
18754,2024-12-27,"BUG #18754: Logical replication cannot restart if client sent a copyDone",2,false,,,
18755,2024-12-29,"BUG #18755: Using Natts_pg_trigger rather than Natts_pg_event_trigger for event trigger",3,true,discussion_link,2024-12-29,0
18756,2024-12-29,"BUG #18756: Postgres corruption",2,false,,,
18757,2024-12-30,"BUG #18757: string_agg function(text, text) design issue",2,false,,,
18758,2024-12-30,"BUG #18758: Incorrect query result caused by ROLLUP operation",2,false,,,
18759,2024-12-30,"BUG #18759: Missing files",2,false,,,
18760,2024-12-31,"BUG #18760: ../doc/src/sgml/postgres.sgml:24: element book: validity error : No declaration for attribute id of",4,false,,,
18761,2024-12-31,"BUG #18761: Sequence Value Discrepancy After Running VACUUM ANALYZE",3,false,,,
18762,2025-01-01,"BUG #18762: Update script produces distinct outputs before and after vacuum analyze operation",2,false,,,
18763,2025-01-02,"BUG #18763: pg_get_viewdef returns an old def with new relation name",3,false,,,
18764,2025-01-03,"BUG #18764: server closed the connection unexpectedly",12,true,discussion_link,2025-01-10,7
18765,2025-01-03,"BUG #18765: Inconsistent behaviour and errors with LIKE",6,false,,,
18766,2025-01-03,"BUG #18766: not exists sometimes gives too few records",5,false,,,
18767,2025-01-06,"BUG #18767: Inconsistency in result of a Plpgsql GET DIAGNOSTICS PG_CONTEXT instruction.",5,false,,,
18769,2025-01-09,"BUG #18769: ldapscheme is not displayed in pg_hba_file_rules",8,true,discussion_link,2025-01-10,1
18770,2025-01-10,"BUG #18770: The function 'packGraph ' causes a memory leak.",2,false,,,
18771,2025-01-11,"BUG #18771: ICU custom collations with rules ignore collator strength option.",3,true,both,2026-03-18,431
18772,2025-01-14,"BUG #18772: Segfaul i Greek stemming",2,false,,,
18773,2025-01-15,"BUG #18773: オートバキュームのリトライ時にreltuplesの値が減少する",10,false,,,
18775,2025-01-16,"BUG #18775: PQgetCopyData always has an out-of-memory error if the table field stores bytea ~700 MB",4,false,,,
18777,2025-01-16,"BUG #18777: Error running unnest function in a two phase commit transaction",2,false,,,
18778,2025-01-16,"BUG #18778: Query planning fails in ExecInitExprRec with unrecognized node type",4,true,both,2025-01-17,1
18779,2025-01-17,"BUG #18779: Segmentation fault while trying to connect via psql",3,false,,,
18780,2025-01-19,"BUG #18780: Bindings types are lost for complex queries",6,false,,,
18781,2025-01-20,"BUG #18781: pg group gy The number of returned data bars in a field is inconsistent",1,false,,,
18782,2025-01-21,"BUG #18782: Inconsistent behaviour with triggers and row level security - depends on prior number of inserts",3,false,,,
18783,2025-01-23,"BUG #18783: 2025-01-23 03:55:06.243 GMT [22929] LOG: postmaster became multithreaded 2025-01-23 03:55:06.243 GM",2,true,both,2025-01-23,0
18784,2025-01-24,"BUG #18784: Bugs and BugTracking",5,false,,,
18785,2025-01-28,"BUG #18785: Pointer bmr.rel, dereferenced by passing as 1st parameter to function is checked for NULL later",6,false,,,
18786,2025-01-28,"BUG #18786: Pointer bmr.rel, dereferenced by passing as 1st parameter to function is checked for NULL later",1,false,,,
18787,2025-01-28,"BUG #18787: pointer te->defn not checked for NULL",2,false,,,
18789,2025-01-29,"BUG #18789: logical replication slots are deleted after failovers",6,false,,,
18790,2025-01-29,"BUG #18790: Pg_stat_statements doesn't track schema.",6,false,,,
18791,2025-02-01,"BUG #18791: Failed installtion during creation of spatial database",1,false,,,
18792,2025-02-03,"BUG #18792: Segmentaion Fault error when changing new parameter synchronized_standby_slots",2,false,,,
18793,2025-02-04,"BUG #18793: PLpgSQL Function Returning Type of Table is not match for varchar(n) data type via Return Query",10,false,,,
18794,2025-02-05,"BUG #18794: pgBouncer Windows installation error due to a simple sql bug???",2,false,,,
18795,2025-02-05,"BUG #18795: Norwegian bokmål crashes again",7,false,,,
18796,2025-02-05,"BUG #18796: Npgsql Driver: Foreign Key Read Inversion in INSERT Operations",2,false,,,
18797,2025-02-06,"BUG #18797: pointer te->defn not checked for NULL",2,false,,,
18798,2025-02-06,"BUG #18798: /src/interfaces/ecpg/preproc/type.c possible NULL deref",1,false,,,
18799,2025-02-06,"BUG #18799: /src/interfaces/ecpg/pgtypeslib/timestamp.c possible NULL deref",2,false,,,
18800,2025-02-07,"BUG #18800: Error while using pg_combinebackup",1,false,,,
18801,2025-02-09,"BUG #18801: JIT recompiles function for each row if custom aggregation function is used",3,false,,,
18802,2025-02-11,"BUG #18802: password field in log",2,false,,,
18803,2025-02-11,"BUG #18803: ERROR: wrong varnullingrels (b) (expected (b 4)) for Var 2/1",3,false,,,
18804,2025-02-11,"BUG #18804: LISTEN on channel fails with ""could not access status of transaction""",3,true,discussion_link,2025-11-12,274
18805,2025-02-12,"BUG #18805: A specific query on a hash partitioned table always causes a ""signal 11: Segmentation fault"" error.",3,false,,,
18806,2025-02-12,"BUG #18806: When enable_rartitionwise_join is set to ON, the database shuts down abnormally",22,true,both,2025-02-19,7
18807,2025-02-12,"BUG #18807: libcrypto.so.1.1: cannot open shared object file",2,false,,,
18809,2025-02-13,"BUG #18809: Inconsistent JSON behavoir",3,false,,,
18810,2025-02-13,"BUG #18810: invalid value for parameter ""synchronized_standby_slots"" Caused error:""Segmentation fault""",2,false,,,
18811,2025-02-13,"BUG #18811: PANIC,XX000,""WAL contains references to invalid pages""",1,false,,,
18812,2025-02-14,"BUG #18812: Conditional rule: inconsistent check for statement",3,false,,,
18813,2025-02-16,"BUG #18813: Materialized view creation regression when inlining recursive SQL function",3,false,,,
18814,2025-02-17,"BUG #18814: cannot read properties of undefined (reading 'notifies')",2,false,,,
18815,2025-02-17,"BUG #18815: Logical replication worker Segmentation fault",23,true,both,2025-02-19,2
18816,2025-02-17,"BUG #18816: pg16 requires perl 5.14+ but is not documented",3,false,,,
18817,2025-02-18,"BUG #18817: Security Bug Report: Plaintext Password Exposure in Logs",12,false,,,
18818,2025-02-18,"BUG #18818: Access to postgres repo",1,false,,,
18819,2025-02-18,"BUG #18819: Error installing Postgresql",3,false,,,
18820,2025-02-20,"BUG #18820: Issue with Installation Due to Space in User Profile Path",2,false,,,
18821,2025-02-20,"BUG #18821: Need delete files in pg_wal, size is bigger overcome limit max_wal_size",3,false,,,
18822,2025-02-22,"BUG #18822: mailing lists reject mails due to DKIM-signature",25,false,,,
18823,2025-02-22,"BUG #18823: pg_restore not work",2,false,,,
18824,2025-02-25,"BUG #18824: Inconsistent results for isolation level settings",2,false,,,
18825,2025-02-25,"BUG #18825: Row value equality predicates do not use indices",3,false,,,
18826,2025-02-26,"BUG #18826: Didn't receive a response",2,false,,,
18827,2025-02-27,"BUG #18827: PostgreSQL 17.4-1 Installation – Database Cluster Initialization Failed Due to Execution Policy",1,false,,,
18828,2025-03-01,"BUG #18828: Crash when pg_get_logical_snapshot_meta() passed empty string",26,true,both,2025-03-11,10
18829,2025-03-02,"BUG #18829: RAISE NOTICE appends 's' to string in PostgreSQL 17.2",4,false,,,
18830,2025-03-02,"BUG #18830: ExecInitMerge Segfault on MERGE",32,true,both,2025-03-19,17
18831,2025-03-05,"BUG #18831: Particular queries using gin-indexes are not interruptible, resulting is resource usage concerns.",10,true,both,2025-03-06,1
18832,2025-03-06,"BUG #18832: Segfault in GrantLockLocal",5,true,discussion_link,2025-03-28,22
18833,2025-03-06,"BUG #18833: libpq.so doesn't contain declared symbol in rpm --provides",15,false,,,
18834,2025-03-07,"BUG #18834: Query planer is choosing the sub-optimal plan when limit is present",2,false,,,
18835,2025-03-07,"BUG #18835: spgist index fails to accept point with NaN",2,false,,,
18836,2025-03-07,"BUG #18836: Cannot import foreign schema under different schema name when foreign table uses row types",3,false,,,
18837,2025-03-10,"BUG #18837: YUM Repo URL throws HTTP 404",1,false,,,
18838,2025-03-10,"BUG #18838: Missing characters in replication slot when bytea_output is set to ""escape""",2,false,,,
18839,2025-03-12,"BUG #18839: ARMv7 builds fail due to missing __crc32cw and similar",11,false,,,
18840,2025-03-12,"BUG #18840: Segmentation fault in executing select unnest(array(oidvector))",3,true,both,2025-03-13,1
18841,2025-03-13,"BUG #18841: pgflex fails during build when Flex uses dynamic m4",1,false,,,
18842,2025-03-13,"BUG #18842: Wrong state in pg_stat_replication?",1,false,,,
18843,2025-03-13,"BUG #18843: ERROR: Input of anonymous composite types is not implemented in array_agg function",2,false,,,
18845,2025-03-14,"BUG #18845: DEREF_OF_NULL.RET guc_malloc possibly returns NULL",10,true,both,2025-03-27,13
18846,2025-03-14,"BUG #18846: Incorrect Filtering Behavior with FULL OUTER JOIN and WHERE Condition",2,false,,,
18847,2025-03-14,"BUG #18847: Different Query Results with and without a Primary Key Constraint",2,false,,,
18848,2025-03-14,"BUG #18848: DEREF_AFTER_NULL.EX.COND After having been compared to a NULL",2,false,,,
18849,2025-03-14,"BUG #18849: DEREF_OF_NULL.RET Pointer '&partexprs_item.ptr_value', returned from function 'list_head' at partiti",1,false,,,
18850,2025-03-14,"BUG #18850: REDUNDANT_COMPARISON.ALWAYS_FALSE Redundant comparison",2,false,,,
18851,2025-03-14,"BUG #18851: Queries with xxx NOT IN (SELECT xxx FROM table) fail to run (or run very slowly) on v17 (v14 ok)",2,false,,,
18852,2025-03-16,"BUG #18852: Unexpected expression in subquery output",3,true,bug_ref,2025-03-25,9
18853,2025-03-18,"BUG #18853: integer may overflow in array_user_functions",2,false,,,
18854,2025-03-18,"BUG #18854: PostgreSQL chooses a suboptimal execution plan when using a specific WHERE filter",4,false,,,
18855,2025-03-18,"BUG #18855: Using BRIN index with int8_bloom_ops produces incorrect results",5,true,discussion_link,2025-03-26,8
18856,2025-03-18,"BUG #18856: Include directives for postgresql.conf, pg_hba.conf, pg_ident.conf behave inconsistently.",3,false,,,
18857,2025-03-20,"BUG #18857: Abnormal string comparison results",3,false,,,
18858,2025-03-20,"BUG #18858: client does not support server version newer than 15.12 but actual version is 15.8.1",2,false,,,
18859,2025-03-20,"BUG #18859: ERROR: unexpected plan node type: 356",7,true,both,2025-03-21,1
18860,2025-03-21,"BUG #18860: Test src/test/recovery/t/039_end_of_wal.pl is unstable",1,false,,,
18861,2025-03-21,"BUG #18861: Not able to download rpm package",3,false,,,
18862,2025-03-24,"BUG #18862: using pg_autoctl node_2 cannot bring back from maintenance mode",2,false,,,
18863,2025-03-24,"BUG #18863: Multixact wraparound and pg_resetwal error ""multitransaction ID (-m) must not be 0""",1,true,discussion_link,2025-11-12,233
18865,2025-03-25,"BUG #18865: pg_resetwal error: multitransaction offset (-O) must not be -1",1,true,discussion_link,2025-11-12,232
18866,2025-03-25,"BUG #18866: Running pg_freespace() on views triggers an Abort",14,true,both,2025-03-27,2
18867,2025-03-26,"BUG #18867: /src/interfaces/ecpg/preproc/descriptor.c usage of ECPGdump_a_type",1,false,,,
18868,2025-03-26,"BUG #18868: /src/backend/optimizer/path/joinrels.c list_head can be NULL",2,false,,,
18869,2025-03-26,"BUG #18869: /src/backend/optimizer/plan/createplan.c clause can be null if user isn't root",2,false,,,
18870,2025-03-27,"BUG #18870: weird behavior with regexp_replace",2,false,,,
18871,2025-03-28,"BUG #18871: Cross-partition MERGE fails with unclear internal error",7,true,both,2025-03-29,1
18872,2025-03-30,"BUG #18872: The current OS X version is not supported",3,false,,,
18874,2025-04-01,"BUG #18874: CVE-2024-4317",2,false,,,
18875,2025-04-02,"BUG #18875: COPY BINARY tsvector FROM file leads to misaligned memory access",2,true,both,2025-04-02,0
18876,2025-04-04,"BUG #18876: HINT messages for mxid wrap-around say ""drop stale slots"", but that may not be appropriate",7,true,discussion_link,2026-07-03,455
18877,2025-04-04,"BUG #18877: PostgreSQL triggers assertion failure",9,true,both,2025-04-05,1
18878,2025-04-04,"BUG #18878: PostgreSQL triggers Assertion Failure in Debug build",2,true,both,2025-04-05,1
18879,2025-04-04,"BUG #18879: PostgreSQL returns memory error.",2,true,both,2025-04-05,1
18880,2025-04-06,"BUG #18880: Can't have a database without having postgres as a db_name and username",3,false,,,
18882,2025-04-08,"BUG #18882: Unexpected write skew at SERIALIZABLE with psycopg2.connect()",2,false,,,
18883,2025-04-08,"BUG #18883: Epoch issue",2,false,,,
18884,2025-04-08,"BUG #18884: The CURRENT_TIMESTAMP value being returned in UTC-2.",4,false,,,
18885,2025-04-09,"BUG #18885: ERROR: corrupt MVNDistinct entry - 2",15,true,discussion_link,2025-04-16,7
18886,2025-04-09,"BUG #18886: identity duplicate key",3,false,,,
18887,2025-04-10,"BUG #18887: Inner join returns non-existent data.",2,false,,,
18888,2025-04-10,"BUG #18888: /src/interfaces/ecpg/preproc/descriptor.c possible NULL dereference",2,false,,,
18889,2025-04-10,"BUG #18889: /src/backend/utils/adt/network.c condition is always false",2,true,both,2025-04-10,0
18890,2025-04-10,"BUG #18890: /src/timezone/localtime.c condition always false",2,false,,,
18891,2025-04-10,"BUG #18891: /src/include/lib/simplehash.h possible palloc0 problems",2,false,,,
18892,2025-04-12,"BUG #18892: When the view already exists, CREATE OR REPLACE VIEW does not check whether the table exists.",7,false,,,
18893,2025-04-12,"BUG #18893: Segfault during analyze pg_database",5,false,,,
18894,2025-04-14,"BUG #18894: values of JLC_COLLATE and LC_CTYPE in the database have changed from Japanese_Japan.932 to ja-jp",3,false,,,
18895,2025-04-16,"BUG #18895: Installation failure on Fedora 42 due to missing repos",4,false,,,
18896,2025-04-16,"BUG #18896: A potential problem in heap_page_items (pageinspect, PG-17)",2,true,both,2025-04-19,3
18897,2025-04-16,"BUG #18897: Logical replication conflict after using pg_createsubscriber under heavy load",26,true,both,2025-07-24,99
18898,2025-04-17,"BUG #18898: replication process not working... sometimes",2,false,,,
18899,2025-04-18,"BUG #18899: FreeBSD, assembly by means of GCC with ASAN ends with error: undef reference to backtrace_symbols_fd",2,false,,,
18900,2025-04-22,"BUG #18900: Missing RPM python3-kazoo for RHEL9 - patroni RPM cannot be installed",2,false,,,
18901,2025-04-22,"BUG #18901: Bug in Perl-Script ""src/backend/nodes/gen_node_support.pl""",2,true,both,2025-04-22,0
18902,2025-04-23,"BUG #18902: TRAP:: failed Assert(""!is_sorted"") in File: ""createplan.c""",14,true,both,2025-05-08,15
18903,2025-04-25,"BUG #18903: TRAP: failed Assert(""false"") in file: ""tuplesortvariants.c""",4,false,,,
18904,2025-04-27,"BUG #18904: INTERSECT with an impossible where should eliminate both from the query plan",7,false,,,
18905,2025-04-27,"BUG #18905: The opposite WHERE clause intersects and is always an empty set. It should perform no action.",4,false,,,
18906,2025-04-27,"BUG #18906: EXCEPT with identical left/right queries isn't eliminated",2,false,,,
18907,2025-04-29,"BUG #18907: SSL error: bad length failure during transfer data in pipeline mode with libpq",8,true,both,2025-06-10,42
18908,2025-04-30,"BUG #18908: DEREF_OF_NULL: After having been assigned to a NULL value at descriptor.c:203",3,false,,,
18909,2025-05-02,"BUG #18909: Query creates millions of temporary files and stalls",17,true,bug_ref,2026-03-19,321
18910,2025-05-05,"BUG #18910: DEREF_OF_NULL.RET Pointer, returned from function 'palloc0' at simplehash.h:1080, may be NULL",2,false,,,
18911,2025-05-05,"BUG #18911: Bug in the command INHERITS.",7,false,,,
18912,2025-05-05,"BUG #18912: TRAP: failed Assert(""tag.spcOid != GLOBALTABLESPACE_OID""), File: ""bufmgr.c"", Line: 4165, PID: 2115",3,true,both,2025-05-10,5
18913,2025-05-07,"BUG #18913: pgdg-redhat-repo-42.0-52PGDG.noarch: Cannot download, all mirrors were already tried without succes",2,false,,,
18914,2025-05-07,"BUG #18914: REDUNDANT_COMPARISON.ALWAYS_FALSE Redundant comparison '0' > 'nb' (0 > {4, 16}) is always false",3,false,,,
18915,2025-05-07,"BUG #18915: pgdg-redhat-repo-42.0-51PGDG.noarch package not available in postgres repo",2,false,,,
18916,2025-05-07,"BUG #18916: alter table ... set (n_distinct=) completely ignored on partition head and/or individual partitions",2,false,,,
18917,2025-05-08,"BUG #18917: ""Foreign key constraint drop fails with 'column is not in index' unless pg_constraint is queried",2,false,,,
18918,2025-05-08,"BUG #18918: cron.schedule_in_database ERROR: must be superuser to create a job for another role",3,false,,,
18919,2025-05-08,"BUG #18919: Source archives in ftp/source/v17.5 are missing",2,false,,,
18920,2025-05-08,"BUG #18920: LOAD '$libdir/plugins' no longer works in 18beta1",12,true,both,2025-06-04,27
18921,2025-05-10,"BUG #18921: The larger the value of max_parallel_workers_per_gather, the longer the SQL execution time.",2,false,,,
18923,2025-05-12,"BUG #18923: pg_dump 18beta1 fails to process complex table names",10,true,both,2025-05-20,8
18924,2025-05-12,"BUG #18924: The ""ERROR: integer out of range"" should be more detailed",2,false,,,
18925,2025-05-12,"BUG #18925: Heap-buffer-overflow: pglz_compress with pglz_stategy_always",4,false,,,
18926,2025-05-14,"BUG #18926: PostgreSQL 17.5 produces malformed binary COPY output (`GPOCYP` instead of `PGCOPY`) across platform",2,false,,,
18927,2025-05-14,"BUG #18927: Poor query plan - HashAggregate is more than twice as fast but at a higher cost",7,false,,,
18928,2025-05-14,"BUG #18928: postgres_fdw search_path not reset causing pgbouncer pool_mode=transaction using the wrong schema",5,false,,,
18929,2025-05-15,"BUG #18929: After the view is created, executed query against the view definition, reported syntax error.",7,true,discussion_link,2025-05-19,4
18930,2025-05-15,"BUG #18930: PostgreSQL fails to handle INTERSECT operation involving Empty Table",2,false,,,
18931,2025-05-15,"BUG #18931: Access to source rpms is not possible",2,false,,,
18932,2025-05-15,"BUG #18932: PostgreSQL fails to handle EXCEPT operation when the left branch is an Empty Table",2,false,,,
18933,2025-05-15,"BUG #18933: PostgreSQL fails to handle JOIN operation involving Empty Table",2,false,,,
18934,2025-05-19,"BUG #18934: Even with WITH ADMIN OPTION, I Cannot Manage Role Memberships",4,false,,,
18935,2025-05-19,"BUG #18935: The optimiser's choice of sort doubles the execution time.",5,false,,,
18936,2025-05-20,"BUG #18936: Trigger enable users to modify the tables which he doesn't have privilege",4,false,,,
18937,2025-05-27,"BUG #18937: New error class 10 for XQuery errors lacks a ""standard"" error code",1,false,,,
18938,2025-05-28,"BUG #18938: Logical replication failure in 16.9: ""invalid memory alloc request size 1372786672""",5,true,both,2025-06-17,20
18939,2025-05-28,"BUG #18939: GIN index not used when it's expected to be",1,false,,,
18940,2025-05-29,"BUG #18940: PostgreSQL 18beta1 fails 'collate.windows.win1252' regression when building with MSYS/mingw",7,false,,,
18941,2025-05-30,"BUG #18941: PostgreSQL planner does not select a multicolumn btree_gin index under RLS",3,false,,,
18942,2025-05-30,"BUG #18942: walsender memory allocation failure adding snapshot and invalidations to logical replica w/PG 16.9",4,true,discussion_link,2025-06-17,18
18943,2025-06-01,"BUG #18943: Return value of a function 'xmlBufferCreate' is dereferenced at xpath.c:177 without checking for NUL",27,true,discussion_link,2025-06-30,29
18944,2025-06-02,"BUG #18944: Assertion Failure in psql with idle_session_timeout Set",13,true,discussion_link,2025-06-04,2
18945,2025-06-02,"BUG #18945: Standby synchronization problem",3,false,,,
18946,2025-06-03,"BUG #18946: Installation Setup File",2,false,,,
18947,2025-06-06,"BUG #18947: TRAP: failed Assert(""len_to_wrt >= 0"") in pg_stat_statements",15,true,discussion_link,2025-06-12,6
18948,2025-06-07,"BUG #18948: Equivalent MAX() result in view and inline query yields inconsistent row count",2,false,,,
18949,2025-06-07,"BUG #18949: 分区表创建主键或者唯一约束需要有分区键",2,false,,,
18950,2025-06-07,"BUG #18950: pgsql function that worked in Postgresql 16 does not return in Postgresql 17",20,false,,,
18951,2025-06-08,"BUG #18951: Precision loss in inner join while using SUM aggregate function",3,false,,,
18952,2025-06-10,"BUG #18952: pg_restore --help and document have strange description: Dump something",6,true,both,2025-06-12,2
18953,2025-06-10,"BUG #18953: Planner fails to build plan for complex query with LATERAL references",21,true,both,2025-06-20,10
18954,2025-06-11,"BUG #18954: Error ""could not reserve shared memory region ... error code 487"" on Windows",1,false,,,
18955,2025-06-11,"BUG #18955: pg_ctl output not being logged in stderr log on Windows if started with ""net start""",1,false,,,
18956,2025-06-12,"BUG #18956: Observing an issue in regexp_count()",4,false,,,
18958,2025-06-13,"BUG #18958: ""pg_ctl start"" allows subsequent CTRL-C key in cmd.exe to unexpectedly terminate cluster on Windows",6,false,,,
18959,2025-06-13,"BUG #18959: Name collisions of expression indexes during parallel Index creations on a pratitioned table.",19,true,both,2025-06-20,7
18960,2025-06-18,"BUG #18960: Mistake in test test_simple_pipeline (libpq_pipeline.c)",9,true,both,2025-09-03,77
18961,2025-06-19,"BUG #18961: Race scenario where max_standby_streaming_delay is not honored",9,false,,,
18962,2025-06-19,"BUG #18962: Type Conversion incorrect when performing UNION of queries.",4,false,,,
18963,2025-06-19,"BUG #18963: Column confupdsetcols missing in pg_catalog.pg_constraint",3,false,,,
18964,2025-06-20,"BUG #18964: `ALTER DATABASE ... RESET ...` fails to reset extension parameters that no longer exist",14,true,discussion_link,2025-08-01,42
18965,2025-06-20,"BUG #18965: Issue with Short-Circuit Evaluation in Boolean Expressions",5,false,,,
18966,2025-06-24,"BUG #18966: Invalid SQL queries hang indefinitely until server restart",4,false,,,
18968,2025-06-24,"BUG #18968: GiST Index Cost Estimation",2,false,,,
18969,2025-06-25,"BUG #18969: security tests failures",2,false,,,
18970,2025-06-28,"BUG #18970: Atempt to alter type of table column used in row type with check leads to assertion failure",11,true,both,2025-06-29,1
18971,2025-06-28,"BUG #18971: Server passes an invalid (indirect) path in PGDATA to the external program",6,false,,,
18973,2025-06-30,"BUG #18973: The default enable_material=ON affects the cost estimation of optimizer, resulting in 10968x slow",2,false,,,
18974,2025-07-01,"BUG #18974: Postgresql repeatable crash after pg_upgrade from 15 to 17.5 version in postgresql_fdw queries",6,true,both,2025-07-02,1
18975,2025-07-01,"BUG #18975: PostgreSQL server doesn't process SQL request correctly over Windows replica of Linux server",2,false,,,
18976,2025-07-03,"BUG #18976: -0.0 with float8 will be transformed to 0 in prepare statement but not in normal execution",5,false,,,
18977,2025-07-03,"BUG #18977: Unexpected result of function to_char",4,false,,,
18978,2025-07-03,"BUG #18978: Index does not work in aggregate function filter",2,false,,,
18979,2025-07-06,"BUG #18979: pg_upgrade to PG17 fails if max_slot_wal_keep_size is not set to -1",6,true,discussion_link,2025-07-11,5
18980,2025-07-07,"BUG #18980: Unable to perform make due to inability to resolve a variety of Undefined symbols arm64",2,false,,,
18981,2025-07-08,"BUG #18981: Fault tolerance and improvement for xmltotext_with_options (xml.c)",2,true,both,2025-07-08,0
18983,2025-07-09,"BUG #18983: Problems with Postgres ""make check"" under ASAN",4,false,,,
18984,2025-07-14,"BUG #18984: Empty prepared statement from psql \parse triggers assert in PortalRunMulti",21,true,both,2025-07-17,3
18985,2025-07-15,"BUG #18985: fast shutdown does not close connections from qlik data gateway data movement aka. replicate",13,false,,,
18986,2025-07-15,"BUG #18986: SIGSEGV in nodeModifyTable.c during Parallel Execution",12,true,both,2025-07-18,3
18987,2025-07-16,"BUG #18987: psqlodbc_setup.exe installs as Unknown Publisher",2,false,,,
18988,2025-07-16,"BUG #18988: DROP SUBSCRIPTION locks not-yet-accessed database",37,true,discussion_link,2025-08-19,34
18989,2025-07-17,"BUG #18989: Output of \sf does not match original source for E quoted strings (unlike \df+ used to)",2,false,,,
18990,2025-07-17,"BUG #18990: The results of equivalent queries are inconsistent (one returns 0, another returns -0)",3,false,,,
18991,2025-07-19,"BUG #18991: NUMA test fails on machine with two NUMA nodes when building 18beta2",2,false,,,
18992,2025-07-20,"BUG #18992: Autovacuum triggering assert - LWLockAnyHeldByMe",5,false,,,
18993,2025-07-21,"BUG #18993: [BUG] Unreachable code in pg_next_dst_boundary()",3,false,,,
18995,2025-07-23,"BUG #18995: Building with GCC 14 fails: incompatible pointer struct pam_message",8,true,both,2025-07-23,0
18996,2025-07-24,"BUG #18996: Assertion fails in waiteventset.c when dropping database in single mode in PG18",3,true,discussion_link,2025-07-25,1
18997,2025-07-24,"BUG #18997: Two equivalent queries return different results",3,false,,,
18998,2025-07-24,"BUG #18998: No materialized views in INFORMATION_SCHEMA.TABLE_PRIVILEGES",2,false,,,
18999,2025-07-25,"BUG #18999: Equivalent queries processing WHERE IS NULL & WHERE IS NOT NULL produce mutually exclusive results",5,false,,,
19000,2025-07-27,"BUG #19000: gist index returns inconsistent result with gist_inet_ops",12,false,,,
19001,2025-07-29,"BUG #19001: PostgreSQL 17: CREATE MATERIALIZED VIEW fails with STABLE function using JSONB LATERAL joins",3,false,,,
19002,2025-07-29,"BUG #19002: `pg_isready` unexpectedly succeeds on incorrect `--dbname` and/or `--username`",4,false,,,
19003,2025-07-30,"BUG #19003: A SELECT that does not return a valid table",6,false,,,
19004,2025-07-31,"BUG #19004: Incorrect lowercasing of word-final Greek capital Sigma (Σ)",2,false,,,
19006,2025-08-03,"BUG #19006: Assert(BufferIsPinned) in BufferGetBlockNumber() is triggered for forwarded buffer",29,true,discussion_link,2025-08-09,6
19007,2025-08-03,"BUG #19007: Planner fails to choose partial index with spurious 'not null'",10,true,both,2025-08-30,27
19008,2025-08-04,"BUG #19008: Problems downloading metadata for dnf - probably missing private key (GPG signature)",2,false,,,
19009,2025-08-04,"BUG #19009: Empty repomd.xml.asc file on pgdg16 mirror causes metadata retrieval failure",2,false,,,
19010,2025-08-04,"BUG #19010: Empty repomd.xml.asc file",2,false,,,
19011,2025-08-04,"BUG #19011: repomd.xml.asc on postgresql 16 empty",3,false,,,
19012,2025-08-04,"BUG #19012: GPG signature file for RHEL 9 is 0 bytes",2,false,,,
19013,2025-08-05,"BUG #19013: When creating a table with the ""...LIKE...INCLUDING ALL"" construct, REPLICA IDENTITY output is wrong",9,false,,,
19014,2025-08-07,"BUG #19014: Automatic aggressive VACUUM on template0 and template1 pg_shdepend runs every minute",4,false,,,
19015,2025-08-07,"BUG #19015: insert-returning failure: stable function in select policy doesn't see before-insert trigger change",1,false,,,
19016,2025-08-08,"BUG #19016: Re: BUG #18908: DEREF_OF_NULL: After having been assigned to a NULL value at descriptor.c:203",1,false,,,
19017,2025-08-11,"BUG #19017: pg_upgrade from 17.5 to 18.0beta2 fails with a complaint about max_slot_wal_keep_size",2,false,,,
19018,2025-08-11,"BUG #19018: high memory usage and ""stack depth limit exceeded"", with GiST index on ltree",6,false,,,
19019,2025-08-13,"BUG #19019: Feature Request: allow the use of column reference in DEFAULT expression",3,false,,,
19020,2025-08-16,"BUG #19020: BufFileDumpBuffer writes uninitialized data on executing hash join",2,false,,,
19021,2025-08-17,"BUG #19021: Memory leak of SMgrRelation object during standby redo",1,false,,,
19022,2025-08-17,"BUG #19022: Trying to set up pem server not accepting any passwords",2,false,,,
19023,2025-08-18,"BUG #19023: Table DDL default column expression depending on temp objects",2,false,,,
19024,2025-08-19,"BUG #19024: Error when trying to use pg_dump of new server on old server",4,false,,,
19025,2025-08-19,"BUG #19025: PostgreSQL log is not rotated",4,false,,,
19026,2025-08-20,"BUG #19026: ResourceOwnerForget can't find owner for invalid plancache",9,true,both,2025-08-20,0
19028,2025-08-21,"BUG #19028: INITDB fails post-bootstrap initialization with FATAL "" "" is not a valid binary digit at character 1",3,false,,,
19029,2025-08-23,"BUG #19029: Replication Slot size keeps increasing while logical subscription works fine",29,false,,,
19030,2025-08-23,"BUG #19030: Hash join leads to extremely high memory usage",2,false,,,
19031,2025-08-25,"BUG #19031: pg_trgm infinite loop on certain cases",8,true,both,2025-08-26,1
19032,2025-08-26,"BUG #19032: In restore_command %f parameter does not support WAL partial files.",3,false,,,
19033,2025-08-27,"BUG #19033: Inconsistency between prepared statement and normal statement when cast bit to integer",3,false,,,
19034,2025-08-28,"BUG #19034: Recursive function with sql_body can replace an existing function but can not be created on it's own",13,false,,,
19036,2025-08-29,"BUG #19036: Failed prepared INSERT statement make another SELECT query generate wrong result",6,false,,,
19037,2025-08-30,"BUG #19037: Planner fails on estimating array length with ""no relation entry"" error",11,true,both,2025-09-03,4
19039,2025-09-02,"BUG #19039: UNREACHABLE_CODE: Remove unreachable code in network_send - replace with assertion",2,false,,,
19040,2025-09-02,"BUG #19040: Memory leak in hashed subplan node due to missing hashtempcxt reset",20,true,both,2025-09-10,8
19041,2025-09-03,"BUG #19041: Logical replication locks wal processing",5,false,,,
19042,2025-09-03,"BUG #19042: Option --help not recognized at the end of command line in pg_restore",20,false,,,
19043,2025-09-05,"BUG #19043: jdbc connection url is not case insensitive",5,false,,,
19045,2025-09-09,"BUG #19045: Applying custom collation rules appears to erase existing rules",3,false,,,
19046,2025-09-10,"BUG #19046: Incorrect result when using json_array() with column reference in subquery combined with RIGHT JOIN",11,true,both,2025-09-16,6
19047,2025-09-11,"BUG #19047: pg_last_wal_replay_lsn() returns non-NULL after pg_promote()",2,false,,,
19048,2025-09-11,"BUG #19048: PostgreSQL Windows Turkish Search Problem",1,false,,,
19049,2025-09-11,"BUG #19049: Assert failure when using skip arrays on an index key with DESC order",7,true,discussion_link,2025-09-12,1
19050,2025-09-11,"BUG #19050: psql: could not find digest for NID UNDEF",3,false,,,
19051,2025-09-14,"BUG #19051: Is it possible to move a TOAST table to a different tablespace than its parent table?",2,false,,,
19052,2025-09-15,"BUG #19052: failing to install on Windows if user path contains Chineese/Korean characters",2,false,,,
19053,2025-09-15,"BUG #19053: Inconsistent arithmetic regarding TIMESTAMPTZ and INTERVAL",4,false,,,
19054,2025-09-15,"BUG #19054: Memory exhaustion vulnerability in PostgreSQL array operations leads to server crash",2,false,,,
19055,2025-09-17,"BUG #19055: Server crash at ExecInterpExpr",3,true,both,2025-09-17,0
19056,2025-09-17,"BUG #19056: ExecInitPartitionExecPruning segfault due to NULL es_part_prune_infos",21,true,both,2025-09-19,2
19057,2025-09-18,"BUG #19057: Installing postgresql-15 from the repostory installs a mix of postgresql 15 and 17",1,false,,,
19058,2025-09-19,"BUG #19058: Empty repomd.xml.asc file",2,false,,,
19059,2025-09-20,"BUG #19059: PostgreSQL fails to evaluate the cheaper expression first, leading to 45X performance degradation",6,false,,,
19061,2025-09-23,"BUG #19061: I downloaded version 17 of postgreSQL and it was lagging very much",2,false,,,
19062,2025-09-24,"BUG #19062: PostgreSQL 12.22 does not compile because of conflicting types for CollationCreate",7,false,,,
19063,2025-09-24,"BUG #19063: Heavily nesting trivial ROW projections produces out of memory error",3,false,,,
19064,2025-09-26,"BUG #19064: Trigger allows creation with invalid column references but fails at runtime",4,false,,,
19065,2025-09-26,"BUG #19065: postgresql-18.0/src/bin/pg_combinebackup/reconstruct.c:230: Array sanity check in wrong place ?",1,false,,,
19066,2025-09-26,"BUG #19066: postgresql-18.0/src/backend/optimizer/geqo/geqo_ox2.c:86: Array index check in wrong place ?",2,false,,,
19067,2025-09-26,"BUG #19067: On master at commit 66cdef4425f3, ""psql -c 'select 1' dbname"" causes the backend to seg fault",4,false,,,
19068,2025-10-02,"BUG #19068: postgresql-server-dev-17 from apt.postgresql.org installs libpq-int.h for 18 version",1,false,,,
19069,2025-10-02,"BUG #19069: pg_advisory_xact_lock() in a WITH query doesn't work",3,false,,,
19070,2025-10-02,"BUG #19070: issue with DETACH PARTITION CONCURRENTLY on a hash partition table",8,true,discussion_link,2025-10-11,9
19071,2025-10-03,"BUG #19071: commit b448f1c8d broke LEFT JOIN pushdown",2,false,,,
19072,2025-10-04,"BUG #19072: New-style SQL language function referencing a temp table behaves oddly",3,false,,,
19073,2025-10-05,"BUG #19073: there are meaningless code in _SPI_execute_plan() when canSetTag is true",4,false,,,
19074,2025-10-05,"BUG #19074: pg_dump from v18 loses the NOT NULL flag in the inherited table field when dumping v17-databases",12,true,both,2025-10-18,13
19075,2025-10-06,"BUG #19075: pg_upgradecluster does not copy conf.d/* during cluster upgrade",2,false,,,
19076,2025-10-07,"BUG #19076: Generic query plan is extremely slow",6,false,,,
19078,2025-10-09,"BUG #19078: Segfaults in tts_minimal_store_tuple() following pg_upgrade",24,true,both,2025-10-16,7
19079,2025-10-09,"BUG #19079: can't dowmload documentation download aborted",2,false,,,
19080,2025-10-09,"BUG #19080: CancelRequest message documentation bug",6,false,,,
19081,2025-10-09,"BUG #19081: Inconsistent target rows seen by the UPDATE and INSERT statements within the same transaction",3,false,,,
19082,2025-10-10,"BUG #19082: Failing assert in index scan",8,true,both,2025-10-10,0
19083,2025-10-13,"BUG #19083: Foreign inner join is the case for char() keys but not for varchar()",1,false,,,
19084,2025-10-13,"BUG #19084: dump/restore table doesn't work with GENARETED column and custom type and cast in function",3,false,,,
19085,2025-10-14,"BUG #19085: Using EXECUTE to run a multi-statement SQL string causes an assertion failure",2,false,,,
19086,2025-10-14,"BUG #19086: pg_dump --data-only selects and do not uses index definitions for the dumped tables.",20,false,,,
19089,2025-10-15,"BUG #19089: Mounting Issue",3,false,,,
19092,2025-10-21,"BUG #19092: scram_free() will free on address which was not malloc()-ed in pg_scram_mech",5,false,,,
19093,2025-10-23,"BUG #19093: Behavioral change in walreceiver termination between PostgreSQL 14.17 and 14.18",21,true,discussion_link,2025-10-31,8
19094,2025-10-24,"BUG #19094: select statement on postgres 17 vs postgres 18 is returning different/duplicate results",25,true,both,2025-10-30,6
19095,2025-10-27,"BUG #19095: Test if function exit() is used fail when linked static",37,true,discussion_link,2025-12-09,43
19096,2025-10-28,"BUG #19096: Hugepages configuration is probably not reserving the allocated number of pages",2,false,,,
19097,2025-10-29,"BUG #19097: System catalog modifications are allowed by alter",5,false,,,
19098,2025-10-29,"BUG #19098: Can't create unique gist index, where pg_indexes says that WITHOUT OVERLAPS does exacly that",16,false,,,
19099,2025-10-29,"BUG #19099: Conditional DELETE from partitioned table with non-updatable partition raises internal error",36,true,both,2026-01-23,86
19100,2025-11-01,"BUG #19100: Different column type between partitioned table and detached pending partition table make errors",4,false,,,
19101,2025-11-02,"BUG #19101: Ceil on BIGINT could lost precision in decil function",4,false,,,
19102,2025-11-03,"BUG #19102: Assertion failure in generate_orderedappend_paths with aggregate pushdown",13,true,both,2025-11-05,2
19103,2025-11-04,"BUG #19103: Canceled INSERT statement can still influence the performance of subsequent SELECT statement",4,false,,,
19104,2025-11-05,"BUG #19104: Does regexp_substr function support non-greedy matching?",2,false,,,
19105,2025-11-08,"BUG #19105: Parallel Hash Join crash when work_mem is small",5,false,,,
19106,2025-11-09,"BUG #19106: Potential regression with CTE materialization planning in Postgres 18",15,true,both,2025-11-18,9
19107,2025-11-10,"BUG #19107: The hold cursor is unexpectedly released during rollback",4,false,,,
19108,2025-11-10,"BUG #19108: Stack overflow duting query parse",6,false,,,
19109,2025-11-10,"BUG #19109: catalog lookup with the wrong snapshot during logical decoding causes coredump",11,false,,,
19110,2025-11-11,"BUG #19110: the order of elements in a json object in database is different then the order of elements",2,false,,,
19111,2025-11-13,"BUG #19111: Using EXPLAIN ANALYZE with MERGE causes failed assert",4,true,both,2025-11-16,3
19112,2025-11-14,"BUG #19112: Error comes up on login to the QueryTool after update to PgAdmin 9.10",3,false,,,
19113,2025-11-15,"BUG #19113: Missing updated libpq5 rpm in repo pgdg-common after minor release to 18.1",3,false,,,
19114,2025-11-17,"BUG #19114: ORDER BY ASC is tampering result when calculating distance btw vectors",4,false,,,
19115,2025-11-17,"BUG #19115: the package got zero size",1,false,,,
19116,2025-11-17,"BUG #19116: Lost concurrent updates using ctid - as per doc guidance",1,false,,,
19117,2025-11-18,"BUG #19117: postgresql15-contrib-15.15 for RHEL 9 has conflicting OpenSSL dependencies (3.0.0 and 3.4.0)",3,false,,,
19119,2025-11-18,"BUG #19119: Linux 6.14.0-1015-aws #15~24.04.1-Ubuntu SMP aarch64 aarch64 aarch64 GNU/Linux",2,false,,,
19332,2025-11-23,"BUG #19332: Sudden 330x performance degradation of SELECT amid INSERTs",7,false,,,
19333,2025-11-24,"BUG #19333: 404s when accessing items from https://ftp.postgresql.org/pub/repos/yum/17/redhat/rhel-10-aarch64/",1,false,,,
19334,2025-11-24,"BUG #19334: Cannot download packages from the mirrors",1,false,,,
19335,2025-11-27,"BUG #19335: the function encrypt does not work correct - ERROR: encrypt error: Key was too big",9,false,,,
19336,2025-11-27,"BUG #19336: TRAP: failed Assert(""!IsTransactionOrTransactionBlock()"")",2,false,,,
19337,2025-11-28,"BUG #19337: Errors during downloading metadata for repository pgdg-rhel9-extras",2,false,,,
19338,2025-12-01,"BUG #19338: [PG15] Unstable SQL result in test regress/tablespace",3,false,,,
19339,2025-12-01,"BUG #19339: odbc_fdw extension, Not able to read data from foreign tables",4,false,,,
19340,2025-12-02,"BUG #19340: Wrong result from CORR() function",24,true,both,2025-12-06,4
19341,2025-12-02,"BUG #19341: REPLACE() fails to match final character when using nondeterministic ICU collation",16,true,both,2025-12-06,4
19342,2025-12-02,"BUG #19342: ERROR: function gcd(smallint, smallint) is not unique",2,false,,,
19343,2025-12-02,"BUG #19343: toast_internals.c:139:2: warning: missing braces around initializer [-Wmissing-braces]",2,false,,,
19345,2025-12-05,"BUG #19345: MemoryContextSizeFailure after upgrade 14.11 to 17.7 in stored procedure",4,false,,,
19348,2025-12-09,"BUG #19348: Disk space error when running COPY after upgrading to PostgreSQL 17.7",4,false,,,
19350,2025-12-10,"BUG #19350: Short circuit optimization missed when running sql scriptes in JDBC",13,false,,,
19351,2025-12-10,"BUG #19351: in pg18.1,when not null exists in the table , and add constraint problem.",16,true,discussion_link,2026-02-03,55
19352,2025-12-12,"BUG #19352: SQL Error messages do not include schema name along with table or data object name.",4,false,,,
19353,2025-12-12,"BUG #19353: Error XX000 if referencing expanded array in grouping set: variable not found in subplan target list",9,true,both,2025-12-25,13
19354,2025-12-13,"BUG #19354: JOHAB rejects valid byte sequences",22,true,discussion_link,2026-04-16,124
19355,2025-12-15,"BUG #19355: Attempt to insert data unexpectedly during concurrent update",19,true,both,2026-01-16,32
19356,2025-12-16,"BUG #19356: Unexpected result of prepared UPDATE with force_generic_plan",4,false,,,
19357,2025-12-17,"BUG #19357: PostgreSQL generates a custom plan that performs worse than the generic plan for a certain query.",11,false,,,
19358,2025-12-17,"BUG #19358: Short circuit optimization exists in generic plan but missed in custom plan",2,false,,,
19359,2025-12-18,"BUG #19359: Row level security: Upserts require insert policies in the update path",3,false,,,
19360,2025-12-22,"BUG #19360: Bug Report: Logical Replication initial sync fails with ""conflict=update_origin_differs"" PG12 toPG18",11,false,,,
19362,2025-12-23,"BUG #19362: Extremely log processing of jsonb_path_exists_opr",3,false,,,
19363,2025-12-26,"BUG #19363: PostgreSQL shared memory exhaustion during query execution involving views and parallel workers",4,true,both,2025-12-29,3
19364,2025-12-26,"BUG #19364: Repository not updating",2,false,,,
19365,2025-12-27,"BUG #19365: postgres 18 pg_dump fails whan drop sequence concurrently",4,true,both,2026-01-09,13
19366,2025-12-29,"BUG #19366: heap-use-after-free in pgaio_io_reclaim() detected with RELCACHE_FORCE_RELEASE",2,false,,,
19367,2025-12-29,"BUG #19367: typos in backend/utils/adt/timestamp.c",6,false,,,
19368,2025-12-31,"BUG #19368: f54af9f does not create the correct macro for autotools build",6,true,both,2025-12-31,0
19369,2026-01-02,"BUG #19369: Not documented that io_uring on kernel versions between 5.1 and below 5.6 does not work",18,false,,,
19370,2026-01-06,"BUG #19370: PG18 returns incorrect array slice results when slice bounds depend on another array expression",9,true,both,2026-01-07,1
19371,2026-01-06,"BUG #19371: programı yüklerken hata veriyor",1,false,,,
19372,2026-01-07,"BUG #19372: Scan operator maybe output unnecessary columns to the upper-layer operators",3,false,,,
19373,2026-01-09,"BUG #19373: One backend hanging in AioIoUringExecution blocking other backends",3,false,,,
19375,2026-01-12,"BUG #19375: PathTarget expression costs are being double-counted in the planner",1,false,,,
19377,2026-01-13,"BUG #19377: Query planner interesting behaviour",3,false,,,
19378,2026-01-14,"BUG #19378: How do you know to start Postgresql with ""systemctl start postgresql@18-main"" ?",1,false,,,
19379,2026-01-15,"BUG #19379: Role pg_read_all_data don't allowed read large objects",8,false,,,
19380,2026-01-19,"BUG #19380: Transition table in AFTER INSERT trigger misses rows from MERGE when used with INSERT in a CTE",9,true,both,2026-01-24,5
19382,2026-01-20,"BUG #19382: Server crash at __nss_database_lookup",30,false,,,
19383,2026-01-20,"BUG #19383: Server crash at getmissingattr",3,false,,,
19384,2026-01-20,"BUG #19384: Server crash at textout",4,false,,,
19385,2026-01-21,"BUG #19385: Normal SELECT generates an ineffecifient query plan compare to the prepared SELECT.",4,false,,,
19386,2026-01-21,"BUG #19386: Unnecessary Sort in query plan for SELECT literal with ORDER BY",4,false,,,
19387,2026-01-23,"BUG #19387: About Response time delay.",3,false,,,
19388,2026-01-23,"BUG #19388: Failing to connect to postgres with EACCES error",4,false,,,
19389,2026-01-25,"BUG #19389: pg_dump output differs after setting schema comment to NULL",2,false,,,
19390,2026-01-28,"BUG #19390: Defects in the test case partition_merge",1,false,,,
19391,2026-01-30,"BUG #19391: pg_ctl: the PID file ""/xxxx/postmaster.pid"" is empty",5,false,,,
19392,2026-02-04,"BUG #19392: PG_UPGRADE is non-functional on Windows",8,false,,,
19393,2026-02-04,"BUG #19393: pg_upgrade fails with duplicate key violation when CHECK constraint named *_not_null exists",17,true,both,2026-02-21,17
19394,2026-02-05,"BUG #19394: error in ecpg",2,false,,,
19395,2026-02-06,"BUG #19395: Postgres master: undeclared function 'typeof_unqual'",2,false,,,
19396,2026-02-09,"BUG #19396: Standby and DR site replication broken with PANIC: WAL contains references to invalid pages messge",4,false,,,
19398,2026-02-09,"BUG #19398: Non-existent repositories are used",1,false,,,
19399,2026-02-10,"BUG #19399: Cached plans retain outdated parameter information",1,false,,,
19400,2026-02-10,"BUG #19400: Memory leak in checkpointer and startup processes on PostgreSQL 18",3,false,,,
19401,2026-02-11,"BUG #19401: Inconsistent predicate evaluation with derived table vs direct query involving NULL",2,false,,,
19402,2026-02-12,"BUG #19402: CREATE TABLE IF NOT EXISTS raises DuplicateTable error under concurrent partition creation",1,false,,,
19403,2026-02-12,"BUG #19403: psql fails when trying to import a file that",2,false,,,
19404,2026-02-12,"BUG #19404: manpages are missing in 18.x source.tar.gz",9,false,,,
19405,2026-02-13,"BUG #19405: Assertion in eval_windowaggregates() fails due to integer overflow",9,true,both,2026-04-09,55
19406,2026-02-13,"BUG #19406: substring(text) fails on valid UTF-8 toasted value in PostgreSQL 15.16",15,true,both,2026-02-14,1
19407,2026-02-13,"BUG #19407: pg_dump : DROP RULE creates forward references",4,false,,,
19408,2026-02-13,"BUG #19408: Bad plan for UNION ALL subquery with outer WHERE, ORDER BY, LIMIT, and separate indexes",2,false,,,
19409,2026-02-13,"BUG #19409: Function jsonb_strip_nulls() changed from immutable to stable.",10,true,both,2026-02-18,5
19410,2026-02-15,"BUG #19410: Cannot ser client_encoding",3,false,,,
19411,2026-02-16,"BUG #19411: libpq 16.x exhibits a memory leak when connections are repeatedly created and destroyed",7,false,,,
19412,2026-02-17,"BUG #19412: Wrong query result with not null constraint",11,true,both,2026-02-20,3
19413,2026-02-19,"BUG #19413: ASAN: stack-buffer-overflow in foldcase_options() with invalid ICU language tag",2,false,,,
19414,2026-02-19,"BUG #19414: Wrong rows returned by index scan on HASH-partitioned table with PRIMARY KEY (PostgreSQL 16.9)",5,false,,,
19415,2026-02-25,"BUG #19415: Spelling error about 'vacuume' in zh_CN.po",2,false,,,
19416,2026-02-25,"BUG #19416: Backend SIGSEGV in ExecShutdownHashJoin/ExecHashTableDetach/dsa_free",4,false,,,
19417,2026-02-26,"BUG #19417: '\dD' fails to list user-defined domains that shadow built-in type names (e.g., 'numeric')",5,false,,,
19418,2026-02-26,"BUG #19418: SQL/JSON JSON_VALUE() does not conform to ISO/IEC 9075-2:2023(E) 6.34 <JSON value constructor>",29,true,both,2026-05-01,64
19419,2026-02-26,"BUG #19419: Cannot create custom functions using python3u",2,false,,,
19420,2026-02-27,"BUG #19420: Zombie FK exists after partition is detached.",6,false,,,
19421,2026-02-28,"BUG #19421: PostgreSQL MERGE Crash: heap_compute_data_size() at heaptuple.c:236",2,false,,,
19422,2026-03-02,"BUG #19422: Malformed raius packet",3,false,,,
19423,2026-03-03,"BUG #19423: canonicalize_path does not function correctly when processing paths that contain . and ..",2,false,,,
19424,2026-03-03,"BUG #19424: Concurrent PQconnectdb() calls hang on Windows",2,false,,,
19425,2026-03-04,"BUG #19425: Parametric settings in collation not working in rule syntax",2,true,both,2026-03-18,14
19426,2026-03-07,"BUG #19426: pgdump is stuck",2,false,,,
19427,2026-03-11,"BUG #19427: TOAST Snapshot Assertion Failure",2,false,,,
19428,2026-03-11,"BUG #19428: Lazy evaluation of type checking in CASE in SQL functions including subqueries no longer works in 18",8,false,,,
19429,2026-03-12,"BUG #19429: An issue regarding the processing of Oid as an int type in ecpg",2,true,both,2026-03-15,3
19430,2026-03-12,"BUG #19430: Autovacuums stopped working possible due to problem with vacuuming shared catalog pg_authid",2,false,,,
19431,2026-03-12,"BUG #19431: limitation of the data type jsonb equals 8Kb",4,false,,,
19432,2026-03-12,"BUG #19432: recovery fails at invalid checkpoint record",6,false,,,
19433,2026-03-13,"BUG #19433: json_object_agg_unique Crashes When Used as Window Function",3,false,,,
19434,2026-03-15,"BUG #19434: adding WHERE to a publication can cause UPDATEs and DELETEs to fail on the source table",4,false,,,
19435,2026-03-16,"BUG #19435: Error: ""No relation entry for relid 2"" Triggered by Complex Join with Self-Referencing Tables",35,true,both,2026-03-20,4
19436,2026-03-17,"BUG #19436: Azure Arc installation failure",4,false,,,
19437,2026-03-25,"BUG #19437: temp_tablespaces doesn't work inside a cursor?",6,false,,,
19438,2026-03-25,"BUG #19438: segfault with temp_file_limit inside cursor",14,true,both,2026-03-30,5
19439,2026-03-25,"BUG #19439: pg_stat_xact_user_tables stat not currect during the transaction",8,false,,,
19440,2026-03-27,"BUG #19440: Memory leak in pg_stat_statements when query text file contains invalid encoding",1,false,,,
19441,2026-03-29,"BUG #19441: Backend waits for serializable snapshot indefinitely on removing temp relations",4,false,,,
19442,2026-03-30,"BUG #19442: PL/pgSQL: domain over composite type bypasses type validation when assigning NULL (PostgreSQL 18.3)",2,false,,,
19443,2026-03-30,"BUG #19443: GIN jsonb_path_ops index not used when many rows contain nested null values (PostgreSQL 18.3)",2,false,,,
19444,2026-03-30,"BUG #19444: conkey field empty for domain NOT NULL constraint in pg_constraint (18.3)",3,false,,,
19445,2026-03-30,"BUG #19445: Domain DEFAULT not recorded in pg_attrdef (atthasdef false) in PostgreSQL 18.3",3,false,,,
19446,2026-03-30,"BUG #19446: Domain DEFAULT not reflected in system catalogs and information_schema (PG 18.3)",3,false,,,
19448,2026-03-31,"BUG #19448: message There has been an error a debug file been created at installbuilder_debug_18008.xml",1,false,,,
19449,2026-04-02,"BUG #19449: Massive performance degradation for complex query on Postgres 16+ (few seconds -> multiple hours)",15,false,,,
19450,2026-04-05,"BUG #19450: Where is checksum_block.inc.c after master install?",6,true,both,2026-04-07,2
19451,2026-04-06,"BUG #19451: In postgreSQL v13 For 1000 tables how to update from rrn column to GUID. Each table more than 2crore",2,false,,,
19452,2026-04-07,"BUG #19452: heap-buffer-overflow in `pg_basebackup --format=tar --gzip`",3,false,,,
19454,2026-04-12,"BUG #19454: PL/pgSQL mishandling jsonb attribute reference",3,false,,,
19455,2026-04-13,"BUG #19455: ALTER TABLE RENAME will rename a sequence",3,false,,,
19456,2026-04-15,"BUG #19456: # Unit-Labeling Issue: `pg_size_pretty()` Incorrectly Labels Binary Units as Decimal Units",2,false,,,
19457,2026-04-17,"BUG #19457: RE: pgp_sym_encrypt silently accepts non-FIPS ciphers (bf, cast5, 3des) when OpenSSL is in FIPS mod",10,true,both,2026-08-10,115
19458,2026-04-17,"BUG #19458: OOM killer in jsonb_path_exists_opr (@?) with malformed JSONPath containing non-existent variables",13,true,both,2026-06-18,62
19460,2026-04-19,"BUG #19460: FULL JOIN rewriting issue on empty queries",12,true,both,2026-04-20,1
19461,2026-04-20,"BUG #19461: MERGE with EXISTS subquery referencing USING clause alias fails with ""variable not found in subplan",2,false,,,
19462,2026-04-20,"BUG #19462: MERGE on partitioned table with INSERT DEFAULT VALUES fails with ""unknown action in MERGE WHEN clau",2,false,,,
19463,2026-04-20,"BUG #19463: Server crash (Assertion failure) when using MERGE statement in CTE",3,false,,,
19464,2026-04-20,"BUG #19464: Server crash (SIGABRT) with UPDATE containing multiple multi-column assignments",5,false,,,
19465,2026-04-24,"BUG #19465: Inconsistency in EXP(LN(x)) equivalence leading to different COUNT result in PostgreSQL",2,false,,,
19466,2026-04-25,"BUG #19466: Server crash (SIGSEGV) when FETCH after ALTER TYPE during open cursor",5,false,,,
19467,2026-04-27,"BUG #19467: Inconsistency in MOD() result involving POWER() and floating-point precision in PostgreSQL",3,false,,,
19468,2026-04-27,"BUG #19468: Prevent SIGSEGV on FETCH after ALTER TYPE of cursor rowtype",2,false,,,
19469,2026-04-27,"BUG #19469: Prevent SIGSEGV on FETCH after ALTER TYPE of cursor rowtype",2,false,,,
19470,2026-04-29,"BUG #19470: PostgreSQL backend aborts (assert failure) when a prepared statement returns a composite type cast t",4,false,,,
19471,2026-05-06,"BUG #19471: Packaging problem with ogr_fdw_18",2,false,,,
19472,2026-05-06,"BUG #19472: CAST(-32768::SMALLINT AS REAL) fails with ""SMALLINT out of range"" but -32768 is valid SMALLINT value",3,false,,,
19473,2026-05-08,"BUG #19473: regression error in dblink: another command is already in progress",6,false,,,
19474,2026-05-09,"BUG #19474: LIKE with nondeterministic collations mis-handle literal backslashes in patterns containing escape",2,true,both,2026-07-06,58
19475,2026-05-11,"BUG #19475: VACUUM on a partition still warns after MAINTAIN is granted on the partitioned parent",2,false,,,
19476,2026-05-12,"BUG #19476: Segmentation fault in contrib/spi",8,true,discussion_link,2026-05-14,2
19477,2026-05-14,"BUG #19477: pg_rewind does not rewind a diverging timeline",1,false,,,
19478,2026-05-15,"BUG #19478: `dblink_close` can be used for injection.",5,false,,,
19479,2026-05-15,"BUG #19479: 04 is happening because your metadata is advertising a package version that is not actually present",1,false,,,
19480,2026-05-15,"BUG #19480: PL/Python SRF crashes (SIGSEGV) when function is replaced mid-iteration: use-after-free in PLy_funct",17,true,both,2026-06-21,37
19481,2026-05-16,"BUG #19481: multivariate MCV expression stats not applied for equivalent predicates on nullable side of LEFT JOI",2,false,,,
19482,2026-05-16,"BUG #19482: Recursive QueueFKConstraintValidation() lacks stack depth check",3,true,both,2026-05-26,10
19483,2026-05-18,"BUG #19483: pg_upgrade fails with orphan records in pg_init_priv catalog table",33,false,,,
19484,2026-05-18,"BUG #19484: Segmentation fault triggered by FDW",34,true,discussion_link,2026-06-23,36
19485,2026-05-18,"BUG #19485: Compilation warnings and notes with GCC 16.1.1 on new Fedora 44",1,true,both,2026-06-18,31
19486,2026-05-18,"BUG #19486: Regression in SQL-language functions using XML values and IS DOCUMENT",3,false,,,
19487,2026-05-19,"BUG #19487: Error while executing SQL query involving XML parsing",5,false,,,
19488,2026-05-19,"BUG #19488: Standby connection fails after dropping on login event trigger enabled always",10,true,discussion_link,2026-05-26,7
19489,2026-05-20,"BUG #19489: Function Name Conflict Between TimescaleDB and pg_stat_monitor Affecting Extension Upgrade",3,false,,,
19490,2026-05-20,"BUG #19490: Streaming standby on 16.14 stops applying WAL on MultiXactOffsetSLRU when primary is 16.8",27,true,discussion_link,2026-05-27,7
19491,2026-05-22,"BUG #19491: Segmentation fault triggered by IS NULL",9,true,discussion_link,2026-06-11,20
19492,2026-05-24,"BUG #19492: intarray: fix variable stats leak in _int_matchsel",3,true,both,2026-05-25,1
19493,2026-05-26,"BUG #19493: Assertion failure in pg_plan_advice with EXISTS subquery and DO_NOT_SCAN advice",11,true,discussion_link,2026-05-29,3
19494,2026-05-26,"BUG #19494: Error on transaction commit inside pipeline triggers psql's Assert",10,true,discussion_link,2026-06-02,7
19496,2026-05-27,"BUG #19496: Assert(""ItemPointerIsValid(pointer)"") when using pageinspect",2,false,,,
19498,2026-05-27,"BUG #19498: Anonymous ROW() field expansion fails after scalar subquery relay",2,false,,,
19499,2026-05-28,"BUG #19499: Extensions Powa and Powa-archivist are missing in official download repository",2,false,,,
19500,2026-05-28,"BUG #19500: pgrepack logical decoding plugin can crash assert builds via SQL decoding API",14,true,discussion_link,2026-06-09,12
19501,2026-05-29,"BUG #19501: btree_gist: use float4/float8 comparison functions to handle NaN correctly",2,true,both,2026-07-01,33
19502,2026-05-31,"BUG #19502: unix_socket_group doesn't work anymore",2,false,,,
19504,2026-06-02,"BUG #19504: Segmentation fault in plpython3u function (pg19)",2,false,,,
19505,2026-06-02,"BUG #19505: Some weird spikes postgresql processes in database (up to 200k sometime) without apparent reasons.",4,false,,,
19506,2026-06-03,"BUG #19506: LOAD '$libdir/...' inside extension scripts ignores dynamic_library_path with extension_control_path",8,false,,,
19507,2026-06-04,"BUG #19507: Auto-named partition table constraint conflicts",7,false,,,
19508,2026-06-04,"BUG #19508: pg_buffercache_pages() crashes the backend with an incompatible caller-supplied record definition",10,true,both,2026-06-10,6
19509,2026-06-04,"BUG #19509: Typo in 19 beta release notes (debug_print_parse)",4,false,,,
19511,2026-06-05,"BUG #19511: contrib/dblink: NULL dereference in dblink_get_notify() when called without a prior connection",5,false,,,
19512,2026-06-05,"BUG #19512: PG 17.10: SIGSEGV in build_minmax_path (planner) and hash_bytes (HashAgg executor)",2,false,,,
19513,2026-06-07,"BUG #19513: pg_upgrade fails with orphan records in pg_init_priv catalog table",2,false,,,
19514,2026-06-08,"BUG #19514: pg_hba error when configuring SSL Replication",1,false,,,
19515,2026-06-10,"BUG #19515: Creating a faulty BRIN operator class can cause the server to crash when used.",2,false,,,
19516,2026-06-10,"BUG #19516: Mixup of OLD/NEW with RETURNING when parenthesized",2,true,bug_ref,2026-06-11,1
19517,2026-06-10,"BUG #19517: Eager Aggregation produces wrong count(*) when pushed into RHS of Hash Semi Join",3,false,,,
19518,2026-06-12,"BUG #19518: Path resolution for loading a function fails, if postgres is somewhere in the path.",2,false,,,
19519,2026-06-14,"BUG #19519: REPACK can fail due to missing chunk for toast value",27,false,,,
19520,2026-06-14,"BUG #19520: PANIC when concurrently manipulating stored procedures with pg_stat_statements and track_functions =",17,true,discussion_link,2026-06-18,4
19521,2026-06-15,"BUG #19521: After a minor PostgreSQL update from 14.22 to 14.23, the database goes into an infinite loop.",7,false,,,
19523,2026-06-18,"BUG #19523: psql tab-completion shadows pg_db_role_setting",5,false,,,
19524,2026-06-18,"BUG #19524: In `contrib/btree_gist` float4/float8 GiST index operations, handling NaN values with raw C operator",16,true,both,2026-07-01,13
19525,2026-06-18,"BUG #19525: In `contrib/dict_int`, handling a token whose first byte is a null byte causes `pnstrdup()` .",4,true,discussion_link,2026-07-05,17
19527,2026-06-18,"BUG #19527: Double-Abort Crash in `ResOwnerReleaseOSSLCipher` via `encrypt_iv` with Oversized Input",2,true,both,2026-06-22,4
19528,2026-06-19,"BUG #19528: Assert failure in generate_normalized_query() via Squashed Array Literals",3,true,discussion_link,2026-08-10,52
19529,2026-06-19,"BUG #19529: Documentation appears inconsistent with pg_dump --statistics behavior for CREATE STATISTICS objects",3,true,discussion_link,2026-06-22,3
19530,2026-06-21,"BUG #19530: Crash (SIGSEGV/SIGBUS) in parallel B-tree index vacuum during plain VACUUM",2,false,,,
19531,2026-06-24,"BUG #19531: Inconsistent Error Messages for the Same SQL Query",3,false,,,
19532,2026-06-24,"BUG #19532: Window run-condition optimization can produce wrong results for count() window aggregates",2,false,,,
19533,2026-06-24,"BUG #19533: Wrong results from WindowAgg run-condition pushdown on count() with EXCLUDE CURRENT ROW",15,true,both,2026-07-07,13
19534,2026-06-24,"BUG #19534: Qual pushdown across a window subquery is unsafe with nondeterministic partition collations",6,false,,,
19535,2026-06-24,"BUG #19535: Splitting window input targets can break same-level SRF lockstep semantics",2,true,both,2026-06-30,6
19536,2026-06-24,"BUG #19536: UPDATE RETURNING OLD value is stale after concurrent update when table has a BEFORE UPDATE trigger",7,true,both,2026-07-08,14
19537,2026-06-26,"BUG #19537: Authentication failed regardless of typing exactly my password set from sudo passwd postgres",2,false,,,
19538,2026-06-29,"BUG #19538: ALTER SYSTEM adds extra quotes",2,false,,,
19539,2026-06-29,"BUG #19539: psql 17.6 on Windows 11 prints random garbage characters in Russian localized output of \d",2,false,,,
19540,2026-06-30,"BUG #19540: Inconsistent integer-to-octal formatting for permission GUCs in pg_settings (boot_val vs setting)",2,false,,,
19541,2026-06-30,"BUG #19541: Postgresql failed to run 150+ tests on both debug and release configurations with VS 2026 on Windows",5,false,,,
19542,2026-07-03,"BUG #19542: Boolean syntax in GRAPH_TABLE",3,false,,,
19543,2026-07-03,"BUG #19543: ALTER RULE ... RENAME accepts reserved name ""_RETURN"" for a non-view rule; breaks a restored dump",2,true,both,2026-07-04,1
19544,2026-07-06,"BUG #19544: PostgreSQL 18.3 backend crashes with SIGSEGV when a PL/pgSQL function",3,false,,,
19545,2026-07-07,"BUG #19545: Integer truncation of `GinTuple.keylen` causes out-of-bounds read in parallel GIN index build",9,false,,,
19547,2026-07-08,"BUG #19547: `libpqrcv_create_slot` dereferences NULL on a malformed `CREATE_REPLICATION_SLOT` reply (just a sugg",10,true,both,2026-07-16,8
19548,2026-07-08,"BUG #19548: Missing dependency between a graph edge and the related PK",4,false,,,
19549,2026-07-09,"BUG #19549: Physical replication slot xmin value stuck",2,false,,,
19551,2026-07-10,"BUG #19551: TRAP: failed Assert(""max_pinned_buffers > 0"")",4,true,both,2026-07-15,5
19553,2026-07-16,"BUG #19553: Wrong results from nested LEFT JOINs over an empty subquery (regression since v16)",13,true,both,2026-07-18,2
19554,2026-07-16,"BUG #19554: No match for argument: postgresql18-server Error: Unable to find a match: postgresql18-server",1,false,,,
19555,2026-07-17,"BUG #19555: TRAP: failed Assert (ent->cmin == change->data.tuplecid.cmin) on logical replication",3,false,,,
19556,2026-07-17,"BUG #19556: Segmentation fault in test_decoding",10,true,both,2026-07-28,11
19557,2026-07-17,"BUG #19557: Parallel leader stuckat ParallelFinish leaked InterruptHoldoffCount",2,false,,,
19558,2026-07-18,"BUG #19558: User-defined prefix operators ""|"" and ""->"" no longer parse in 19beta2 (SQL/PGQ grammar change)",5,true,both,2026-07-18,0
19559,2026-07-18,"BUG #19559: ALTER TABLE SET EXPRESSION / ALTER TYPE fails on columns referenced by a property graph",1,false,,,
19560,2026-07-20,"BUG #19560: Wrong results since v16: removable LEFT JOIN silently drops WHERE qual",2,true,bug_ref,2026-08-28,39
19562,2026-07-21,"BUG #19562: pgcli packaged by the PostgreSQL Yum Repository:ModuleNotFoundError: No module named 'pgspecial'",2,false,,,
19563,2026-07-21,"BUG #19563: Planner does not eliminate redundant outer DISTINCT over UNION",2,false,,,
19564,2026-07-21,"BUG #19564: Semantically redundant DISTINCT in an IN subquery changes the join strategy and improves execution t",1,false,,,
19565,2026-07-21,"BUG #19565: Duplicating an equivalent ANY predicate changes a semijoin into a slower per-row SubPlan",1,false,,,
19566,2026-07-21,"BUG #19566: redundant HAVING COUNT(*) > 0 changes a parallel hash join into a substantially faster indexed",2,false,,,
19567,2026-07-22,"BUG #19567: Redundant outer DISTINCT causes a second full aggregation above UNION",3,false,,,
19568,2026-07-22,"BUG #19568: Redundant outer DISTINCT adds Sort and Unique above INTERSECT",1,false,,,
19569,2026-07-22,"BUG #19569: Redundant outer DISTINCT adds Sort and Unique above EXCEPT",1,false,,,
19570,2026-07-22,"BUG #19570: redundant double negation prevents IN-subquery pull-up and causes a slower SubPlan",1,false,,,
19571,2026-07-22,"BUG #19571: Semantically redundant OR FALSE prevents IN-subquery pull-up and causes a slower SubPlan",1,false,,,
19572,2026-07-22,"BUG #19572: Redundant predicate changes JIT decision and causes an 18x performance difference",4,false,,,
19573,2026-07-22,"BUG #19573: Unable to install new version 18 (able to install 17)",2,false,,,
19575,2026-07-23,"BUG #19575: Enhancement for Redundant DISTINCT in set-operation branches",2,false,,,
19576,2026-07-23,"BUG #19576: startup process hangs indefinitely replaying MultiXact/CREATE_ID record",2,false,,,
19579,2026-07-25,"BUG #19579: Wrong results regression",7,true,both,2026-07-31,6
19580,2026-07-25,"BUG #19580: Can not FINALIZE detach partition. Table in stuck",2,false,,,
19581,2026-07-26,"BUG #19581: Non-UTF8-encoded text in log file",2,false,,,
19582,2026-07-27,"BUG #19582: Query fails on mixed IPv4 IPv6 data when index added",2,false,,,
19583,2026-07-29,"BUG #19583: macaddr input accepts octet fields longer than 8 hex digits",6,false,,,
19584,2026-07-29,"BUG #19584: tid input acceptance is platform-dependent: '(,5)'::tid yields (0,5) on glibc, errors on macOS",2,true,discussion_link,2026-08-06,8
19585,2026-07-29,"BUG #19585: Trivial bug - anchor tag points to wrong book",3,true,bug_ref,2026-08-04,6
19586,2026-07-29,"BUG #19586: money division overflow",6,true,discussion_link,2026-08-04,6
19587,2026-07-29,"BUG #19587: hashchar (internal ""char"" type) depends on platform char signedness",2,false,,,
19588,2026-07-30,"BUG #19588: Semantically equivalent DISTINCT ON query returns different result when wrapped in MATERIALIZED CTE.",3,false,,,
19589,2026-07-30,"BUG #19589: JSON_QUERY rejects domain-over-bytea input when using FORMAT JSON ENCODING UTF8.",2,false,,,
19590,2026-07-31,"BUG #19590: to_date/to_timestamp ""Y,YYY"" accepts out-of-range values",2,false,,,
19593,2026-08-01,"BUG #19593: area(circle) silently returns Infinity instead of raising ""value out of range: overflow""",10,false,,,
19594,2026-08-01,"BUG #19594: to_char/jsonpath format cache serves a format tree parsed in the wrong strict-mode",2,false,,,
19595,2026-08-02,"BUG #19595: Three memory-safety defects in src/backend/tsearch/spell.c (dictionary loader), PG 18.3",7,true,both,2026-08-02,0
19597,2026-08-02,"BUG #19597: getQuadrant: impossible case is reachable",4,false,,,
19598,2026-08-02,"BUG #19598: pg_waldump: -s/-e accept out-of-range WAL locations and silently use the low 32 bits",13,true,both,2026-08-12,10
19599,2026-08-02,"BUG #19599: RestoreBlockImage: the decode cross-checks never bound hole_offset + hole_length against BLCKSZ",1,false,,,
19600,2026-08-03,"BUG #19600: pgcrypto crypt() can return text with invalid encoding",2,false,,,
19601,2026-08-03,"BUG #19601: Vuln45: Unbounded recursion via self-retying Perl scalar in bool_plperl's SvTRUE call causes backend",4,false,,,
19602,2026-08-03,"BUG #19602: Vuln46: citext split_part silently returns NULL for a zero field position instead of raising core sp",1,false,,,
19603,2026-08-03,"BUG #19603: Vuln47: distance_taxicab and distance_chebyshev silently return 0 instead of NaN when a cube coordin",2,false,,,
19604,2026-08-03,"BUG #19604: Bug 9: `plperl_to_hstore` heap overflow with a tied Perl hash",2,false,,,
19607,2026-08-03,"BUG #19607: Bug 18: `pg_surgery` infinite loop in `heap_force_common`",5,true,both,2026-08-04,1
19608,2026-08-03,"BUG #19608: Error while Reindexing Main Table",2,false,,,
19609,2026-08-04,"BUG #19609: Server crashes when executing a JIT-compiled SQL function on s390x",5,false,,,
19610,2026-08-06,"BUG #19610: Database won't start if an unrelated process is exist",4,false,,,
19612,2026-08-07,"BUG #19612: SEGV in ParseConfigFp() in guc-file.l",8,true,discussion_link,2026-08-16,9
19613,2026-08-07,"BUG #19613: pg_restore: several SEGVs in ReadToc() in pg_backup_archiver.c",7,false,,,
19615,2026-08-11,"BUG #19615: COVAR_POP / COVAR_SAMP / REGR_SXY return 0.0 instead of NaN",4,true,both,2026-08-12,1
19616,2026-08-11,"BUG #19616: pgoutput sends stream abort ('A') to clients that did not enable streaming",15,true,both,2026-08-18,7
19617,2026-08-12,"BUG #19617: Hash node can report incorrect actual rows number",2,false,,,
19618,2026-08-13,"BUG #19618: postgresql18 client package not found",1,false,,,
19619,2026-08-14,"BUG #19619: WHERE scale(n) = 1 pushed past GROUP BY / window PARTITION BY, wrong COUNT",3,false,,,
19620,2026-08-15,"BUG #19620: pg_class index corruption caused by statement_timeout during VACUUM FULL",3,false,,,
19621,2026-08-15,"BUG #19621: Unexpected results of JSON_VALUE with DEFAULT ON EMPTY",4,false,,,
19622,2026-08-16,"BUG #19622: io_method=worker retains file descriptors on dropped relations",1,false,,,
19623,2026-08-17,"BUG #19623: Postmaster livelocks respawning io workers when children die after crash restart; pg_ctl stop fails",5,true,discussion_link,2026-08-20,3
19624,2026-08-17,"BUG #19624: postgresql14-devel (and in general postgresqlXX-devel) do not set PKG_CONFIG_PATH",1,false,,,
19625,2026-08-17,"BUG #19625: SQL/JSON boolean DEFAULT expression silently replaced with 'false'",3,false,,,
19626,2026-08-18,"BUG #19626: Segmentation fault planning self-join IN subquery with LATERAL UNION ALL",6,false,,,
19627,2026-08-18,"BUG #19627: 32,768 trigger arguments wrap `tgnargs` and are silently lost at runtime",4,true,discussion_link,2026-08-20,2
19628,2026-08-18,"BUG #19628: Uninterruptible vacuum during hash index processing",2,false,,,
19629,2026-08-19,"BUG #19629: pg_restore_relation_stats reports XX000 instead of proper SQLSTATE for input validation errors",11,true,both,2026-08-27,8
19630,2026-08-19,"BUG #19630: FOR PORTION OF crashes with XX000 when target range is NULL",3,true,both,2026-08-21,2
19631,2026-08-19,"BUG #19631: currtid2() on a view with GROUP BY ctid crashes with XX000",3,false,,,
19632,2026-08-19,"BUG #19632: RULE rewriting crashes with XX000 when RETURNING old/new references a system column",9,true,discussion_link,2026-08-20,1
19633,2026-08-20,"BUG #19633: Unexpected results of IN (subquery) with a non-deterministic collation",4,false,,,
19634,2026-08-21,"BUG #19634: Hash partition with large MODULUS causes ""invalid memory alloc request size""",3,false,,,
19635,2026-08-21,"BUG #19635: Missing entry in information_schema.sequences when creating a Tale with auto increment",2,false,,,
19636,2026-08-21,"BUG #19636: heap_fill_tuple misses short varlena conversion after EOH_flatten_into, causing 3-byte waste per row",3,false,,,
19637,2026-08-23,"BUG #19637: pg_event_trigger_ddl_commands can't process GRANT ON PROPERTY GRAPH",7,true,both,2026-08-27,4
19638,2026-08-23,"BUG #19638: Planner chooses an index-only scan for an index AM without amcanreturn, and execution fails",8,false,,,
19639,2026-08-23,"BUG #19639: EXPLAIN (FORMAT JSON) emits a 309-digit cost value, and the node still reports ""Disabled"": false",3,false,,,
19640,2026-08-26,"BUG #19640: Standby permanently stuck re-requesting old timeline after promotion, never switches to new timeline",2,false,,,
19641,2026-08-28,"BUG #19641: Unexpected results on an SP-GiST indexed column with a non-deterministic collation",2,false,,,
19642,2026-08-28,"BUG #19642: Include column name in error message when varchar(n) length limit is exceeded",2,false,,,
19643,2026-08-28,"BUG #19643: Output of jsonb_populate_recordset not consistent with documentation description",2,false,,,
