bug_number,reporter_person_key,reported_date_key,reported_dt,subject,thread_message_cnt,thread_size_window,is_acted_upon,outcome,linked_via,first_commit_dt,days_to_commit,days_to_commit_window,earliest_ship_release_dt
17208,0e9a82d4ab143742a23ad31640810fc4,20211001,2021-10-01,"BUG #17208: Download fails when running 'yum install postgresql96'",3,2: 2-3 messages,false,no linked commit,,,,,2021-11-11
17209,6758915a754a7a786232f301172c76d3,20211001,2021-10-01,"BUG #17209: The latest pgdg-redhat-repo-latest.noarch has incorrect path for pgdg14",2,2: 2-3 messages,false,no linked commit,,,,,2021-11-11
17210,d169336c1d2c08a2d9d8022115c2c9a0,20211001,2021-10-01,"BUG #17210: Postgres Let'sEncrypt root certificate is expired and breaks installation of postgres-client",2,2: 2-3 messages,false,no linked commit,,,,,2021-11-11
17211,5244f13ba85ba51627bf23a86a800e5f,20211001,2021-10-01,"BUG #17211: Partitioned index partition does not inherit table partition tablespace",2,2: 2-3 messages,false,no linked commit,,,,,2021-11-11
17212,8d353a4c5a84c5049abfc94b13c17ae1,20211002,2021-10-02,"BUG #17212: pg_amcheck fails on checking temporary relations",83,4: 11+ messages,true,linked to a fix commit,both,2021-10-12,10,3: within a month,2021-11-11
17213,1744b15862933e61cce5d05090f86547,20211004,2021-10-04,"BUG #17213: Wrong result from a query involving Merge Semi Join and Memoize",10,3: 4-10 messages,true,linked to a fix commit,both,2021-11-24,51,4: within 6 months,2021-11-11
17214,8a67829c7a29400054ae946249694a9b,20211005,2021-10-05,"BUG #17214: HammerDB-v4.2-TPCH build schema error for virtual users.",2,2: 2-3 messages,false,no linked commit,,,,,2021-11-11
17215,d3ac1d7e211dd0d7337a0749b8eb65f3,20211005,2021-10-05,"BUG #17215: ltree tests failing in REL_14_STABLE / commit cb8a5a588",5,3: 4-10 messages,false,no linked commit,,,,,2021-11-11
17216,fa7c71b8eafb4ee124509e935c067bb3,20211006,2021-10-06,"BUG #17216: No Password Provided Error - uncaught exception",4,3: 4-10 messages,false,no linked commit,,,,,2021-11-11
17217,4a95b4336c4030af1f25ed97442ed111,20211006,2021-10-06,"BUG #17217: PANIC: stuck spinlock detected at LockBufHdr, bufmgr.c:4297",1,1: no replies,false,no linked commit,,,,,2021-11-11
17218,0c37f7fd409c28edf5c05d538fc4e16e,20211011,2021-10-11,"BUG #17218: Cluster recovery is not working properly.",3,2: 2-3 messages,false,no linked commit,,,,,2021-11-11
17219,6804532aa0921d661d610b7415b75025,20211011,2021-10-11,"BUG #17219: Create table not working",1,1: no replies,false,no linked commit,,,,,2021-11-11
17220,f31a58fe1776f6e8de7c3e5c84a1899e,20211011,2021-10-11,"BUG #17220: ALTER INDEX ALTER COLUMN SET (..) with an optionless opclass makes index and table unusable",16,4: 11+ messages,true,linked to a fix commit,discussion_link,2021-10-19,8,3: within a month,2021-11-11
17221,32ccc78703a1c11a7ec79b5f070860f8,20211011,2021-10-11,"BUG #17221: Data sending resume",2,2: 2-3 messages,false,no linked commit,,,,,2021-11-11
17223,199d25aa5151752103122d6060757485,20211012,2021-10-12,"BUG #17223: Foreign key SET NULL depends on constraints order",1,1: no replies,false,no linked commit,,,,,2021-11-11
17224,2e4da88e803448202a8076ac2d3f98e5,20211012,2021-10-12,"BUG #17224: Postgres Yum repo mirror has expired SSL certificate",4,3: 4-10 messages,false,no linked commit,,,,,2021-11-11
17225,6d1e63821da3ffa84b6d1bc816cd5960,20211012,2021-10-12,"BUG #17225: Query with CTE failed after upgrade Postgres from 11 to 12/13",3,2: 2-3 messages,false,no linked commit,,,,,2021-11-11
17226,84b4e97c46d649afb77d81fbf3ed4e03,20211013,2021-10-13,"BUG #17226: hot standby mode, create database and drop database cause standby restrat failed",2,2: 2-3 messages,false,no linked commit,,,,,2021-11-11
17227,8c4c0f6e2a311eb34d48174df24ec6f2,20211013,2021-10-13,"BUG #17227: segmentation fault with jsonb_to_recordset",7,3: 4-10 messages,true,linked to a fix commit,both,2021-10-14,1,1: same/next day,2021-11-11
17228,f32443f599a0be86748c795a09d02c31,20211013,2021-10-13,"BUG #17228: Adding 'syslog' to log_destination causes postgres service throw an error when restarted.",1,1: no replies,false,no linked commit,,,,,2021-11-11
17229,b84ec106754fb7c004f1d6d47f2e20ab,20211013,2021-10-13,"BUG #17229: Segmentation Fault after upgrading to version 13",14,4: 11+ messages,false,no linked commit,,,,,2021-11-11
17230,da361360496d08358f5bbaa0ae859c5a,20211014,2021-10-14,"BUG #17230: The postmaster has commanded this server process to roll back the current transaction and exit, beca",2,2: 2-3 messages,false,no linked commit,,,,,2021-11-11
17231,ab4a6687fa7a850fa849999adb7d1bb9,20211015,2021-10-15,"BUG #17231: ERROR: tuple concurrently updated",2,2: 2-3 messages,false,no linked commit,,,,,2021-11-11
17232,461e5ad3902c8183ba50fd31cb630b46,20211015,2021-10-15,"BUG #17232: DISTINCT ON does not allow AS",3,2: 2-3 messages,false,no linked commit,,,,,2021-11-11
17233,ae2a893f4c51a7ce3c9584ecd9f17ba3,20211016,2021-10-16,"BUG #17233: Incorrect behavior of DELETE command with bad subquery in WHERE clause",16,4: 11+ messages,true,linked to a fix commit,both,2022-11-22,402,5: longer,2021-11-11
17235,40cfb916bdb4270361d3436cf67e1b93,20211018,2021-10-18,"BUG #17235: PQsendQuery (with two sql) after PQenterPipelineMode cause ERROR",8,3: 4-10 messages,true,linked to a fix commit,discussion_link,2021-11-05,18,3: within a month,2021-11-11
17236,bfd3151d15d37ec642473cc8d97af398,20211018,2021-10-18,"BUG #17236: Postgres core on pstate->p_multiassign_exprs",3,2: 2-3 messages,true,linked to a fix commit,both,2021-10-19,1,1: same/next day,2021-11-11
17237,acac6e20d4fd1aa8589d0467b0c6ba94,20211019,2021-10-19,"BUG #17237: set_config: Custom parameter names must be two or more simple identifiers separated by dots.",2,2: 2-3 messages,false,no linked commit,,,,,2021-11-11
17238,f63c38ea4fdc4bb776ee39ade06722ce,20211019,2021-10-19,"BUG #17238: Link to ""Using EXPLAIN"" in the ""EXPLAIN"" documentation",2,2: 2-3 messages,false,no linked commit,,,,,2021-11-11
17240,96edfb76e466483098c6d0de73b309cc,20211021,2021-10-21,"BUG #17240: <timestamptz> at time zone ... ; wrong result",5,3: 4-10 messages,false,no linked commit,,,,,2021-11-11
17241,e97d3835b8e9d1f7517b01a455cefecb,20211021,2021-10-21,"BUG #17241: llvm::install_bad_alloc_error_handler error",3,2: 2-3 messages,false,no linked commit,,,,,2021-11-11
17242,fef22b98752fd20b08d50aec94614ab1,20211021,2021-10-21,"BUG #17242: Postgis 2.5 fails to install and fails to load due to broken gdal32-libs RPM",1,1: no replies,false,no linked commit,,,,,2021-11-11
17243,f47ae51bc642352acf1d905310b1cb4f,20211022,2021-10-22,"BUG #17243: explain wtih recursive cte error?",2,2: 2-3 messages,false,no linked commit,,,,,2021-11-11
17244,9e5bd0de424c807f820b3340274de428,20211022,2021-10-22,"BUG #17244: strange string to timestamp with time zone conversion due to summer time / winter time switch ?",3,2: 2-3 messages,false,no linked commit,,,,,2021-11-11
17245,eefa13e3fc3b8c4ae96144bbb2e63f2b,20211024,2021-10-24,"BUG #17245: Index corruption involving deduplicated entries",103,4: 11+ messages,true,linked to a fix commit,both,2021-10-27,3,2: within a week,2021-11-11
17246,dfafe3cef3f0296e6e5b4769befad9d4,20211025,2021-10-25,"BUG #17246: Feature request for adoptive indexes",5,3: 4-10 messages,false,no linked commit,,,,,2021-11-11
17247,9c69a30dd0abf7b742ec018854cab1b8,20211025,2021-10-25,"BUG #17247: How to avoid crating multiple Foreign keys on same column on same table.",2,2: 2-3 messages,false,no linked commit,,,,,2021-11-11
17248,b9f148633d0b84c62ed72a479fa3383a,20211027,2021-10-27,"BUG #17248: Installation fails...",2,2: 2-3 messages,false,no linked commit,,,,,2021-11-11
17249,43c5c1608c8426ce052fa74f51bf6467,20211027,2021-10-27,"BUG #17249: Bug in .pgpass search and/or documentation thereof, Ubuntu 13.4-4",5,3: 4-10 messages,false,no linked commit,,,,,2021-11-11
17250,9d8d1c2e784843f3135c7fb986cffa9b,20211028,2021-10-28,"BUG #17250: libboost_thread.so.1.75.0 is missing when installing PostGIS 3.1",1,1: no replies,false,no linked commit,,,,,2021-11-11
17251,023b667e4f003afcb5aa271b3133a679,20211028,2021-10-28,"BUG #17251: Download Link Page Displaying Weirdly",2,2: 2-3 messages,false,no linked commit,,,,,2021-11-11
17252,e124c610b60088668ffadfc25585d64f,20211028,2021-10-28,"BUG #17252: Alter Column Length with dependent Views",2,2: 2-3 messages,false,no linked commit,,,,,2021-11-11
17253,b0611d64a154cfd4365a044f0e9be19d,20211029,2021-10-29,"BUG #17253: Composite partition table configuration error",1,1: no replies,false,no linked commit,,,,,2021-11-11
17254,d3afca99eaaff73f220c8c9dc0e2eae5,20211029,2021-10-29,"BUG #17254: Crash with 0xC0000409 in pg_stat_statements when pg_stat_tmp\pgss_query_texts.stat exceeded 2GB.",11,4: 11+ messages,true,linked to a fix commit,both,2021-10-31,2,2: within a week,2021-11-11
17255,8d353a4c5a84c5049abfc94b13c17ae1,20211029,2021-10-29,"BUG #17255: Server crashes in index_delete_sort_cmp() due to race condition with vacuum",90,4: 11+ messages,true,linked to a fix commit,both,2022-01-14,77,4: within 6 months,2021-11-11
17256,dfc0d8c9d9abab0aeaa9a24542cc97d2,20211029,2021-10-29,"BUG #17256: Running pgagent on a custom user",2,2: 2-3 messages,false,no linked commit,,,,,2021-11-11
17257,8d353a4c5a84c5049abfc94b13c17ae1,20211029,2021-10-29,"BUG #17257: (auto)vacuum hangs within lazy_scan_prune()",43,4: 11+ messages,false,no linked commit,,,,,2021-11-11
17258,c219520243e15135d8a92ec43df13970,20211029,2021-10-29,"BUG #17258: Unexpected results in CHAR(1) data type",19,4: 11+ messages,false,no linked commit,,,,,2021-11-11
17259,3aae947404fd09733f2a2c3453e9ef87,20211031,2021-10-31,"BUG #17259: RETURN QUERY no longer accepts an UPDATE RETURNING",2,2: 2-3 messages,false,no linked commit,,,,,2021-11-11
17260,14ffd49419c8d420c5785d265a0ade61,20211101,2021-11-01,"BUG #17260: Unable to Download Installer: Receiving Internal Server Error 500",2,2: 2-3 messages,false,no linked commit,,,,,2021-11-11
17261,1fcc08b24a039578f161572d98015559,20211101,2021-11-01,"BUG #17261: FK ON UPDATE CASCADE can break referential integrity with columns of different types",8,3: 4-10 messages,false,no linked commit,,,,,2021-11-11
17262,33e01d5d2cf0980322a01247959a922c,20211102,2021-11-02,"BUG #17262: ""View manual"" button on postgres.org/docs is overflowing horizontally on mobile view",4,3: 4-10 messages,false,no linked commit,,,,,2021-11-11
17265,83936b2b5f80343ae838d1801d1cae66,20211103,2021-11-03,"BUG #17265: Not able to download",2,2: 2-3 messages,false,no linked commit,,,,,2021-11-11
17266,01dee442cb85e41229ff2a788389aa10,20211103,2021-11-03,"BUG #17266: could not truncate file ""base/126370/130666"" to 0 blocks: Permission denied",2,2: 2-3 messages,false,no linked commit,,,,,2021-11-11
17267,e0d957209c3aaa8402c2aa6976219cf0,20211103,2021-11-03,"BUG #17267: cant able to install",2,2: 2-3 messages,false,no linked commit,,,,,2021-11-11
17268,99539b4f55cc85d34dbcca1b6b27877e,20211103,2021-11-03,"BUG #17268: Possible corruption in toast index after reindex index concurrently",28,4: 11+ messages,true,linked to a fix commit,discussion_link,2021-12-08,35,4: within 6 months,2021-11-11
17269,1627a9b88f67fe9d8e6684a53aa8c3b1,20211103,2021-11-03,"BUG #17269: Why is virtual memory usage of PostgreSQL growing constantly?",6,3: 4-10 messages,false,no linked commit,,,,,2021-11-11
17270,22fbef86fc7034aef607c20752f268b3,20211103,2021-11-03,"BUG #17270: Partitions are not prunned for generic plans when `ANY` construct is used.",1,1: no replies,false,no linked commit,,,,,2021-11-11
17271,abd0435c58f3b8332d6ebd7e04d95fd4,20211104,2021-11-04,"BUG #17271: Updating enum columns type fails when constraints exist",6,3: 4-10 messages,false,no linked commit,,,,,2021-11-11
17272,d05c23b5bd3224fd802a6d8f2d4b6b3c,20211105,2021-11-05,"BUG #17272: Incorrect syntax parsed",2,2: 2-3 messages,false,no linked commit,,,,,2021-11-11
17274,dfae01dff01776440322a53a1be7a6f1,20211108,2021-11-08,"BUG #17274: Issue in upgrading package pgrouting: not signed",3,2: 2-3 messages,false,no linked commit,,,,,2022-02-10
17275,5e8df510e527db79a469057a16b7608c,20211108,2021-11-08,"BUG #17275: pg_waldump files split across postgresql14 and postgresql14-server packages",1,1: no replies,false,no linked commit,,,,,2022-02-10
17276,d5b786aa32eda43e70f644796d6c525d,20211109,2021-11-09,"BUG #17276: pg_tblspc Permission denied",2,2: 2-3 messages,false,no linked commit,,,,,2022-02-10
17277,f31a58fe1776f6e8de7c3e5c84a1899e,20211109,2021-11-09,"BUG #17277: write past chunk when calling normalize() on an empty string",3,2: 2-3 messages,true,linked to a fix commit,discussion_link,2021-11-11,2,2: within a week,2022-02-10
17278,8660f2558dde0e3499055efb1a0ee1ec,20211110,2021-11-10,"BUG #17278: Silent install issue",2,2: 2-3 messages,false,no linked commit,,,,,2022-02-10
17279,d10bbbd9d933c0194d6e787bd0b2da5c,20211110,2021-11-10,"BUG #17279: 'return query update ... returning *' reports syntax error in pg/plsql function",2,2: 2-3 messages,false,no linked commit,,,,,2022-02-10
17280,dd62e2ef2da8e7dc252efeb2d7a9d06a,20211110,2021-11-10,"BUG #17280: global-buffer-overflow on select from pg_stat_slru",8,3: 4-10 messages,true,linked to a fix commit,discussion_link,2021-11-12,2,2: within a week,2022-02-10
17281,40cfb916bdb4270361d3436cf67e1b93,20211111,2021-11-11,"BUG #17281: How specify regress database?",3,2: 2-3 messages,false,no linked commit,,,,,2022-02-10
17283,e6d5124137609e50cd51b6b922a9f305,20211113,2021-11-13,"BUG #17283: localhost should also include IPv6",2,2: 2-3 messages,false,no linked commit,,,,,2022-02-10
17284,8d353a4c5a84c5049abfc94b13c17ae1,20211113,2021-11-13,"BUG #17284: Assert failed in SerialAdd() when the summarize_serial mode is engaged",5,3: 4-10 messages,false,no linked commit,,,,,2022-02-10
17286,540fee0a660cbe3f4fc8787cce4515e5,20211117,2021-11-17,"BUG #17286: Installing open source edition of PostgreSQL 11.14 will fail",3,2: 2-3 messages,false,no linked commit,,,,,2022-02-10
17288,a9ad0b503fb71580b1c0e6accdb48635,20211117,2021-11-17,"BUG #17288: PSQL bug with COPY command (Windows)",29,4: 11+ messages,true,linked to a fix commit,discussion_link,2021-11-25,8,3: within a month,2022-02-10
17289,b70f188c0af69096bb61896a3a4eebf6,20211117,2021-11-17,"BUG #17289: Postgres 14.1 Windows installer fails with unknown error and terminates",12,4: 11+ messages,false,no linked commit,,,,,2022-02-10
17290,db80fef3f39a6031958d238a042cea7e,20211117,2021-11-17,"BUG #17290: Error Installation",4,3: 4-10 messages,false,no linked commit,,,,,2022-02-10
17292,4861186401477aa629576e3b3318dd03,20211119,2021-11-19,"BUG #17292: view definition containing multiple joins on partitioned table returns invalid explain plan",2,2: 2-3 messages,false,no linked commit,,,,,2022-02-10
17294,cba1e4240678a5449a149ddb7d811b42,20211120,2021-11-20,"BUG #17294: spgist doesn't support varchar, only text type fields.",2,2: 2-3 messages,true,linked to a fix commit,both,2021-11-20,0,1: same/next day,2022-02-10
17295,11bf6422b6a3bd943c3719ee920b2c64,20211120,2021-11-20,"BUG #17295: Different query plan with Index Only Scan and Bitmap Index Scan.",2,2: 2-3 messages,false,no linked commit,,,,,2022-02-10
17296,8cea4f2a7a7a948ab27e3f1965740deb,20211122,2021-11-22,"BUG #17296: replication slot self-removed after created",2,2: 2-3 messages,false,no linked commit,,,,,2022-02-10
17298,0a6f0b6165d47e495e8ae6f7ac62ab04,20211125,2021-11-25,"BUG #17298: Error in func pg_get_serial_sequence()",2,2: 2-3 messages,false,no linked commit,,,,,2022-02-10
17299,6125e1545faf0ef6b5c60288f2a67f9a,20211125,2021-11-25,"BUG #17299: Exit code 3 when open connections concurrently (PQisthreadsafe() == 1)",7,3: 4-10 messages,true,linked to a fix commit,both,2022-01-21,57,4: within 6 months,2022-02-10
17300,8d353a4c5a84c5049abfc94b13c17ae1,20211127,2021-11-27,"BUG #17300: Server crashes on deserializing text multirange",5,3: 4-10 messages,true,linked to a fix commit,discussion_link,2021-12-13,16,3: within a month,2022-02-10
17301,20fb48b835d0afef08c5e4243612fa76,20211127,2021-11-27,"BUG #17301: SELECT gets weird result while two transactions are submitted concurrently",2,2: 2-3 messages,false,no linked commit,,,,,2022-02-10
17302,8d353a4c5a84c5049abfc94b13c17ae1,20211128,2021-11-28,"BUG #17302: gist index prevents insertion of some data",4,3: 4-10 messages,false,no linked commit,,,,,2022-02-10
17303,40cfb916bdb4270361d3436cf67e1b93,20211129,2021-11-29,"BUG #17303: statement_timeout does not work always",4,3: 4-10 messages,false,no linked commit,,,,,2022-02-10
17304,7af2e8fac511f780d313d491e8845fdd,20211130,2021-11-30,"BUG #17304: Test failure with -fsanitize=undefined",1,1: no replies,false,no linked commit,,,,,2022-02-10
17305,686bae2edad104b7b13f9c4a2fd1cc12,20211201,2021-12-01,"BUG #17305: to_timestamp accept dates rejected by timestamptz cast",3,2: 2-3 messages,false,no linked commit,,,,,2022-02-10
17307,f964b30f5c7690881101a84af9b6fc54,20211202,2021-12-02,"BUG #17307: Performance deviation between the multiple iterations (NOPM & TPM values).",3,2: 2-3 messages,false,no linked commit,,,,,2022-02-10
17309,44c4d851a08b09d758ccac3792fd3768,20211202,2021-12-02,"BUG #17309: Memory consumption",2,2: 2-3 messages,false,no linked commit,,,,,2022-02-10
17311,05d3bb173713abb68ffaa1e2041bb6a9,20211203,2021-12-03,"BUG #17311: Google search results: Outdated docs at the top",3,2: 2-3 messages,false,no linked commit,,,,,2022-02-10
17312,03a068b93b96dd368a9e1f3d34d50185,20211203,2021-12-03,"BUG #17312: MacOS User Account Postgres not deleting.",2,2: 2-3 messages,false,no linked commit,,,,,2022-02-10
17313,598daaa0f89a8335f15bd10418120f16,20211203,2021-12-03,"BUG #17313: Exception by opening and closing connection",1,1: no replies,false,no linked commit,,,,,2022-02-10
17315,8a02477a4bfc1db9bf80120e3ff22e02,20211204,2021-12-04,"BUG #17315: Postgresql needs reinstall after restore",2,2: 2-3 messages,false,no linked commit,,,,,2022-02-10
17318,8d9db6e616e61561fbe81d107892f62c,20211206,2021-12-06,"BUG #17318: ERROR: AddressSanitizer: SEGV on unknown address in optimizer",4,3: 4-10 messages,true,linked to a fix commit,discussion_link,2022-04-23,138,4: within 6 months,2022-02-10
17320,8d9db6e616e61561fbe81d107892f62c,20211206,2021-12-06,"BUG #17320: A SEGV in optimizer",3,2: 2-3 messages,true,linked to a fix commit,discussion_link,2022-04-23,138,4: within 6 months,2022-02-10
17321,a6adaf043192e738b73dc0987dd9d622,20211206,2021-12-06,"BUG #17321: count(*) on a 1,874,554,883 rows partitioned table takes several minutes.",3,2: 2-3 messages,false,no linked commit,,,,,2022-02-10
17323,54ab8866ae356b9603de2cb327b8ee44,20211206,2021-12-06,"BUG #17323: test_config_settings during postgres initialization does not read the parameter huge_pages",3,2: 2-3 messages,false,no linked commit,,,,,2022-02-10
17325,eb7c00ba104013426c559b3d2d838199,20211208,2021-12-08,"BUG #17325: Unexpected streaming replication protocol bytes for IDENTIFY_SYSTEM command",2,2: 2-3 messages,false,no linked commit,,,,,2022-02-10
17326,6855b3509eaa77a9583a30035cc3d859,20211208,2021-12-08,"BUG #17326: Postgres crashed when pg_reload_conf() with ssl certificate parameters",13,4: 11+ messages,false,no linked commit,,,,,2022-02-10
17327,5ec504b1325aebdd0442833a5bd03ff2,20211208,2021-12-08,"BUG #17327: Postgres server does not correctly emit error for max_slot_wal_keep_size being breached",7,3: 4-10 messages,false,no linked commit,,,,,2022-02-10
17328,b9b146bcb24ed0498859e619e4f581fe,20211208,2021-12-08,"BUG #17328: import foreign schema never reports errors",1,1: no replies,false,no linked commit,,,,,2022-02-10
17329,aec3fb74254365f4315c3c8db90cdbd4,20211208,2021-12-08,"BUG #17329: Aggregate Functions Precision Error",3,2: 2-3 messages,false,no linked commit,,,,,2022-02-10
17330,d43042f807499e59bff03093fca8223d,20211209,2021-12-09,"BUG #17330: EXPLAIN hangs and very long query plans",10,3: 4-10 messages,false,no linked commit,,,,,2022-02-10
17331,bb3e8b6d4bb655deb0a8f4316b2a37aa,20211209,2021-12-09,"BUG #17331: Minor change in install steps",1,1: no replies,false,no linked commit,,,,,2022-02-10
17332,32ccc78703a1c11a7ec79b5f070860f8,20211210,2021-12-10,"BUG #17332: Cannot read termcap database",1,1: no replies,false,no linked commit,,,,,2022-02-10
17333,be5ae6f9c15e694218e131464b0733cf,20211210,2021-12-10,"BUG #17333: pgdg postgresql-common pg_upgradecluster duplicate data_directory in configuration file",4,3: 4-10 messages,false,no linked commit,,,,,2022-02-10
17334,8d353a4c5a84c5049abfc94b13c17ae1,20211212,2021-12-12,"BUG #17334: Assert failed inside computeDistance() on gist index scanning",5,3: 4-10 messages,false,no linked commit,,,,,2022-02-10
17335,3d21a34f339c22a2e4f06b3e916ef272,20211213,2021-12-13,"BUG #17335: Duplicate result rows in Gather node when ""Suppress Append ... that have a single child"" applied",4,3: 4-10 messages,true,linked to a fix commit,bug_ref,2022-01-25,43,4: within 6 months,2022-02-10
17336,1ed3cebb509e8d1d043509da557815f2,20211214,2021-12-14,"BUG #17336: logtape sort performance and overflow",2,2: 2-3 messages,true,linked to a fix commit,discussion_link,2021-12-14,0,1: same/next day,2022-02-10
17337,cee19fae20ab77c9eb78abcd00525663,20211214,2021-12-14,"BUG #17337: Segmentation fault on updating row with ltree GIST index",2,2: 2-3 messages,false,no linked commit,,,,,2022-02-10
17338,6855b3509eaa77a9583a30035cc3d859,20211216,2021-12-16,"BUG #17338: pgaudit ddl audit logging show clear text password when create user mapping",1,1: no replies,false,no linked commit,,,,,2022-02-10
17339,8d353a4c5a84c5049abfc94b13c17ae1,20211219,2021-12-19,"BUG #17339: Assert failed on attempt to detach a sequence concurrently",7,3: 4-10 messages,true,linked to a fix commit,discussion_link,2021-12-22,3,2: within a week,2022-02-10
17340,8ed316a8c60362d4d311027061f449e7,20211220,2021-12-20,"BUG #17340: Unnest discards rows with empty or null arrays",5,3: 4-10 messages,false,no linked commit,,,,,2022-02-10
17341,3f913df07ee0996c74584774e3513f4d,20211221,2021-12-21,"BUG #17341: The comment of the source code is not correct",2,2: 2-3 messages,true,linked to a fix commit,discussion_link,2021-12-22,1,1: same/next day,2022-02-10
17342,9318269761ddca45497892dca0925a91,20211221,2021-12-21,"BUG #17342: pg_restore with jobs > 1 errors out : a worker process died unexpectedly",3,2: 2-3 messages,false,no linked commit,,,,,2022-02-10
17343,50656079d551979bcf72ea2c53013c70,20211224,2021-12-24,"BUG #17343: ! at end of password for psql throws error",2,2: 2-3 messages,false,no linked commit,,,,,2022-02-10
17344,8d353a4c5a84c5049abfc94b13c17ae1,20211225,2021-12-25,"BUG #17344: Assert failed on queiring async_capable foreign table with inheritance",12,4: 11+ messages,true,linked to a fix commit,both,2022-01-27,33,4: within 6 months,2022-02-10
17345,84b4e97c46d649afb77d81fbf3ed4e03,20211227,2021-12-27,"BUG #17345: pg_basebackup stucked for 2 hours before timeout",2,2: 2-3 messages,false,no linked commit,,,,,2022-02-10
17346,96600f3a2fb6b20ee6e9e74e39ccd4b2,20211227,2021-12-27,"BUG #17346: pg_upgrade fails with role granted by other role",7,3: 4-10 messages,true,linked to a fix commit,discussion_link,2021-12-30,3,2: within a week,2022-02-10
17347,3763d8f9d2cff98c11113e996305418f,20211228,2021-12-28,"BUG #17347: pg_upgrade: analyze_new_cluster script analyzes wrong cluster",4,3: 4-10 messages,false,no linked commit,,,,,2022-02-10
17348,9608f02e21cbfe4232b490315b2fc122,20211228,2021-12-28,"BUG #17348: Can never install pgsql on Ubuntu",10,3: 4-10 messages,false,no linked commit,,,,,2022-02-10
17349,1e14f484ce1d40b4a25150959b32afb3,20211228,2021-12-28,"BUG #17349: Function gen_random_uuid duplicates in pgcrypto and core",8,3: 4-10 messages,true,linked to a fix commit,discussion_link,2022-09-01,247,5: longer,2022-02-10
17350,d6bd185f511cfad77b1bda022ff348b8,20211230,2021-12-30,"BUG #17350: GIST TRGM Index is broken when combining with combining INCLUDE with a string function (e.g. lower).",2,2: 2-3 messages,true,linked to a fix commit,both,2022-01-01,2,2: within a week,2022-02-10
17351,8d353a4c5a84c5049abfc94b13c17ae1,20220101,2022-01-01,"BUG #17351: Altering a composite type created for a partitioned table can lead to a crash",3,2: 2-3 messages,true,linked to a fix commit,both,2022-01-06,5,2: within a week,2022-02-10
17352,0a6f0b6165d47e495e8ae6f7ac62ab04,20220103,2022-01-03,"BUG #17352: Column CHECK regex error",3,2: 2-3 messages,false,no linked commit,,,,,2022-02-10
17354,48db6cebd46937539678c3a492d0a9cd,20220104,2022-01-04,"BUG #17354: pg_hba_file_rules always shows verify-ca when auth_method=cert",2,2: 2-3 messages,true,linked to a fix commit,bug_ref,2022-01-26,22,3: within a month,2022-02-10
17355,8d353a4c5a84c5049abfc94b13c17ae1,20220106,2022-01-06,"BUG #17355: Server crashes on ExecReScanForeignScan in postgres_fdw when accessing foreign partition",21,4: 11+ messages,true,linked to a fix commit,both,2022-02-03,28,3: within a month,2022-02-10
17356,d05c23b5bd3224fd802a6d8f2d4b6b3c,20220106,2022-01-06,"BUG #17356: hunspell-hu dictionary processing error",1,1: no replies,false,no linked commit,,,,,2022-02-10
17357,ee77e5e92a25c304c79dbf81b28924d5,20220107,2022-01-07,"BUG #17357: When working with the window_function, the Where Clause does not work properly!",2,2: 2-3 messages,false,no linked commit,,,,,2022-02-10
17358,affadb20b3bd612d9e4813765f36d667,20220107,2022-01-07,"BUG #17358: While using --with-uuid=bsd option, uuid_ossp test fails on NetBSD 9.2",13,4: 11+ messages,true,linked to a fix commit,discussion_link,2022-09-09,245,5: longer,2022-02-10
17360,f58a16af659fcf0aa801d76aefe37784,20220110,2022-01-10,"BUG #17360: array_to_string should be immutable instead of stable",7,3: 4-10 messages,false,no linked commit,,,,,2022-02-10
17361,f74ef4803a5efcb963e551adc78df7ad,20220110,2022-01-10,"BUG #17361: Unique index constraint inconsistence",4,3: 4-10 messages,false,no linked commit,,,,,2022-02-10
17362,f2fb5c0a7315943d13a6c251d84cb7c1,20220111,2022-01-11,"BUG #17362: Error ""could not find block containing chunk"" when using index with icu collation on CentOS 7",8,3: 4-10 messages,false,no linked commit,,,,,2022-02-10
17363,1744b15862933e61cce5d05090f86547,20220111,2022-01-11,"BUG #17363: 14 regression: ""could not identify a hash function for type record"" in a nested record in sublink",3,2: 2-3 messages,true,linked to a fix commit,both,2022-01-16,5,2: within a week,2022-02-10
17364,739dcbc509154aa80afad7c832dd1790,20220112,2022-01-12,"BUG #17364: Errors caused by views",2,2: 2-3 messages,false,no linked commit,,,,,2022-02-10
17365,efc29db868e023019d58020b6ef3b501,20220113,2022-01-13,"BUG #17365: Error: redefinition of 'stat' in win32_port.h when including postgres.h",7,3: 4-10 messages,false,no linked commit,,,,,2022-02-10
17366,fbdc7815a3ebf430b893973a539fe9d0,20220114,2022-01-14,"BUG #17366: Error result returned in timestamp2timestamptz, expected to be off by one hour",3,2: 2-3 messages,false,no linked commit,,,,,2022-02-10
17368,8d353a4c5a84c5049abfc94b13c17ae1,20220115,2022-01-15,"BUG #17368: Assert failed in GetSafeSnapshot() for SERIALIZABLE READ ONLY DEFERRABLE transaction",12,4: 11+ messages,true,linked to a fix commit,bug_ref,2023-03-09,418,5: longer,2022-02-10
17369,6cc58baafaf6746e56260d9e384b1b4b,20220118,2022-01-18,"BUG #17369: tmp files didn't deleted after oom killer killed process",2,2: 2-3 messages,false,no linked commit,,,,,2022-02-10
17370,40cfb916bdb4270361d3436cf67e1b93,20220119,2022-01-19,"BUG #17370: shmem lost on segfault",4,3: 4-10 messages,false,no linked commit,,,,,2022-02-10
17371,1fcc08b24a039578f161572d98015559,20220119,2022-01-19,"BUG #17371: Immutable INTERVAL to TEXT cast can cause incorrect query results",2,2: 2-3 messages,true,linked to a fix commit,both,2022-01-19,0,1: same/next day,2022-02-10
17372,8d353a4c5a84c5049abfc94b13c17ae1,20220120,2022-01-20,"BUG #17372: Altering statistics during concurrent drop can lead to a server crash",3,2: 2-3 messages,true,linked to a fix commit,discussion_link,2022-01-23,3,2: within a week,2022-02-10
17373,9fd8cc0a5291889f3ff9f384b5032d92,20220120,2022-01-20,"BUG #17373: Missing rhel-8.3-x86_64 yum repository dir for postgresql 14",2,2: 2-3 messages,false,no linked commit,,,,,2022-02-10
17374,d06b0158dc23288dd6baa65ee3ee5860,20220120,2022-01-20,"BUG #17374: Bug in restore",2,2: 2-3 messages,false,no linked commit,,,,,2022-02-10
17375,89d7c27e0dec26e8bba6515a908725b1,20220120,2022-01-20,"BUG #17375: RECOVERY TARGET TIME RESTORE IS FAILING TO START SERVER",8,3: 4-10 messages,false,no linked commit,,,,,2022-02-10
17376,bd685bd6bcca02b4d01825b1c3a18644,20220121,2022-01-21,"BUG #17376: Adding unique column with a function() default results in ""could not read block 0 in file"" error",6,3: 4-10 messages,false,no linked commit,,,,,2022-02-10
17377,6855b3509eaa77a9583a30035cc3d859,20220122,2022-01-22,"BUG #17377: only superusers can query or manipulate replication origins",2,2: 2-3 messages,false,no linked commit,,,,,2022-02-10
17378,b9d6feb25f863d3c97eaaae81573163f,20220123,2022-01-23,"BUG #17378: WRONG VALUE ON - A.2. Time Zones",2,2: 2-3 messages,false,no linked commit,,,,,2022-02-10
17379,eb7c00ba104013426c559b3d2d838199,20220124,2022-01-24,"BUG #17379: Cannot issue multi-command statements using a replication connection",3,2: 2-3 messages,true,linked to a fix commit,both,2022-01-24,0,1: same/next day,2022-02-10
17381,e48cad7b90c04a336e29345fbe56fc2f,20220125,2022-01-25,"BUG #17381: psql: error: connection to server on socket ""/var/run/postgresql/.s.PGSQL.5432"" After installing",2,2: 2-3 messages,false,no linked commit,,,,,2022-02-10
17382,da361360496d08358f5bbaa0ae859c5a,20220126,2022-01-26,"BUG #17382: When vacuum full or vacuumdb - F is executed, a large number of empty files will be generated in the",5,3: 4-10 messages,false,no linked commit,,,,,2022-02-10
17384,ce7d237263f97567b8e21bc8784609b3,20220127,2022-01-27,"BUG #17384: ERROR: missing chunk number 0 for toast value 152073604 in pg_toast_2619",4,3: 4-10 messages,false,no linked commit,,,,,2022-02-10
17385,96600f3a2fb6b20ee6e9e74e39ccd4b2,20220128,2022-01-28,"BUG #17385: ""RESET transaction_isolation"" inside serializable transaction causes Assert at the transaction end",44,4: 11+ messages,true,linked to a fix commit,both,2022-09-27,242,5: longer,2022-02-10
17386,5bd73b780ffdfc39395663a82e653c99,20220128,2022-01-28,"BUG #17386: btree index corruption after reindex concurrently on write heavy table",9,3: 4-10 messages,false,no linked commit,,,,,2022-02-10
17387,26e1965a9b31c3d0ed3aabecb27e57be,20220128,2022-01-28,"BUG #17387: Working in PG13 but not in PGH14: array_agg(RECORD)",7,3: 4-10 messages,true,linked to a fix commit,both,2022-01-29,1,1: same/next day,2022-02-10
17388,87661a3314526ee3b4b467e49761e7cd,20220131,2022-01-31,"BUG #17388: postgis cant be installed on postgres 11 and centos 7",3,2: 2-3 messages,false,no linked commit,,,,,2022-02-10
17389,34ab53b070c17a5895965a0290a2999b,20220131,2022-01-31,"BUG #17389: pg_repack creates race conditions on streaming replicas",5,3: 4-10 messages,false,no linked commit,,,,,2022-02-10
17390,2143090d49eddf4f263c197b42b575d9,20220201,2022-02-01,"BUG #17390: Function, to_date() -- unexpected values and a request",4,3: 4-10 messages,false,no linked commit,,,,,2022-02-10
17391,affadb20b3bd612d9e4813765f36d667,20220202,2022-02-02,"BUG #17391: While using --with-ssl=openssl and PG_TEST_EXTRA='ssl' options, SSL tests fail on OpenBSD 7.0",44,4: 11+ messages,true,linked to a fix commit,both,2022-02-10,8,3: within a month,2022-02-10
17392,92ce4f83bd6ffb63a58dd9a8a3d32e4f,20220203,2022-02-03,"BUG #17392: archiver process exited with exit code 2 was unexpectedly cause for immediate shutdown request",5,3: 4-10 messages,false,no linked commit,,,,,2022-02-10
17393,af0ded2eb94e2df045aa3a62381d4d9e,20220203,2022-02-03,"BUG #17393: Delete database after recovery with point-in-time is still missing datafiles",8,3: 4-10 messages,false,no linked commit,,,,,2022-02-10
17394,1cd5df1be2ac8c042a5fad9b23821f44,20220203,2022-02-03,"BUG #17394: pg_dump: query returned 0 rows instead of one:",5,3: 4-10 messages,false,no linked commit,,,,,2022-02-10
17395,8d353a4c5a84c5049abfc94b13c17ae1,20220205,2022-02-05,"BUG #17395: Assert failed on merge join when foreign range partition contains out-of-range value",2,2: 2-3 messages,true,linked to a fix commit,both,2022-02-05,0,1: same/next day,2022-02-10
17396,609a0dd050736c8bca60544e2e301d55,20220207,2022-02-07,"BUG #17396: Missing pckages to instal Patroni",1,1: no replies,false,no linked commit,,,,,2022-05-12
17398,1fcc08b24a039578f161572d98015559,20220207,2022-02-07,"BUG #17398: Casts from BYTEA to TEXT and FLOAT4/8 to TEXT should not be immutable",1,1: no replies,false,no linked commit,,,,,2022-05-12
17399,49709b3e9cb441943045bb2332c8fb74,20220208,2022-02-08,"BUG #17399: Dead tuple number stats not updated on long running queries",6,3: 4-10 messages,false,no linked commit,,,,,2022-05-12
17401,34ab53b070c17a5895965a0290a2999b,20220208,2022-02-08,"BUG #17401: REINDEX TABLE CONCURRENTLY creates a race condition on a streaming replica",25,4: 11+ messages,false,no linked commit,,,,,2022-05-12
17402,d35c82f58e4dad8663c22bec5a65f0bd,20220210,2022-02-10,"BUG #17402: RPM packages are not signed",1,1: no replies,false,no linked commit,,,,,2022-05-12
17403,58d4918c0c73efa50116e0be27c93332,20220210,2022-02-10,"BUG #17403: Package postgresql13-13.6-1PGDG.rhel7.x86_64.rpm is not signed",1,1: no replies,false,no linked commit,,,,,2022-05-12
17404,5d6e6e860bc884b0a83bb722ae4be974,20220215,2022-02-15,"BUG #17404: CREATE OR REPLACE VIEW does not properly change the COLLATION of an existing field.",4,3: 4-10 messages,true,linked to a fix commit,both,2022-02-15,0,1: same/next day,2022-05-12
17405,ca9321a8860cc37aad0f14ea6337ce24,20220215,2022-02-15,"BUG #17405: Minor upgrade from 12.9 to 12.10 works fine, but PSQL version shows ""12.9""",5,3: 4-10 messages,false,no linked commit,,,,,2022-05-12
17406,cbdcde7a4746712714dea3f867dd890b,20220215,2022-02-15,"BUG #17406: Segmentation fault on GiST index after 14.2 upgrade",15,4: 11+ messages,true,linked to a fix commit,discussion_link,2022-03-16,29,3: within a month,2022-05-12
17407,8c89e7bfe1d48717fabfe6d21821a8c5,20220216,2022-02-16,"BUG #17407: trim trims more than expected",3,2: 2-3 messages,false,no linked commit,,,,,2022-05-12
17408,ec725428554bfab9be9812e2cc604897,20220216,2022-02-16,"BUG #17408: Duplicate aliases silently fail",5,3: 4-10 messages,false,no linked commit,,,,,2022-05-12
17409,e0aa67ead722fd0c001d1d346b006614,20220216,2022-02-16,"BUG #17409: Unable to alter data type of clustered column which is referenced by foreign key",16,4: 11+ messages,true,linked to a fix commit,both,2022-03-11,23,3: within a month,2022-05-12
17410,a2fb59aa3519768636e7aaceec87bb6e,20220218,2022-02-18,"BUG #17410: After upgrade to postgresql 12.9 from 12.6 , some of the statements having ”=” operator not returnin",3,2: 2-3 messages,false,no linked commit,,,,,2022-05-12
17412,5187a8d44bb2e75b1fcc69a431d35b22,20220221,2022-02-21,"BUG #17412: CREATE INDEX on a partitioned table doesn't recognize existing partial indexes on partitions",1,1: no replies,false,no linked commit,,,,,2022-05-12
17413,6b7d6b8e140611597c83fe0196959b14,20220222,2022-02-22,"BUG #17413: update of partitioned table via postgres_fdw updates to much rows",4,3: 4-10 messages,false,no linked commit,,,,,2022-05-12
17414,cec4e71bd605b8ce6243a8651cab24dd,20220223,2022-02-23,"BUG #17414: install failed",1,1: no replies,false,no linked commit,,,,,2022-05-12
17415,152e067a651adda30ff9626cb41c5f6f,20220223,2022-02-23,"BUG #17415: Unable to use underscore as first character in set_config custom parameter",3,2: 2-3 messages,true,linked to a fix commit,both,2022-02-23,0,1: same/next day,2022-05-12
17416,8d353a4c5a84c5049abfc94b13c17ae1,20220223,2022-02-23,"BUG #17416: Server crashes due to python3 stack overflow on executing multiple plpy.rollback() calls",2,2: 2-3 messages,true,linked to a fix commit,discussion_link,2022-02-28,5,2: within a week,2022-05-12
17421,aade41bb57a38df16d1178e6f65ff521,20220227,2022-02-27,"BUG #17421: Core dump in ECPGdo() when calling PostgreSQL API from 32-bit client for RHEL8",10,3: 4-10 messages,true,linked to a fix commit,both,2022-06-06,99,4: within 6 months,2022-05-12
17422,ebf184b980d50ea26b4f72ce415d43da,20220301,2022-03-01,"BUG #17422: Memory leak",2,2: 2-3 messages,false,no linked commit,,,,,2022-05-12
17424,e97d3835b8e9d1f7517b01a455cefecb,20220302,2022-03-02,"BUG #17424: Build failed on disabled GNUC in Clang environment CFLAGS= -O2 -fgnuc-version=0",2,2: 2-3 messages,false,no linked commit,,,,,2022-05-12
17425,a9844bc867b0a6af467b546ecd38a2c5,20220304,2022-03-04,"BUG #17425: Postgres service does not start if path to data folder ends with backslash.",1,1: no replies,false,no linked commit,,,,,2022-05-12
17427,c6ad73cb85d7fca087a91e5d27824114,20220306,2022-03-06,"BUG #17427: ERROR: cannot cast type bytea to bigint",2,2: 2-3 messages,false,no linked commit,,,,,2022-05-12
17428,d84b558fd67be10d5a718fb94231909d,20220307,2022-03-07,"BUG #17428: last_value incorrect for uninitialized sequence",6,3: 4-10 messages,false,no linked commit,,,,,2022-05-12
17431,8ee7e0831b464d914fd6b6e1970a66a0,20220309,2022-03-09,"BUG #17431: How to change postgres path to recognize pearl installation",1,1: no replies,false,no linked commit,,,,,2022-05-12
17432,9d8d1c2e784843f3135c7fb986cffa9b,20220310,2022-03-10,"BUG #17432: libraries are missing when installing postGIS in SLES15 SP3, some are part of SLES15 SP4 some not",1,1: no replies,false,no linked commit,,,,,2022-05-12
17434,ea246929448e90e7f331703e14c9c19b,20220311,2022-03-11,"BUG #17434: CREATE/DROP DATABASE can be executed in the same transaction with other commands",35,4: 11+ messages,true,linked to a fix commit,both,2022-07-26,137,4: within 6 months,2022-05-12
17435,a787b0934b409754b0dc43ee36ee003a,20220311,2022-03-11,"BUG #17435: ""add column if not exists"" always adds new FK on the column",2,2: 2-3 messages,false,no linked commit,,,,,2022-05-12
17436,ac7d726d534417062e6a1c46b3786724,20220312,2022-03-12,"BUG #17436: Initializing and starting with Dockerfile fails",4,3: 4-10 messages,false,no linked commit,,,,,2022-05-12
17437,50bb96fe6925fe9b4a821d4f2e160b9f,20220313,2022-03-13,"BUG #17437: time spent in JIT is also attributed to function scan",1,1: no replies,false,no linked commit,,,,,2022-05-12
17438,9045aa754028c172ecc33a5750b509fa,20220314,2022-03-14,"BUG #17438: Logical replication hangs on master after huge DB load",6,3: 4-10 messages,false,no linked commit,,,,,2022-05-12
17439,f19e3ceeab295049fc780547b3d56efe,20220315,2022-03-15,"BUG #17439: DROP FUNCTION functionName(); drops associated generated column without using CASCADE",9,3: 4-10 messages,true,linked to a fix commit,both,2022-03-21,6,2: within a week,2022-05-12
17440,9e5bd0de424c807f820b3340274de428,20220315,2022-03-15,"BUG #17440: not expected result from jsonb_path_query",2,2: 2-3 messages,false,no linked commit,,,,,2022-05-12
17441,1c059e708e67b90213f623548569604f,20220320,2022-03-20,"BUG #17441: shm_mq receive less data than the sender sends",3,2: 2-3 messages,false,no linked commit,,,,,2022-05-12
17442,eb2469d8fe2a9c8da543ac73f8076f38,20220320,2022-03-20,"BUG #17442: Wrong partition pruning when using prepared statement and huge RAM consumption",1,1: no replies,false,no linked commit,,,,,2022-05-12
17443,73467bd5a9698778b9a186c8e28df60f,20220321,2022-03-21,"BUG #17443: Select command does not use brin index when enable_seqscan = on",2,2: 2-3 messages,false,no linked commit,,,,,2022-05-12
17444,427d3e1d104120f0b006d35ab9e60f25,20220321,2022-03-21,"BUG #17444: ERROR: found xmin 215633 from before relfrozenxid 1280585",2,2: 2-3 messages,false,no linked commit,,,,,2022-05-12
17445,4fbca55ead9324b4300220d044132829,20220321,2022-03-21,"BUG #17445: ""ON CONFLICT"" has different behaviors when its param is passed with prepared stmt or hard coded",9,3: 4-10 messages,false,no linked commit,,,,,2022-05-12
17446,47e1ed60993b305a1336975ba9105abf,20220322,2022-03-22,"BUG #17446: Suggest updating the section title ""Building Indexes Concurrently""",3,2: 2-3 messages,false,no linked commit,,,,,2022-05-12
17447,7ed418e14959534d3ec6f193d15f8753,20220324,2022-03-24,"BUG #17447: uninstaller fails",2,2: 2-3 messages,false,no linked commit,,,,,2022-05-12
17448,2cc6319600bff880dceb9d85cc7e1799,20220325,2022-03-25,"BUG #17448: In Windows 10, version 1703 and later, huge_pages doesn't work.",27,4: 11+ messages,true,linked to a fix commit,discussion_link,2022-09-17,176,4: within 6 months,2022-05-12
17449,914d6b14feb64ae76b038553a4ee568d,20220325,2022-03-25,"BUG #17449: Disk space not released",8,3: 4-10 messages,false,no linked commit,,,,,2022-05-12
17450,9ec749c78bbf8fe281aecfa55439ee9a,20220328,2022-03-28,"BUG #17450: SUBSTRING function extracting lesser characters than specified",7,3: 4-10 messages,false,no linked commit,,,,,2022-05-12
17452,e221a081a1f7bfcfb248b9b9aa5ade32,20220331,2022-03-31,"BUG #17452: IN caluse behaves differently when there is one item comapred to when multiple",2,2: 2-3 messages,false,no linked commit,,,,,2022-05-12
17454,c7fcf3d24efbd86d865f421379dc19c1,20220402,2022-04-02,"BUG #17454: Using psql without ipv4 address,the inet_server_port do not return PORT.",8,3: 4-10 messages,false,no linked commit,,,,,2022-05-12
17456,03863918fed85b87491e4c72a14d4296,20220405,2022-04-05,"BUG #17456: pg_dump creates dump that does not fully respect operator schema location",3,2: 2-3 messages,false,no linked commit,,,,,2022-05-12
17457,ebf427b9a92fa25e61454b1cd060b287,20220406,2022-04-06,"BUG #17457: pg_rewind fatal failure when $PGDATA/log is a soft-link",1,1: no replies,false,no linked commit,,,,,2022-05-12
17462,51e5caec97c977e635166c251ce279a6,20220411,2022-04-11,"BUG #17462: Invalid memory access in heapam_tuple_lock",15,4: 11+ messages,true,linked to a fix commit,both,2022-04-13,2,2: within a week,2022-05-12
17464,fbdc7815a3ebf430b893973a539fe9d0,20220412,2022-04-12,"BUG #17464: Domain type. If the value field(CREATE DOMAIN) is set to null, errors cannot be intercepted.",3,2: 2-3 messages,false,no linked commit,,,,,2022-05-12
17465,6569e6239b1e16b53e39c78c432465d3,20220418,2022-04-18,"BUG #17465: Wrong error message while trying to change system column type.",2,2: 2-3 messages,true,linked to a fix commit,both,2022-04-18,0,1: same/next day,2022-05-12
17466,099b222121d39ebce195be38040aa856,20220419,2022-04-19,"BUG #17466: Is it possible to supplement the default compilation options of CFLAGS in configure file？",2,2: 2-3 messages,false,no linked commit,,,,,2022-05-12
17467,899b9fe2bc0b0ce8f4144e9623542b0a,20220421,2022-04-21,"BUG #17467: Perf degradation after switching to latest jdbc drivers",4,3: 4-10 messages,false,no linked commit,,,,,2022-05-12
17468,1e5ca447bd2e4a964a2db013bde678f6,20220425,2022-04-25,"BUG #17468: Ranking of search results: ts_rank_cd with normalization variant 4",5,3: 4-10 messages,false,no linked commit,,,,,2022-05-12
17469,eefe085cbc24257fbec2fd7ffdc721c2,20220428,2022-04-28,"BUG #17469: postgresql-11.service file not configured to match setup/initdb options specified",6,3: 4-10 messages,false,no linked commit,,,,,2022-05-12
17470,99fb9df6cadb3b737ed0c22557f11721,20220429,2022-04-29,"BUG #17470: Installation error",2,2: 2-3 messages,false,no linked commit,,,,,2022-05-12
17471,d9b7b939bdc09944d8ac6beac456a52f,20220429,2022-04-29,"BUG #17471: COMSPEC error",1,1: no replies,false,no linked commit,,,,,2022-05-12
17472,5641d03d9ab3dd97d90a5a727edc5c9a,20220429,2022-04-29,"BUG #17472: Jsonb[] operations not working",2,2: 2-3 messages,false,no linked commit,,,,,2022-05-12
17473,94c1f61db3c08e79a1601ce4b3c23a6d,20220429,2022-04-29,"BUG #17473: Custom range type with timestamp doesn't respect precision",3,2: 2-3 messages,false,no linked commit,,,,,2022-05-12
17474,cbdcde7a4746712714dea3f867dd890b,20220505,2022-05-05,"BUG #17474: Segmentation fault from INSERT ( JumbleExpr )",4,3: 4-10 messages,false,no linked commit,,,,,2022-05-12
17476,995d817ece40ba86206b6032aeabbd1f,20220508,2022-05-08,"BUG #17476: ERROR: ""variable not found in subplan target list"" when running SELECT COUNT(*)",12,4: 11+ messages,false,no linked commit,,,,,2022-05-12
17477,7a984a5f604eb2fcfedbb09ae1bf301d,20220509,2022-05-09,"BUG #17477: A crash bug in transformValuesClause()",9,3: 4-10 messages,true,linked to a fix commit,both,2022-05-09,0,1: same/next day,2022-08-11
17478,9ecb8e94b89a9f538fc142760d7adc31,20220509,2022-05-09,"BUG #17478: Missing documents in the index after CREATE INDEX CONCURRENTLY (but existing in the table)",5,3: 4-10 messages,false,no linked commit,,,,,2022-08-11
17479,8c31c51fe9e8014c78d3c7d7e214484c,20220510,2022-05-10,"BUG #17479: ""plan should not reference subplan's variable"" when calling `grouping` on result of subquery",6,3: 4-10 messages,true,linked to a fix commit,both,2022-05-12,2,2: within a week,2022-08-11
17480,7a984a5f604eb2fcfedbb09ae1bf301d,20220510,2022-05-10,"BUG #17480: Assertion failure in parse_relation.c",5,3: 4-10 messages,true,linked to a fix commit,discussion_link,2022-05-18,8,3: within a month,2022-08-11
17481,c209ce5d6fb2e99da77b9287e3662dd6,20220515,2022-05-15,"BUG #17481: sometime pg_stat_statements coredump",3,2: 2-3 messages,false,no linked commit,,,,,2022-08-11
17482,80dcae7047a54c8996993d30dec43d95,20220516,2022-05-16,"BUG #17482: make world get error",2,2: 2-3 messages,false,no linked commit,,,,,2022-08-11
17483,5dd4f3adc55e8d158b6ac7b28a6025c3,20220516,2022-05-16,"BUG #17483: postgres_fdw used with text to_tsvector and custom search configuration",3,2: 2-3 messages,true,linked to a fix commit,bug_ref,2022-07-17,62,4: within 6 months,2022-08-11
17484,eb2469d8fe2a9c8da543ac73f8076f38,20220518,2022-05-18,"BUG #17484: Query does not prune partitions correctly",3,2: 2-3 messages,false,no linked commit,,,,,2022-08-11
17485,45ac49ae8996e530561a0ed235f9eb32,20220518,2022-05-18,"BUG #17485: Records missing from Primary Key index when doing REINDEX INDEX CONCURRENTLY",80,4: 11+ messages,true,linked to a fix commit,discussion_link,2022-05-31,13,3: within a month,2022-08-11
17486,20299e426c64d6d0c73d54fb80e418ba,20220519,2022-05-19,"BUG #17486: [pg_restore] Restoring a view fails if this view contains an attribute without alias name.",8,3: 4-10 messages,true,linked to a fix commit,both,2022-05-21,2,2: within a week,2022-08-11
17487,400fd0a6378c508f350591afaecc6e03,20220519,2022-05-19,"BUG #17487: Parallel execution fails when original user is removed",3,2: 2-3 messages,false,no linked commit,,,,,2022-08-11
17490,bf5729de94999d8178c55356b7d326a0,20220520,2022-05-20,"BUG #17490: unconsistency between TRUNCATE RESTART IDENTITY and setval()",1,1: no replies,false,no linked commit,,,,,2022-08-11
17491,f43fb3854791103e20b53155cff0b655,20220523,2022-05-23,"BUG #17491: PgAgent keeps failing",2,2: 2-3 messages,false,no linked commit,,,,,2022-08-11
17492,11711149147e5c6ae238949d58ac1f69,20220524,2022-05-24,"BUG #17492: error MSB4126: The specified solution configuration ""Release|arm64"" is invalid",3,2: 2-3 messages,false,no linked commit,,,,,2022-08-11
17494,170767ceed132296ad5e6c9019a8a47c,20220524,2022-05-24,"BUG #17494: High demand for displacement sort",2,2: 2-3 messages,false,no linked commit,,,,,2022-08-11
17495,58c44a4a506d878f9a112f1d7b7cb87e,20220524,2022-05-24,"BUG #17495: Regression in 15beta1 when filtering subquery including row_number window function",15,4: 11+ messages,true,linked to a fix commit,both,2022-05-26,2,2: within a week,2022-08-11
17496,f2b3df02e5c1795b264af2b154e88c66,20220524,2022-05-24,"BUG #17496: to_char function resets if interval exceeds 23 hours 59 minutes",6,3: 4-10 messages,false,no linked commit,,,,,2022-08-11
17497,c6dfb72dd6cbd95ba1cf8a0331e8bfc2,20220524,2022-05-24,"BUG #17497: Data directory has been changed to default",2,2: 2-3 messages,false,no linked commit,,,,,2022-08-11
17498,96ae1ddf8d28a18ed71ae6996c64fc88,20220525,2022-05-25,"BUG #17498: Receive Failed: (error code 1) when importing any csv file from pgAdmin with no explanations",7,3: 4-10 messages,false,no linked commit,,,,,2022-08-11
17500,e287eb5691883f90b96db07bdc4b80b5,20220527,2022-05-27,"BUG #17500: Insert data with ODBC driver in VB.net failed",2,2: 2-3 messages,false,no linked commit,,,,,2022-08-11
17501,2a59230ac83912eacf8ea43acc5eb0a5,20220528,2022-05-28,"BUG #17501: COPY is failing with ""ERROR: invalid byte sequence for encoding ""UTF8"": 0xe5""",5,3: 4-10 messages,true,linked to a fix commit,both,2022-05-29,1,1: same/next day,2022-08-11
17502,6a2db85bcab183f6f0cb4c0f9070eb58,20220528,2022-05-28,"BUG #17502: View based on window functions returns wrong results when queried",18,4: 11+ messages,true,linked to a fix commit,both,2026-06-30,1494,5: longer,2022-08-11
17503,37f64ece920f6bc9a5a8cd1b8b40dfd1,20220530,2022-05-30,"BUG #17503: Package postgresql-jdbc-42.3.6-1.rhel8.noarch.rpm is not signed",1,1: no replies,false,no linked commit,,,,,2022-08-11
17504,c2443babc0c1fcdc629eed8eda09b9cc,20220530,2022-05-30,"BUG #17504: psql --single-transaction -vON_ERROR_STOP=1 still commits after client-side error",23,4: 11+ messages,true,linked to a fix commit,discussion_link,2022-06-06,7,2: within a week,2022-08-11
17506,57eea656fce554d15a77218942e572f3,20220601,2022-06-01,"BUG #17506: Issue with the downloading site",2,2: 2-3 messages,false,no linked commit,,,,,2022-08-11
17507,c148b212e05e4033835e72393dfed1dc,20220601,2022-06-01,"BUG #17507: rpm packages provide wrong postgresql version",1,1: no replies,false,no linked commit,,,,,2022-08-11
17508,dd2094e0ba61d3b35761518c68da8d6b,20220602,2022-06-02,"BUG #17508: ja.po for pg_ctl has an obvious mistake",4,3: 4-10 messages,false,no linked commit,,,,,2022-08-11
17510,6b4d8b417c8fde0a9523f2074b2fdc4f,20220606,2022-06-06,"BUG #17510: cache lookup failed for type",2,2: 2-3 messages,false,no linked commit,,,,,2022-08-11
17511,d6b1505b72ed2439ed485f0feac467c5,20220606,2022-06-06,"BUG #17511: Inconsistent permissions on some information_schema tables",6,3: 4-10 messages,false,no linked commit,,,,,2022-08-11
17512,392959cbb0f397e63876fd33e80ea372,20220606,2022-06-06,"BUG #17512: Process running query fails with SIGSEV - nodeMemoize.c:349",10,3: 4-10 messages,true,linked to a fix commit,both,2022-06-08,2,2: within a week,2022-08-11
17513,92dfca0d9544fc8866bb6ea0d693f67b,20220608,2022-06-08,"BUG #17513: recompressing already-compressed data via VACUUM FULL or CLUSTER does not work",3,2: 2-3 messages,false,no linked commit,,,,,2022-08-11
17514,2cc6319600bff880dceb9d85cc7e1799,20220609,2022-06-09,"BUG #17514: Application with embedded SQL crashes when executing EXEC SQL PREPARE",4,3: 4-10 messages,true,linked to a fix commit,both,2022-06-14,5,2: within a week,2022-08-11
17515,7c92608db4acf7a44337670eff6ce5bc,20220609,2022-06-09,"BUG #17515: Change in behaviour of a composite type within a domain",2,2: 2-3 messages,true,linked to a fix commit,both,2022-06-10,1,1: same/next day,2022-08-11
17518,c94c7beb9f3602e088808279af3ce40f,20220614,2022-06-14,"BUG #17518: Getting Error ""new multixact has more than one updating member"" when trying to delete records.",6,3: 4-10 messages,true,linked to a fix commit,discussion_link,2022-11-24,163,4: within 6 months,2022-08-11
17519,e0b5e7479cf83daf6891edb435f03ec4,20220616,2022-06-16,"BUG #17519: I get a segmentation fault when querying in parallel.",2,2: 2-3 messages,false,no linked commit,,,,,2022-08-11
17520,0fd14537a4ef04e683ff9e4b29658bd9,20220616,2022-06-16,"BUG #17520: 14.4 release notes doc is out of order",2,2: 2-3 messages,false,no linked commit,,,,,2022-08-11
17522,affadb20b3bd612d9e4813765f36d667,20220617,2022-06-17,"BUG #17522: While using --with-ssl=openssl and PG_TEST_EXTRA='ssl' options, SSL test fails on OpenBSD 7.1",15,4: 11+ messages,true,linked to a fix commit,both,2022-06-24,7,2: within a week,2022-08-11
17523,de0b171ea2df56d10e9dd5327e2a111c,20220618,2022-06-18,"BUG #17523: Postgresql Kerberos PAM authentication",1,1: no replies,false,no linked commit,,,,,2022-08-11
17524,74a5009e9cf3f393d0740dc8ff300254,20220620,2022-06-20,"BUG #17524: Increase in WAL size due to logical replication with publication contain a table with low activity.",3,2: 2-3 messages,false,no linked commit,,,,,2022-08-11
17525,d1f96443c84a5f79c19389e4e1328804,20220621,2022-06-21,"BUG #17525: Range partition by date won't allow the use of a date that is the upper bound",3,2: 2-3 messages,false,no linked commit,,,,,2022-08-11
17526,d45bc0e54c3a9998ae257339d0ec1a05,20220622,2022-06-22,"BUG #17526: PG_DUMP is not outputting ""CREATE SCHEMA"" statements when an extension is assigned to a schema",3,2: 2-3 messages,false,no linked commit,,,,,2022-08-11
17527,7d0c5a53ecc7ab154344f1affab92a93,20220622,2022-06-22,"BUG #17527: Timestamp bind variable using 0000-00-00, 0000/00/00",1,1: no replies,false,no linked commit,,,,,2022-08-11
17528,4cb9f270793f08423962a046a589f8b7,20220622,2022-06-22,"BUG #17528: ERROR: could not access status of transaction 1997627701",2,2: 2-3 messages,false,no linked commit,,,,,2022-08-11
17529,637f333d47e6f69663d755b5ba5220c2,20220622,2022-06-22,"BUG #17529: SQL Error [57P01]: FATAL: terminating connection due to administrator command",7,3: 4-10 messages,false,no linked commit,,,,,2022-08-11
17530,b77c168f866dc7a20957750531a497ab,20220622,2022-06-22,"BUG #17530: pg_dump comment on triggers is ""off"" by comparison to all of the other objects...",5,3: 4-10 messages,false,no linked commit,,,,,2022-08-11
17531,fe63b20bd998f9c0eae8caf5304f622e,20220624,2022-06-24,"BUG #17531: Push Notification Many Times Show.",2,2: 2-3 messages,false,no linked commit,,,,,2022-08-11
17532,188aef06b9cccbc7681373ba586e0d77,20220625,2022-06-25,"BUG #17532: Prepared statements and insert on conflict can fail on the 6th execution",2,2: 2-3 messages,false,no linked commit,,,,,2022-08-11
17533,43b7164a511eb425240aa5edff2dff2d,20220625,2022-06-25,"BUG #17533: run benchmarksql test failed",2,2: 2-3 messages,false,no linked commit,,,,,2022-08-11
17534,7b8952f4af4d0ef0c1bd6ddd66ba2ecb,20220628,2022-06-28,"BUG #17534: 'tablespace' option crushes 'create database' query with 'permission denied' message",2,2: 2-3 messages,false,no linked commit,,,,,2022-08-11
17535,c2823d992226d1d6e68d1c4c615844e1,20220701,2022-07-01,"BUG #17535: postgresql-14-orafce 3.22.0-1.pgdg110+1 fails; 3.21.1-1.pgdg110+1 works.",2,2: 2-3 messages,false,no linked commit,,,,,2022-08-11
17536,faa1081a75e3d0539342f67966c39e26,20220701,2022-07-01,"BUG #17536: PostgreSQL 10 initdb with locale de-x-icu fails on Windows Server 2012",2,2: 2-3 messages,false,no linked commit,,,,,2022-08-11
17537,1f19ee74544560a977e772112ce74d2e,20220703,2022-07-03,"BUG #17537: Dynamically updating statement_timeout not affect the insert query right now.",3,2: 2-3 messages,false,no linked commit,,,,,2022-08-11
17538,1f19ee74544560a977e772112ce74d2e,20220703,2022-07-03,"BUG #17538: Dynamically updating log_hostname not affect the disconnection log",2,2: 2-3 messages,false,no linked commit,,,,,2022-08-11
17539,a9ad0b503fb71580b1c0e6accdb48635,20220705,2022-07-05,"BUG #17539: Assert after CREATE OPERATOR CLASS command",5,3: 4-10 messages,false,no linked commit,,,,,2022-08-11
17540,9f3b30f0cdf9077340f702ac7eff0073,20220705,2022-07-05,"BUG #17540: Prepared statement: PG switches to a generic query plan which is consistently much slower",26,4: 11+ messages,true,linked to a fix commit,discussion_link,2024-01-23,567,5: longer,2022-08-11
17542,b701f0d9043b1ad0ad2029399eb1a896,20220709,2022-07-09,"BUG #17542: tsquery returns incorrect results with nested, conjuncted followed-by operators",3,2: 2-3 messages,false,no linked commit,,,,,2022-08-11
17543,5768c6b512eb515305de5c8c05cc07a5,20220709,2022-07-09,"BUG #17543: CSVLOG malformed from disk space error",6,3: 4-10 messages,false,no linked commit,,,,,2022-08-11
17544,abe63f87671d6432dab2bff56d5e1f03,20220710,2022-07-10,"BUG #17544: Join order for INNER JOIN ... USING with GROUP BY on join column affects selected query plan",3,2: 2-3 messages,false,no linked commit,,,,,2022-08-11
17545,b1a3c6c528e2d8dee6e2722900f8b955,20220711,2022-07-11,"BUG #17545: Incorrect selectivity for IS NOT DISTINCT FROM and NULLs",3,2: 2-3 messages,false,no linked commit,,,,,2022-08-11
17546,204f04c63aaa7346d2c58bb22caa01ac,20220711,2022-07-11,"BUG #17546: power() function - value is distorted via automatic type cast",4,3: 4-10 messages,false,no linked commit,,,,,2022-08-11
17548,fb259c24508604617058aed07f9a7bed,20220712,2022-07-12,"BUG #17548: Aggregate queries on partitioned tables can cause OOM.",2,2: 2-3 messages,false,no linked commit,,,,,2022-08-11
17549,692ddb9675e2abbd1351f5f62979344a,20220713,2022-07-13,"BUG #17549: wrong index scan plan with RLS",2,2: 2-3 messages,false,no linked commit,,,,,2022-08-11
17550,1be4433bd115c2ea87cbc2c81c4c269f,20220714,2022-07-14,"BUG #17550: inet type doesn't accept alternate notations of ipv4 addresses",4,3: 4-10 messages,false,no linked commit,,,,,2022-08-11
17552,5bd73b780ffdfc39395663a82e653c99,20220717,2022-07-17,"BUG #17552: pg_stat_statements tracks internal FK check queries when COPY used to load data",9,3: 4-10 messages,true,linked to a fix commit,both,2023-11-08,479,5: longer,2022-08-11
17553,09588c606676828c98cc934e00ddade3,20220718,2022-07-18,"BUG #17553: Unreleased file resources exist",1,1: no replies,false,no linked commit,,,,,2022-08-11
17554,5a11d16c7cdfcd7f1f5987bd35b5546d,20220718,2022-07-18,"BUG #17554: when i use rule on table which have serial column, the nextval exec twice.",2,2: 2-3 messages,false,no linked commit,,,,,2022-08-11
17555,e9ffe4d70b12955f11f1618fd6b475d9,20220718,2022-07-18,"BUG #17555: Missing rhel-9 repo",2,2: 2-3 messages,false,no linked commit,,,,,2022-08-11
17556,b64d9af3497cc98766d663927018097d,20220722,2022-07-22,"BUG #17556: ts_headline does not correctly find matches when separated by 4,999 words",3,2: 2-3 messages,false,no linked commit,,,,,2022-08-11
17557,b64d9af3497cc98766d663927018097d,20220722,2022-07-22,"BUG #17557: ts_headline will error with ""invalid memory alloc request size"" for large documents",2,2: 2-3 messages,false,no linked commit,,,,,2022-08-11
17558,791c039b36db21b2929b0ed088afb164,20220725,2022-07-25,"BUG #17558: 15beta2: Endless loop with UNIQUE NULLS NOT DISTINCT and INSERT ... ON CONFLICT",5,3: 4-10 messages,true,linked to a fix commit,both,2022-08-04,10,3: within a month,2022-08-11
17559,289c98242aae94f44939bf6544f70ebc,20220727,2022-07-27,"BUG #17559: Inconsistent visibility in trigger function",1,1: no replies,false,no linked commit,,,,,2022-08-11
17560,22fbef86fc7034aef607c20752f268b3,20220728,2022-07-28,"BUG #17560: Planner can not find plan with lowest cost",5,3: 4-10 messages,false,no linked commit,,,,,2022-08-11
17561,46fd412f40fd0c970c58fb3a3fcf536f,20220729,2022-07-29,"BUG #17561: Server crashes on executing row() with very long argument list",14,4: 11+ messages,true,linked to a fix commit,both,2022-07-29,0,1: same/next day,2022-08-11
17562,b701f0d9043b1ad0ad2029399eb1a896,20220729,2022-07-29,"BUG #17562: Strange behavior of to_tsquery() with a - character",1,1: no replies,false,no linked commit,,,,,2022-08-11
17563,5b1e95d26e3503e9a2f316971ee75408,20220801,2022-08-01,"BUG #17563: exception "" Segmentation fault"" occured when i executed 'reindex index concurrently' in pg12.0",3,2: 2-3 messages,false,no linked commit,,,,,2022-08-11
17564,45abf4f2d8ede9e40452c8444cfab7a1,20220801,2022-08-01,"BUG #17564: Planner bug in combination of generate_series(), unnest() and ORDER BY",18,4: 11+ messages,true,linked to a fix commit,both,2022-08-03,2,2: within a week,2022-08-11
17565,cf2143f14e4018a342ce93aa0fad00c6,20220801,2022-08-01,"BUG #17565: Extended query protocol incorrectly sets TBLOCK_STARTED even though multiple queries can be executed",2,2: 2-3 messages,false,no linked commit,,,,,2022-08-11
17567,89c5d083f6c8aabb923136f45e2f20e7,20220803,2022-08-03,"BUG #17567: Unable to Set Max_Connection in Postgresql which has replicas",4,3: 4-10 messages,false,no linked commit,,,,,2022-08-11
17568,ff7163eb9a902d9952f5a489c8e29751,20220803,2022-08-03,"BUG #17568: unexpected zero page at block 0 during REINDEX CONCURRENTLY",5,3: 4-10 messages,false,no linked commit,,,,,2022-08-11
17569,b64d9af3497cc98766d663927018097d,20220803,2022-08-03,"BUG #17569: false negative / positive results when using <-> (followed by) and tsvector limit (16383) hit",1,1: no replies,false,no linked commit,,,,,2022-08-11
17570,dd62e2ef2da8e7dc252efeb2d7a9d06a,20220804,2022-08-04,"BUG #17570: Unrecognized node type for query with statistics on expressions",10,3: 4-10 messages,true,linked to a fix commit,both,2022-08-05,1,1: same/next day,2022-08-11
17571,aa4eed757447b2244fbeff34254932ec,20220804,2022-08-04,"BUG #17571: PostgreSQL 15b2 ICU collation defined at db level sorts differently in collate clause vs implicit",4,3: 4-10 messages,false,no linked commit,,,,,2022-08-11
17572,c9b450707898b6e76b1458c226e86d75,20220804,2022-08-04,"BUG #17572: Different behaviour in different versions of postgresql details as in email",2,2: 2-3 messages,false,no linked commit,,,,,2022-08-11
17573,e20d47211282a145c1ad27e76ddb188c,20220804,2022-08-04,"BUG #17573: timestamptz casting precision goes down as the year goes up",2,2: 2-3 messages,false,no linked commit,,,,,2022-08-11
17574,5bd73b780ffdfc39395663a82e653c99,20220804,2022-08-04,"BUG #17574: Attaching an invalid index to partition head make head index invalid forever",4,3: 4-10 messages,false,no linked commit,,,,,2022-08-11
17575,1357190ba39a6ace9b5aee6d74d5620e,20220805,2022-08-05,"BUG #17575: row(NULL) IS NULL inconsistent with IS NOT DISTINCT FROM NULL",4,3: 4-10 messages,false,no linked commit,,,,,2022-08-11
17576,86cba140db6c97f4f0fd27ec0cc5489f,20220805,2022-08-05,"BUG #17576: Event_trigger ddl_command_end not firing during CREATE PROCEDURE",3,2: 2-3 messages,false,no linked commit,,,,,2022-08-11
17577,5cb44bca7992691adebfbd1d06ca6940,20220805,2022-08-05,"BUG #17577: pg_ctl promote is not preemptive in archive recovery",5,3: 4-10 messages,false,no linked commit,,,,,2022-08-11
17578,5bd73b780ffdfc39395663a82e653c99,20220805,2022-08-05,"BUG #17578: undetected (on one side) deadlock with reindex CONCURRENTLY partitioned index vs drop index",2,2: 2-3 messages,false,no linked commit,,,,,2022-08-11
17579,5856af5ecabd1a019cfd0b037beb7c00,20220807,2022-08-07,"BUG #17579: 15beta2: strange error when trying to use MERGE statement as a CTE",10,3: 4-10 messages,true,linked to a fix commit,discussion_link,2022-08-12,5,2: within a week,2022-08-11
17580,ae612e314795477110181b3932902205,20220810,2022-08-10,"BUG #17580: use pg_terminate_backend to terminate a wal sender process may wait a long time",7,3: 4-10 messages,true,linked to a fix commit,discussion_link,2022-08-23,13,3: within a month,2022-11-10
17581,d334014d3d3ee82a726aeb4d1f326351,20220811,2022-08-11,"BUG #17581: DB Restriction Option Is Not Working",2,2: 2-3 messages,false,no linked commit,,,,,2022-11-10
17582,e4f9d246f114132b08518217b26a2bd7,20220811,2022-08-11,"BUG #17582: Error: Package: gdal-libs-1.11.4-12.rhel7.x86_64 (@pgdg11)",2,2: 2-3 messages,false,no linked commit,,,,,2022-11-10
17583,46fd412f40fd0c970c58fb3a3fcf536f,20220812,2022-08-12,"BUG #17583: Server crashes on executing CROSS JOIN with very big number of tables",4,3: 4-10 messages,true,linked to a fix commit,both,2022-08-13,1,1: same/next day,2022-11-10
17584,26e1965a9b31c3d0ed3aabecb27e57be,20220812,2022-08-12,"BUG #17584: SQL crashes PostgreSQL when using ICU collation",14,4: 11+ messages,true,linked to a fix commit,both,2022-08-14,2,2: within a week,2022-11-10
17585,43527f1dcb817d999bf0d58e23353138,20220812,2022-08-12,"BUG #17585: Wrong path to the extension control file",4,3: 4-10 messages,false,no linked commit,,,,,2022-11-10
17586,5bd73b780ffdfc39395663a82e653c99,20220815,2022-08-15,"BUG #17586: Look like there are an another bug in REINDEX INDEX CONCURRENTLY of pg_toast indexes",4,3: 4-10 messages,false,no linked commit,,,,,2022-11-10
17588,e4f9d246f114132b08518217b26a2bd7,20220815,2022-08-15,"BUG #17588: RHEL 8 nothing provides libarmadillo.so.10 (64bit) needed by gdal-libs3x*",4,3: 4-10 messages,false,no linked commit,,,,,2022-11-10
17589,792f72b59c0d05f18afc47fff7c7edce,20220817,2022-08-17,"BUG #17589: Invalid read at array_positions",2,2: 2-3 messages,false,no linked commit,,,,,2022-11-10
17590,2f617ad66050a6a30a8739b8808bfe27,20220819,2022-08-19,"BUG #17590: [OPTIMIZER] DELETE never ends on a small table, found a workaround which makes it instant",2,2: 2-3 messages,false,no linked commit,,,,,2022-11-10
17591,1ed3cebb509e8d1d043509da557815f2,20220822,2022-08-22,"BUG #17591: elog(ERROR) cause SharedSnapshotLock deadlock",3,2: 2-3 messages,false,no linked commit,,,,,2022-11-10
17593,8965b81b5b4f9683e4f91b25054a6951,20220825,2022-08-25,"BUG #17593: min key size 112 bits from FIPS SP800-131 requirement for HMAC-SHA raises exception in SCRAM-SHA-256",2,2: 2-3 messages,false,no linked commit,,,,,2022-11-10
17594,5bd73b780ffdfc39395663a82e653c99,20220825,2022-08-25,"BUG #17594: conditional hash indexes size (hash index ignore WHERE condition during CREATE INDEX?)",4,3: 4-10 messages,false,no linked commit,,,,,2022-11-10
17596,c5fb83cf50ba179f74541bdd9a9ea1e9,20220826,2022-08-26,"BUG #17596: ""invalid attribute number 11"" when updating partitioned table with a MULTIEXPR_SUBLINK",2,2: 2-3 messages,true,linked to a fix commit,discussion_link,2022-08-27,1,1: same/next day,2022-11-10
17598,b77c168f866dc7a20957750531a497ab,20220828,2022-08-28,"BUG #17598: EXTENSION can no longer create it's own schema! (Create Schema IF NOT EXISTS XXX)",5,3: 4-10 messages,false,no linked commit,,,,,2022-11-10
17599,f157a1ea38254be3fbea51b9280a0cb7,20220829,2022-08-29,"BUG #17599: After creating more than 10,000 roles, select becomes slow after role switching",1,1: no replies,false,no linked commit,,,,,2022-11-10
17600,4c5c10ede3a9edfdfd0bdea917a687ab,20220829,2022-08-29,"BUG #17600: Not able to install PostgreSql in my laptop",1,1: no replies,false,no linked commit,,,,,2022-11-10
17601,c9b0e5cfa94a34c8754a935470c92f31,20220829,2022-08-29,"BUG #17601: Problem running the post-install step. Installation may not complete correctly.",2,2: 2-3 messages,false,no linked commit,,,,,2022-11-10
17602,9ceb8ae7515ba3dcdd6d14b0e380a97e,20220830,2022-08-30,"BUG #17602: Query backend process killed because it uses up all memory.",2,2: 2-3 messages,false,no linked commit,,,,,2022-11-10
17603,c9b0e5cfa94a34c8754a935470c92f31,20220902,2022-09-02,"BUG #17603: Problem running the post-install step. Installation may not complete correctly.",5,3: 4-10 messages,false,no linked commit,,,,,2022-11-10
17604,64ddbaa287ae15b3e68b0fb7fb5a637b,20220904,2022-09-04,"BUG #17604: Constraints creation dialog column names do not refresh after changing names in the table",2,2: 2-3 messages,false,no linked commit,,,,,2022-11-10
17606,c5fb83cf50ba179f74541bdd9a9ea1e9,20220905,2022-09-05,"BUG #17606: There is still some glitch in 3f7323cbb fixing failure of MULTIEXPR_SUBLINK",8,3: 4-10 messages,false,no linked commit,,,,,2022-11-10
17607,43c0b03846b5577c2c56fa6fe8fc4f9c,20220905,2022-09-05,"BUG #17607: Server process crashes when PLpgSQL function raises error in subtransaction",5,3: 4-10 messages,true,linked to a fix commit,both,2022-09-25,20,3: within a month,2022-11-10
17610,25a91fda617f27af51edfc996486129e,20220908,2022-09-08,"BUG #17610: Use of multiple composite types incompatible with record-typed function parameter",6,3: 4-10 messages,true,linked to a fix commit,both,2022-09-16,8,3: within a month,2022-11-10
17611,d3afca99eaaff73f220c8c9dc0e2eae5,20220908,2022-09-08,"BUG #17611: SJIS conversion rule about duplicated characters differ from Windows",6,3: 4-10 messages,false,no linked commit,,,,,2022-11-10
17612,66e8f0751152edf1830acef3e11cf75b,20220912,2022-09-12,"BUG #17612: Error on your site",3,2: 2-3 messages,false,no linked commit,,,,,2022-11-10
17613,eb356477d849904d912d0a62893c0cc9,20220912,2022-09-12,"BUG #17613: in the postgresql 15beta4,there are lack of many extensions",4,3: 4-10 messages,false,no linked commit,,,,,2022-11-10
17614,a57a84e6cbff59f3dadd3d08ec13a261,20220915,2022-09-15,"BUG #17614: ""variable not found in subplan target lists"" on grouping query",2,2: 2-3 messages,false,no linked commit,,,,,2022-11-10
17615,cd77f25e590388a58727f9f0307c8278,20220915,2022-09-15,"BUG #17615: Getting error while inserting records in the table: invalid byte sequence for encoding ""UTF8"": 0xae",7,3: 4-10 messages,false,no linked commit,,,,,2022-11-10
17616,376289853605e64cfad888c5d6ad7e4c,20220916,2022-09-16,"BUG #17616: Silently skipping to update data to the database with owner privileges using flyway scripts",2,2: 2-3 messages,false,no linked commit,,,,,2022-11-10
17618,e611b18d23f273c39972218914042ee9,20220919,2022-09-19,"BUG #17618: unnecessary filter column <> text even after adding index",21,4: 11+ messages,true,linked to a fix commit,both,2022-11-08,50,4: within 6 months,2022-11-10
17619,300334e4b946868ec2a3f94b5f4a47c5,20220921,2022-09-21,"BUG #17619: AllocSizeIsValid violation in parallel hash join",21,4: 11+ messages,true,linked to a fix commit,both,2023-01-26,127,4: within 6 months,2022-11-10
17620,cff228b5d02f2c49adce27f5051a5773,20220922,2022-09-22,"BUG #17620: JIT-Compiler causes Segmentation Fault",3,2: 2-3 messages,false,no linked commit,,,,,2022-11-10
17621,dd961613bde6bccd42db0dc18f43d9e0,20220922,2022-09-22,"BUG #17621: PostgreSQL 15 Windows installer still downloads Beta 3",2,2: 2-3 messages,false,no linked commit,,,,,2022-11-10
17622,7362751f43b3b7022e098e550d6a06d1,20220926,2022-09-26,"BUG #17622: a potential bug of NPD",1,1: no replies,false,no linked commit,,,,,2022-11-10
17623,3dc4b5f63d8b52e326369a1c1cd89a67,20220928,2022-09-28,"BUG #17623: WHERE should be evaluated after FROM clause when operators may throw",5,3: 4-10 messages,false,no linked commit,,,,,2022-11-10
17624,ccc0b883b0658f144ef6917be9d6e50d,20220929,2022-09-29,"BUG #17624: Creating database is non-ending execution.",4,3: 4-10 messages,false,no linked commit,,,,,2022-11-10
17625,5c30c2d85d88de9615873f2c2ede7a35,20220929,2022-09-29,"BUG #17625: In PG15 PQsslAttribute returns different values than PG14 when SSL is not in use for the connection",14,4: 11+ messages,true,linked to a fix commit,both,2022-09-29,0,1: same/next day,2022-11-10
17626,ed433b88b870df68f1c169952a2d5f3e,20221001,2022-10-01,"BUG #17626: Permission denied errors should list role as well as user",6,3: 4-10 messages,false,no linked commit,,,,,2022-11-10
17629,3d5d296ef74a5733770415be9ff78ebd,20221007,2022-10-07,"BUG #17629: PostgreSQL repository not working on RHEL 8.6",1,1: no replies,false,no linked commit,,,,,2022-11-10
17630,80dcae7047a54c8996993d30dec43d95,20221009,2022-10-09,"BUG #17630: pg_dump error",3,2: 2-3 messages,false,no linked commit,,,,,2022-11-10
17631,406da456cffcf7a3bad366d6942ff9f4,20221010,2022-10-10,"BUG #17631: Prepare + Merge fails to identify parameter types",2,2: 2-3 messages,false,no linked commit,,,,,2022-11-10
17632,7362751f43b3b7022e098e550d6a06d1,20221011,2022-10-11,"BUG #17632: a potential bug of memory leak",2,2: 2-3 messages,false,no linked commit,,,,,2022-11-10
17633,4ebecac85c9d41c4888888a0b27797eb,20221011,2022-10-11,"BUG #17633: Define rule on views which do insert to another relation trigger cache lookup failed error.",9,3: 4-10 messages,true,linked to a fix commit,both,2022-10-11,0,1: same/next day,2022-11-10
17634,645f1ec086747337102f32058cb77da0,20221011,2022-10-11,"BUG #17634: Inconsistent view_definition in information_schema.views",3,2: 2-3 messages,false,no linked commit,,,,,2022-11-10
17635,e80db3bf9d74834f6c996411f02e61a1,20221011,2022-10-11,"BUG #17635: The behavior of quote_ident differs from what the doc specifies",2,2: 2-3 messages,false,no linked commit,,,,,2022-11-10
17636,9152504267f841a2b95154001134264f,20221012,2022-10-12,"BUG #17636: terminating connection because of crash of another server process",4,3: 4-10 messages,false,no linked commit,,,,,2022-11-10
17637,a9db511a741f7fa77e77b53183ceee27,20221013,2022-10-13,"BUG #17637: case-when branches taken even if they dont match, raising errors",6,3: 4-10 messages,false,no linked commit,,,,,2022-11-10
17638,227d0bebe946db185c169eb51d759974,20221013,2022-10-13,"BUG #17638: Versioning Policy page appears incorrect",2,2: 2-3 messages,false,no linked commit,,,,,2022-11-10
17639,6eb1e9c8fc5c5715bee99a0b1d417aa4,20221013,2022-10-13,"BUG #17639: Failed to download packages: python3-humanize-3.13.1-42.rhel8.noarch: Cannot download, all mirrors w",1,1: no replies,false,no linked commit,,,,,2022-11-10
17640,ec3adaa48c9483d61a175cfbc153504d,20221014,2022-10-14,"BUG #17640: fork off the requested timeline before the switchpoint.",2,2: 2-3 messages,false,no linked commit,,,,,2022-11-10
17641,c37ed17e4372ed9bab421d61cf5c7e24,20221015,2022-10-15,"BUG #17641: postgresql service persistently restarts because ""could not open shared memory segment""",4,3: 4-10 messages,false,no linked commit,,,,,2022-11-10
17644,f31a58fe1776f6e8de7c3e5c84a1899e,20221016,2022-10-16,"BUG #17644: EXPLAIN VERBOSE fails on query with SEARCH BREADTH FIRST",2,2: 2-3 messages,true,linked to a fix commit,both,2022-10-16,0,1: same/next day,2022-11-10
17645,d0f7d6bd765e418a094a04ade0024530,20221016,2022-10-16,"BUG #17645: Strange queries that stuck in database system",2,2: 2-3 messages,false,no linked commit,,,,,2022-11-10
17646,1b3a2806985ce750ffa225d651ef2c37,20221017,2022-10-17,"BUG #17646: create rule named ""_RETURN"" will cause pg core",6,3: 4-10 messages,true,linked to a fix commit,both,2022-10-17,0,1: same/next day,2022-11-10
17647,206e08986a1277574d11d0399839d65d,20221017,2022-10-17,"BUG #17647: 12.12 package has difference on ubuntu 18.04",6,3: 4-10 messages,false,no linked commit,,,,,2022-11-10
17649,73c34a29f095bf09681110af4cd5d09e,20221018,2022-10-18,"BUG #17649: With libpg5 15.0 psql 10.22 uses HOME variable instead of uid and /etc/passwd to select .pgpass file",2,2: 2-3 messages,false,no linked commit,,,,,2022-11-10
17650,fbdc7815a3ebf430b893973a539fe9d0,20221018,2022-10-18,"BUG #17650: For the sixth time, the clipping function in the 120 partition table planning stage fails",4,3: 4-10 messages,false,no linked commit,,,,,2022-11-10
17651,89016d9e010586d33c0e13ede6f01a9c,20221019,2022-10-19,"BUG #17651: Possible optimization for sort on not nullable field (indexed)",2,2: 2-3 messages,false,no linked commit,,,,,2022-11-10
17652,60d8bb389274a970831fa0acadd9159e,20221019,2022-10-19,"BUG #17652: Performance degradation after migrating from v13.4 to v14.4",13,4: 11+ messages,false,no linked commit,,,,,2022-11-10
17653,bc5fa63efb7c5104dfdb23989c7ff75e,20221019,2022-10-19,"BUG #17653: Bad handling of NUMERIC data type using ODBC driver version 13.2",1,1: no replies,false,no linked commit,,,,,2022-11-10
17655,b6e13c670096c2c4366c61dc9c2b2160,20221020,2022-10-20,"BUG #17655: crash postgres by query",3,2: 2-3 messages,false,no linked commit,,,,,2022-11-10
17657,1ee16a519dd28d429289640bf28892d2,20221020,2022-10-20,"BUG #17657: Documentation links color",1,1: no replies,false,no linked commit,,,,,2022-11-10
17658,29e618d039daea6de7a3a3ffb1a0a42a,20221020,2022-10-20,"BUG #17658: Download release 15 without success",1,1: no replies,false,no linked commit,,,,,2022-11-10
17659,6f6a485b26cb0a0fbb04170d1aea8574,20221021,2022-10-21,"BUG #17659: error in rpmbuild when compiling psql",1,1: no replies,false,no linked commit,,,,,2022-11-10
17660,ae67fef019154f709ca23dd36e3b5e80,20221022,2022-10-22,"BUG #17660: JSONPATH issue using like_regex followed by the && operator",4,3: 4-10 messages,false,no linked commit,,,,,2022-11-10
17661,8ac5829114399cac0279e43c4a0ceefe,20221022,2022-10-22,"BUG #17661: Nothing provides 'libselinux.so.1(LIBSELINUX_1.0)(64bit)",1,1: no replies,false,no linked commit,,,,,2022-11-10
17662,bab073db25dbde605454038434858350,20221024,2022-10-24,"BUG #17662: Error on UPDATE with ()",2,2: 2-3 messages,false,no linked commit,,,,,2022-11-10
17663,cf668df181682e4207e108c131824a71,20221026,2022-10-26,"BUG #17663: Connect to the database through jdbc, call the stored procedure containing the rollback statement,",1,1: no replies,true,linked to a fix commit,discussion_link,2022-11-01,6,2: within a week,2022-11-10
17664,7565d3b671c176138bedaf0fd93f3c3a,20221026,2022-10-26,"BUG #17664: The subsctring() function with the char() text type does not work correctly",2,2: 2-3 messages,false,no linked commit,,,,,2022-11-10
17665,1586d9e93e46dd80519521697a0e680c,20221027,2022-10-27,"BUG #17665: pg_stat_statements useless with variable number of parameters in IN close",2,2: 2-3 messages,false,no linked commit,,,,,2022-11-10
17666,ab7b6180488e0ac1247cb9839ebfe9ac,20221027,2022-10-27,"BUG #17666: Unexpected shutdown",2,2: 2-3 messages,false,no linked commit,,,,,2022-11-10
17667,b9499303fbcf73501920f5526a6b365c,20221027,2022-10-27,"BUG #17667: to_char is used to collect statistics by week",2,2: 2-3 messages,false,no linked commit,,,,,2022-11-10
17668,d329eb25e3cf171dc0e00c340e3c607c,20221027,2022-10-27,"BUG #17668: Query normalization generates multiple queryId:s for calls to the same procedure",6,3: 4-10 messages,false,no linked commit,,,,,2022-11-10
17669,2ddfefb416c8628de392c652f9a367ee,20221027,2022-10-27,"BUG #17669: Invalid TOAST pointer in PL/pgSQL variable",3,2: 2-3 messages,false,no linked commit,,,,,2022-11-10
17670,7636a0a4dbf9af1ff7a52f7de88f4286,20221028,2022-10-28,"BUG #17670: Logical Replication data may be lost on the subscription under certain scenarios",7,3: 4-10 messages,false,no linked commit,,,,,2022-11-10
17671,630628d028f73409e418562de0c57ab0,20221031,2022-10-31,"BUG #17671: Query returns unexpected result",3,2: 2-3 messages,false,no linked commit,,,,,2022-11-10
17672,9bbc0a307616cfc0a14a2a42325233ed,20221031,2022-10-31,"BUG #17672: Wrong logic of Postgresql Resporitory Naming and mirroring incompatibility",3,2: 2-3 messages,false,no linked commit,,,,,2022-11-10
17673,2a87d7a5bb5c14be6c87feb2e9df3fb7,20221031,2022-10-31,"BUG #17673: Regression tests failed with llvm 11+ when using address sanitizers",1,1: no replies,false,no linked commit,,,,,2022-11-10
17674,8f130b2fa9903fca10a10b31ed3f7b94,20221102,2022-11-02,"BUG #17674: undefined symbol: pg_fprintf",2,2: 2-3 messages,false,no linked commit,,,,,2022-11-10
17675,98e1babf907097a80fa62ce5a3caa686,20221102,2022-11-02,"BUG #17675: pg_dump v15: Comments on constraints missing?",2,2: 2-3 messages,true,linked to a fix commit,both,2022-11-02,0,1: same/next day,2022-11-10
17676,bf87b4173ec6110e0477e13012805827,20221103,2022-11-03,"BUG #17676: Text comparison appears to be wrong",2,2: 2-3 messages,false,no linked commit,,,,,2022-11-10
17677,001a3274f9b7ee2b630f1a1b5649602f,20221104,2022-11-04,"BUG #17677: pg_upgrade error 14.5->15.0",2,2: 2-3 messages,true,linked to a fix commit,both,2022-11-04,0,1: same/next day,2022-11-10
17678,32579defb4defe0d08b931c51efaa6dd,20221104,2022-11-04,"BUG #17678: Script exit code: 1332",1,1: no replies,false,no linked commit,,,,,2022-11-10
17679,c48fb0204b7b8774ce7869e1bb580b50,20221106,2022-11-06,"BUG #17679: REFRESH MATERIALIZED VIEW CONCURRENTLY leaves temporary files?",2,2: 2-3 messages,true,linked to a fix commit,both,2022-11-07,1,1: same/next day,2022-11-10
17680,1b3a2806985ce750ffa225d651ef2c37,20221107,2022-11-07,"BUG #17680: execute alter composite type and select composite type concurrently, may cause pg coredump",1,1: no replies,false,no linked commit,,,,,2023-02-09
17681,52cd410ce0f5793e69e12dd18a9fbcd5,20221109,2022-11-09,"BUG #17681: Building the REL_12_13 source in Visual Studio 2013 fails.",5,3: 4-10 messages,true,linked to a fix commit,both,2022-11-10,1,1: same/next day,2023-02-09
17682,7413c5dc6e7ae3a42c8dff10dff85cd4,20221110,2022-11-10,"BUG #17682: Warning: apt-key is deprecated. Manage keyring files in trusted.gpg.d instead (see apt-key(8))",1,1: no replies,false,no linked commit,,,,,2023-02-09
17683,7413c5dc6e7ae3a42c8dff10dff85cd4,20221110,2022-11-10,"BUG #17683: OAuth error: This email address is already attached to a different account",2,2: 2-3 messages,false,no linked commit,,,,,2023-02-09
17684,da361360496d08358f5bbaa0ae859c5a,20221111,2022-11-11,"BUG #17684: pg_rewind ---could not receive data from WAL stream: ERROR: requested WAL segment 00000005000000000",2,2: 2-3 messages,false,no linked commit,,,,,2023-02-09
17685,da361360496d08358f5bbaa0ae859c5a,20221111,2022-11-11,"BUG #17685: pg_rewind: error: unexpected result while fetching remote files: ERROR: could not open file "".s.PGS",1,1: no replies,false,no linked commit,,,,,2023-02-09
17686,3dce6a26e6a1d06a1aa280ef279fc60c,20221112,2022-11-12,"BUG #17686: SELECT pg_advisory_lock(...) with low lock_timeout sometimes times out but the lock is acquired",5,3: 4-10 messages,false,no linked commit,,,,,2023-02-09
17687,279c04a7d66d1bf4327b8fe35d8e612c,20221114,2022-11-14,"BUG #17687: Session timezone change does not play well with prepared statements",2,2: 2-3 messages,false,no linked commit,,,,,2023-02-09
17688,37010c99558314027f46196bcbb321dd,20221115,2022-11-15,"BUG #17688: The Database Cluster Initialization Failed",1,1: no replies,false,no linked commit,,,,,2023-02-09
17689,32b9408255c26f8dfc3a92dfbf8c0536,20221118,2022-11-18,"BUG #17689: Two UPDATE operators in common table expressions (CTE) perform not as expected",5,3: 4-10 messages,false,no linked commit,,,,,2023-02-09
17690,ed0c84d68796f65d20680d2aaa3dd928,20221118,2022-11-18,"BUG #17690: Nonresponsive client on replica can halt replication indefinitely",3,2: 2-3 messages,false,no linked commit,,,,,2023-02-09
17691,7c9dff25e13f3b3987c1eeb9dcea745f,20221119,2022-11-19,"BUG #17691: Unexpected behaviour using ts_headline()",6,3: 4-10 messages,true,linked to a fix commit,bug_ref,2023-01-19,61,4: within 6 months,2023-02-09
17692,e9f5c43917dee9cc258572ba203d53ea,20221121,2022-11-21,"BUG #17692: Unable to connect to database after docker-compose",1,1: no replies,false,no linked commit,,,,,2023-02-09
17693,f4796cebe49d09f99eb4ee5a04461565,20221123,2022-11-23,"BUG #17693: Slow performance: Much slower queries on pg_stat_all_tables since 13.4",4,3: 4-10 messages,false,no linked commit,,,,,2023-02-09
17694,397f829eea921e02e35c37c22f9e6d3b,20221123,2022-11-23,"BUG #17694: In JSONPath expressions, characters between leading $ and dot appear to be ignored",7,3: 4-10 messages,false,no linked commit,,,,,2023-02-09
17695,74a973fba99bc19e818b1a2f14353fb4,20221124,2022-11-24,"BUG #17695: Failed Assert in logical replication snapbuild.",19,4: 11+ messages,true,linked to a fix commit,both,2023-07-04,222,5: longer,2023-02-09
17696,ae5d62b1e424048e6a218fa647311a15,20221124,2022-11-24,"BUG #17696: Creation of deferrable initially deferred constraint breaks before transaction commit",9,3: 4-10 messages,false,no linked commit,,,,,2023-02-09
17698,300334e4b946868ec2a3f94b5f4a47c5,20221125,2022-11-25,"BUG #17698: On SIGTERM, psql terminates, but leaves the statement running",5,3: 4-10 messages,false,no linked commit,,,,,2023-02-09
17699,b7abc2bb6b43d00bf5b1f646a3eca513,20221128,2022-11-28,"BUG #17699: Outdated instructions for installing on Debian / Ubuntu systems",1,1: no replies,false,no linked commit,,,,,2023-02-09
17700,420ae805325b94a0260401d393ea5769,20221128,2022-11-28,"BUG #17700: An assert failed in prepjointree.c",10,3: 4-10 messages,true,linked to a fix commit,both,2022-11-29,1,1: same/next day,2023-02-09
17701,4155ca6071515e03a58d8fcfb4edc4b4,20221128,2022-11-28,"BUG #17701: Certificate verification problem when using proxies to access the server",1,1: no replies,false,no linked commit,,,,,2023-02-09
17702,420ae805325b94a0260401d393ea5769,20221129,2022-11-29,"BUG #17702: An assert failed in parse_utilcmd.c",5,3: 4-10 messages,true,linked to a fix commit,both,2022-11-29,0,1: same/next day,2023-02-09
17703,314b1f98cdf35e958114d212d3e52a8b,20221201,2022-12-01,"BUG #17703: Recursive query early terminate when subquery result of the recursive term is NULL",2,2: 2-3 messages,false,no linked commit,,,,,2023-02-09
17704,a0daf41c4a2bb11848353bdc00b15aab,20221201,2022-12-01,"BUG #17704: Monitoring Queries trigger 'Signal 7: Bus Error' After Creating Hash Partitioned Table",3,2: 2-3 messages,false,no linked commit,,,,,2023-02-09
17705,976a99ba6e1c5364a595e3b230355edd,20221203,2022-12-03,"BUG #17705: Segmentation fault in BufFileLoadBuffer",4,3: 4-10 messages,false,no linked commit,,,,,2023-02-09
17706,2ddfefb416c8628de392c652f9a367ee,20221207,2022-12-07,"BUG #17706: ALTER TYPE leads to crash",6,3: 4-10 messages,false,no linked commit,,,,,2023-02-09
17707,69999a742891e27565691986ef386302,20221208,2022-12-08,"BUG #17707: Foreign key verification is very slow while creating empty partitions",1,1: no replies,false,no linked commit,,,,,2023-02-09
17708,90fe2b811e8bf729494a5884154a72d7,20221209,2022-12-09,"BUG #17708: 12.4",2,2: 2-3 messages,false,no linked commit,,,,,2023-02-09
17709,9c875e8cfde80ea5d81b68bc35785da4,20221209,2022-12-09,"BUG #17709: Regression in PG15 with window functions - ""WindowFunc not found in subplan target lists""",5,3: 4-10 messages,true,linked to a fix commit,both,2022-12-10,1,1: same/next day,2023-02-09
17710,b2b642d67600d9fbb7457d3f0aa88011,20221209,2022-12-09,"BUG #17710: Slow queries (100% CPU) after auto-vacuum",8,3: 4-10 messages,false,no linked commit,,,,,2023-02-09
17711,7bc1bed3cdb5eec4d8f424ce2e2c534b,20221211,2022-12-11,"BUG #17711: Login failed",2,2: 2-3 messages,false,no linked commit,,,,,2023-02-09
17713,792f72b59c0d05f18afc47fff7c7edce,20221212,2022-12-12,"BUG #17713: Assert with postgres_fdw in v12",5,3: 4-10 messages,false,no linked commit,,,,,2023-02-09
17714,9b97ed4484fb1c12e35e53550705506f,20221212,2022-12-12,"BUG #17714: Refresh materialized view does not update all date",2,2: 2-3 messages,false,no linked commit,,,,,2023-02-09
17715,cc6015d501ac8cfec21f961fca792e39,20221212,2022-12-12,"BUG #17715: dumps file raise an error on restore if a materialized view use a function calling another function",2,2: 2-3 messages,false,no linked commit,,,,,2023-02-09
17716,fe5addff86d985cbeaa2c6d62c8ea795,20221213,2022-12-13,"BUG #17716: walsender process hang while decoding 'DROP PUBLICATION' XLOG",9,3: 4-10 messages,false,no linked commit,,,,,2023-02-09
17717,d4a6a10f7f6b42dcb9d1f1818af87d9d,20221213,2022-12-13,"BUG #17717: Regression in vacuumdb (15 is slower than 10/11 and possible memory issue)",29,4: 11+ messages,true,linked to a fix commit,both,2023-01-06,24,3: within a month,2023-02-09
17718,400fd0a6378c508f350591afaecc6e03,20221213,2022-12-13,"BUG #17718: Unexpected REVOKE ALL permissions in the backup script",1,1: no replies,false,no linked commit,,,,,2023-02-09
17719,12853e6b9bdc36076dc9c9808262dab1,20221213,2022-12-13,"BUG #17719: scram-sha-256 is not working on PostgreSQL 11.18",2,2: 2-3 messages,false,no linked commit,,,,,2023-02-09
17720,4861186401477aa629576e3b3318dd03,20221214,2022-12-14,"BUG #17720: pg_dump creates a dump with primary key that cannot be restored, when specifying 'using index ...'",22,4: 11+ messages,true,linked to a fix commit,discussion_link,2023-02-24,72,4: within 6 months,2023-02-09
17721,6d07370002b9b5d8e33c37db71df4b8d,20221214,2022-12-14,"BUG #17721: A completely unused CTE negatively affect Query Plan",6,3: 4-10 messages,false,no linked commit,,,,,2023-02-09
17723,c531d513427f8382eaa24c05901f3e1c,20221216,2022-12-16,"BUG #17723: cache lookup failed for type 0",3,2: 2-3 messages,true,linked to a fix commit,both,2022-12-16,0,1: same/next day,2023-02-09
17724,ff247d99ee5751f10b7b1ef39228e06a,20221216,2022-12-16,"BUG #17724: All autovacuum workers operate on 1 db at a time",2,2: 2-3 messages,false,no linked commit,,,,,2023-02-09
17725,792f72b59c0d05f18afc47fff7c7edce,20221220,2022-12-20,"BUG #17725: Sefault when seg_in() called with a large argument",5,3: 4-10 messages,true,linked to a fix commit,both,2022-12-21,1,1: same/next day,2023-02-09
17727,a79395687766c630369e12398f20be30,20221221,2022-12-21,"BUG #17727: A query crashes server process: ... was terminated by signal 7: Bus error / Segmentation Fault",2,2: 2-3 messages,false,no linked commit,,,,,2023-02-09
17728,fbdc7815a3ebf430b893973a539fe9d0,20221222,2022-12-22,"BUG #17728: When jdbc calls the stored procedure, portal->stmts in FillPortalStore is null, causing a processing",3,2: 2-3 messages,false,no linked commit,,,,,2023-02-09
17730,39a2df8607b8c94d589f871fd9730d56,20221223,2022-12-23,"BUG #17730: Trigger Issue",3,2: 2-3 messages,false,no linked commit,,,,,2023-02-09
17731,46fd412f40fd0c970c58fb3a3fcf536f,20221226,2022-12-26,"BUG #17731: Server doesn't start after abnormal shutdown while creating unlogged tables",7,3: 4-10 messages,false,no linked commit,,,,,2023-02-09
17732,4bf9833b53fae2d47b3dc5d469f36bc0,20221227,2022-12-27,"BUG #17732: pg_restore fails with check constraint",2,2: 2-3 messages,false,no linked commit,,,,,2023-02-09
17733,ca6b3e73c0b0641da8fae01bc75bba86,20221228,2022-12-28,"BUG #17733: ERROR: could not load library ""/Users/frank/postgres/postgresql-13.9/lib/postgresql/llvmjit.so"": dl",7,3: 4-10 messages,false,no linked commit,,,,,2023-02-09
17734,e80db3bf9d74834f6c996411f02e61a1,20221229,2022-12-29,"BUG #17734: Doc bug: ""initial database user"" used where ""bootstrap superuser"" is meant",3,2: 2-3 messages,false,no linked commit,,,,,2023-02-09
17735,bae6442a4b46b7bb09903426bc3d59b7,20230102,2023-01-02,"BUG #17735: Uninstall of one version wipes out logs for all versions",2,2: 2-3 messages,false,no linked commit,,,,,2023-02-09
17736,fbdc7815a3ebf430b893973a539fe9d0,20230104,2023-01-04,"BUG #17736: when psql -c is used, the $ sign is escaped",2,2: 2-3 messages,false,no linked commit,,,,,2023-02-09
17737,420ae805325b94a0260401d393ea5769,20230105,2023-01-05,"BUG #17737: An assert failed in execExprInterp.c",5,3: 4-10 messages,false,no linked commit,,,,,2023-02-09
17738,0c6e555c05cb6343f423ff2a01201866,20230106,2023-01-06,"BUG #17738: There is a typo on your website",2,2: 2-3 messages,false,no linked commit,,,,,2023-02-09
17739,3cf8a86f4318fa90c5eed36709b4b834,20230108,2023-01-08,"BUG #17739: postgres ts_headline function is not returning matches it should during full text search",4,3: 4-10 messages,false,no linked commit,,,,,2023-02-09
17740,b4fe0e0554b649534b0d63e0d85d1f62,20230109,2023-01-09,"BUG #17740: Connecting postgresql 13 with different psql versions",9,3: 4-10 messages,false,no linked commit,,,,,2023-02-09
17741,dd62e2ef2da8e7dc252efeb2d7a9d06a,20230109,2023-01-09,"BUG #17741: vacuum process hangs after pg_surgery manipulations",4,3: 4-10 messages,false,no linked commit,,,,,2023-02-09
17742,9152504267f841a2b95154001134264f,20230109,2023-01-09,"BUG #17742: Postgres not generating the minidump after crash in Windows.",1,1: no replies,false,no linked commit,,,,,2023-02-09
17743,a56c842372089c9095571f2504a12467,20230109,2023-01-09,"BUG #17743: Bad RIP VALUE",2,2: 2-3 messages,false,no linked commit,,,,,2023-02-09
17744,fe5addff86d985cbeaa2c6d62c8ea795,20230110,2023-01-10,"BUG #17744: Fail Assert while recoverying from pg_basebackup",17,4: 11+ messages,false,no linked commit,,,,,2023-02-09
17745,2b2cc9210aa97adf437ee32f830ac06c,20230111,2023-01-11,"BUG #17745: RETURNING after INSERT does not return the same structure of response",2,2: 2-3 messages,false,no linked commit,,,,,2023-02-09
17746,96600f3a2fb6b20ee6e9e74e39ccd4b2,20230111,2023-01-11,"BUG #17746: Partitioning by hash of a text depends on icu version when text collation is not deterministic",2,2: 2-3 messages,false,no linked commit,,,,,2023-02-09
17747,a800ca4750f4b11adee85c303b08649d,20230111,2023-01-11,"BUG #17747: Registry entry ""Base Directory"" is not populated if you only install Command-line tools",3,2: 2-3 messages,false,no linked commit,,,,,2023-02-09
17748,9d4138fce17b1e157a3434c57f11d7ce,20230112,2023-01-12,"BUG #17748: postres_raster extension missing in postgis packages for SLES",1,1: no replies,false,no linked commit,,,,,2023-02-09
17749,76ed5c12a9eee9e1d1cb8569d4ea6124,20230112,2023-01-12,"BUG #17749: do repodata in online repos vor sles12 available",1,1: no replies,false,no linked commit,,,,,2023-02-09
17750,de47966ec70fb65aeffb6bbe7f4ca89a,20230112,2023-01-12,"BUG #17750: Plugin_debugger not work when have pg_hint_plan on shared_preload_libraries",2,2: 2-3 messages,false,no linked commit,,,,,2023-02-09
17751,a0bb30b5f84ef5bea415f34324461464,20230114,2023-01-14,"BUG #17751: DDL CREATE statement accepts invalid default values for FOREIGN KEY constraint.",2,2: 2-3 messages,false,no linked commit,,,,,2023-02-09
17753,91e1e8bc5e059d465d3f5da5de4d6c21,20230118,2023-01-18,"BUG #17753: pg_dump --if-exists bug",6,3: 4-10 messages,true,linked to a fix commit,discussion_link,2023-01-20,2,2: within a week,2023-02-09
17754,e321e7ea3c2fc664013fe373fa5a0369,20230119,2023-01-19,"BUG #17754: Subquery IN clause returns row matches where subquery is invalid",2,2: 2-3 messages,false,no linked commit,,,,,2023-02-09
17755,e448c5ccbcabbc8692a24cbe776b08bd,20230120,2023-01-20,"BUG #17755: database queries get stuck for certain IDs",3,2: 2-3 messages,false,no linked commit,,,,,2023-02-09
17756,9045aa754028c172ecc33a5750b509fa,20230120,2023-01-20,"BUG #17756: Invalid replica indentity set order in a dump",5,3: 4-10 messages,true,linked to a fix commit,both,2023-01-21,1,1: same/next day,2023-02-09
17757,3388af91ec14c6c51df5ea99d068c17f,20230120,2023-01-20,"BUG #17757: Not honoring huge_pages setting during initdb causes DB crash in Kubernetes",25,4: 11+ messages,false,no linked commit,,,,,2023-02-09
17759,7edc316b447fdb7d73d1847efe777770,20230125,2023-01-25,"BUG #17759: MERGE UPDATE statements do not cause generated columns to update",2,2: 2-3 messages,true,linked to a fix commit,both,2023-01-30,5,2: within a week,2023-02-09
17760,aba7ec4b2717b96c5ce1ad8441b11829,20230125,2023-01-25,"BUG #17760: SCRAM authentication fails with ""modern"" (rsassaPss signature) server certificate",18,4: 11+ messages,true,linked to a fix commit,discussion_link,2023-02-15,21,3: within a month,2023-02-09
17761,541905921ef98bc46d55f367e7421527,20230127,2023-01-27,"BUG #17761: Questionable regular expression behavior",4,3: 4-10 messages,false,no linked commit,,,,,2023-02-09
17762,6bd8a513297ce53ca0acc3d49f575324,20230127,2023-01-27,"BUG #17762: date field casts to null in case section with join's",2,2: 2-3 messages,false,no linked commit,,,,,2023-02-09
17765,c5316b88383a88b294230882d29c9a3a,20230131,2023-01-31,"BUG #17765: SELECT CAST(true AS BIGINT);",3,2: 2-3 messages,false,no linked commit,,,,,2023-02-09
17766,7654826abc9e280cfec00d9d8e038913,20230201,2023-02-01,"BUG #17766: Issue in asc, limit and offset for pagination.",3,2: 2-3 messages,false,no linked commit,,,,,2023-02-09
17767,b857fc678fbe9c197bbcef5ddc554160,20230201,2023-02-01,"BUG #17767: psql: tab-completion causes warnings when standard_conforming_strings = off",11,4: 11+ messages,false,no linked commit,,,,,2023-02-09
17768,792f72b59c0d05f18afc47fff7c7edce,20230202,2023-02-02,"BUG #17768: Assert triggered on initsplan.c",5,3: 4-10 messages,true,linked to a fix commit,both,2023-02-04,2,2: within a week,2023-02-09
17769,792f72b59c0d05f18afc47fff7c7edce,20230202,2023-02-02,"BUG #17769: Assert triggered in indxpath.c",3,2: 2-3 messages,true,linked to a fix commit,both,2023-02-04,2,2: within a week,2023-02-09
17770,2af714a56cf4953d138310d14a56095e,20230202,2023-02-02,"BUG #17770: SELECT FOR UPDATE on a UNION ALL view doesn't raise an error",1,1: no replies,false,no linked commit,,,,,2023-02-09
17771,b9355befe6f7918717d740d994f58b05,20230205,2023-02-05,"BUG #17771: add a ""status"" column to the pg_rules system view",2,2: 2-3 messages,false,no linked commit,,,,,2023-02-09
17772,0fd14537a4ef04e683ff9e4b29658bd9,20230206,2023-02-06,"BUG #17772: small glitch with autocompletion on CREATE DATABASE",3,2: 2-3 messages,false,no linked commit,,,,,2023-05-11
17773,792f72b59c0d05f18afc47fff7c7edce,20230206,2023-02-06,"BUG #17773: Assert triggered on analyzejoins.c",3,2: 2-3 messages,true,linked to a fix commit,both,2023-02-06,0,1: same/next day,2023-05-11
17774,792f72b59c0d05f18afc47fff7c7edce,20230206,2023-02-06,"BUG #17774: Assert triggered on brin_minmax_multi.c",13,4: 11+ messages,true,linked to a fix commit,discussion_link,2023-03-20,42,4: within 6 months,2023-05-11
17775,eff67ddc4fe47ba98b69425576aa9b2d,20230206,2023-02-06,"BUG #17775: Clarify default value for HEADER argument in documentation",2,2: 2-3 messages,false,no linked commit,,,,,2023-05-11
17776,e0c3a74922dab34c10117c62aa7dec23,20230206,2023-02-06,"BUG #17776: Connections are terminated unexpectedly sometimes",5,3: 4-10 messages,false,no linked commit,,,,,2023-05-11
17777,420ae805325b94a0260401d393ea5769,20230206,2023-02-06,"BUG #17777: An assert failed in nodeWindowAgg.c",18,4: 11+ messages,true,linked to a fix commit,both,2023-02-13,7,2: within a week,2023-05-11
17778,b7d934bbabe8088335e8958e74314df0,20230207,2023-02-07,"BUG #17778: the revocation function was unable to check revocation because the revocation server was offline",1,1: no replies,false,no linked commit,,,,,2023-05-11
17779,e80db3bf9d74834f6c996411f02e61a1,20230207,2023-02-07,"BUG #17779: ""commit"" causes error 2D000 when ""set search_path"" is added to the first example in section ""43.8""",4,3: 4-10 messages,false,no linked commit,,,,,2023-05-11
17781,792f72b59c0d05f18afc47fff7c7edce,20230207,2023-02-07,"BUG #17781: Assert in setrefs.c",9,3: 4-10 messages,true,linked to a fix commit,both,2023-02-07,0,1: same/next day,2023-05-11
17782,f5a54872d8c674c9caf8be269d92ad02,20230207,2023-02-07,"BUG #17782: ERROR: variable not found in subplan target lists",6,3: 4-10 messages,false,no linked commit,,,,,2023-05-11
17783,23615f9dc07d0ffc9dabd5f1e8465f4c,20230208,2023-02-08,"BUG #17783: ERROR: could not open file ""base/361098/2674030_vm"": Operation not permitted",4,3: 4-10 messages,false,no linked commit,,,,,2023-05-11
17784,0fd14537a4ef04e683ff9e4b29658bd9,20230209,2023-02-09,"BUG #17784: broken URL in 15.2 release notes",6,3: 4-10 messages,false,no linked commit,,,,,2023-05-11
17786,792f72b59c0d05f18afc47fff7c7edce,20230210,2023-02-10,"BUG #17786: Assert on indxpath.c",2,2: 2-3 messages,true,linked to a fix commit,both,2023-02-10,0,1: same/next day,2023-05-11
17787,5bd73b780ffdfc39395663a82e653c99,20230212,2023-02-12,"BUG #17787: Seriously wrong value of pg_class.reltuples for FTS GIN index after VACUUM (INDEX_CLEANUP)",1,1: no replies,false,no linked commit,,,,,2023-05-11
17788,8d353a4c5a84c5049abfc94b13c17ae1,20230212,2023-02-12,"BUG #17788: Incorrect memory access when parsing empty string as sql_standard interval",2,2: 2-3 messages,true,linked to a fix commit,both,2023-02-12,0,1: same/next day,2023-05-11
17789,8d353a4c5a84c5049abfc94b13c17ae1,20230213,2023-02-13,"BUG #17789: process_pgfdw_appname() fails for autovacuum workers",11,4: 11+ messages,true,linked to a fix commit,discussion_link,2023-02-21,8,3: within a month,2023-05-11
17790,d9054d20b5a07f7352f642aa05ab98f5,20230213,2023-02-13,"BUG #17790: Download of SLES 12 SP5 - x86_64 is not working",1,1: no replies,false,no linked commit,,,,,2023-05-11
17791,792f72b59c0d05f18afc47fff7c7edce,20230214,2023-02-14,"BUG #17791: Assert on procarray.c",5,3: 4-10 messages,false,no linked commit,,,,,2023-05-11
17792,8d353a4c5a84c5049abfc94b13c17ae1,20230214,2023-02-14,"BUG #17792: MERGE uses uninitialized pointer and crashes when target tuple is updated concurrently",9,3: 4-10 messages,true,linked to a fix commit,both,2023-02-15,1,1: same/next day,2023-05-11
17793,86623ea0f624c1cac15ad4a3e79b751f,20230214,2023-02-14,"BUG #17793: Query with large number of joins crashes PostgreSQL",6,3: 4-10 messages,false,no linked commit,,,,,2023-05-11
17794,41062536b7a76c594d313ea014d29572,20230215,2023-02-15,"BUG #17794: dates with zero or negative years are not accepted",5,3: 4-10 messages,false,no linked commit,,,,,2023-05-11
17795,8d353a4c5a84c5049abfc94b13c17ae1,20230215,2023-02-15,"BUG #17795: Erroneous parsing of floating-poing components in DecodeISO8601Interval()",4,3: 4-10 messages,true,linked to a fix commit,both,2023-02-20,5,2: within a week,2023-05-11
17796,5d16f0bdf3de10628d0fbe0d75dfbe97,20230215,2023-02-15,"BUG #17796: pgcrypto undecryptable blowfish data previous stored with openssl 1.1.1 with builtin decrypter one",5,3: 4-10 messages,false,no linked commit,,,,,2023-05-11
17797,73fcc51e628e053c4d5bc8a86e23d7fe,20230216,2023-02-16,"BUG #17797: connection error",2,2: 2-3 messages,false,no linked commit,,,,,2023-05-11
17798,8d353a4c5a84c5049abfc94b13c17ae1,20230217,2023-02-17,"BUG #17798: Incorrect memory access occurs when using BEFORE ROW UPDATE trigger",37,4: 11+ messages,true,linked to a fix commit,both,2024-01-14,331,5: longer,2023-05-11
17800,8d353a4c5a84c5049abfc94b13c17ae1,20230218,2023-02-18,"BUG #17800: ON CONFLICT DO UPDATE fails to detect incompatible fields that leads to a server crash",34,4: 11+ messages,true,linked to a fix commit,both,2023-02-25,7,2: within a week,2023-05-11
17802,42f8e2ee55464817eaedab18c3385906,20230220,2023-02-20,"BUG #17802: PGLogical getting Terminated",1,1: no replies,false,no linked commit,,,,,2023-05-11
17803,8d353a4c5a84c5049abfc94b13c17ae1,20230221,2023-02-21,"BUG #17803: Rule ""ALSO INSERT ... SELECT ..."" fails to substitute default values",17,4: 11+ messages,true,linked to a fix commit,both,2023-02-23,2,2: within a week,2023-05-11
17804,8d353a4c5a84c5049abfc94b13c17ae1,20230222,2023-02-22,"BUG #17804: Assertion failed in pg_stat after fetching from pg_stat_database and swithing cache->snapshot",14,4: 11+ messages,true,linked to a fix commit,discussion_link,2023-05-10,77,4: within 6 months,2023-05-11
17805,314b1f98cdf35e958114d212d3e52a8b,20230222,2023-02-22,"BUG #17805: Unexpected results when bounds of FOR loop use non-integer numbers",2,2: 2-3 messages,false,no linked commit,,,,,2023-05-11
17806,22c75b88edbcbb193a867a0206d9ad9b,20230223,2023-02-23,"BUG #17806: PostgreSQL 13.10 returns ""CREATE DATABASE cannot be executed within a pipeline""",3,2: 2-3 messages,false,no linked commit,,,,,2023-05-11
17809,8d353a4c5a84c5049abfc94b13c17ae1,20230226,2023-02-26,"BUG #17809: MERGE ... UPDATE fails with BEFORE ROW UPDATE trigger when target row updated concurrently",7,3: 4-10 messages,true,linked to a fix commit,both,2023-03-13,15,3: within a month,2023-05-11
17810,66d793e3800b52a15181bc0b18393d77,20230227,2023-02-27,"BUG #17810: Update from 13.09 to 13.10 breaks SQLs with VACUUM",14,4: 11+ messages,false,no linked commit,,,,,2023-05-11
17811,8d353a4c5a84c5049abfc94b13c17ae1,20230227,2023-02-27,"BUG #17811: Replacing an underlying view breaks OLD/NEW tuple when accessing it via upper-level view",4,3: 4-10 messages,true,linked to a fix commit,both,2023-03-07,8,3: within a month,2023-05-11
17812,b878b5a03e531f94de7acdc4765a0f15,20230228,2023-02-28,"BUG #17812: LOCK TABLE IN ACCESS EXCLUSIVE MODE with a view returns an empty tuple set",13,4: 11+ messages,false,no linked commit,,,,,2023-05-11
17813,6a89d8074f427e398e95c3f383dd812a,20230228,2023-02-28,"BUG #17813: I have an error about the installation of PostgreSQL installer on every version. please help.",1,1: no replies,false,no linked commit,,,,,2023-05-11
17814,73fa5f3f4dd685f33213739064a58187,20230228,2023-02-28,"BUG #17814: Detail info on kerbos authentication",1,1: no replies,false,no linked commit,,,,,2023-05-11
17815,46fd412f40fd0c970c58fb3a3fcf536f,20230301,2023-03-01,"BUG #17815: Server crashes on executing gist_page_items() in pageinspect extension",6,3: 4-10 messages,true,linked to a fix commit,discussion_link,2023-03-02,1,1: same/next day,2023-05-11
17816,51e5caec97c977e635166c251ce279a6,20230301,2023-03-01,"BUG #17816: Invalid memory access in translate function",2,2: 2-3 messages,true,linked to a fix commit,both,2023-03-01,0,1: same/next day,2023-05-11
17817,e0e3eeeb12aa09fa7e3e0112608615ef,20230301,2023-03-01,"BUG #17817: DISABLE TRIGGER ALL on a partitioned table with foreign key fails",8,3: 4-10 messages,true,linked to a fix commit,both,2023-03-04,3,2: within a week,2023-05-11
17818,e6d095460535783fcd58d847d8a5c918,20230302,2023-03-02,"BUG #17818: CTE is not returning the right data.",3,2: 2-3 messages,false,no linked commit,,,,,2023-05-11
17819,420ae805325b94a0260401d393ea5769,20230302,2023-03-02,"BUG #17819: The assert failed #17334 has not been repaired",2,2: 2-3 messages,false,no linked commit,,,,,2023-05-11
17821,8d353a4c5a84c5049abfc94b13c17ae1,20230302,2023-03-02,"BUG #17821: Assertion failed in heap_update() due to heap pruning",13,4: 11+ messages,true,linked to a fix commit,both,2025-01-25,695,5: longer,2023-05-11
17822,95c3f3a7669eaa19bc644a9ea7c51347,20230305,2023-03-05,"BUG #17822: Some scripts are blocked by Device Guard",2,2: 2-3 messages,false,no linked commit,,,,,2023-05-11
17823,2435cb1068d149f9e913ec3c01e5631a,20230306,2023-03-06,"BUG #17823: Generated columns not always updated correctly",3,2: 2-3 messages,true,linked to a fix commit,both,2023-03-06,0,1: same/next day,2023-05-11
17824,b0bb2a3990ddae0264844638405f4cf4,20230308,2023-03-08,"BUG #17824: PQTRANS_ACTIVE misleading",3,2: 2-3 messages,false,no linked commit,,,,,2023-05-11
17826,420ae805325b94a0260401d393ea5769,20230309,2023-03-09,"BUG #17826: An assert failed in /src/backend/optimizer/util/var.c",10,3: 4-10 messages,true,linked to a fix commit,both,2023-03-17,8,3: within a month,2023-05-11
17827,502e4161375a38cbcf86760619c35525,20230309,2023-03-09,"BUG #17827: Rule on insert into table doesn't work when excepting select from the table itself",4,3: 4-10 messages,false,no linked commit,,,,,2023-05-11
17828,8d353a4c5a84c5049abfc94b13c17ae1,20230309,2023-03-09,"BUG #17828: postgres_fdw leaks file descriptors on error and aborts aborted transaction in lack of fds",15,4: 11+ messages,true,linked to a fix commit,both,2023-11-23,259,5: longer,2023-05-11
17830,8d353a4c5a84c5049abfc94b13c17ae1,20230311,2023-03-11,"BUG #17830: Incorrect memory access in trgm_regexp",3,2: 2-3 messages,true,linked to a fix commit,both,2023-03-11,0,1: same/next day,2023-05-11
17831,8d9db6e616e61561fbe81d107892f62c,20230311,2023-03-11,"BUG #17831: server crash",2,2: 2-3 messages,false,no linked commit,,,,,2023-05-11
17832,99c80e7f65001e40abc9e125fe8d6ff2,20230311,2023-03-11,"BUG #17832: ERROR: failed to apply nullingrels to a non-Var in HEAD",2,2: 2-3 messages,true,linked to a fix commit,both,2023-03-12,1,1: same/next day,2023-05-11
17834,7413c5dc6e7ae3a42c8dff10dff85cd4,20230313,2023-03-13,"BUG #17834: Warning: apt-key is deprecated. Manage keyring files in trusted.gpg.d instead (see apt-key(8))",1,1: no replies,false,no linked commit,,,,,2023-05-11
17835,420ae805325b94a0260401d393ea5769,20230313,2023-03-13,"BUG #17835: Two assertions failed in nodeAgg.c and execExprInterp.c with the same SQL",3,2: 2-3 messages,true,linked to a fix commit,both,2023-03-13,0,1: same/next day,2023-05-11
17836,fbdc7815a3ebf430b893973a539fe9d0,20230313,2023-03-13,"BUG #17836: Why does pg_dump need to add * to dump the full partition table structure",1,1: no replies,false,no linked commit,,,,,2023-05-11
17837,c5fb83cf50ba179f74541bdd9a9ea1e9,20230313,2023-03-13,"BUG #17837: The potential risks associated with executing ""commit"" in a procedure.",2,2: 2-3 messages,false,no linked commit,,,,,2023-05-11
17838,f171aa3db747b8a61c545bfb765fc9c5,20230313,2023-03-13,"BUG #17838: Uninstall of PostgreSQL 13.9.3 fails on Windows 11",3,2: 2-3 messages,false,no linked commit,,,,,2023-05-11
17839,7f024866857f3d6511fb505e6ac174d8,20230314,2023-03-14,"BUG #17839: Heap-buffer overflow on float8_to_char with invalid template",5,3: 4-10 messages,true,linked to a fix commit,both,2023-03-14,0,1: same/next day,2023-05-11
17840,1586d9e93e46dd80519521697a0e680c,20230314,2023-03-14,"BUG #17840: Failing to execute auto_explain for logging leads to transaction rollback.",6,3: 4-10 messages,false,no linked commit,,,,,2023-05-11
17841,c220f0bff85324fde8adf4b4483ccd46,20230314,2023-03-14,"BUG #17841: COPY Command Invalid QUOTES",2,2: 2-3 messages,false,no linked commit,,,,,2023-05-11
17842,b89f5b2bf7e32644503df93e31a4f826,20230314,2023-03-14,"BUG #17842: Adding a qual to a working query gets bogus syntax error",7,3: 4-10 messages,false,no linked commit,,,,,2023-05-11
17843,8d353a4c5a84c5049abfc94b13c17ae1,20230314,2023-03-14,"BUG #17843: Writing uninitialised data in logtape/buffile",1,1: no replies,false,no linked commit,,,,,2023-05-11
17844,99539b4f55cc85d34dbcca1b6b27877e,20230315,2023-03-15,"BUG #17844: Memory consumption for memoize node",7,3: 4-10 messages,true,linked to a fix commit,discussion_link,2023-03-20,5,2: within a week,2023-05-11
17845,892a2d7dde43b83d5824161c4c17dd7a,20230316,2023-03-16,"BUG #17845: insert into on conflict bug .",9,3: 4-10 messages,false,no linked commit,,,,,2023-05-11
17846,638ba03c5556d34fcc8c45a0639e3d23,20230316,2023-03-16,"BUG #17846: pg_dump doesn't properly dump with paused WAL replay",4,3: 4-10 messages,true,linked to a fix commit,both,2026-08-26,1259,5: longer,2023-05-11
17847,8d353a4c5a84c5049abfc94b13c17ae1,20230316,2023-03-16,"BUG #17847: Unaligned memory access in ltree_gist",20,4: 11+ messages,true,linked to a fix commit,discussion_link,2023-04-23,38,4: within 6 months,2023-05-11
17848,4146a9d9ad4185251450244263ef18be,20230316,2023-03-16,"BUG #17848: Deadlock when running ANALYZE on a table while REINDEX INDEX CONCURRENTLY is running",1,1: no replies,false,no linked commit,,,,,2023-05-11
17849,f80cd3a55365e3beac473285ed5b074b,20230316,2023-03-16,"BUG #17849: python3-etcd Missing from the postgres common repo for RHEL8",2,2: 2-3 messages,false,no linked commit,,,,,2023-05-11
17850,23615f9dc07d0ffc9dabd5f1e8465f4c,20230316,2023-03-16,"BUG #17850: could not load library ""$libdir/postgis-2.4"" could not load library ""$libdir/rtpostgis-2.4"":",1,1: no replies,false,no linked commit,,,,,2023-05-11
17851,55223bc0ef2f77c911564d6464ea7dda,20230317,2023-03-17,"BUG #17851: RHEL 8 GIS packages missing from common",2,2: 2-3 messages,false,no linked commit,,,,,2023-05-11
17852,be895362dcd21d687a1905cc00fb6d26,20230317,2023-03-17,"BUG #17852: gdal34: RPM build broken for RHEL8 and RHEL9 since 2023.01.08",1,1: no replies,false,no linked commit,,,,,2023-05-11
17853,e8697146d76529a8de56ac0c9945fa8d,20230318,2023-03-18,"BUG #17853: COLLATE does not work with numeric column references in ORDER BY",6,3: 4-10 messages,false,no linked commit,,,,,2023-05-11
17854,ca8b868e5211ba8063eedf438df2f4a2,20230320,2023-03-20,"BUG #17854: nothing provides proj90 >= 9.0.1 needed by postgis33_14-3.3.2-1.rhel8.x86_64",2,2: 2-3 messages,false,no linked commit,,,,,2023-05-11
17855,8d353a4c5a84c5049abfc94b13c17ae1,20230320,2023-03-20,"BUG #17855: Uninitialised memory used when the name type value processed in binary mode of Memoize",19,4: 11+ messages,true,linked to a fix commit,both,2024-05-01,408,5: longer,2023-05-11
17856,ea6e250d494a23fe9dce3dc4909c34c0,20230321,2023-03-21,"BUG #17856: Missing geos310-3.10.3 library",2,2: 2-3 messages,false,no linked commit,,,,,2023-05-11
17857,585458530d25241068576ce9307aa68c,20230321,2023-03-21,"BUG #17857: Uninstaller does not work",4,3: 4-10 messages,false,no linked commit,,,,,2023-05-11
17858,8d353a4c5a84c5049abfc94b13c17ae1,20230321,2023-03-21,"BUG #17858: ExecEvalArrayExpr() leaves uninitialised memory for multidim array with nulls",8,3: 4-10 messages,true,linked to a fix commit,both,2023-03-26,5,2: within a week,2023-05-11
17859,314b1f98cdf35e958114d212d3e52a8b,20230321,2023-03-21,"BUG #17859: Suspected collation conflict when using recursive query",2,2: 2-3 messages,false,no linked commit,,,,,2023-05-11
17860,314b1f98cdf35e958114d212d3e52a8b,20230322,2023-03-22,"BUG #17860: Possible Bugs in PL/pgSQL Functions' Return Values",3,2: 2-3 messages,false,no linked commit,,,,,2023-05-11
17861,6b83203d5c352695ec985d4fa139f232,20230322,2023-03-22,"BUG #17861: Disappearance of packages in repo for rhel-8",2,2: 2-3 messages,false,no linked commit,,,,,2023-05-11
17862,2f2ffe820e236e88bcbf4ae9f826cefc,20230322,2023-03-22,"BUG #17862: Overall query cost ignores window function",5,3: 4-10 messages,true,linked to a fix commit,both,2023-08-03,134,4: within 6 months,2023-05-11
17863,0fd14537a4ef04e683ff9e4b29658bd9,20230322,2023-03-22,"BUG #17863: Unable to restore dump 12.12 -> 15.2",12,4: 11+ messages,false,no linked commit,,,,,2023-05-11
17864,bafeb64d6070891e721072fd95ff0ab0,20230323,2023-03-23,"BUG #17864: pg_notify is publishing message twice",2,2: 2-3 messages,false,no linked commit,,,,,2023-05-11
17865,28a200e3d3c8862c0546bd17b6bf5764,20230323,2023-03-23,"BUG #17865: Logical decoding : JDBC - Out of memory exception (WAL2JSON Format -1) gives a wrong associated LSN",2,2: 2-3 messages,false,no linked commit,,,,,2023-05-11
17866,fa6e324d8fc80d7e7c8c364376329eb7,20230323,2023-03-23,"BUG #17866: behavior does not match documentation",7,3: 4-10 messages,true,linked to a fix commit,both,2023-04-10,18,3: within a month,2023-05-11
17867,724b005f9261d36d3db265b036397dc7,20230324,2023-03-24,"BUG #17867: pg_dump intermittently hangs",3,2: 2-3 messages,false,no linked commit,,,,,2023-05-11
17868,3cf8c8bd7697353ca48e4faa3d20caab,20230324,2023-03-24,"BUG #17868: Inconsistent collation in PL/pgSQL function parameters can lead to errors",2,2: 2-3 messages,false,no linked commit,,,,,2023-05-11
17869,314b1f98cdf35e958114d212d3e52a8b,20230326,2023-03-26,"BUG #17869: Inconsistency between PL/pgSQL Function Parameter Handling and SQL Query Results",3,2: 2-3 messages,false,no linked commit,,,,,2023-05-11
17870,5bd73b780ffdfc39395663a82e653c99,20230327,2023-03-27,"BUG #17870: Analyze on remote postgresql_fdw table never finish",3,2: 2-3 messages,false,no linked commit,,,,,2023-05-11
17871,5bd73b780ffdfc39395663a82e653c99,20230327,2023-03-27,"BUG #17871: JIT during postgresql_fdw remote_estimates EXPLAIN have very negatively effect on planning time",18,4: 11+ messages,false,no linked commit,,,,,2023-05-11
17872,8d353a4c5a84c5049abfc94b13c17ae1,20230327,2023-03-27,"BUG #17872: Dropping an attribute of a composite type breaks indexes over the type silently",9,3: 4-10 messages,true,linked to a fix commit,both,2023-03-27,0,1: same/next day,2023-05-11
17873,1fcc08b24a039578f161572d98015559,20230327,2023-03-27,"BUG #17873: Empty JSONB array is ordered before all other JSONB values",1,1: no replies,false,no linked commit,,,,,2023-05-11
17874,46fd412f40fd0c970c58fb3a3fcf536f,20230328,2023-03-28,"BUG #17874: Incorrect memory access at gistBuildCallback",5,3: 4-10 messages,true,linked to a fix commit,both,2023-03-29,1,1: same/next day,2023-05-11
17875,8bc59018e8ef48452b3fa6b79bdc1f23,20230328,2023-03-28,"BUG #17875: Postgres common repo is missing gdal32-libs-3.2.3-6.rhel8.x86_64/proj80-8.0.1-1.rhel8.x86_64",1,1: no replies,false,no linked commit,,,,,2023-05-11
17876,4f64d6d81307557aac05373562e562bb,20230329,2023-03-29,"BUG #17876: Function width_bucket() for float8 input returns value out of range",9,3: 4-10 messages,true,linked to a fix commit,discussion_link,2023-03-30,1,1: same/next day,2023-05-11
17877,8d353a4c5a84c5049abfc94b13c17ae1,20230329,2023-03-29,"BUG #17877: Referencing a system column in a foreign key leads to incorrect memory access",4,3: 4-10 messages,true,linked to a fix commit,both,2023-03-31,2,2: within a week,2023-05-11
17878,4ca7cadfeec4fa5ed088714bb47c970e,20230329,2023-03-29,"BUG #17878: Stack Builder checksum failed",1,1: no replies,false,no linked commit,,,,,2023-05-11
17879,8fb2b55d908e3af493d8012e6fec8e12,20230330,2023-03-30,"BUG #17879: ERROR: unrecognized node type: 2139062143",3,2: 2-3 messages,true,linked to a fix commit,both,2023-03-30,0,1: same/next day,2023-05-11
17880,8d353a4c5a84c5049abfc94b13c17ae1,20230331,2023-03-31,"BUG #17880: Uninitialised value used when analyzing a table with an inheritance tree containing no children",2,2: 2-3 messages,true,linked to a fix commit,both,2023-03-31,0,1: same/next day,2023-05-11
17881,7173c60c97e78ed3a5e4e7a6d9411a20,20230331,2023-03-31,"BUG #17881: Dependency error in Barman 3.5",4,3: 4-10 messages,false,no linked commit,,,,,2023-05-11
17882,148f52675a87cc12cf35a30308d7526d,20230402,2023-04-02,"BUG #17882: I can't disable triggers on a table that has been partitioned",2,2: 2-3 messages,false,no linked commit,,,,,2023-05-11
17883,3d3b565ab63cce3aca61588c89621ee9,20230404,2023-04-04,"BUG #17883: Segmentation fault when create brin index on user-defined type.",2,2: 2-3 messages,false,no linked commit,,,,,2023-05-11
17884,8d353a4c5a84c5049abfc94b13c17ae1,20230404,2023-04-04,"BUG #17884: gist_page_items() crashes for a non-leaf page of an index with non-key columns",11,4: 11+ messages,true,linked to a fix commit,discussion_link,2023-05-19,45,4: within 6 months,2023-05-11
17885,ff7163eb9a902d9952f5a489c8e29751,20230404,2023-04-04,"BUG #17885: slow planning constraint_exclusion",5,3: 4-10 messages,false,no linked commit,,,,,2023-05-11
17886,3f8d2f70e2cd4cffa2d762d1f37fe451,20230404,2023-04-04,"BUG #17886: Error disabling user triggers on a partitioned table",5,3: 4-10 messages,true,linked to a fix commit,both,2023-04-05,1,1: same/next day,2023-05-11
17887,487d330932576f456e9340a078f0c820,20230405,2023-04-05,"BUG #17887: EDB Community Installer for windows, locale selection not working properly",1,1: no replies,false,no linked commit,,,,,2023-05-11
17888,8d353a4c5a84c5049abfc94b13c17ae1,20230406,2023-04-06,"BUG #17888: Incorrect memory access in gist__int_ops for an input array with many elements",6,3: 4-10 messages,true,linked to a fix commit,discussion_link,2023-06-15,70,4: within 6 months,2023-05-11
17889,030ad918d35b85afccd5fe6a940e9ad8,20230406,2023-04-06,"BUG #17889: Invalid cursor direction for a foreign scan that reached the fetch_size (MOVE BACKWARD ALL IN cX)",12,4: 11+ messages,true,linked to a fix commit,both,2024-07-19,470,5: longer,2023-05-11
17891,b878b5a03e531f94de7acdc4765a0f15,20230412,2023-04-12,"BUG #17891: MAIF - Strange behavior on Grants with Groups",1,1: no replies,false,no linked commit,,,,,2023-05-11
17892,4628b024d2662bbf806d54dc92500b82,20230412,2023-04-12,"BUG #17892: Bug primary key",5,3: 4-10 messages,false,no linked commit,,,,,2023-05-11
17893,8d353a4c5a84c5049abfc94b13c17ae1,20230412,2023-04-12,"BUG #17893: Assert failed in heap_update()/_delete() when FK modiified by RI trigger in non-read-committed xact",6,3: 4-10 messages,true,linked to a fix commit,both,2023-11-28,230,5: longer,2023-05-11
17895,e9d0f6802d935df9b52ec4c5f0b0ad9c,20230413,2023-04-13,"BUG #17895: Bug concerning UTF-8",3,2: 2-3 messages,false,no linked commit,,,,,2023-05-11
17896,02eefcc91ecb52673fbbab2add304df3,20230414,2023-04-14,"BUG #17896: xmlagg exponentially slower than string_agg equivalent",2,2: 2-3 messages,false,no linked commit,,,,,2023-05-11
17897,8d353a4c5a84c5049abfc94b13c17ae1,20230414,2023-04-14,"BUG #17897: Crash on assignment to array of constraint-less domain over composite type",3,2: 2-3 messages,true,linked to a fix commit,both,2023-04-15,1,1: same/next day,2023-05-11
17898,70ec22d2d95a947e5ea74ff4be4c251a,20230415,2023-04-15,"BUG #17898: Build failure when strip is LLVM's version",2,2: 2-3 messages,true,linked to a fix commit,discussion_link,2023-04-20,5,2: within a week,2023-05-11
17900,68254d48e221301742f20964882e8d39,20230416,2023-04-16,"BUG #17900: llvm-jit uses deprecated symbols in LLVM 16",2,2: 2-3 messages,false,no linked commit,,,,,2023-05-11
17901,eb6fd4b27a14b0d874cedb92f5ccc263,20230417,2023-04-17,"BUG #17901: Unexpected 'permission denied' error depending on which template used to create database",2,2: 2-3 messages,false,no linked commit,,,,,2023-05-11
17902,aeb24fa95fc73579b1322fd709356c3c,20230417,2023-04-17,"BUG #17902: export/import tenant not possible due to PG internal id on jsonB fields.",5,3: 4-10 messages,false,no linked commit,,,,,2023-05-11
17903,8315ae2325b916e36495bc9334be8cf6,20230419,2023-04-19,"BUG #17903: There is a bug in the KeepLogSeg()",13,4: 11+ messages,true,linked to a fix commit,discussion_link,2023-04-27,8,3: within a month,2023-05-11
17904,38973e255239badb02ccd357ee3e036b,20230419,2023-04-19,"BUG #17904: Inconsistent value of max_worker_processes parameter in the config file and running cluster",1,1: no replies,false,no linked commit,,,,,2023-05-11
17905,87edd91b5b33c45e9aa2cd7e663f655f,20230421,2023-04-21,"BUG #17905: phpPgAdmin 7.13.0 is not updated to support PHP 8.1.16",1,1: no replies,false,no linked commit,,,,,2023-05-11
17906,a6ba72d1535df37fbc6dd5f5e2a239dc,20230421,2023-04-21,"BUG #17906: Segmentation fault and database crash during procedure call",5,3: 4-10 messages,false,no linked commit,,,,,2023-05-11
17907,a4155091880c71030d79274cc2fbaeb5,20230424,2023-04-24,"BUG #17907: PostgresSQL 15.x contains OpenSSL DLLs (vulnerable to CVE-2023-0464, CVE-2023-0465 & CVE-2023-0466)",2,2: 2-3 messages,false,no linked commit,,,,,2023-05-11
17908,8d353a4c5a84c5049abfc94b13c17ae1,20230425,2023-04-25,"BUG #17908: plpython_to_hstore() crashes with a non-dict argument",3,2: 2-3 messages,true,linked to a fix commit,both,2023-04-27,2,2: within a week,2023-05-11
17909,a2cfa5b89c4254c437c5a74682a5f2da,20230427,2023-04-27,"BUG #17909: CREATE SCHEMA AUTHORIZATION sch CREATE TABLE foo ( id INT ) will coredump",14,4: 11+ messages,true,linked to a fix commit,discussion_link,2023-04-28,1,1: same/next day,2023-05-11
17910,2bb4ff794fec5a75021d628a8b3a6f4c,20230427,2023-04-27,"BUG #17910: gcc-introduced load may cause concurrency bug",2,2: 2-3 messages,false,no linked commit,,,,,2023-05-11
17911,45b3dff3308d62d94ff6a81f683a7a88,20230427,2023-04-27,"BUG #17911: Database or JDBC Driver Provides Incorrect Type",5,3: 4-10 messages,false,no linked commit,,,,,2023-05-11
17912,8d353a4c5a84c5049abfc94b13c17ae1,20230428,2023-04-28,"BUG #17912: Invalid memory access when converting plpython' array containing empty array",12,4: 11+ messages,true,linked to a fix commit,both,2023-04-28,0,1: same/next day,2023-05-11
17913,5bd73b780ffdfc39395663a82e653c99,20230430,2023-04-30,"BUG #17913: alter column set (n_distinct=...) on partition head doesn't work for declarative partitioned tables",3,2: 2-3 messages,false,no linked commit,,,,,2023-05-11
17914,0671476c835dae07d3005ca92babaf6c,20230501,2023-05-01,"BUG #17914: walsenders taking up all memory",5,3: 4-10 messages,false,no linked commit,,,,,2023-05-11
17915,d472d530ddf7646ed2e9f83d28f5eb37,20230502,2023-05-02,"BUG #17915: sha256sum check failure on postgress 14 rhel-7-x86_64 repository",1,1: no replies,false,no linked commit,,,,,2023-05-11
17916,40cfb916bdb4270361d3436cf67e1b93,20230503,2023-05-03,"BUG #17916: Expression IN list translates to unqualified operator",4,3: 4-10 messages,false,no linked commit,,,,,2023-05-11
17917,66f2569cdac31446f18a3b1764462a11,20230503,2023-05-03,"BUG #17917: to_tsquery syntax error",3,2: 2-3 messages,false,no linked commit,,,,,2023-05-11
17918,b325e240196ff17999481b760e35d8f2,20230503,2023-05-03,"BUG #17918: Checksum failed while sync repos for a package",3,2: 2-3 messages,false,no linked commit,,,,,2023-05-11
17919,b1f162baefc7667420f37c335ea92b20,20230503,2023-05-03,"BUG #17919: ""client hello"" message / SNI / Openshift Routes",7,3: 4-10 messages,false,no linked commit,,,,,2023-05-11
17920,8d353a4c5a84c5049abfc94b13c17ae1,20230504,2023-05-04,"BUG #17920: Incorrect memory access in array_position(s) is detected (or not)",3,2: 2-3 messages,true,linked to a fix commit,both,2023-05-04,0,1: same/next day,2023-05-11
17921,133cbb57f66b5d4e934ad532da089d12,20230505,2023-05-05,"BUG #17921: Packages missing on reposync",3,2: 2-3 messages,false,no linked commit,,,,,2023-05-11
17922,645fb775aee9a66b00db4c0f0e68e227,20230506,2023-05-06,"BUG #17922: ANY vs IN execution plan difference for a single explicit input value",2,2: 2-3 messages,false,no linked commit,,,,,2023-05-11
17923,b89f5b2bf7e32644503df93e31a4f826,20230507,2023-05-07,"BUG #17923: Excessive warnings of collation version mismatch in logs",6,3: 4-10 messages,false,no linked commit,,,,,2023-05-11
17924,b89f5b2bf7e32644503df93e31a4f826,20230507,2023-05-07,"BUG #17924: Inverted behavior of ""Date"" and ""Reverse Date"" when searching a mailbox archive",3,2: 2-3 messages,false,no linked commit,,,,,2023-05-11
17925,62ffe07669c2dcd5d0ab7ffe860e1828,20230508,2023-05-08,"BUG #17925: Incorrect select query result",4,3: 4-10 messages,false,no linked commit,,,,,2023-08-10
17926,a478cf11bf3ac999de0825e734190e7e,20230508,2023-05-08,"BUG #17926: Segfault in SELECT",4,3: 4-10 messages,false,no linked commit,,,,,2023-08-10
17927,40cfb916bdb4270361d3436cf67e1b93,20230510,2023-05-10,"BUG #17927: Postgres does not compile with LLVM-16",2,2: 2-3 messages,false,no linked commit,,,,,2023-08-10
17928,8d353a4c5a84c5049abfc94b13c17ae1,20230511,2023-05-11,"BUG #17928: Standby fails to decode WAL on termination of primary",86,4: 11+ messages,true,linked to a fix commit,discussion_link,2023-09-22,134,4: within 6 months,2023-08-10
17929,e6897b12956637236c8bcb4eb760bbd1,20230512,2023-05-12,"BUG #17929: LLVMBuildGEP: symbol not found",3,2: 2-3 messages,false,no linked commit,,,,,2023-08-10
17930,11d30c0d7fa2015f8ffe6f13f3fd6778,20230512,2023-05-12,"BUG #17930: Regression in DISABLE TRIGGER ALL",3,2: 2-3 messages,false,no linked commit,,,,,2023-08-10
17931,543d58129d740c4fe9435f76428561f4,20230515,2023-05-15,"BUG #17931: Faild to stop PostgresSQL Service",2,2: 2-3 messages,false,no linked commit,,,,,2023-08-10
17932,e1d5a739cb8d670a5a84d310ab7ebad8,20230515,2023-05-15,"BUG #17932: Cannot select big bytea values(>500MB)",3,2: 2-3 messages,false,no linked commit,,,,,2023-08-10
17933,89385a25aa263c741b82a26455bc57a1,20230515,2023-05-15,"BUG #17933: pgAgent - password doesn't work",1,1: no replies,false,no linked commit,,,,,2023-08-10
17934,b84edadad39ef71ccfed8a9033ef6592,20230516,2023-05-16,"BUG #17934: Cannot run pgAdmin after upgrading from 15.2 to 15.3",3,2: 2-3 messages,false,no linked commit,,,,,2023-08-10
17935,8d353a4c5a84c5049abfc94b13c17ae1,20230516,2023-05-16,"BUG #17935: Incorrect memory access in fuzzystrmatch/difference()",2,2: 2-3 messages,true,linked to a fix commit,both,2023-05-16,0,1: same/next day,2023-08-10
17936,f4dbc732a1ff0a2e79267fa5f099bc25,20230516,2023-05-16,"BUG #17936: Memory Leak when OPERATOR FAMILY use LANGUAGE SQL function",2,2: 2-3 messages,false,no linked commit,,,,,2023-08-10
17937,7f619f00691703194f874767c0203600,20230517,2023-05-17,"BUG #17937: Corrupt Indexes after reusing DRBD Device on new VM",2,2: 2-3 messages,false,no linked commit,,,,,2023-08-10
17938,c8a332144e976bfadf2f97c9a4310146,20230522,2023-05-22,"BUG #17938: could not open shared memory segment ""/PostgreSQL.615216676"": No such file or directory",6,3: 4-10 messages,false,no linked commit,,,,,2023-08-10
17939,d8ab1770e80dbfab681ef009ccb80ef2,20230523,2023-05-23,"BUG #17939: CREATE EXTENSION pltcl; looks in the wrong folder",2,2: 2-3 messages,false,no linked commit,,,,,2023-08-10
17940,7c09127499b37175b22c7d1935ab91e7,20230523,2023-05-23,"BUG #17940: PostgreSQL Installer For Windows Cannot Initialize Cluster When BeyondTrust Installed",5,3: 4-10 messages,false,no linked commit,,,,,2023-08-10
17942,de4579d15a37ac013ce03e82da388d4b,20230524,2023-05-24,"BUG #17942: vacuumdb doesn't populate extended statistics on partitioned tables",8,3: 4-10 messages,false,no linked commit,,,,,2023-08-10
17943,b89f5b2bf7e32644503df93e31a4f826,20230524,2023-05-24,"BUG #17943: Undefined symbol LLVMBuildGEP in llvmjit.so during pg_restore",8,3: 4-10 messages,false,no linked commit,,,,,2023-08-10
17944,4ce15f90a21230e68f1a1380fa3d49b4,20230525,2023-05-25,"BUG #17944: Partial index on boolean field is not picked when using = while the index is created with is",2,2: 2-3 messages,false,no linked commit,,,,,2023-08-10
17945,f4a50dbbb37a9d9819ca17db8bf4301c,20230525,2023-05-25,"BUG #17945: Different order of definition of a constraint causes constraint violation",2,2: 2-3 messages,false,no linked commit,,,,,2023-08-10
17946,468a2e36c814f0bf95d93e9daa045002,20230525,2023-05-25,"BUG #17946: LC_MONETARY & DO LANGUAGE plperl - BUG",38,4: 11+ messages,false,no linked commit,,,,,2023-08-10
17947,8d353a4c5a84c5049abfc94b13c17ae1,20230526,2023-05-26,"BUG #17947: Combination of replslots pgstat issues causes error/assertion failure",9,3: 4-10 messages,true,linked to a fix commit,discussion_link,2024-06-05,376,5: longer,2023-08-10
17948,47081b000c2f44652f0921502e1a8aae,20230526,2023-05-26,"BUG #17948: libpq seems to misbehave in a pipelining corner case",6,3: 4-10 messages,true,linked to a fix commit,discussion_link,2023-12-05,193,5: longer,2023-08-10
17949,f03c85b5a461b0d6b8f22642c16ad795,20230528,2023-05-28,"BUG #17949: Adding an index introduces serialisation anomalies.",28,4: 11+ messages,true,linked to a fix commit,both,2023-07-03,36,4: within 6 months,2023-08-10
17950,8d353a4c5a84c5049abfc94b13c17ae1,20230529,2023-05-29,"BUG #17950: Incorrect memory access in gtsvector_picksplit()",8,3: 4-10 messages,true,linked to a fix commit,discussion_link,2023-09-04,98,4: within 6 months,2023-08-10
17951,9fd263b5fab5c68794c18cc334a7a09f,20230530,2023-05-30,"BUG #17951: hashtext('input') returning non-integer value for certain inputs",2,2: 2-3 messages,false,no linked commit,,,,,2023-08-10
17952,8a43e4124886f10e3097c91ae548a2b3,20230601,2023-06-01,"BUG #17952: rhel-8-aarch64 yum repository for Postgres 14 is missing repodata",1,1: no replies,false,no linked commit,,,,,2023-08-10
17953,81824b4417a8a820a29039e451d04ecb,20230601,2023-06-01,"BUG #17953: Libpq can stall indefinitely with non-tls localhost (127.0.0.1) connection",3,2: 2-3 messages,false,no linked commit,,,,,2023-08-10
17954,3ec6ea3d26ae07b055efd2a4958ab810,20230601,2023-06-01,"BUG #17954: Postgres startup fails with `could not locate a valid checkpoint record`",2,2: 2-3 messages,false,no linked commit,,,,,2023-08-10
17956,170a37665eef3106954e3baa8ea7101d,20230601,2023-06-01,"BUG #17956: proj90-debuginfo (proj90-debuginfo-9.0.1) CRC does not match proj90.so (proj90-9.0.1) CRC",2,2: 2-3 messages,false,no linked commit,,,,,2023-08-10
17957,5b3f47d21aa0d797181c8bdff53cc93f,20230601,2023-06-01,"BUG #17957: psql-16beta1 \df+ does not show the function body",4,3: 4-10 messages,true,linked to a fix commit,discussion_link,2023-06-01,0,1: same/next day,2023-08-10
17958,f697bbb2e26db53ef9e87347a3ea7d13,20230601,2023-06-01,"BUG #17958: There was a error message while installing postgreSQL15 or 14 .",1,1: no replies,false,no linked commit,,,,,2023-08-10
17959,8d353a4c5a84c5049abfc94b13c17ae1,20230603,2023-06-03,"BUG #17959: amcheck fails to find a matching index tuple for an invisible heap tuple",5,3: 4-10 messages,false,no linked commit,,,,,2023-08-10
17960,1e5866b73c30cb6f5a19ee39e777c5cd,20230604,2023-06-04,"BUG #17960: pg_dump does not backup generated columns correctly.",2,2: 2-3 messages,false,no linked commit,,,,,2023-08-10
17961,86a3f0be9d589c12902cf22367b9a260,20230604,2023-06-04,"BUG #17961: Incorrect aggregation MIN, AVG, MAX",3,2: 2-3 messages,false,no linked commit,,,,,2023-08-10
17962,626799e49a965544575bacfd907f2d5c,20230605,2023-06-05,"BUG #17962: postgresql 11 hangs on poly_contain with specific data",7,3: 4-10 messages,false,no linked commit,,,,,2023-08-10
17963,314b1f98cdf35e958114d212d3e52a8b,20230606,2023-06-06,"BUG #17963: Recursive table cannot be referenced when using LEFT JOIN instead of LATERAL in recursive term",2,2: 2-3 messages,false,no linked commit,,,,,2023-08-10
17964,3763d8f9d2cff98c11113e996305418f,20230606,2023-06-06,"BUG #17964: Missed query planner optimization",8,3: 4-10 messages,false,no linked commit,,,,,2023-08-10
17965,9d2abf6585f280eb2b112b7c09ffa6fd,20230607,2023-06-07,"BUG #17965: SIGSEGV from LLVM13 JIT when executing SQL.",1,1: no replies,false,no linked commit,,,,,2023-08-10
17967,ad2c90646cb9c63e81f9c0731e9c0bd2,20230607,2023-06-07,"BUG #17967: [msvc-x86] Failed to build with error LNK2019: unresolved external symbol __BitScanReverse64 referen",5,3: 4-10 messages,true,linked to a fix commit,both,2023-06-07,0,1: same/next day,2023-08-10
17968,c93e04e50808b54410a283b4b18a65c9,20230611,2023-06-11,"BUG #17968: installation",5,3: 4-10 messages,false,no linked commit,,,,,2023-08-10
17969,8d353a4c5a84c5049abfc94b13c17ae1,20230611,2023-06-11,"BUG #17969: Assert failed in bloom_init() when false_positive_rate = 0.25",8,3: 4-10 messages,true,linked to a fix commit,discussion_link,2023-11-08,150,4: within 6 months,2023-08-10
17970,e259530d389f32c1352f2446d8f93799,20230613,2023-06-13,"BUG #17970: FEATURE REQUEST-allow re-adding GENERATED ALWAYS AS constraint to existing columns after removing it",3,2: 2-3 messages,false,no linked commit,,,,,2023-08-10
17972,8d353a4c5a84c5049abfc94b13c17ae1,20230613,2023-06-13,"BUG #17972: Assert failed in pull_varattnos_walker() for view with subquery and security qual",2,2: 2-3 messages,true,linked to a fix commit,both,2023-06-13,0,1: same/next day,2023-08-10
17973,15056119e454bb755bf6735dbbee1186,20230613,2023-06-13,"BUG #17973: Reinit of pgstats entry for dropped DB can break autovacuum daemon",24,4: 11+ messages,true,linked to a fix commit,discussion_link,2023-09-03,82,4: within 6 months,2023-08-10
17974,60d8bb389274a970831fa0acadd9159e,20230614,2023-06-14,"BUG #17974: Walsenders memory usage suddenly spike to 80G+ causing OOM and server reboot",8,3: 4-10 messages,false,no linked commit,,,,,2023-08-10
17975,c5d3ed543aa6ca59843aaca55f9ee2c1,20230614,2023-06-14,"BUG #17975: Nested Loop Index Scan returning wrong result",18,4: 11+ messages,true,linked to a fix commit,both,2023-06-19,5,2: within a week,2023-08-10
17976,97603a5e4182e5a9c0c410338741f49d,20230614,2023-06-14,"BUG #17976: Inconsistent results of SELECT using CASE WHEN clause",9,3: 4-10 messages,true,linked to a fix commit,both,2023-06-15,1,1: same/next day,2023-08-10
17977,bd0d1fd2f5c6019afa48798659405a30,20230615,2023-06-15,"BUG #17977: PorstGreSQL in a jail crashes randomly with Signal 10 bus error",9,3: 4-10 messages,false,no linked commit,,,,,2023-08-10
17978,97603a5e4182e5a9c0c410338741f49d,20230615,2023-06-15,"BUG #17978: Unexpected error: ""wrong varnullingrels (b) (expected (b 5)) for Var 6/2"" triggered by JOIN",7,3: 4-10 messages,true,linked to a fix commit,both,2023-06-20,5,2: within a week,2023-08-10
17979,1e5ca447bd2e4a964a2db013bde678f6,20230615,2023-06-15,"BUG #17979: (pg_tsparser + ts_headline) duplicate output if dot present",2,2: 2-3 messages,false,no linked commit,,,,,2023-08-10
17981,4d764d8dcc1897d8de9f0b858c12d0ba,20230619,2023-06-19,"BUG #17981: HY000 server closed the connection unexpectedly",2,2: 2-3 messages,false,no linked commit,,,,,2023-08-10
17982,97603a5e4182e5a9c0c410338741f49d,20230619,2023-06-19,"BUG #17982: Inconsistent results of SELECT with CTE caused by subquery comparison",3,2: 2-3 messages,false,no linked commit,,,,,2023-08-10
17983,8d353a4c5a84c5049abfc94b13c17ae1,20230619,2023-06-19,"BUG #17983: Assert IsTransactionState() failed when empty string statement prepared in aborted transaction",4,3: 4-10 messages,true,linked to a fix commit,both,2023-06-21,2,2: within a week,2023-08-10
17984,999abcfd903c8e8ed27a08779cffbf80,20230620,2023-06-20,"BUG #17984: Service stopped and cannot restart",2,2: 2-3 messages,false,no linked commit,,,,,2023-08-10
17985,97603a5e4182e5a9c0c410338741f49d,20230620,2023-06-20,"BUG #17985: Inconsistent results of SELECT comparing two CASE WHEN clause",3,2: 2-3 messages,true,linked to a fix commit,both,2023-06-20,0,1: same/next day,2023-08-10
17986,97603a5e4182e5a9c0c410338741f49d,20230620,2023-06-20,"BUG #17986: Inconsistent results of SELECT affected by btree index",5,3: 4-10 messages,false,no linked commit,,,,,2023-08-10
17987,f6d79f366f5cd29e752d54bc69daa308,20230621,2023-06-21,"BUG #17987: zypper refresh failed when installed the postgresql",4,3: 4-10 messages,false,no linked commit,,,,,2023-08-10
17988,e513d6507faed4fc4625e71bd2961758,20230621,2023-06-21,"BUG #17988: psql generates segfault when connecting to remote database",2,2: 2-3 messages,false,no linked commit,,,,,2023-08-10
17989,e8cfeadf52ace7fe4c7cf542575b8480,20230622,2023-06-22,"BUG #17989: ERROR: could not open file ""pg_logical/snapshots/6-1E182808.snap"": Permission denied",1,1: no replies,false,no linked commit,,,,,2023-08-10
17990,73407b91bbe2457699937d147a0f1a4c,20230622,2023-06-22,"BUG #17990: PSQL Process hangs in parallel mode",2,2: 2-3 messages,false,no linked commit,,,,,2023-08-10
17991,df6a809a72fe549f0ef7ce0d09cc484c,20230622,2023-06-22,"BUG #17991: FATAL: cannot request additional shared memory outside shmem_request_hook",3,2: 2-3 messages,false,no linked commit,,,,,2023-08-10
17992,67ff428ba63d6f8758aad344a0a22ed0,20230623,2023-06-23,"BUG #17992: Followed instructions to setup Postgresql but systemctl restart postgresql-15.service",1,1: no replies,false,no linked commit,,,,,2023-08-10
17993,8c989920ae783cfd99f7381f77ca6636,20230624,2023-06-24,"BUG #17993: FK issue on logical replication table",2,2: 2-3 messages,false,no linked commit,,,,,2023-08-10
17994,8d353a4c5a84c5049abfc94b13c17ae1,20230624,2023-06-24,"BUG #17994: Invalidating relcache corrupts tupDesc inside ExecEvalFieldStoreDeForm()",33,4: 11+ messages,true,linked to a fix commit,both,2023-06-29,5,2: within a week,2023-08-10
17995,97603a5e4182e5a9c0c410338741f49d,20230624,2023-06-24,"BUG #17995: Segmentation fault caused by UPDATE statement",8,3: 4-10 messages,true,linked to a fix commit,both,2023-06-24,0,1: same/next day,2023-08-10
17997,8d353a4c5a84c5049abfc94b13c17ae1,20230625,2023-06-25,"BUG #17997: Assert failed in validatePartitionedIndex() when attaching partition index to child of valid index",14,4: 11+ messages,true,linked to a fix commit,discussion_link,2023-06-30,5,2: within a week,2023-08-10
17998,5302b7aef798d1b3547fea0e1ac0f159,20230626,2023-06-26,"BUG #17998: Postgres crashes when executing WorkTableScan.",3,2: 2-3 messages,false,no linked commit,,,,,2023-08-10
17999,73407b91bbe2457699937d147a0f1a4c,20230626,2023-06-26,"BUG #17999: comment to BUG 17990 (PSQL Process hangs in parallel mode)",1,1: no replies,false,no linked commit,,,,,2023-08-10
18000,8d353a4c5a84c5049abfc94b13c17ae1,20230626,2023-06-26,"BUG #18000: Access method used by matview can be dropped leaving broken matview",10,3: 4-10 messages,true,linked to a fix commit,discussion_link,2023-06-29,3,2: within a week,2023-08-10
18001,ac6a5cb34bfb97037eb01d92dc5ff405,20230626,2023-06-26,"BUG #18001: Invalid subquery passed as true",2,2: 2-3 messages,false,no linked commit,,,,,2023-08-10
18002,99d6d96ab258e34fd76344e5c0fa71c5,20230627,2023-06-27,"BUG #18002: Duplicate entries of row possible even after having primary key",8,3: 4-10 messages,false,no linked commit,,,,,2023-08-10
18003,df6a809a72fe549f0ef7ce0d09cc484c,20230627,2023-06-27,"BUG #18003: FATAL: cannot request additional shared memory outside shmem_request_hook",5,3: 4-10 messages,false,no linked commit,,,,,2023-08-10
18005,73407b91bbe2457699937d147a0f1a4c,20230629,2023-06-29,"BUG #18005: PSQL Process hangs in parallel mode",4,3: 4-10 messages,false,no linked commit,,,,,2023-08-10
18006,c14f34d39eff6d5a8881dd5cec673b44,20230629,2023-06-29,"BUG #18006: recovery_target_action=shutdown triggers automatic recovery on next startup (beyond point in time)",2,2: 2-3 messages,false,no linked commit,,,,,2023-08-10
18007,24da57d0bb20dddf30a26493cc61107d,20230629,2023-06-29,"BUG #18007: age(timestamp, timestamp) is marked as immutable, but using age(date, date) says it's not",9,3: 4-10 messages,false,no linked commit,,,,,2023-08-10
18008,ab944cd0e1856fb0e5d436c5dc1147ce,20230630,2023-06-30,"BUG #18008: SSL certificate error for Stackbuilder 4.2.1",3,2: 2-3 messages,false,no linked commit,,,,,2023-08-10
18009,1bcfab69254a53754f42ffe3be694630,20230630,2023-06-30,"BUG #18009: Postgres Recovery not happening",6,3: 4-10 messages,false,no linked commit,,,,,2023-08-10
18010,1b6ade29584f9914f1fd93f243fd914f,20230701,2023-07-01,"BUG #18010: Bug with installation/auto-configuration",1,1: no replies,false,no linked commit,,,,,2023-08-10
18011,210c069c0ce6a3c6a5dd62474de9fe10,20230701,2023-07-01,"BUG #18011: Declarative partition privilege problem cause incorrect execution plans",3,2: 2-3 messages,false,no linked commit,,,,,2023-08-10
18012,8819b8b085713be9961f3cd582a1e189,20230702,2023-07-02,"BUG #18012: Installer fails to run .bat files when they are registered to Notepad++",4,3: 4-10 messages,false,no linked commit,,,,,2023-08-10
18013,50209a594c2efded49f4076a83213ac6,20230703,2023-07-03,"BUG #18013: Failed installing",3,2: 2-3 messages,false,no linked commit,,,,,2023-08-10
18014,8d353a4c5a84c5049abfc94b13c17ae1,20230704,2023-07-04,"BUG #18014: Releasing catcache entries makes schema_to_xmlschema() fail when parallel workers are used",24,4: 11+ messages,true,linked to a fix commit,both,2023-10-14,102,4: within 6 months,2023-08-10
18015,31e2abee5b5800a0bc8016aecc24a69d,20230705,2023-07-05,"BUG #18015: missing dependency packages for postgis extension",2,2: 2-3 messages,false,no linked commit,,,,,2023-08-10
18016,72a4f2dba0a4ac22ba9f83b190e873d8,20230706,2023-07-06,"BUG #18016: REINDEX TABLE failure",21,4: 11+ messages,true,linked to a fix commit,discussion_link,2024-01-26,204,5: longer,2023-08-10
18017,900f69730ed80120207a19bda7c937ba,20230707,2023-07-07,"BUG #18017: configure --with-ldap fails when openldap is installed",4,3: 4-10 messages,false,no linked commit,,,,,2023-08-10
18018,00d26ef46c7054468139e91b58c5daf3,20230710,2023-07-10,"BUG #18018: Homebrew link is broken",7,3: 4-10 messages,false,no linked commit,,,,,2023-08-10
18019,5275ec73b1611305b648dfd4e662d546,20230712,2023-07-12,"BUG #18019: misbehaviour by replication",7,3: 4-10 messages,false,no linked commit,,,,,2023-08-10
18021,43d912b0a6cd29dc66b9b4f90d719d3a,20230715,2023-07-15,"BUG #18021: Loading Error",2,2: 2-3 messages,false,no linked commit,,,,,2023-08-10
18023,0cc3fce48d0416913fe1f70059dbc074,20230716,2023-07-16,"BUG #18023: when the query shows an error SQL Error [XX000]: ERROR: pg_attribute catalog is missing",1,1: no replies,false,no linked commit,,,,,2023-08-10
18025,56cdea276981be9295106628d33ac577,20230717,2023-07-17,"BUG #18025: Probably we need to change behaviour of the checkpoint failures in PG",3,2: 2-3 messages,false,no linked commit,,,,,2023-08-10
18026,bb0b7469f761b84ffa1a03538d3b8657,20230717,2023-07-17,"BUG #18026: compile error / fe-auth.c:807:64: error: 'CHAR_BIT' undeclared (first use in this function)",7,3: 4-10 messages,true,linked to a fix commit,both,2023-07-17,0,1: same/next day,2023-08-10
18027,0296f4178fd1d34695c53c21dcc138ff,20230717,2023-07-17,"BUG #18027: Logical replication taking forever",8,3: 4-10 messages,false,no linked commit,,,,,2023-08-10
18029,05854bb5f834d2ad435363b7c5f83cb6,20230719,2023-07-19,"BUG #18029: Misleading warning about Collation Changes with newer glibc version",1,1: no replies,false,no linked commit,,,,,2023-08-10
18030,97603a5e4182e5a9c0c410338741f49d,20230719,2023-07-19,"BUG #18030: Large memory consumption caused by in-clause subqueries",4,3: 4-10 messages,false,no linked commit,,,,,2023-08-10
18031,8d353a4c5a84c5049abfc94b13c17ae1,20230719,2023-07-19,"BUG #18031: Segmentation fault after deadlock within VACUUM's parallel worker",8,3: 4-10 messages,true,linked to a fix commit,both,2023-07-26,7,2: within a week,2023-08-10
18033,c2b0248f2a76800b7b78df0f9aac1d25,20230720,2023-07-20,"BUG #18033: org.postgresql.util.PSQLException:",4,3: 4-10 messages,false,no linked commit,,,,,2023-08-10
18034,eb356477d849904d912d0a62893c0cc9,20230720,2023-07-20,"BUG #18034: Accept the spelling ""+infinity"" in datetime input is not accurate",6,3: 4-10 messages,false,no linked commit,,,,,2023-08-10
18035,dd62e2ef2da8e7dc252efeb2d7a9d06a,20230725,2023-07-25,"BUG #18035: Assertion failure in jsonb_path_query",3,2: 2-3 messages,true,linked to a fix commit,both,2023-08-01,7,2: within a week,2023-08-10
18036,4437adbda397052c69c460b60418b866,20230726,2023-07-26,"BUG #18036: Query planner chooses sub-optimal query path given enough IN tuples.",2,2: 2-3 messages,false,no linked commit,,,,,2023-08-10
18038,4b54c5000db9842b8beca6038584fb1b,20230727,2023-07-27,"BUG #18038: Aliases removed from view definitions",5,3: 4-10 messages,false,no linked commit,,,,,2023-08-10
18040,8d1a4510a069c6a85318886b1d281339,20230727,2023-07-27,"BUG #18040: PostgreSQL does not report its version correctly",5,3: 4-10 messages,false,no linked commit,,,,,2023-08-10
18042,a79c44aa5fad132b4a52c37bbec05a8d,20230728,2023-07-28,"BUG #18042: Query planner favor index corresponding to a order by with a limit even when there is a where",4,3: 4-10 messages,false,no linked commit,,,,,2023-08-10
18043,48e141fe09af68ced7c991bab292cf4b,20230730,2023-07-30,"BUG #18043: Merge fails to insert when source and target are same table and table is empty (contains no rows)",1,1: no replies,false,no linked commit,,,,,2023-08-10
18045,edefc77f925356002bd6b07fd97ca964,20230801,2023-08-01,"BUG #18045: NpgSQL installation not working",2,2: 2-3 messages,false,no linked commit,,,,,2023-08-10
18046,1f7511c5daf28a6d1a3519a086e67de3,20230801,2023-08-01,"BUG #18046: stats collection behaviour change is affecting the usability of information.",10,3: 4-10 messages,false,no linked commit,,,,,2023-08-10
18047,0565121801d5a2aec5c1db868c0eeed2,20230803,2023-08-03,"BUG #18047: ODBC to PG long transaction causes PANIC",5,3: 4-10 messages,false,no linked commit,,,,,2023-08-10
18048,c039da551d037db4ac4a604f00955600,20230803,2023-08-03,"BUG #18048: Database process terminated automatically",2,2: 2-3 messages,false,no linked commit,,,,,2023-08-10
18049,5150d33649b1eeab9c9c04159972495c,20230804,2023-08-04,"BUG #18049: dynamic_shared_memory_type's value `posix` doesn't have any effect, syscall shm_get executes",3,2: 2-3 messages,false,no linked commit,,,,,2023-08-10
18051,caf5e363765a86fd5eef56431d4f1b6d,20230809,2023-08-09,"BUG #18051: char(N) and varchar(N) behave opposite to the documentation",11,4: 11+ messages,false,no linked commit,,,,,2023-11-09
18053,2add6446ee5d9ab3a35ec3e5794d3e51,20230810,2023-08-10,"BUG #18053: fastpath count per pid in pg_locks shows > 16 entries",1,1: no replies,false,no linked commit,,,,,2023-11-09
18054,70163879ea2b7977b9b75610516a47f0,20230813,2023-08-13,"BUG #18054: Permission denied.",3,2: 2-3 messages,false,no linked commit,,,,,2023-11-09
18055,bfd3151d15d37ec642473cc8d97af398,20230814,2023-08-14,"BUG #18055: logical decoding core on AllocateSnapshotBuilder()",22,4: 11+ messages,true,linked to a fix commit,discussion_link,2023-09-12,29,3: within a month,2023-11-09
18057,fa3c4e1d6ac327e95d504422e1533fcf,20230815,2023-08-15,"BUG #18057: unaccent removes intentional spaces",10,3: 4-10 messages,true,linked to a fix commit,both,2023-09-20,36,4: within 6 months,2023-11-09
18058,8dcc7bcba9dca031609b496c7602eb6e,20230816,2023-08-16,"BUG #18058: Http Extension Postgres",1,1: no replies,false,no linked commit,,,,,2023-11-09
18059,48c05e4b3bfdc5bfa562de0997d2b55a,20230817,2023-08-17,"BUG #18059: Unexpected error 25001 in stored procedure",5,3: 4-10 messages,true,linked to a fix commit,both,2023-08-24,7,2: within a week,2023-11-09
18060,26e1965a9b31c3d0ed3aabecb27e57be,20230818,2023-08-18,"BUG #18060: Left joining rows using random() function in join condition doesn't work as expected.",6,3: 4-10 messages,false,no linked commit,,,,,2023-11-09
18061,4a31214a1839559a48ea1c02d147e310,20230818,2023-08-18,"BUG #18061: The psql -v variable option does not work for the -c command option",3,2: 2-3 messages,false,no linked commit,,,,,2023-11-09
18063,e21d85f447c66cafe5de603056ee6a99,20230822,2023-08-22,"BUG #18063: postgresql-x64-14 service not working",1,1: no replies,false,no linked commit,,,,,2023-11-09
18064,2d633d6e309e47482862c78860850148,20230822,2023-08-22,"BUG #18064: Order of cascading deletes by foreign key; ""on delete restrict""",2,2: 2-3 messages,false,no linked commit,,,,,2023-11-09
18065,025addc6f64c89293a60987d9e7c609c,20230822,2023-08-22,"BUG #18065: An error occurred when attempting to add a column of type ""vector"" to a table named ""vector"".",5,3: 4-10 messages,false,no linked commit,,,,,2023-11-09
18067,3c062c2c33f5de6602fdbbf9e9d9c25c,20230822,2023-08-22,"BUG #18067: Droping function that was used to generate column drops the column, even after `DROP EXPRESSION`",2,2: 2-3 messages,false,no linked commit,,,,,2023-11-09
18068,c1a3317b95cdaafb038e0e8e4de7df53,20230824,2023-08-24,"BUG #18068: Insufficient permission unless SUPERUSER",3,2: 2-3 messages,false,no linked commit,,,,,2023-11-09
18069,bd8b67295bff20fa019d115de3866799,20230825,2023-08-25,"BUG #18069: pg_is_in_recovery() is false but recovery is not yet completed(i.e. recovery.signal is present)",1,1: no replies,false,no linked commit,,,,,2023-11-09
18070,8d353a4c5a84c5049abfc94b13c17ae1,20230825,2023-08-25,"BUG #18070: Assertion failed when processing error from plpy's iterator",15,4: 11+ messages,true,linked to a fix commit,discussion_link,2023-09-18,24,3: within a month,2023-11-09
18074,1657524d7e318c95fa11e6e680ca2f0a,20230829,2023-08-29,"BUG #18074: After enabling JIT, the query runtime increased by over a thousand times.",1,1: no replies,false,no linked commit,,,,,2023-11-09
18075,b7339d279b7f3e49f3c6526001c5fbdf,20230829,2023-08-29,"BUG #18075: configuration variable idle_session_timeout not working as expected",13,4: 11+ messages,false,no linked commit,,,,,2023-11-09
18076,485b7241f78babaa2fac715cb5835532,20230829,2023-08-29,"BUG #18076: Consistently receiving Signal 7 and Signal 11 errors",4,3: 4-10 messages,false,no linked commit,,,,,2023-11-09
18077,48b3cbc3d476b5d84873bdfed0e36778,20230830,2023-08-30,"BUG #18077: PostgreSQL server subprocess crashed by a SELECT statement with WITH clause",16,4: 11+ messages,true,linked to a fix commit,both,2023-09-15,16,3: within a month,2023-11-09
18078,bfce86838622d8bdd672649eccc395c3,20230831,2023-08-31,"BUG #18078: createdb not working",8,3: 4-10 messages,false,no linked commit,,,,,2023-11-09
18080,b4d9de7dd3f13666c5802a15164d4329,20230904,2023-09-04,"BUG #18080: to_tsvector fails for long text input",5,3: 4-10 messages,true,linked to a fix commit,both,2023-09-25,21,3: within a month,2023-11-09
18081,e8697146d76529a8de56ac0c9945fa8d,20230904,2023-09-04,"BUG #18081: Spurious ""function with OID ###### does not exist"" error",3,2: 2-3 messages,false,no linked commit,,,,,2023-11-09
18082,dd22dc83687599948607db3bf8a08be6,20230904,2023-09-04,"BUG #18082: coredump during initdb",5,3: 4-10 messages,false,no linked commit,,,,,2023-11-09
18083,dbb4e8044b19c7cd8e3fb79d15054fec,20230904,2023-09-04,"BUG #18083: not compile PostgreSQL module in Qt with GCC 11.2 compiler",6,3: 4-10 messages,false,no linked commit,,,,,2023-11-09
18084,e0bb1774e7e2bf57dc7b3d42b9fa71b5,20230904,2023-09-04,"BUG #18084: Count Mismatch Challenges During PostgreSQL Database Migration: Causes and Solutions",8,3: 4-10 messages,false,no linked commit,,,,,2023-11-09
18085,4a33d31120ad407620c128f72c60117e,20230905,2023-09-05,"BUG #18085: Error in documentation",2,2: 2-3 messages,false,no linked commit,,,,,2023-11-09
18086,dd22dc83687599948607db3bf8a08be6,20230905,2023-09-05,"BUG #18086: compilation failed due to epoll_create1 not present",3,2: 2-3 messages,false,no linked commit,,,,,2023-11-09
18087,5e8733a52d60e0363f218e579aabac51,20230905,2023-09-05,"BUG #18087: pg_visibility: false positives in pg_check_visible",2,2: 2-3 messages,false,no linked commit,,,,,2023-11-09
18088,2318bf9ad004fe812564271d84442ea2,20230905,2023-09-05,"BUG #18088: Table Corruption Issues Arising from Abrupt Server Shutdown During PostgreSQL 10.20 to 14.7 Migratio",2,2: 2-3 messages,false,no linked commit,,,,,2023-11-09
18089,2318bf9ad004fe812564271d84442ea2,20230905,2023-09-05,"BUG #18089: Orphaned Rows During PostgreSQL Data Migration",2,2: 2-3 messages,false,no linked commit,,,,,2023-11-09
18090,2318bf9ad004fe812564271d84442ea2,20230905,2023-09-05,"BUG #18090: Encountering Toast Table Corruption and Missing Chunk Number Error During PostgreSQL Data Migration",2,2: 2-3 messages,false,no linked commit,,,,,2023-11-09
18091,dbba0738c250bbb37652f47f0c315e4a,20230907,2023-09-07,"BUG #18091: Unexpected Result by enable_material",3,2: 2-3 messages,false,no linked commit,,,,,2023-11-09
18092,dbba0738c250bbb37652f47f0c315e4a,20230907,2023-09-07,"BUG #18092: Unexpected Result by enable_seqscan",3,2: 2-3 messages,false,no linked commit,,,,,2023-11-09
18094,bf2509afaa4e951bf856a323ab5e6757,20230907,2023-09-07,"BUG #18094: max max_connections cannot be set",8,3: 4-10 messages,false,no linked commit,,,,,2023-11-09
18095,6f04bd8c30334280e4a39302a3c00d26,20230907,2023-09-07,"BUG #18095: Unintended non-SSL connection attempt by psql cli command after a failed password authentication",3,2: 2-3 messages,false,no linked commit,,,,,2023-11-09
18096,40b580f68bc2cf5dae216eceabd4db74,20230908,2023-09-08,"BUG #18096: In edge-triggered epoll and kqueue, PQconsumeInput/PQisBusy are insufficient for correct async ops.",3,2: 2-3 messages,false,no linked commit,,,,,2023-11-09
18097,119ce0f57974ce59437f75dc3d878af8,20230908,2023-09-08,"BUG #18097: Immutable expression not allowed in generated at",16,4: 11+ messages,true,linked to a fix commit,both,2023-11-16,69,4: within 6 months,2023-11-09
18098,a31055bd76bf38a467288811aa7c6686,20230908,2023-09-08,"BUG #18098: Console code page issue Postgresql 14.7",7,3: 4-10 messages,false,no linked commit,,,,,2023-11-09
18099,e395cb969fb8900c4066a121c7f07a56,20230908,2023-09-08,"BUG #18099: ERROR: could not access status of transaction 4007513275",3,2: 2-3 messages,false,no linked commit,,,,,2023-11-09
18101,507c97d600a0a11a131498f2c6362f08,20230909,2023-09-09,"BUG #18101: 'RAISE LOG ...' with omitted trailing ';' does not throw syntax error in certain situations",2,2: 2-3 messages,false,no linked commit,,,,,2023-11-09
18103,9f9286965eee28422c9241dc78cbd8fc,20230910,2023-09-10,"BUG #18103: bugs of concurrent merge into when use different join plan",6,3: 4-10 messages,true,linked to a fix commit,both,2023-09-30,20,3: within a month,2023-11-09
18105,c2de2644b793abb8d9a22e97fca5b999,20230911,2023-09-11,"BUG #18105: ogr_fdw_15 incompatible with latest gdal36-libs",2,2: 2-3 messages,false,no linked commit,,,,,2023-11-09
18107,2020a789d51de94a5845f1bea666d096,20230914,2023-09-14,"BUG #18107: ""policy ... for table ... already exists"" errors when restore postgres database from dump",1,1: no replies,false,no linked commit,,,,,2023-11-09
18108,69277d195eb522ad30a8ca0b3e3d8fe3,20230914,2023-09-14,"BUG #18108: server process was terminated by signal 11: Segmentation fault",5,3: 4-10 messages,false,no linked commit,,,,,2023-11-09
18109,2ba4d4ca66a4d537a02c662739a45e8b,20230914,2023-09-14,"BUG #18109: enable_partitionwise_aggregate does not apply when inserting or updating",4,3: 4-10 messages,false,no linked commit,,,,,2023-11-09
18111,939d62fffec62bc6423516ae5909de27,20230915,2023-09-15,"BUG #18111: Query hangs when trying to INSERT empty string into NOT NULL table",3,2: 2-3 messages,false,no linked commit,,,,,2023-11-09
18112,84b4e97c46d649afb77d81fbf3ed4e03,20230915,2023-09-15,"BUG #18112: pgstattuple of sequence failed",2,2: 2-3 messages,false,no linked commit,,,,,2023-11-09
18114,fe77858c1e72a11bc6ab0649d8483e05,20230916,2023-09-16,"BUG #18114: FULL JOIN is replaced by LEFT JOIN in plan",4,3: 4-10 messages,false,no linked commit,,,,,2023-11-09
18115,1e596367edafd3ec8391dceae2e42fd7,20230918,2023-09-18,"BUG #18115: pg_restore of extensions does not respect dependencies",3,2: 2-3 messages,false,no linked commit,,,,,2023-11-09
18116,5b4ed3ebda615015908c211e9b29cf26,20230918,2023-09-18,"BUG #18116: This is definitiv a BUG in INOUT parameter in stored procedures in Postgres 12.16",2,2: 2-3 messages,false,no linked commit,,,,,2023-11-09
18117,c1690b06cf6c28a4b04830baec53d005,20230920,2023-09-20,"BUG #18117: View definitions were changed in version 16 (missing column qualifiers)",2,2: 2-3 messages,false,no linked commit,,,,,2023-11-09
18118,b23a76b81513c59a1556eec25d0ef06c,20230920,2023-09-20,"BUG #18118: bug report for COMMIT AND CHAIN feature",4,3: 4-10 messages,true,linked to a fix commit,both,2023-09-22,2,2: within a week,2023-11-09
18119,74a973fba99bc19e818b1a2f14353fb4,20230920,2023-09-20,"BUG #18119: Failed assert while recoverying from pg_basebackup",2,2: 2-3 messages,false,no linked commit,,,,,2023-11-09
18123,fbdc7815a3ebf430b893973a539fe9d0,20230921,2023-09-21,"BUG #18123: The execution plan for the left join is incorrect, returning incorrect rows of data.",2,2: 2-3 messages,false,no linked commit,,,,,2023-11-09
18124,dd2094e0ba61d3b35761518c68da8d6b,20230921,2023-09-21,"BUG #18124: PG16 release note document bug in ""Add build option to allow testing of small WAL segment sizes""",9,3: 4-10 messages,true,linked to a fix commit,discussion_link,2023-09-25,4,2: within a week,2023-11-09
18125,f6282d3e3ddc6324d36749a7d1902017,20230921,2023-09-21,"BUG #18125: Ordered set aggregate results (MD5 hashing) vary between postgres versions",1,1: no replies,false,no linked commit,,,,,2023-11-09
18126,f6282d3e3ddc6324d36749a7d1902017,20230921,2023-09-21,"BUG #18126: Ordered set aggregate: result does not depend on sort order",2,2: 2-3 messages,false,no linked commit,,,,,2023-11-09
18127,8d353a4c5a84c5049abfc94b13c17ae1,20230921,2023-09-21,"BUG #18127: Assertion HaveRegisteredOrActiveSnapshot failed on REINDEX CONCURRENTLY when blocksize=1",5,3: 4-10 messages,true,linked to a fix commit,discussion_link,2025-05-30,617,5: longer,2023-11-09
18128,0ed497bb610a0f197ef9c0a4febdf439,20230921,2023-09-21,"BUG #18128: a Parallel Hash started with batches 64 but increased to 262144 and FreeableMemory tanked",1,1: no replies,false,no linked commit,,,,,2023-11-09
18129,8d353a4c5a84c5049abfc94b13c17ae1,20230922,2023-09-22,"BUG #18129: GiST index produces incorrect query results",6,3: 4-10 messages,true,linked to a fix commit,discussion_link,2023-09-26,4,2: within a week,2023-11-09
18130,b9623356bb7c54f9cede5258d9379145,20230922,2023-09-22,"BUG #18130: \copy fails with ""could not read block"" or ""page should be empty but not"" errors due to triggers",3,2: 2-3 messages,true,linked to a fix commit,both,2023-10-14,22,3: within a month,2023-11-09
18131,91cafc5a12a6093e70584c8f8d25b8b1,20230922,2023-09-22,"BUG #18131: PL/pgSQL: regclass procedure parameter wrongly memoized(?)",3,2: 2-3 messages,true,linked to a fix commit,both,2023-09-25,3,2: within a week,2023-11-09
18132,2b365610a631928d5fc962e2d2ed2c09,20230923,2023-09-23,"BUG #18132: llvm-jit does not build with LLVM 17",2,2: 2-3 messages,false,no linked commit,,,,,2023-11-09
18134,905806d097732660d31de48bd98709a9,20230926,2023-09-26,"BUG #18134: ROW_COUNT do not set to 0 when psql's \gset command get no rows returned",8,3: 4-10 messages,true,linked to a fix commit,discussion_link,2023-10-02,6,2: within a week,2023-11-09
18135,8d353a4c5a84c5049abfc94b13c17ae1,20230927,2023-09-27,"BUG #18135: Incorrect memory access occurs when attaching a partition with an index",10,3: 4-10 messages,true,linked to a fix commit,both,2023-09-28,1,1: same/next day,2023-11-09
18136,2786d4312aaf427747c92e9be2135967,20230927,2023-09-27,"BUG #18136: lc_messages is the empty string but should be 'C'?",1,1: no replies,false,no linked commit,,,,,2023-11-09
18137,dd2094e0ba61d3b35761518c68da8d6b,20230928,2023-09-28,"BUG #18137: PG16 release note doc bug in ""Allow GRANT group_name TO user_name ...""",4,3: 4-10 messages,true,linked to a fix commit,discussion_link,2023-09-29,1,1: same/next day,2023-11-09
18138,01c26cef12058ae5bdd2f45ec0e2b616,20230928,2023-09-28,"BUG #18138: Using limit on VALUES causes type conversion to fail.",4,3: 4-10 messages,false,no linked commit,,,,,2023-11-09
18139,7094b932d8773e91efdaaa22e3ce7b75,20230928,2023-09-28,"BUG #18139: Causing FATAL error on database using function last() or first()",3,2: 2-3 messages,false,no linked commit,,,,,2023-11-09
18141,31266456bea009610beaa2849bda688c,20230929,2023-09-29,"BUG #18141: sorry, too many clients error occurring very frequently",8,3: 4-10 messages,false,no linked commit,,,,,2023-11-09
18142,c136109591154a259ad259426b07d2aa,20231002,2023-10-02,"BUG #18142: strange behaviour of ""UPDATE"" with id_encode()",4,3: 4-10 messages,false,no linked commit,,,,,2023-11-09
18143,b89f5b2bf7e32644503df93e31a4f826,20231002,2023-10-02,"BUG #18143: pg_upgrade fails to use port 50432 even with firewall disabled",1,1: no replies,false,no linked commit,,,,,2023-11-09
18144,80e2a9c40a6bf9389ab3b5da0c35b505,20231002,2023-10-02,"BUG #18144: While i am intalling postgresql-12 repo,i am facing the below.i tried with dowload and install.",2,2: 2-3 messages,false,no linked commit,,,,,2023-11-09
18145,fa3c62fdeab20759454e1633ae5a3f78,20231003,2023-10-03,"BUG #18145: In psql, \d does not output in expanded format",2,2: 2-3 messages,false,no linked commit,,,,,2023-11-09
18146,2318bf9ad004fe812564271d84442ea2,20231003,2023-10-03,"BUG #18146: Rows reappearing in Tables after Auto-Vacuum Failure in PostgreSQL on Windows",45,4: 11+ messages,true,linked to a fix commit,discussion_link,2024-12-02,426,5: longer,2023-11-09
18147,b89f5b2bf7e32644503df93e31a4f826,20231005,2023-10-05,"BUG #18147: ERROR: invalid perminfoindex 0 in RTE with relid xxxxx",26,4: 11+ messages,true,linked to a fix commit,both,2023-10-24,19,3: within a month,2023-11-09
18148,93028d98ddaf4394e066d4f826f9441a,20231005,2023-10-05,"BUG #18148: Handle null in a date/time fields when passing empty arrays issue",2,2: 2-3 messages,false,no linked commit,,,,,2023-11-09
18149,2aea348daa969aae362752489fbd061f,20231005,2023-10-05,"BUG #18149: Incorrect lexeme for english token ""proxy""",6,3: 4-10 messages,false,no linked commit,,,,,2023-11-09
18150,bfd3151d15d37ec642473cc8d97af398,20231008,2023-10-08,"BUG #18150: The results returned by index only scan using gist index of bpchar and seqscan have difference.",2,2: 2-3 messages,false,no linked commit,,,,,2023-11-09
18151,afdd7d5a7821785cdc35c79c33795c33,20231008,2023-10-08,"BUG #18151: pg_upgradecluster fails when column default refers to column",6,3: 4-10 messages,false,no linked commit,,,,,2023-11-09
18152,872793ffb9beb0cf3abf88eeed8662bb,20231010,2023-10-10,"BUG #18152: Join condition is not pushed down to union all subquery",3,2: 2-3 messages,false,no linked commit,,,,,2023-11-09
18153,f15130848f701dd2cee55dc23d36e2bf,20231010,2023-10-10,"BUG #18153: Undefined Symbol creating postgis_raster extension",2,2: 2-3 messages,false,no linked commit,,,,,2023-11-09
18154,98e1babf907097a80fa62ce5a3caa686,20231011,2023-10-11,"BUG #18154: Corrupt DB: pg_dump segfaults or returns empty",1,1: no replies,false,no linked commit,,,,,2023-11-09
18155,3f6c0c3cda2fd246cd51ddbb2c819c12,20231013,2023-10-13,"BUG #18155: Logical Apply Worker Timeout During TableSync Causes Either Stuckness or Data Loss",6,3: 4-10 messages,false,no linked commit,,,,,2023-11-09
18156,b152a7ab6038bfa9bc6f8bcc1fce7abe,20231013,2023-10-13,"BUG #18156: Self-referential foreign key in partitioned table not enforced on deletes",3,2: 2-3 messages,true,linked to a fix commit,discussion_link,2025-05-02,567,5: longer,2023-11-09
18158,8d353a4c5a84c5049abfc94b13c17ae1,20231016,2023-10-16,"BUG #18158: Assert in pgstat_report_stat() fails when a backend shutting down with stats pending",12,4: 11+ messages,true,linked to a fix commit,discussion_link,2026-06-05,963,5: longer,2023-11-09
18159,2318bf9ad004fe812564271d84442ea2,20231016,2023-10-16,"BUG #18159: Database Integrity Concerns: Missing FK Constraint",2,2: 2-3 messages,false,no linked commit,,,,,2023-11-09
18160,21ddd43181007f8acdc79545e4a00007,20231018,2023-10-18,"BUG #18160: first create table show ""ERROR: permission denied for schema public"", next create table works",4,3: 4-10 messages,false,no linked commit,,,,,2023-11-09
18161,1d703032e8a2c9c012cdd3775d80cdc5,20231018,2023-10-18,"BUG #18161: ALTER TABLE ... ALTER COLUMN does not remove dependencies in automatically from column and sequence.",3,2: 2-3 messages,false,no linked commit,,,,,2023-11-09
18163,8d353a4c5a84c5049abfc94b13c17ae1,20231020,2023-10-20,"BUG #18163: Catcache entry invalidation might be missed when toast processed inside CatalogCacheCreateEntry",1,1: no replies,false,no linked commit,,,,,2023-11-09
18165,6f18abc65371be81d6bb3c848ff1e2d3,20231020,2023-10-20,"BUG #18165: Could not duplicate handle for ""Global/PostgreSQL.xxxxxxxxxx"": Bad file descriptor",11,4: 11+ messages,true,linked to a fix commit,both,2023-10-21,1,1: same/next day,2023-11-09
18166,afcc32fc9902e315c648ffe5be801b9f,20231020,2023-10-20,"BUG #18166: 100 Gb 18000000 records table update",3,2: 2-3 messages,false,no linked commit,,,,,2023-11-09
18167,b2dba6938bc48aa7a0c0fb9ec9a918d8,20231024,2023-10-24,"BUG #18167: cannot create partitioned tables when default_tablespace is set",4,3: 4-10 messages,false,no linked commit,,,,,2023-11-09
18168,6f18abc65371be81d6bb3c848ff1e2d3,20231024,2023-10-24,"BUG #18168: Parallel worker failed to initialize: could not create inherited socket: error code 10106",5,3: 4-10 messages,false,no linked commit,,,,,2023-11-09
18170,97603a5e4182e5a9c0c410338741f49d,20231026,2023-10-26,"BUG #18170: Unexpected error: no relation entry for relid 3",34,4: 11+ messages,true,linked to a fix commit,both,2023-11-04,9,3: within a month,2023-11-09
18171,efceaa092472650d3f8cc56ab75046c0,20231026,2023-10-26,"BUG #18171: Dropping an index on a partitioned table drops all child indices even with a restrict",4,3: 4-10 messages,false,no linked commit,,,,,2023-11-09
18172,ff7163eb9a902d9952f5a489c8e29751,20231027,2023-10-27,"BUG #18172: High memory usage in tSRF function context",5,3: 4-10 messages,true,linked to a fix commit,both,2023-10-28,1,1: same/next day,2023-11-09
18173,1631259eff6ed69b926e70144ddab9e6,20231030,2023-10-30,"BUG #18173: ERROR: could not identify a comparison function for type unknown",5,3: 4-10 messages,false,no linked commit,,,,,2023-11-09
18177,b7ecdb5fa4d164072f4cb015b4566b23,20231101,2023-11-01,"BUG #18177: certain queries under certain contexts take multiple orders of magnitude longer compared to v10",11,4: 11+ messages,false,no linked commit,,,,,2023-11-09
18178,9982fcc7eedb894fb9e02ce9259fec77,20231101,2023-11-01,"BUG #18178: New Restriction on ""ON SELECT"" rules on tables",8,3: 4-10 messages,true,linked to a fix commit,both,2023-11-03,2,2: within a week,2023-11-09
18179,79bb0b08516a1e5d8c76e816953dba78,20231102,2023-11-02,"BUG #18179: Cluster History Error",8,3: 4-10 messages,false,no linked commit,,,,,2023-11-09
18180,8ec55ba89e4ff38be6c90d770a89b853,20231102,2023-11-02,"BUG #18180: Maybe a bug? repomd.xml signature could not be verified for pgdg-common",1,1: no replies,false,no linked commit,,,,,2023-11-09
18181,1e74cdf1a1b8e96b719c186d8621a79f,20231103,2023-11-03,"BUG #18181: KB5031455 Update crashes PostgreSQL Server for Turkish language",7,3: 4-10 messages,false,no linked commit,,,,,2023-11-09
18182,a39148662f30d3a4d1fb9673403fc06a,20231106,2023-11-06,"BUG #18182: apt distribution is missing for Bionic",2,2: 2-3 messages,false,no linked commit,,,,,2024-02-08
18183,301a1fbc40c7d50179d8dd8a10f4c23f,20231106,2023-11-06,"BUG #18183: Unable to grant similar roles after changing user from No inheritance to Inheritance.",3,2: 2-3 messages,false,no linked commit,,,,,2024-02-08
18184,fe1eee98cbc5a83bd64837e8a1e67bf2,20231106,2023-11-06,"BUG #18184: ERROR: wrong varnullingrels (b) (expected (b 3)) for Var 2/2",3,2: 2-3 messages,true,linked to a fix commit,both,2023-11-09,3,2: within a week,2024-02-08
18185,772aebe49b6130b8dbc1433d47f419d2,20231106,2023-11-06,"BUG #18185: Error when calling whoami at the beginning of the installation",3,2: 2-3 messages,false,no linked commit,,,,,2024-02-08
18186,ee36ff1e47b76042f0020d31e4c55def,20231107,2023-11-07,"BUG #18186: Question around integration",4,3: 4-10 messages,false,no linked commit,,,,,2024-02-08
18187,97603a5e4182e5a9c0c410338741f49d,20231107,2023-11-07,"BUG #18187: Unexpected error: ""variable not found in subplan target lists"" triggered by JOIN",24,4: 11+ messages,true,linked to a fix commit,both,2023-11-09,2,2: within a week,2024-02-08
18188,72f609644a263e80fcc60bcf357dbb32,20231109,2023-11-09,"BUG #18188: wrong varnullingrels",2,2: 2-3 messages,false,no linked commit,,,,,2024-02-08
18189,b89f5b2bf7e32644503df93e31a4f826,20231110,2023-11-10,"BUG #18189: Value partitioned tables: Upd ERROR: more than one row returned by a subquery used as an expression",4,3: 4-10 messages,false,no linked commit,,,,,2024-02-08
18190,60d7c9db61063dcb07ad6660f90fcf71,20231110,2023-11-10,"BUG #18190: PL/pgSQL does not document comparison operations on RECORD (or ROW) types",4,3: 4-10 messages,false,no linked commit,,,,,2024-02-08
18193,1e1a3bd0b8fac134db23824ee90ea7f9,20231113,2023-11-13,"BUG #18193: CVE-2019-9193",4,3: 4-10 messages,false,no linked commit,,,,,2024-02-08
18194,874fee75fa930c9edaffe5a81a737ad4,20231113,2023-11-13,"BUG #18194: Missing install instructions",4,3: 4-10 messages,false,no linked commit,,,,,2024-02-08
18195,48c05e4b3bfdc5bfa562de0997d2b55a,20231114,2023-11-14,"BUG #18195: PL/pgSQL: invalid syntax allowed in SELECT INTO statement",8,3: 4-10 messages,false,no linked commit,,,,,2024-02-08
18196,b31d6c72072a08ec480ba16733ec6c46,20231115,2023-11-15,"BUG #18196: Databases Created in Turkish Language Will Not Run on the Latest Version of Windows",22,4: 11+ messages,false,no linked commit,,,,,2024-02-08
18198,b3537741601b80f7bb136f65c6f82ff9,20231115,2023-11-15,"BUG #18198: Constantly getting errors",3,2: 2-3 messages,false,no linked commit,,,,,2024-02-08
18199,0fd14537a4ef04e683ff9e4b29658bd9,20231115,2023-11-15,"BUG #18199: 'Release' file not available in apt.postgresql.org/pub/repos/apt bionic-pgdg",2,2: 2-3 messages,false,no linked commit,,,,,2024-02-08
18200,8d353a4c5a84c5049abfc94b13c17ae1,20231115,2023-11-15,"BUG #18200: Undefined behaviour in interval_div",5,3: 4-10 messages,true,linked to a fix commit,both,2023-11-18,3,2: within a week,2024-02-08
18201,6becd9905221c3e8766312542bd922ed,20231116,2023-11-16,"BUG #18201: POSTGRESQL 16 - Failed to initialise the database cluster with initdb",2,2: 2-3 messages,false,no linked commit,,,,,2024-02-08
18202,030ad918d35b85afccd5fe6a940e9ad8,20231117,2023-11-17,"BUG #18202: pg_constraint data isn't refreshed when using alter rename to on a constraint trigger",2,2: 2-3 messages,false,no linked commit,,,,,2024-02-08
18203,aaaf092df3025b25da3cb53ccd136483,20231118,2023-11-18,"BUG #18203: Logical Replication initial sync failure",8,3: 4-10 messages,true,linked to a fix commit,discussion_link,2023-11-22,4,2: within a week,2024-02-08
18205,cb971c0257100e0fa588343fe443d05f,20231119,2023-11-19,"BUG #18205: Performance regression with NOT NULL checks.",11,4: 11+ messages,false,no linked commit,,,,,2024-02-08
18206,cb971c0257100e0fa588343fe443d05f,20231119,2023-11-19,"BUG #18206: Strange performance behaviour depending on location of field in query.",3,2: 2-3 messages,false,no linked commit,,,,,2024-02-08
18207,2ec3cd170c58e1701e79e91cb15c94a9,20231119,2023-11-19,"BUG #18207: Turkiye LC Setting Error",2,2: 2-3 messages,false,no linked commit,,,,,2024-02-08
18208,107ddf03e76a81ab9e48f4209f440933,20231120,2023-11-20,"BUG #18208: ts_headline MinWords and MaxWords cannot be set to the same value",2,2: 2-3 messages,false,no linked commit,,,,,2024-02-08
18209,bc2320c536326882b33242396723c5f4,20231122,2023-11-22,"BUG #18209: New connection is waiting for ProcArrayLock lock when execute a stored procedure concurrently",1,1: no replies,false,no linked commit,,,,,2024-02-08
18210,abc11c007a3a284272d261b2dae6376e,20231122,2023-11-22,"BUG #18210: libpq: PQputCopyData sometimes fails in non-blocking mode over GSSAPI encrypted connection",6,3: 4-10 messages,true,linked to a fix commit,both,2023-11-23,1,1: same/next day,2024-02-08
18211,a09c510b6f4352d8c825115da5ac6640,20231123,2023-11-23,"BUG #18211: pg_catcheck_16 RPM package mssing für RHEL8 and RHEL9 repo",1,1: no replies,false,no linked commit,,,,,2024-02-08
18212,46fd412f40fd0c970c58fb3a3fcf536f,20231124,2023-11-24,"BUG #18212: Functions txid_status() and pg_xact_status() return invalid status of the specified transaction",10,3: 4-10 messages,true,linked to a fix commit,discussion_link,2024-02-08,76,4: within 6 months,2024-02-08
18213,8fb2b55d908e3af493d8012e6fec8e12,20231124,2023-11-24,"BUG #18213: Standby's repeatable read isolation level transaction encountered a ""nonrepeatable read"" problem",6,3: 4-10 messages,false,no linked commit,,,,,2024-02-08
18214,df932cae92683dda3d9811373e541631,20231124,2023-11-24,"BUG #18214: poly_contain (@>) hangs forever for input data with zeros and infinities",4,3: 4-10 messages,false,no linked commit,,,,,2024-02-08
18216,9792e6120524082df221e2b5eb73c0bf,20231128,2023-11-28,"BUG #18216: Unaccent function is unable to remove accents (diacritic signs) from Japanese character 'ド'",10,3: 4-10 messages,false,no linked commit,,,,,2024-02-08
18217,110695538884b3721558570399352403,20231129,2023-11-29,"BUG #18217: ALTER TABLE IF EXISTS not being honored with DROP CONSTRAINT IF EXISTS",2,2: 2-3 messages,false,no linked commit,,,,,2024-02-08
18218,3226c5c630a8d6b41929e03deda4887e,20231130,2023-11-30,"BUG #18218: NOT LIKE ANY returns same result as LIKE ANY when array items are wrapped into E''",4,3: 4-10 messages,false,no linked commit,,,,,2024-02-08
18219,572fbe8bc7576f12071eae427b3aa399,20231130,2023-11-30,"BUG #18219: libpq does not take into consideration UNICODE define",12,4: 11+ messages,false,no linked commit,,,,,2024-02-08
18220,0a1629d032cb2bef104b551349eb04f4,20231201,2023-12-01,"BUG #18220: drop database in anytime",1,1: no replies,false,no linked commit,,,,,2024-02-08
18221,dbba0738c250bbb37652f47f0c315e4a,20231202,2023-12-02,"BUG #18221: Unexpected Query Result",3,2: 2-3 messages,false,no linked commit,,,,,2024-02-08
18222,dbba0738c250bbb37652f47f0c315e4a,20231204,2023-12-04,"BUG #18222: Unexpected Error--Cannot delete from scalar",4,3: 4-10 messages,false,no linked commit,,,,,2024-02-08
18223,fbdc7815a3ebf430b893973a539fe9d0,20231204,2023-12-04,"BUG #18223: There is a confusing result where an update statement can reference itself and execute successfully.",2,2: 2-3 messages,false,no linked commit,,,,,2024-02-08
18224,9ccfd14ed62ab7e25db1135a5fde2fcf,20231204,2023-12-04,"BUG #18224: message bug in libpqwalreceiver.c.",10,3: 4-10 messages,true,linked to a fix commit,both,2023-12-05,1,1: same/next day,2024-02-08
18225,d517ebfc55ff9686ca89198bd04c2f13,20231204,2023-12-04,"BUG #18225: chdb's s3 table function crashes postgresql with plpython3",2,2: 2-3 messages,false,no linked commit,,,,,2024-02-08
18229,eb9c59a299a224a280396497a3890bed,20231205,2023-12-05,"BUG #18229: Multiple vacuum queries fail after upgrading to 13.10",2,2: 2-3 messages,false,no linked commit,,,,,2024-02-08
18230,40cfb916bdb4270361d3436cf67e1b93,20231206,2023-12-06,"BUG #18230: Redundant comparison of a local variable 'tzp' address with a NULL value at dt_common.c",11,4: 11+ messages,false,no linked commit,,,,,2024-02-08
18231,5dff6e9e48b595fba0159047a78c812e,20231207,2023-12-07,"BUG #18231: String conversion function is adding special characters in Postgres 15",2,2: 2-3 messages,false,no linked commit,,,,,2024-02-08
18232,40cfb916bdb4270361d3436cf67e1b93,20231207,2023-12-07,"BUG #18232: Function pushJsonbValueScalar has not Assert(scalarVal) on WJB_KEY, WJB_VALUE and WJB_ELEM",2,2: 2-3 messages,false,no linked commit,,,,,2024-02-08
18233,40cfb916bdb4270361d3436cf67e1b93,20231207,2023-12-07,"BUG #18233: coerce_type accepts NULL as pstate and can pass it to coerce_record_to_complex",2,2: 2-3 messages,false,no linked commit,,,,,2024-02-08
18234,300334e4b946868ec2a3f94b5f4a47c5,20231207,2023-12-07,"BUG #18234: Nested Loop joint strategy is ignored for a tiny table joined with UNION ALL of two filtered parts",4,3: 4-10 messages,false,no linked commit,,,,,2024-02-08
18235,2dd3916b77d191e327057cfa9a218154,20231208,2023-12-08,"BUG #18235: Unable to install postgreSQL15 on Oracle Cloud VM",1,1: no replies,false,no linked commit,,,,,2024-02-08
18236,8d353a4c5a84c5049abfc94b13c17ae1,20231208,2023-12-08,"BUG #18236: Backend processing a parallel query terminates badly when postmaster killed with SIGKILL",1,1: no replies,false,no linked commit,,,,,2024-02-08
18237,0d4aca553473222e6d51abf66c1a19fe,20231209,2023-12-09,"BUG #18237: C:\Users\админ\AppData\Local\Temp\postgresql_installer_7ddb2d40c9",2,2: 2-3 messages,false,no linked commit,,,,,2024-02-08
18238,8d353a4c5a84c5049abfc94b13c17ae1,20231209,2023-12-09,"BUG #18238: Cross-partitition MERGE/UPDATE with delete-preventing trigger leads to incorrect memory access",9,3: 4-10 messages,true,linked to a fix commit,both,2023-12-21,12,3: within a month,2024-02-08
18239,e3944f7da5a9374e4b2cc22db0246928,20231210,2023-12-10,"BUG #18239: select position ('' in 'A') returns 1",3,2: 2-3 messages,false,no linked commit,,,,,2024-02-08
18240,8d353a4c5a84c5049abfc94b13c17ae1,20231211,2023-12-11,"BUG #18240: Undefined behaviour in cash_mul_flt8() and friends",24,4: 11+ messages,true,linked to a fix commit,both,2024-01-15,35,4: within 6 months,2024-02-08
18241,8fb2b55d908e3af493d8012e6fec8e12,20231211,2023-12-11,"BUG #18241: PushTransaction may cause Standby to execute ItemIdMarkDead",7,3: 4-10 messages,true,linked to a fix commit,discussion_link,2023-12-12,1,1: same/next day,2024-02-08
18242,fba511e4fc71b81e3287adc83e1e02ba,20231212,2023-12-12,"BUG #18242: pg_dump with non-superuser from pg14 to pg15 fails on ALTER FUNCTION",7,3: 4-10 messages,false,no linked commit,,,,,2024-02-08
18243,52e92680168d11901d2f1a93a6a8ddc9,20231212,2023-12-12,"BUG #18243: Ability to log in json format to stdout",1,1: no replies,false,no linked commit,,,,,2024-02-08
18244,03b4aebea11b0da7edc715cb07c0e35e,20231212,2023-12-12,"BUG #18244: Corruption in indexes involving whole-row expressions",8,3: 4-10 messages,false,no linked commit,,,,,2024-02-08
18245,0243f785fcf2be56fec763c4dc023db3,20231213,2023-12-13,"BUG #18245: pg_restore accepts same output file name as input file name",4,3: 4-10 messages,false,no linked commit,,,,,2024-02-08
18246,8d353a4c5a84c5049abfc94b13c17ae1,20231213,2023-12-13,"BUG #18246: pgstathashindex() attempts to read invalid file for hash index attached to partitioned table",5,3: 4-10 messages,true,linked to a fix commit,discussion_link,2023-12-19,6,2: within a week,2024-02-08
18247,40cfb916bdb4270361d3436cf67e1b93,20231214,2023-12-14,"BUG #18247: Integer overflow leads to negative width",21,4: 11+ messages,true,linked to a fix commit,both,2023-12-18,4,2: within a week,2024-02-08
18248,40cfb916bdb4270361d3436cf67e1b93,20231214,2023-12-14,"BUG #18248: Expression is always zero",5,3: 4-10 messages,false,no linked commit,,,,,2024-02-08
18249,d53edef20b4fff2739dffed780cf4cf8,20231215,2023-12-15,"BUG #18249: pg_dump/pg_restore single schema with function1 calling function2",4,3: 4-10 messages,false,no linked commit,,,,,2024-02-08
18251,2a87d7a5bb5c14be6c87feb2e9df3fb7,20231217,2023-12-17,"BUG #18251: Incorrect DROP VIEW pg_catalog.* behavior",2,2: 2-3 messages,false,no linked commit,,,,,2024-02-08
18252,8d353a4c5a84c5049abfc94b13c17ae1,20231218,2023-12-18,"BUG #18252: Assert in CheckOpSlotCompatibility() fails when recursive union filters tuples in non-recursive term",6,3: 4-10 messages,true,linked to a fix commit,discussion_link,2024-01-02,15,3: within a month,2024-02-08
18253,b9fe1c89c3787f7a904f3460a97f5a72,20231220,2023-12-20,"BUG #18253: aarch64 oel 7 repomd.xml: [Errno 14] HTTPS Error 404",3,2: 2-3 messages,false,no linked commit,,,,,2024-02-08
18254,9913db18d86fd6d2a33f84b3b2bafddb,20231220,2023-12-20,"BUG #18254: could not load library llvmjit.so，Undefined symbol ""_ZN4llvm12MemoryBuffer7getFileERKNS_5TwineEbbbSt",3,2: 2-3 messages,false,no linked commit,,,,,2024-02-08
18255,25320efc8c17116cae70b7d8031ae873,20231221,2023-12-21,"BUG #18255: I am unable to deselect the stack bulider when i was install the postgresql",1,1: no replies,false,no linked commit,,,,,2024-02-08
18256,8d353a4c5a84c5049abfc94b13c17ae1,20231221,2023-12-21,"BUG #18256: spgGetCache() attempts to read to read invalid file for index attached to partitioned table",2,2: 2-3 messages,true,linked to a fix commit,both,2023-12-21,0,1: same/next day,2024-02-08
18257,aaa8a0d83459d598ad127fc0197fdb2d,20231223,2023-12-23,"BUG #18257: Failed to build postgres, error occurred during linking",2,2: 2-3 messages,false,no linked commit,,,,,2024-02-08
18258,2d547945500d92eb85285d53d842d188,20231224,2023-12-24,"BUG #18258: The redo of the drop db wal needs to forward the Min Recovery Point",1,1: no replies,false,no linked commit,,,,,2024-02-08
18259,8d353a4c5a84c5049abfc94b13c17ae1,20231225,2023-12-25,"BUG #18259: Assertion in ExtendBufferedRelLocal() fails after no-space-left condition",17,4: 11+ messages,true,linked to a fix commit,discussion_link,2024-01-05,11,3: within a month,2024-02-08
18260,97603a5e4182e5a9c0c410338741f49d,20231227,2023-12-27,"BUG #18260: Unexpected error: ""negative bitmapset member not allowed"" triggered by multiple JOIN",8,3: 4-10 messages,true,linked to a fix commit,both,2024-01-15,19,3: within a month,2024-02-08
18261,97603a5e4182e5a9c0c410338741f49d,20231227,2023-12-27,"BUG #18261: Inconsistent results of SELECT affected by joined subqueries",14,4: 11+ messages,true,linked to a fix commit,both,2024-01-06,10,3: within a month,2024-02-08
18262,2352c2a1d7b0bb1b5e414b2072022f5d,20231227,2023-12-27,"BUG #18262: Connecting ODI",2,2: 2-3 messages,false,no linked commit,,,,,2024-02-08
18264,98d125d982a191925e038d1e1c61b027,20231230,2023-12-30,"BUG #18264: Table has type text, but query expects integer.attribute 1 of type record has wrong type",5,3: 4-10 messages,true,linked to a fix commit,both,2024-01-04,5,2: within a week,2024-02-08
18265,0643c3aa4411949fc63594f178ba06c4,20240102,2024-01-02,"BUG #18265: jsonb comparison order is inconsistent",1,1: no replies,false,no linked commit,,,,,2024-02-08
18266,e929a41614a40c7e2ad4cd99ae00816f,20240102,2024-01-02,"BUG #18266: Restore process request way too many archive log files via pgbackrest",1,1: no replies,false,no linked commit,,,,,2024-02-08
18267,17c5a44cd29d48b15535e4da461b6f51,20240103,2024-01-03,"BUG #18267: Logical replication bug: data is not synchronized after Alter Publication.",7,3: 4-10 messages,false,no linked commit,,,,,2024-02-08
18268,62760784c865ab4a87e59688b5cb5373,20240103,2024-01-03,"BUG #18268: Failed to validate GPG signature for pgdg-redhat-repo-42.0-38PGDG.noarch",2,2: 2-3 messages,false,no linked commit,,,,,2024-02-08
18269,3acad3bd16d7dccc73e8c544cf657c4b,20240103,2024-01-03,"BUG #18269: RPM key descrepency",3,2: 2-3 messages,false,no linked commit,,,,,2024-02-08
18270,445ae0cbbe8e5fd0eca1a3b8eddfa158,20240104,2024-01-04,"BUG #18270: RPM signing GPG key URL changed 2024-01-03",2,2: 2-3 messages,false,no linked commit,,,,,2024-02-08
18271,a06f7384a938a9a4670d5e69813cf8c7,20240105,2024-01-05,"BUG #18271: Re: Postgres policy exists bug",3,2: 2-3 messages,false,no linked commit,,,,,2024-02-08
18272,723bb501a51b167b6824f940478b93a1,20240105,2024-01-05,"BUG #18272: ERROR XX000 when selecting string_agg with distinct and subquery - occur in pg16.1 and not in pg15.4",2,2: 2-3 messages,false,no linked commit,,,,,2024-02-08
18273,8d353a4c5a84c5049abfc94b13c17ae1,20240106,2024-01-06,"BUG #18273: Incorrect memory access occurs when gist__int index is building on data containing 2^31-1",2,2: 2-3 messages,true,linked to a fix commit,both,2024-01-07,1,1: same/next day,2024-02-08
18274,a9ad0b503fb71580b1c0e6accdb48635,20240106,2024-01-06,"BUG #18274: Error 'invalid XML content'",16,4: 11+ messages,true,linked to a fix commit,discussion_link,2024-01-16,10,3: within a month,2024-02-08
18276,97603a5e4182e5a9c0c410338741f49d,20240107,2024-01-07,"BUG #18276: Heap-buffer-overflow triggered in src/backend/utils/adt/datum.c:163",7,3: 4-10 messages,false,no linked commit,,,,,2024-02-08
18277,97603a5e4182e5a9c0c410338741f49d,20240108,2024-01-08,"BUG #18277: Unexpected error: ""WindowFunc not found in subplan target lists"" triggered by JOIN and Window Func",4,3: 4-10 messages,true,linked to a fix commit,both,2024-01-10,2,2: within a week,2024-02-08
18279,04c3511f0c7f1a11c8a0f830a28d742f,20240110,2024-01-10,"BUG #18279: Duplicate key violation and Deadlock when using ON CONFLICT/DO UPDATE with multiple unique indexes",3,2: 2-3 messages,false,no linked commit,,,,,2024-02-08
18280,8fb2b55d908e3af493d8012e6fec8e12,20240110,2024-01-10,"BUG #18280: logical decoding build wrong snapshot for subtransactions",11,4: 11+ messages,true,linked to a fix commit,discussion_link,2024-01-29,19,3: within a month,2024-02-08
18281,f9be347b5ab35f6dca56feddf7581c2a,20240110,2024-01-10,"BUG #18281: Superuser can rename the schema with the prefix ""pg_"" (Applies to all versions of postgresql)",3,2: 2-3 messages,false,no linked commit,,,,,2024-02-08
18282,dcefc832cbd5a7dbb8eca24be757312f,20240110,2024-01-10,"BUG #18282: repomd.xml signature could not be verified for pgdg-common",2,2: 2-3 messages,false,no linked commit,,,,,2024-02-08
18283,fd3faa1d18caa09fefad28bc942c83b4,20240111,2024-01-11,"BUG #18283: vacuum full use a large amount of memory (may cause OOM)",2,2: 2-3 messages,false,no linked commit,,,,,2024-02-08
18284,63ea441ea06c4d61739138501ff01c66,20240111,2024-01-11,"BUG #18284: Filter in left lateral join not respected",5,3: 4-10 messages,true,linked to a fix commit,both,2024-01-11,0,1: same/next day,2024-02-08
18285,f410368b356ab53da8af53883ea8fe27,20240111,2024-01-11,"BUG #18285: pgdg.list doesn't work",1,1: no replies,false,no linked commit,,,,,2024-02-08
18286,8fb2b55d908e3af493d8012e6fec8e12,20240112,2024-01-12,"BUG #18286: ""ERROR: could not open relation with OID 16391"" error was encountered when reindexing",1,1: no replies,false,no linked commit,,,,,2024-02-08
18287,1eeef48a339e27cfc0ca37298cb81c49,20240112,2024-01-12,"BUG #18287: pg_restore with -C and -c options does not do what is said in the documentation",2,2: 2-3 messages,false,no linked commit,,,,,2024-02-08
18289,19036e36dbb2af52b9f1291d62a59afe,20240112,2024-01-12,"BUG #18289: postgresql14-devel-14.10-2PGDG.rhel8.x86_64.rpm Contains invalid cLang option in Makefile.global",10,3: 4-10 messages,false,no linked commit,,,,,2024-02-08
18290,38639db74a26199b1602d45cc6ddcd7f,20240114,2024-01-14,"BUG #18290: \di+ can not show the same name indexes",3,2: 2-3 messages,false,no linked commit,,,,,2024-02-08
18292,97603a5e4182e5a9c0c410338741f49d,20240114,2024-01-14,"BUG #18292: Unexpected error: ""relation ""hobbies_r"" does not exist"" caused by user-defined functions",3,2: 2-3 messages,false,no linked commit,,,,,2024-02-08
18293,2beeff98daac43720d63a4b5453723c3,20240115,2024-01-15,"BUG #18293: Rocky 8 postgres install failing as nothing provides libarmadillo.so.10()(64bit)",2,2: 2-3 messages,false,no linked commit,,,,,2024-02-08
18294,35ccda26e41914767aef79deca40bc5b,20240115,2024-01-15,"BUG #18294: Manual savepoints do not work with JDBC param cleanupSavepoints=true",3,2: 2-3 messages,false,no linked commit,,,,,2024-02-08
18295,9318269761ddca45497892dca0925a91,20240115,2024-01-15,"BUG #18295: In PostgreSQL a unique index on targeted columns is sufficient to support a foreign key",15,4: 11+ messages,true,linked to a fix commit,discussion_link,2024-01-29,14,3: within a month,2024-02-08
18296,2beeff98daac43720d63a4b5453723c3,20240116,2024-01-16,"BUG #18296: ARM",2,2: 2-3 messages,false,no linked commit,,,,,2024-02-08
18297,8d353a4c5a84c5049abfc94b13c17ae1,20240116,2024-01-16,"BUG #18297: Error when adding a column to a parent table with complex inheritance",12,4: 11+ messages,true,linked to a fix commit,discussion_link,2024-01-24,8,3: within a month,2024-02-08
18298,b01728544b736a4ca222e0fd801e75ca,20240116,2024-01-16,"BUG #18298: some possible issues in postgres10.23 that caused the crash",2,2: 2-3 messages,false,no linked commit,,,,,2024-02-08
18299,e7e9d36df8713ced718d18cf1fa464c9,20240116,2024-01-16,"BUG #18299: yum.postgresql.org/keys website is down (404 error) and can't download keys",4,3: 4-10 messages,false,no linked commit,,,,,2024-02-08
18301,11a283fe7c165acd0a9be7000ded0bfd,20240117,2024-01-17,"BUG #18301: version mismatch",1,1: no replies,false,no linked commit,,,,,2024-02-08
18303,60cfadee33d2f40d34dbebe25049d77e,20240119,2024-01-19,"BUG #18303: I found a description error about the maximum value of the interval type in the official documentati",1,1: no replies,false,no linked commit,,,,,2024-02-08
18304,ce6d184068537e26a32d19b2df5e79eb,20240120,2024-01-20,"BUG #18304: Faulty proj93 RPM package in EL9 repo",2,2: 2-3 messages,false,no linked commit,,,,,2024-02-08
18305,97603a5e4182e5a9c0c410338741f49d,20240122,2024-01-22,"BUG #18305: Unexpected error: ""WindowFunc not found in subplan target lists"" triggered by subqueries",15,4: 11+ messages,true,linked to a fix commit,both,2024-05-05,104,4: within 6 months,2024-02-08
18306,56abd7d124ee5e405ce49f2235d77c4c,20240123,2024-01-23,"BUG #18306: Slow SQL query Postgresql 15 Debian family linux.",1,1: no replies,false,no linked commit,,,,,2024-02-08
18307,40cfb916bdb4270361d3436cf67e1b93,20240124,2024-01-24,"BUG #18307: system columns does not support using join",4,3: 4-10 messages,false,no linked commit,,,,,2024-02-08
18308,5323a367b6e6358f6e85b5572d4cd92f,20240124,2024-01-24,"BUG #18308: SQL query information_schema metadata got error: server process was terminated by signal 11: Segment",8,3: 4-10 messages,false,no linked commit,,,,,2024-02-08
18309,8d353a4c5a84c5049abfc94b13c17ae1,20240124,2024-01-24,"BUG #18309: TOASTed entry in pg_subscription provokes an assertion failure",3,2: 2-3 messages,true,linked to a fix commit,discussion_link,2025-05-30,492,5: longer,2024-02-08
18310,8d353a4c5a84c5049abfc94b13c17ae1,20240125,2024-01-25,"BUG #18310: Some SQL commands fail to process duplicate objects with error: tuple already updated by self",20,4: 11+ messages,true,linked to a fix commit,discussion_link,2024-01-28,3,2: within a week,2024-02-08
18311,93bd1d3109c5986e2d681ac46dd14683,20240125,2024-01-25,"BUG #18311: python3-psycopg2 packaged for wrong python version",2,2: 2-3 messages,false,no linked commit,,,,,2024-02-08
18312,59877a6701129464d9fea408ec0c449a,20240126,2024-01-26,"BUG #18312: libpq: PQsetdbLogin() not thread-safe",9,3: 4-10 messages,true,linked to a fix commit,both,2024-02-09,14,3: within a month,2024-02-08
18313,59877a6701129464d9fea408ec0c449a,20240126,2024-01-26,"BUG #18313: No error triggered when subtracting an interval from a timestamp",2,2: 2-3 messages,true,linked to a fix commit,both,2024-01-26,0,1: same/next day,2024-02-08
18314,8d353a4c5a84c5049abfc94b13c17ae1,20240129,2024-01-29,"BUG #18314: PARALLEL UNSAFE function does not prevent parallel index build",21,4: 11+ messages,true,linked to a fix commit,discussion_link,2024-03-06,37,4: within 6 months,2024-02-08
18315,f8dfebeb22457ddc4e6a5b551075bc52,20240130,2024-01-30,"BUG #18315: Segmentation fault on connection (repmgr, psql)",3,2: 2-3 messages,false,no linked commit,,,,,2024-02-08
18316,1bb5c83b5f03c0164e1a32f14f262ce7,20240131,2024-01-31,"BUG #18316: The descriptions of the objoid and classoid fields in the pg_description section, include: 12,14,16",2,2: 2-3 messages,false,no linked commit,,,,,2024-02-08
18318,2c0fc3f8ee02b3b49b414f4d6c953398,20240131,2024-01-31,"BUG #18318: Different character codes are mixed in the log file in Japanese locale.",2,2: 2-3 messages,false,no linked commit,,,,,2024-02-08
18319,a9d324f9f3e1cf603160c656e79df5d8,20240131,2024-01-31,"BUG #18319: Logical Replication updates causing duplication of row if evaluation filter is set to the same field",2,2: 2-3 messages,false,no linked commit,,,,,2024-02-08
18320,f4d4789528dcc4299cda1a38ec777df7,20240201,2024-02-01,"BUG #18320: Duplicate primary key records in table",3,2: 2-3 messages,false,no linked commit,,,,,2024-02-08
18321,ced978f004f311bed2b212133344d474,20240201,2024-02-01,"BUG #18321: My first name and my name are reverse",3,2: 2-3 messages,false,no linked commit,,,,,2024-02-08
18322,622f30727ca1ec870212c71931bc23e9,20240201,2024-02-01,"BUG #18322: pg_dump fails with ""incorrect version found"" (with no good reason)",2,2: 2-3 messages,false,no linked commit,,,,,2024-02-08
18323,6045fac29afa2fc6ccb520fc81a883b3,20240202,2024-02-02,"BUG #18323: Cannot install the best update candidate for package gdal36-libs-3.6.4-5PGDG.rhel9.x86_64",1,1: no replies,false,no linked commit,,,,,2024-02-08
18324,ad8e06ca0cfdabc089f260f995ea2a71,20240202,2024-02-02,"BUG #18324: Duplicate value when I insert values in PK column",3,2: 2-3 messages,false,no linked commit,,,,,2024-02-08
18325,8bb675b9b5c2c63267451c55221107a8,20240202,2024-02-02,"BUG #18325: Possible bug with plpgsql function + ALTER TABLE DROP COLUMN",1,1: no replies,false,no linked commit,,,,,2024-02-08
18327,4dbc85e20cf66a5328750cf191615c0a,20240203,2024-02-03,"BUG #18327: Column naming inconsistency for boolean literals in ELSE clauses of CASE expressions.",3,2: 2-3 messages,false,no linked commit,,,,,2024-02-08
18328,e4f9d246f114132b08518217b26a2bd7,20240203,2024-02-03,"BUG #18328: yum update nothing provides libarmadillo.so.12()(64bit) needed by gdal36-libs-3.6.4-6PGDG.rhel9.x86",4,3: 4-10 messages,false,no linked commit,,,,,2024-02-08
18330,9bbab3893ab4a51b211e529e98a6bf48,20240204,2024-02-04,"BUG #18330: The query planner chooses the wrong plan when using the parallel aggregation function",2,2: 2-3 messages,false,no linked commit,,,,,2024-02-08
18331,fbdc7815a3ebf430b893973a539fe9d0,20240205,2024-02-05,"BUG #18331: Why is the session lock (DEFAULT_LOCKMETHOD) not automatically released during process exit?",2,2: 2-3 messages,false,no linked commit,,,,,2024-05-09
18332,d9f0718e09230f0564e884547deba88d,20240205,2024-02-05,"BUG #18332: The conditional lock cannot be granted even if the process holds a stronger lock",1,1: no replies,false,no linked commit,,,,,2024-05-09
18333,c1e3c4b3cdaf542200a2687a1dc5d50b,20240205,2024-02-05,"BUG #18333: Postgres is crashing if we have special character in the query",4,3: 4-10 messages,false,no linked commit,,,,,2024-05-09
18334,4146a9d9ad4185251450244263ef18be,20240205,2024-02-05,"BUG #18334: Segfault when running a query with parallel workers",10,3: 4-10 messages,false,no linked commit,,,,,2024-05-09
18335,79d75d07a9f6b1e45d1787231055ed98,20240206,2024-02-06,"BUG #18335: JDBC Postgress Kerberos authentication does'nt work without JAAS",2,2: 2-3 messages,false,no linked commit,,,,,2024-05-09
18336,05ae32f7b5927bdbdfd07ad4765c53cd,20240207,2024-02-07,"BUG #18336: Inconsistency in PostgreSQL 16 Documentation for SHOW Command",7,3: 4-10 messages,false,no linked commit,,,,,2024-05-09
18337,8c50e9ca20010184078164f17df3f593,20240212,2024-02-12,"BUG #18337: Unable to write temp variables path",3,2: 2-3 messages,false,no linked commit,,,,,2024-05-09
18338,0b1570a9706c4765a55923319c5f2e06,20240212,2024-02-12,"BUG #18338: Memory leak in function 'dumpRule'",3,2: 2-3 messages,false,no linked commit,,,,,2024-05-09
18339,b89f5b2bf7e32644503df93e31a4f826,20240212,2024-02-12,"BUG #18339: Erroneous dependency references of Postgres 15.4 packages when installing 16.2 from GPDG repository",1,1: no replies,false,no linked commit,,,,,2024-05-09
18340,8d353a4c5a84c5049abfc94b13c17ae1,20240213,2024-02-13,"BUG #18340: BitString may break nodetoString() conversion for a raw parse tree",2,2: 2-3 messages,true,linked to a fix commit,both,2024-02-13,0,1: same/next day,2024-05-09
18341,487652d60a2e5a1bf265efe69bf15fb6,20240213,2024-02-13,"BUG #18341: SIGBUS with > 4GB DSM and 'dynamic_shared_memory_type = mmap'",1,1: no replies,true,linked to a fix commit,both,2024-02-13,0,1: same/next day,2024-05-09
18342,a38f82e45817bde0b191d902ebd5e0d6,20240214,2024-02-14,"BUG #18342: pg_rewind copy all files found in pg_wal source directory",1,1: no replies,false,no linked commit,,,,,2024-05-09
18343,eab672ef3d8d4ee7420cfc734c650cf9,20240214,2024-02-14,"BUG #18343: Incorrect description in postgresql.conf for max_parallel_workers_per_gather",8,3: 4-10 messages,true,linked to a fix commit,both,2024-02-15,1,1: same/next day,2024-05-09
18344,8d353a4c5a84c5049abfc94b13c17ae1,20240215,2024-02-15,"BUG #18344: Pruning tables partitioned by bool range fails with invalid strategy",12,4: 11+ messages,true,linked to a fix commit,both,2024-02-19,4,2: within a week,2024-05-09
18345,03f2133a7bf313c858ba6f6255459ef9,20240215,2024-02-15,"BUG #18345: Specifying index parameters for a PRIMARY KEY column constraint is a syntax error",2,2: 2-3 messages,false,no linked commit,,,,,2024-05-09
18346,7154ce67be00cf14c6814d1670db6a0c,20240216,2024-02-16,"BUG #18346: pg restore issue with generated cloumn in Postgres v13.14",2,2: 2-3 messages,false,no linked commit,,,,,2024-05-09
18347,56ccfa5f2b943594f37fd4898455d81c,20240216,2024-02-16,"BUG #18347: problem with restore functional index",1,1: no replies,false,no linked commit,,,,,2024-05-09
18348,4dbc85e20cf66a5328750cf191615c0a,20240216,2024-02-16,"BUG #18348: Inconsistency with EXTRACT([field] from INTERVAL);",31,4: 11+ messages,true,linked to a fix commit,both,2024-02-20,4,2: within a week,2024-05-09
18349,99539b4f55cc85d34dbcca1b6b27877e,20240216,2024-02-16,"BUG #18349: ERROR: invalid DSA memory alloc request size 1811939328, CONTEXT: parallel worker",41,4: 11+ messages,true,linked to a fix commit,discussion_link,2024-10-17,244,5: longer,2024-05-09
18350,117a5b97e1c4d8bec95470848983344c,20240216,2024-02-16,"BUG #18350: Modifying predefined roles' unlimited connections for VA STIG cybersecurity checklist",5,3: 4-10 messages,false,no linked commit,,,,,2024-05-09
18351,8d353a4c5a84c5049abfc94b13c17ae1,20240217,2024-02-17,"BUG #18351: VACUUM FULL fails with error: missing chunk number 0 for toast value XXX",4,3: 4-10 messages,false,no linked commit,,,,,2024-05-09
18352,3ea775cf8bf9dede155af05a9cd19371,20240220,2024-02-20,"BUG #18352: signature could not be verified for pgdg-common",2,2: 2-3 messages,false,no linked commit,,,,,2024-05-09
18353,dd2094e0ba61d3b35761518c68da8d6b,20240220,2024-02-20,"BUG #18353: PG16.2 release note doc bug in ""In contrib/bloom, fix overly tight assertion ...""",2,2: 2-3 messages,true,linked to a fix commit,discussion_link,2024-02-20,0,1: same/next day,2024-05-09
18354,8d353a4c5a84c5049abfc94b13c17ae1,20240221,2024-02-21,"BUG #18354: Aborted transaction aborted during cleanup when temp_file_limit exceeded",6,3: 4-10 messages,false,no linked commit,,,,,2024-05-09
18356,37daf0ca1256246b004474d10c4f57c1,20240221,2024-02-21,"BUG #18356: Casting values from jsonb_each_text does not respect WHERE filter with sub select",7,3: 4-10 messages,false,no linked commit,,,,,2024-05-09
18357,5323a367b6e6358f6e85b5572d4cd92f,20240222,2024-02-22,"BUG #18357: PGJDBC: how to pass the user defined type as input parameter to store procedure",1,1: no replies,false,no linked commit,,,,,2024-05-09
18358,3b2894722903af31a01acf41a0f9b908,20240222,2024-02-22,"BUG #18358: I am not able to change the existing SQL connection to Postgres connection in existing application",2,2: 2-3 messages,false,no linked commit,,,,,2024-05-09
18359,300334e4b946868ec2a3f94b5f4a47c5,20240222,2024-02-22,"BUG #18359: autovacuum stopped vacuuming user tables, focusing on just pg_auth_members repeatedly",1,1: no replies,false,no linked commit,,,,,2024-05-09
18360,8d353a4c5a84c5049abfc94b13c17ae1,20240223,2024-02-23,"BUG #18360: Invalid memory access occurs when using geqo",3,2: 2-3 messages,true,linked to a fix commit,both,2024-02-23,0,1: same/next day,2024-05-09
18361,ba9c20d14a32b09bbb0b5761c5134c97,20240224,2024-02-24,"BUG #18361: systemd[1]: postgresql-16.service: Killing process 25992 (postgres) with signal SIGKILL.",1,1: no replies,false,no linked commit,,,,,2024-05-09
18362,ed52ed7a06f8852632a8e93ef9c12b14,20240224,2024-02-24,"BUG #18362: unaccent rules and Old Greek text",22,4: 11+ messages,true,linked to a fix commit,discussion_link,2024-07-05,132,4: within 6 months,2024-05-09
18363,8d353a4c5a84c5049abfc94b13c17ae1,20240225,2024-02-25,"BUG #18363: Assert !ReindexIsProcessingIndex falsified with expression index over select from table",6,3: 4-10 messages,true,linked to a fix commit,both,2024-02-25,0,1: same/next day,2024-05-09
18364,7ded4664169d1d0ff161ccd7d7d659b9,20240226,2024-02-26,"BUG #18364: psql execution error: Segmentation fault",2,2: 2-3 messages,false,no linked commit,,,,,2024-05-09
18365,25247d05b1818f5bf983a941fcad3a8b,20240226,2024-02-26,"BUG #18365: Inconsistent cost function between materialized and non-materialized CTE",5,3: 4-10 messages,false,no linked commit,,,,,2024-05-09
18366,705fb5f57ae88d6efa91d10b736f1b8e,20240226,2024-02-26,"BUG #18366: Not present at postgresql.org YUM repository",3,2: 2-3 messages,false,no linked commit,,,,,2024-05-09
18367,d58c73ba80072de184d42fe06b902932,20240227,2024-02-27,"BUG #18367: Cannot drop schema",3,2: 2-3 messages,false,no linked commit,,,,,2024-05-09
18368,3177ba7a06731b82cb45dc66008aaed7,20240227,2024-02-27,"BUG #18368: order by collation doesn't work as expected for the second column in the ORDER BY list",1,1: no replies,false,no linked commit,,,,,2024-05-09
18369,bfd3151d15d37ec642473cc8d97af398,20240228,2024-02-28,"BUG #18369: logical decoding core on AssertTXNLsnOrder()",32,4: 11+ messages,false,no linked commit,,,,,2024-05-09
18370,728691403ec35f1e20cda9886ce11832,20240228,2024-02-28,"BUG #18370: Issue accessing pgadmin4 web gui",1,1: no replies,false,no linked commit,,,,,2024-05-09
18371,8fb2b55d908e3af493d8012e6fec8e12,20240228,2024-02-28,"BUG #18371: There are wrong constraint residues when detach hash partiton concurrently",11,4: 11+ messages,true,linked to a fix commit,discussion_link,2025-10-11,591,5: longer,2024-05-09
18372,4ea92ce239aa36653aba9100bc6419ee,20240229,2024-02-29,"BUG #18372: Timezone documentation and use of TZ and PGTZ environment variables missing since version 7.4",2,2: 2-3 messages,false,no linked commit,,,,,2024-05-09
18373,e8e06aa8cfdf727f1a116ea2870d79c3,20240229,2024-02-29,"BUG #18373: failed: could not open certificate file ""/root/.postgresql/postgresql.crt"": Permission denied",1,1: no replies,false,no linked commit,,,,,2024-05-09
18374,8d353a4c5a84c5049abfc94b13c17ae1,20240302,2024-03-02,"BUG #18374: Printing memory contexts on OOM condition might lead to segmentation fault",11,4: 11+ messages,false,no linked commit,,,,,2024-05-09
18375,a7879923e2063baf9e3b4f0fa845c6e2,20240304,2024-03-04,"BUG #18375: requested statistics kind ""f"" is not yet built for statistics object 16722",5,3: 4-10 messages,true,linked to a fix commit,discussion_link,2024-03-05,1,1: same/next day,2024-05-09
18376,a38f82e45817bde0b191d902ebd5e0d6,20240304,2024-03-04,"BUG #18376: pg_upgrade fails trying to restore privileges on retired function pg_start_backup and pg_stop_backup",2,2: 2-3 messages,false,no linked commit,,,,,2024-05-09
18377,5e8733a52d60e0363f218e579aabac51,20240305,2024-03-05,"BUG #18377: Assert false in ""partdesc->nparts >= pinfo->nparts"", fileName=""execPartition.c"", lineNumber=1943",23,4: 11+ messages,true,linked to a fix commit,both,2024-06-11,98,4: within 6 months,2024-05-09
18378,2beeff98daac43720d63a4b5453723c3,20240305,2024-03-05,"BUG #18378: postgis protobuf support inconsistent",2,2: 2-3 messages,false,no linked commit,,,,,2024-05-09
18379,3badcfd05c9bb205cab5d19f1becca4a,20240306,2024-03-06,"BUG #18379: LDAP bind password exposed",7,3: 4-10 messages,false,no linked commit,,,,,2024-05-09
18380,ada776f4e4570daa3f8fa2fe34f33ca7,20240306,2024-03-06,"BUG #18380: BUG: notify stops working after LEFT JOIN if enable_mergejoin is ON",1,1: no replies,false,no linked commit,,,,,2024-05-09
18381,30e39f409ec081f4a6b6903c0025f9be,20240307,2024-03-07,"BUG #18381: Invalid query generated by postgres_fdw with UNION ALL and ORDER BY",2,2: 2-3 messages,true,linked to a fix commit,both,2024-03-10,3,2: within a week,2024-05-09
18383,4831cec83a3fa367ebce11a04cf43861,20240307,2024-03-07,"BUG #18383: creation of public schema is not consistent",5,3: 4-10 messages,false,no linked commit,,,,,2024-05-09
18384,82fc372b38fef704808cda3fd69000c2,20240308,2024-03-08,"BUG #18384: It's not bug just question about documentation",2,2: 2-3 messages,false,no linked commit,,,,,2024-05-09
18385,8d353a4c5a84c5049abfc94b13c17ae1,20240310,2024-03-10,"BUG #18385: Assert(""strategy_delta >= 0"") in BgBufferSync() fails due to race condition",5,3: 4-10 messages,false,no linked commit,,,,,2024-05-09
18386,739dcbc509154aa80afad7c832dd1790,20240311,2024-03-11,"BUG #18386: Slow connection access after 'vacuum full pg_attribute'",3,2: 2-3 messages,false,no linked commit,,,,,2024-05-09
18387,5bd73b780ffdfc39395663a82e653c99,20240311,2024-03-11,"BUG #18387: Erroneous permission checks and/or misleading error messages with refresh materialized view",11,4: 11+ messages,false,no linked commit,,,,,2024-05-09
18388,deafd6825650c87c2230850f0dcca590,20240311,2024-03-11,"BUG #18388: Server freezes after AuthenticationSASLFinal message",1,1: no replies,false,no linked commit,,,,,2024-05-09
18389,167917368b16038a728b7ed1e2074840,20240312,2024-03-12,"BUG #18389: pg_database_owner not recognized with alter default privileges",7,3: 4-10 messages,false,no linked commit,,,,,2024-05-09
18390,e91f8839995ece62eb6228b248be5a84,20240313,2024-03-13,"BUG #18390: exponentiation produces float datatype, but nth-root produces integer",3,2: 2-3 messages,false,no linked commit,,,,,2024-05-09
18391,fd59129a0bf37c40bf3a78e8f7541c0e,20240313,2024-03-13,"BUG #18391: not able to create a new cluster using init db on rocky linux.We are forced to download version 1 3",4,3: 4-10 messages,false,no linked commit,,,,,2024-05-09
18392,85fd0d37ca701c15e30cb514434b617c,20240314,2024-03-14,"BUG #18392: Can't restore database (using pg_restore) after latest Feb 8 update",6,3: 4-10 messages,false,no linked commit,,,,,2024-05-09
18393,135d8c85b178dfb5d20df702fefa6d03,20240314,2024-03-14,"BUG #18393: Bad multiple ""inplace"" insert into domain of complex type",2,2: 2-3 messages,true,linked to a fix commit,both,2024-03-14,0,1: same/next day,2024-05-09
18394,808ace048759f8f9066bfae1a4ee7fed,20240314,2024-03-14,"BUG #18394: LISTEN error: could not access status of transaction",1,1: no replies,false,no linked commit,,,,,2024-05-09
18395,4ca7cadfeec4fa5ed088714bb47c970e,20240315,2024-03-15,"BUG #18395: Checksum verification failed for: deb_postgis_3_4_pg16.app.zip",2,2: 2-3 messages,false,no linked commit,,,,,2024-05-09
18396,8d353a4c5a84c5049abfc94b13c17ae1,20240317,2024-03-17,"BUG #18396: Assert in gistFindCorrectParent() fails on inserting large tuples into gist index",9,3: 4-10 messages,true,linked to a fix commit,discussion_link,2025-04-04,383,5: longer,2024-05-09
18398,fe0655ccc69a309564578603ec82ac72,20240318,2024-03-18,"BUG #18398: Simplified SQL Query for Problem Diagnosis",2,2: 2-3 messages,false,no linked commit,,,,,2024-05-09
18399,2b7efa0f0b082d5d1f0e996f25bafb91,20240318,2024-03-18,"BUG #18399: Query plan optimization results in runtime error when hoisting cast from inside subquery",8,3: 4-10 messages,false,no linked commit,,,,,2024-05-09
18400,1da8f942174cb2db11d10d9cce3daf2f,20240319,2024-03-19,"BUG #18400: logging_collector does not collect messages from postmaster",1,1: no replies,false,no linked commit,,,,,2024-05-09
18401,5a55fcb41f54f33b0636844d841202a6,20240319,2024-03-19,"BUG #18401: Cannot install",2,2: 2-3 messages,false,no linked commit,,,,,2024-05-09
18402,9318269761ddca45497892dca0925a91,20240320,2024-03-20,"BUG #18402: Attaching a new partition doesn't reuse the prebuilt index on said partition",3,2: 2-3 messages,false,no linked commit,,,,,2024-05-09
18403,314b1f98cdf35e958114d212d3e52a8b,20240320,2024-03-20,"BUG #18403: PL/pgSQL is reporting unexpected errors when processing DECLARE blocks with <<label>>",5,3: 4-10 messages,false,no linked commit,,,,,2024-05-09
18404,8d353a4c5a84c5049abfc94b13c17ae1,20240322,2024-03-22,"BUG #18404: Select from pg_stat_activity in a plpgsql block can lead to a global locking issue",2,2: 2-3 messages,false,no linked commit,,,,,2024-05-09
18405,15eb13d662803f57bc4aea59704988b4,20240323,2024-03-23,"BUG #18405: flaw in dump of inherited/dropped constraints",4,3: 4-10 messages,false,no linked commit,,,,,2024-05-09
18406,840f2c63fd547befa09125cc5a31cbe4,20240325,2024-03-25,"BUG #18406: Connection issue after upgrading to postgres16",2,2: 2-3 messages,false,no linked commit,,,,,2024-05-09
18407,190378a0d963edb365fcc555809fb85a,20240325,2024-03-25,"BUG #18407: ALTER TABLE SET SCHEMA on foreign table with SERIAL column does not move sequence to new schema",4,3: 4-10 messages,true,linked to a fix commit,both,2024-03-26,1,1: same/next day,2024-05-09
18408,6837e34be81141cec0b5a95dbae0ec99,20240326,2024-03-26,"BUG #18408: ERROR: could not load library",4,3: 4-10 messages,false,no linked commit,,,,,2024-05-09
18409,87c8bbfc9313e7f08a4b1046b0ab9577,20240327,2024-03-27,"BUG #18409: After my windows update, I can not run postgre 16 server",2,2: 2-3 messages,false,no linked commit,,,,,2024-05-09
18410,1f9c90494ae89b83a67d345deed2ebbd,20240327,2024-03-27,"BUG #18410: SQL Error [XX000]: ERROR: variable not found in subplan target list",4,3: 4-10 messages,false,no linked commit,,,,,2024-05-09
18411,4ffafd900cb416724ac9de5793c6d7bd,20240327,2024-03-27,"BUG #18411: Unable to create database with owner on AWS RDS",8,3: 4-10 messages,false,no linked commit,,,,,2024-05-09
18412,f8901a53dd64a9f10b330e36edd40689,20240327,2024-03-27,"BUG #18412: could not send data to client: Broken pipe",1,1: no replies,false,no linked commit,,,,,2024-05-09
18414,5168dddcecccd6d0b39177fa8eff06e3,20240328,2024-03-28,"BUG #18414: When the key values are the same, the memory limit is exceeded when making a hash join",1,1: no replies,false,no linked commit,,,,,2024-05-09
18415,4eb251cf3cfff444924b798f4830c3f9,20240328,2024-03-28,"BUG #18415: Logical replication errors.",5,3: 4-10 messages,false,no linked commit,,,,,2024-05-09
18416,9113d665bdf166ac7cfae177c135ffad,20240328,2024-03-28,"BUG #18416: Confirmation of Issue with PostgreSQL ODBC Driver for Windows",5,3: 4-10 messages,false,no linked commit,,,,,2024-05-09
18417,3af130d5a05e0cd235922e41799241d0,20240329,2024-03-29,"BUG #18417: Excessive log messages on warm standby server",1,1: no replies,false,no linked commit,,,,,2024-05-09
18419,6252194b5e3cbbff054de8d5e1b73859,20240403,2024-04-03,"BUG #18419: Auto Vacuum In PostgreSQL 10.21",2,2: 2-3 messages,false,no linked commit,,,,,2024-05-09
18420,fe0655ccc69a309564578603ec82ac72,20240404,2024-04-04,"BUG #18420: Unexpected values appeared in select query statements that should logically imply each other",3,2: 2-3 messages,false,no linked commit,,,,,2024-05-09
18422,8d353a4c5a84c5049abfc94b13c17ae1,20240405,2024-04-05,"BUG #18422: Assert in expandTupleDesc() fails on row mismatch with additional SRF",11,4: 11+ messages,true,linked to a fix commit,both,2024-04-15,10,3: within a month,2024-05-09
18423,15e6d4c8a68ef922beef5f0207e2eb01,20240406,2024-04-06,"BUG #18423: suboptimal query plan is used when ordering by an indexed field with limit",3,2: 2-3 messages,false,no linked commit,,,,,2024-05-09
18424,e9ed0abc0e64bd2daeaf92d77977adc9,20240407,2024-04-07,"BUG #18424: Build failure when static linking with openldap",2,2: 2-3 messages,false,no linked commit,,,,,2024-05-09
18425,8a9b9dfb382e651f5fdee0ca4a2c078e,20240410,2024-04-10,"BUG #18425: KB5036892 Microsoft Update Package Issue",4,3: 4-10 messages,false,no linked commit,,,,,2024-05-09
18426,8d353a4c5a84c5049abfc94b13c17ae1,20240410,2024-04-10,"BUG #18426: Canceling vacuum while truncating a relation leads to standby PANIC",6,3: 4-10 messages,true,linked to a fix commit,discussion_link,2024-12-20,254,5: longer,2024-05-09
18427,7ddfb840a4db40a01ac99d29e82267b0,20240411,2024-04-11,"BUG #18427: RPM postgis33_15-3.3.6-3PGDG.rhel9.x86_64.rpm not signed",4,3: 4-10 messages,false,no linked commit,,,,,2024-05-09
18428,7a64ccba718b61d2509468129ce9399a,20240412,2024-04-12,"BUG #18428: Connection broken but DB service still alive.",3,2: 2-3 messages,false,no linked commit,,,,,2024-05-09
18429,55a324f28a704b783c13f5c1f5ec3aa3,20240412,2024-04-12,"BUG #18429: Inconsistent results on similar queries with join lateral",15,4: 11+ messages,true,linked to a fix commit,both,2024-04-16,4,2: within a week,2024-05-09
18430,661b382a51ee4b795ad79402e45dc2c7,20240412,2024-04-12,"BUG #18430: syntax error when using aggregate function in where clause of subquery",6,3: 4-10 messages,false,no linked commit,,,,,2024-05-09
18432,4bb372b3963cd8e0f56dddb57e42a28f,20240414,2024-04-14,"BUG #18432: Polymorphic, table-returning PL/pgSQL function fails with an erroneous ""schema mismatch"" error",1,1: no replies,false,no linked commit,,,,,2024-05-09
18433,ca35a0e9a445c52c992a3c0b211176fd,20240414,2024-04-14,"BUG #18433: Logical replication timeout",12,4: 11+ messages,false,no linked commit,,,,,2024-05-09
18437,739dcbc509154aa80afad7c832dd1790,20240415,2024-04-15,"BUG #18437: The index scan result is more than the full scan result, and the primary key index has duplicate val",3,2: 2-3 messages,false,no linked commit,,,,,2024-05-09
18438,e1be0c032ef0f75c2570aa85277303de,20240415,2024-04-15,"BUG #18438: regex isnt working for ""^"" , "".*""",2,2: 2-3 messages,false,no linked commit,,,,,2024-05-09
18439,48c05e4b3bfdc5bfa562de0997d2b55a,20240416,2024-04-16,"BUG #18439: No way to see national language error messages when running UTF8 scripts with psql.exe on Windows",1,1: no replies,false,no linked commit,,,,,2024-05-09
18440,eb2469d8fe2a9c8da543ac73f8076f38,20240416,2024-04-16,"BUG #18440: Query does not prune partitions correctly or use index when prepared statements are used",2,2: 2-3 messages,false,no linked commit,,,,,2024-05-09
18442,f4dbc732a1ff0a2e79267fa5f099bc25,20240419,2024-04-19,"BUG #18442: Unnecessary Sort operator in indexScan Plan",6,3: 4-10 messages,false,no linked commit,,,,,2024-05-09
18443,b7ab9ebdd93afa571774bda4bcbaa89d,20240419,2024-04-19,"BUG #18443: jsonb_agg issue. Again.",5,3: 4-10 messages,false,no linked commit,,,,,2024-05-09
18445,db2793e6ded2f6f71eb54d6883e20c8d,20240423,2024-04-23,"BUG #18445: date_part / extract range for hours do not match documentation",7,3: 4-10 messages,false,no linked commit,,,,,2024-05-09
18446,a30c6605404741d9816b7c034ca4c423,20240423,2024-04-23,"BUG #18446: Postgres.exe crash observed while installing the application",1,1: no replies,false,no linked commit,,,,,2024-05-09
18449,8d353a4c5a84c5049abfc94b13c17ae1,20240427,2024-04-27,"BUG #18449: Altering column type fails when an SQL routine depends on the column",7,3: 4-10 messages,true,linked to a fix commit,both,2024-04-28,1,1: same/next day,2024-05-09
18450,5b1e95d26e3503e9a2f316971ee75408,20240427,2024-04-27,"BUG #18450: The memory usage of the postgresql12.6 walsender process is abnormally high.",3,2: 2-3 messages,false,no linked commit,,,,,2024-05-09
18451,a9756785760972282ea2842b0c65a792,20240430,2024-04-30,"BUG #18451: NULL fails to coerce to string when performing string comparison",13,4: 11+ messages,false,no linked commit,,,,,2024-05-09
18452,a30c6605404741d9816b7c034ca4c423,20240430,2024-04-30,"BUG #18452: [PostgreSQL and 16.1]: [Postgres.exe crash observed while installing the application]",2,2: 2-3 messages,false,no linked commit,,,,,2024-05-09
18453,f1744e68393b1537c1a13548e147d882,20240430,2024-04-30,"BUG #18453: --exclude-database has problems with capital letters",4,3: 4-10 messages,false,no linked commit,,,,,2024-05-09
18454,00f2d5e2f2a56026311850f40338238b,20240502,2024-05-02,"BUG #18454: Reproducible SIGSEGV in query",1,1: no replies,false,no linked commit,,,,,2024-05-09
18455,035d784fb56f8d9738950239198e407e,20240502,2024-05-02,"BUG #18455: DST information is flagged wrongly",4,3: 4-10 messages,false,no linked commit,,,,,2024-05-09
18456,e3f0e8ee20a468b8c919290183c36e4b,20240503,2024-05-03,"BUG #18456: Trigger data in plpython3u trigger-function changes in AFTER UPDATE OR INSERT trigger",5,3: 4-10 messages,true,linked to a fix commit,bug_ref,2024-05-07,4,2: within a week,2024-05-09
18457,21e12ba7f86152ac67855352a48bf799,20240507,2024-05-07,"BUG #18457: Possible data loss needs to be evaluated",5,3: 4-10 messages,false,no linked commit,,,,,2024-08-08
18458,6b7d6b8e140611597c83fe0196959b14,20240507,2024-05-07,"BUG #18458: SQL Error [XX000]: ERROR: cache lookup failed for type 0",3,2: 2-3 messages,false,no linked commit,,,,,2024-08-08
18459,4bed1c2d31127297075db96a1ebf441d,20240509,2024-05-09,"BUG #18459: running pg_ctl.exe from inside a program running as a Windows service returns ""error code 6""",2,2: 2-3 messages,false,no linked commit,,,,,2024-08-08
18462,d8eea4efc4ba99733d9316358c61db24,20240514,2024-05-14,"BUG #18462: Wrong SELinux types of the binary files",1,1: no replies,false,no linked commit,,,,,2024-08-08
18463,1137b938fdc2882a5c9d4a82b9668586,20240514,2024-05-14,"BUG #18463: Possible bug in stored procedures with polymorphic OUT parameters",10,3: 4-10 messages,true,linked to a fix commit,both,2024-05-15,1,1: same/next day,2024-08-08
18464,3c062c2c33f5de6602fdbbf9e9d9c25c,20240514,2024-05-14,"BUG #18464: Replacing a SQL function silently drops the generated columns that use this function",6,3: 4-10 messages,false,no linked commit,,,,,2024-08-08
18465,119fe5558054779fea30ef02d22cdf51,20240514,2024-05-14,"BUG #18465: Wrong results from SELECT DISTINCT MIN in scalar subquery using HashAggregate",3,2: 2-3 messages,true,linked to a fix commit,both,2024-05-18,4,2: within a week,2024-08-08
18466,934e0a51657b5e4c84b6918049ce38f7,20240515,2024-05-15,"BUG #18466: Wrong row estimate for nested loop",3,2: 2-3 messages,false,no linked commit,,,,,2024-08-08
18467,c5c1ca61bba7ef5794c24287e4e257e8,20240515,2024-05-15,"BUG #18467: postgres_fdw (deparser) ignores LimitOption",28,4: 11+ messages,true,linked to a fix commit,both,2024-06-07,23,3: within a month,2024-08-08
18468,8d353a4c5a84c5049abfc94b13c17ae1,20240515,2024-05-15,"BUG #18468: CREATE TABLE ... LIKE leaves orphaned column reference in extended statistics",7,3: 4-10 messages,true,linked to a fix commit,both,2024-05-22,7,2: within a week,2024-08-08
18469,a06a99d8fab35ed4401a81f025ecb043,20240516,2024-05-16,"BUG #18469: OOM occurs and backend processes are kept in Zombie state.",2,2: 2-3 messages,false,no linked commit,,,,,2024-08-08
18470,fc457680638a929e045dc7f77f472d3a,20240517,2024-05-17,"BUG #18470: Time literal accepted in Postgres 15 and below, not accepted in Postgres 16",5,3: 4-10 messages,true,linked to a fix commit,both,2024-05-22,5,2: within a week,2024-08-08
18471,00f2d5e2f2a56026311850f40338238b,20240517,2024-05-17,"BUG #18471: Possible JIT memory leak resulting in signal 11: Segmentation fault on ARM",4,3: 4-10 messages,false,no linked commit,,,,,2024-08-08
18472,053d7640a7c3364e34c4b9a1a7a84406,20240517,2024-05-17,"BUG #18472: SELECT FOR UPDATE locking more rows than expected",2,2: 2-3 messages,false,no linked commit,,,,,2024-08-08
18473,358b1f43180139bd31fa7fb8e3c56f41,20240521,2024-05-21,"BUG #18473: Problems deployment postgresql for windows",4,3: 4-10 messages,false,no linked commit,,,,,2024-08-08
18474,48a0b94304712a441aa31f7928d1e2b7,20240522,2024-05-22,"BUG #18474: wal_writer_delay limited to arbitrary value of 10s",1,1: no replies,false,no linked commit,,,,,2024-08-08
18475,64a1d4540fdb12134be5acb52c9ff9e7,20240523,2024-05-23,"BUG #18475: pg_dump: ""Error Segmentation fault""",2,2: 2-3 messages,false,no linked commit,,,,,2024-08-08
18476,fc2dd340d560f8016397505031c1ee69,20240523,2024-05-23,"BUG #18476: Debian Install Docs have confusing code block structure",2,2: 2-3 messages,false,no linked commit,,,,,2024-08-08
18477,4b70fcba51e9216c2129fff0779be374,20240523,2024-05-23,"BUG #18477: A specific SQL query with ""ORDER BY ... NULLS FIRST"" is performing poorly if an ordering column is n",9,3: 4-10 messages,false,no linked commit,,,,,2024-08-08
18478,d5d8df093db53a3380466cf4c970d3e1,20240524,2024-05-24,"BUG #18478: uuid-ossp extension is not installed with PostgreSQL 17 Beta 1",6,3: 4-10 messages,false,no linked commit,,,,,2024-08-08
18479,59574e9e7137643720dd8fb3991cbcc2,20240524,2024-05-24,"BUG #18479: websearch_to_tsquery inconsistent behavior for german when using parentheses",3,2: 2-3 messages,true,linked to a fix commit,both,2024-06-14,21,3: within a month,2024-08-08
18481,1438ec42f8e652facd894281da56f266,20240527,2024-05-27,"BUG #18481: BIGINT Out of Range Error When Selecting Data",2,2: 2-3 messages,false,no linked commit,,,,,2024-08-08
18482,72a17363c8294f6732de0b6c300986f8,20240528,2024-05-28,"BUG #18482: The first data after paging is inconsistent with the actual first data",2,2: 2-3 messages,false,no linked commit,,,,,2024-08-08
18483,dd62e2ef2da8e7dc252efeb2d7a9d06a,20240528,2024-05-28,"BUG #18483: Segmentation fault in tests modules",16,4: 11+ messages,true,linked to a fix commit,both,2024-06-07,10,3: within a month,2024-08-08
18484,94d5d75e3a28c2faa92770ad716274d8,20240528,2024-05-28,"BUG #18484: ""Cannot enlarge string buffer"" during parallel execution of prepared statement/partitioning",12,4: 11+ messages,true,linked to a fix commit,discussion_link,2024-07-01,34,4: within 6 months,2024-08-08
18486,8315ae2325b916e36495bc9334be8cf6,20240529,2024-05-29,"BUG #18486: Is there something wrong with the calculation in ReorderBufferChangeSize()?",4,3: 4-10 messages,false,no linked commit,,,,,2024-08-08
18487,59877a6701129464d9fea408ec0c449a,20240529,2024-05-29,"BUG #18487: libpq: Race condition in PQsetdbLogin/emitHostIdentityInfo/libpq_gettext",1,1: no replies,false,no linked commit,,,,,2024-08-08
18488,2ecf9d83508f0f29773539d20b49261d,20240530,2024-05-30,"BUG #18488: Installation of postgis30_13 fails on Rocky 9",3,2: 2-3 messages,false,no linked commit,,,,,2024-08-08
18489,728965393a8cb8d0cc57062d0c764616,20240531,2024-05-31,"BUG #18489: CONSUMO CPU",2,2: 2-3 messages,false,no linked commit,,,,,2024-08-08
18490,8d353a4c5a84c5049abfc94b13c17ae1,20240601,2024-06-01,"BUG #18490: Assert in comparetup_index_btree_tiebreak() fails when pg_class reindexed during a table creation",2,2: 2-3 messages,false,no linked commit,,,,,2024-08-08
18492,8d353a4c5a84c5049abfc94b13c17ae1,20240603,2024-06-03,"BUG #18492: Adding a toasted column to a table with an inherited temp table fails with Assert",4,3: 4-10 messages,true,linked to a fix commit,both,2024-06-07,4,2: within a week,2024-08-08
18493,f14392d2e7cce3b66e3fd395e537ac26,20240603,2024-06-03,"BUG #18493: COPY FROM STDIN BINARY failure",2,2: 2-3 messages,false,no linked commit,,,,,2024-08-08
18494,2efa3daec8eba53d5db13af49dca6992,20240604,2024-06-04,"BUG #18494: hstore data type not recognized by Npgsql in PostgreSQL 16.3",3,2: 2-3 messages,false,no linked commit,,,,,2024-08-08
18495,11d963b33bfcf1f40a0c73e97f0e4245,20240605,2024-06-05,"BUG #18495: invalid type mapping for timestamptz from call of: getMetaData and then geColumns on PgConnection.",2,2: 2-3 messages,false,no linked commit,,,,,2024-08-08
18496,48b3cbc3d476b5d84873bdfed0e36778,20240606,2024-06-06,"BUG #18496: Strange Handling for Circular Views and Permissions in PostgreSQL",2,2: 2-3 messages,false,no linked commit,,,,,2024-08-08
18497,c4ff1265bea2f571aa475fbb16435524,20240606,2024-06-06,"BUG #18497: Heap-use-after-free in plpgsql",2,2: 2-3 messages,true,linked to a fix commit,both,2024-06-13,7,2: within a week,2024-08-08
18498,a9ad0b503fb71580b1c0e6accdb48635,20240607,2024-06-07,"BUG #18498: Locking a table from a trigger (with using two sessions) causes a deadlock: the bug or the feature?",6,3: 4-10 messages,false,no linked commit,,,,,2024-08-08
18499,8d353a4c5a84c5049abfc94b13c17ae1,20240607,2024-06-07,"BUG #18499: Reindexing spgist index concurrently triggers Assert(""TransactionIdIsValid(state->myXid)"")",7,3: 4-10 messages,true,linked to a fix commit,both,2024-06-17,10,3: within a month,2024-08-08
18500,8d353a4c5a84c5049abfc94b13c17ae1,20240609,2024-06-09,"BUG #18500: Detaching a partition with an index manually attached to the parent's index triggers Assert",24,4: 11+ messages,true,linked to a fix commit,discussion_link,2024-07-12,33,4: within 6 months,2024-08-08
18501,d3a39dcf41bbefa7c9d7af81c483b49d,20240610,2024-06-10,"BUG #18501: haproxy-3.0.0 not signed",1,1: no replies,false,no linked commit,,,,,2024-08-08
18502,722967dc2163499463f9631738f9e90b,20240611,2024-06-11,"BUG #18502: Upsert on view returns 42P10 error when condition is an expression",4,3: 4-10 messages,true,linked to a fix commit,both,2024-06-11,0,1: same/next day,2024-08-08
18503,8498302f72e729833c0f1c08d8c365cf,20240611,2024-06-11,"BUG #18503: Reproducible 'Segmentation fault' in 16.3 on ARM64",7,3: 4-10 messages,false,no linked commit,,,,,2024-08-08
18504,7693e717e8590db524d97ee928a0a1e8,20240611,2024-06-11,"BUG #18504: More than one row with the same Primary Key",2,2: 2-3 messages,false,no linked commit,,,,,2024-08-08
18505,8342fffbc29c8dd15f488cb94758231f,20240611,2024-06-11,"BUG #18505: while installation of postgresql ,getting warning by selecting postresql 16 on port 5432",1,1: no replies,false,no linked commit,,,,,2024-08-08
18506,c6861434f5c2118244f85630ab8b206c,20240612,2024-06-12,"BUG #18506: Memory Leak on wrong INNER JOINs",3,2: 2-3 messages,false,no linked commit,,,,,2024-08-08
18507,1cd5df1be2ac8c042a5fad9b23821f44,20240613,2024-06-13,"BUG #18507: See C include file ""ntstatus.h"" for a description of the hexadecimal value.",2,2: 2-3 messages,false,no linked commit,,,,,2024-08-08
18508,8d3e34a46c2074413ed766786e87019e,20240614,2024-06-14,"BUG #18508: Not all packages are present in the repo on rhel 8",2,2: 2-3 messages,false,no linked commit,,,,,2024-08-08
18509,8d353a4c5a84c5049abfc94b13c17ae1,20240614,2024-06-14,"BUG #18509: Logical decoding behaves badly when processing a change record for a table with altered column",3,2: 2-3 messages,false,no linked commit,,,,,2024-08-08
18510,f887e5a328fcdedaa27a41f90fd996b7,20240614,2024-06-14,"BUG #18510: jsonpath does not support trailing backslash at the end of the query",4,3: 4-10 messages,false,no linked commit,,,,,2024-08-08
18511,d3abeb7999e04117d6715d16286bf39e,20240616,2024-06-16,"BUG #18511: changing global certificate directory path",1,1: no replies,false,no linked commit,,,,,2024-08-08
18512,d117212c5efe49d2454351f8fbedc3cb,20240616,2024-06-16,"BUG #18512: Backend memory leak when using command parameters after generating notifications",2,2: 2-3 messages,true,linked to a fix commit,bug_ref,2024-07-01,15,3: within a month,2024-08-08
18513,0194d502b5335f026744f5d12d1d15ea,20240617,2024-06-17,"BUG #18513: PG17 build on windows generates postgres.exe.lib instead of postgres.lib",4,3: 4-10 messages,true,linked to a fix commit,bug_ref,2024-06-20,3,2: within a week,2024-08-08
18514,b7d1edaf64a3913c4f5b92ff3189c663,20240617,2024-06-17,"BUG #18514: Encountering an error invalid DSA memory alloc request size 1811939328 when executing script",6,3: 4-10 messages,false,no linked commit,,,,,2024-08-08
18516,8daa037bd0c027a0e4ca2a6d9e196dbd,20240620,2024-06-20,"BUG #18516: Foreign key data integrity is not validated when reenabled the trigger on tables",6,3: 4-10 messages,false,no linked commit,,,,,2024-08-08
18517,8d353a4c5a84c5049abfc94b13c17ae1,20240620,2024-06-20,"BUG #18517: Dropping a table referenced by an initially deferred foreign key fails with an error",2,2: 2-3 messages,true,linked to a fix commit,both,2024-06-20,0,1: same/next day,2024-08-08
18518,d085460842b891444f2abd3fdca8d0a2,20240620,2024-06-20,"BUG #18518: ::timestamp add minutes and seconds to the converted values",3,2: 2-3 messages,false,no linked commit,,,,,2024-08-08
18520,0fb29aebff6f8696049e2ec87abed29c,20240624,2024-06-24,"BUG #18520: Different results when analyze a relation with UDT.",2,2: 2-3 messages,false,no linked commit,,,,,2024-08-08
18521,b85bd647c1cea8a00dc789e2009bd859,20240624,2024-06-24,"BUG #18521: RLS should report when non-select operation is refused",1,1: no replies,false,no linked commit,,,,,2024-08-08
18522,57235212765890e8d979025a5f57d4de,20240624,2024-06-24,"BUG #18522: Wrong results with Merge Right Anti Join, inconsistent with Merge Anti Join",9,3: 4-10 messages,true,linked to a fix commit,both,2024-07-08,14,3: within a month,2024-08-08
18523,afcd86871def03d629f9cd7dc34bf351,20240626,2024-06-26,"BUG #18523: String compare not consistent",6,3: 4-10 messages,false,no linked commit,,,,,2024-08-08
18525,658ee6a4611e30b6fdf75e51865777dc,20240628,2024-06-28,"BUG #18525: Boolean aggregate functions like EVERY/BOOL_AND should shortcut",2,2: 2-3 messages,false,no linked commit,,,,,2024-08-08
18526,7500dff1fb578bb1f745cd9a1572df79,20240628,2024-06-28,"BUG #18526: 'UPDATE' inconsistency using index scan with 'NOT EXIST' after upgrading to PostgreSQL 16",7,3: 4-10 messages,true,linked to a fix commit,bug_ref,2024-07-08,10,3: within a month,2024-08-08
18527,527efdd71bcdc7d131701df7d117b4bf,20240701,2024-07-01,"BUG #18527: Imported data using a csv file and made a latest entry into same table using a form. Got an issue!",3,2: 2-3 messages,false,no linked commit,,,,,2024-08-08
18528,20b4b39a3dd27bbe370bd02fca211c8c,20240702,2024-07-02,"BUG #18528: Installer displays error when installing",7,3: 4-10 messages,false,no linked commit,,,,,2024-08-08
18529,e74a6aa9af3408cc75bee3eefd0e3897,20240704,2024-07-04,"BUG #18529: Can not install as Document",3,2: 2-3 messages,false,no linked commit,,,,,2024-08-08
18531,e791249850a1dc149f3af8134135c7fa,20240709,2024-07-09,"BUG #18531: err when using 'current of' with incremental COMMIT",2,2: 2-3 messages,true,linked to a fix commit,both,2024-07-15,6,2: within a week,2024-08-08
18533,739dcbc509154aa80afad7c832dd1790,20240712,2024-07-12,"BUG #18533: pg_basebackup uses out-of-bounds memory and a segment error occurs during backup",3,2: 2-3 messages,false,no linked commit,,,,,2024-08-08
18534,869a16abc3d47c2156f3a19c74ca9295,20240712,2024-07-12,"BUG #18534: ERROR: portal ""C_n"" does not exist type of error getting thrown.",2,2: 2-3 messages,false,no linked commit,,,,,2024-08-08
18536,8d353a4c5a84c5049abfc94b13c17ae1,20240713,2024-07-13,"BUG #18536: Using WITH inside WITH RECURSIVE triggers a ""shouldn't happen"" error",6,3: 4-10 messages,true,linked to a fix commit,both,2024-07-14,1,1: same/next day,2024-08-08
18540,5323a367b6e6358f6e85b5572d4cd92f,20240715,2024-07-15,"BUG #18540: Does PG16 standby database support function pg_replication_origin_advance?",4,3: 4-10 messages,false,no linked commit,,,,,2024-08-08
18541,8d353a4c5a84c5049abfc94b13c17ae1,20240715,2024-07-15,"BUG #18541: Reattaching a partition referenced by a foreign key fails with an error",7,3: 4-10 messages,true,linked to a fix commit,discussion_link,2024-08-08,24,3: within a month,2024-08-08
18542,0175a7872425ea2645aa60a282d2ec2b,20240716,2024-07-16,"BUG #18542: Order by expression, that contains column from projection isn't working",2,2: 2-3 messages,false,no linked commit,,,,,2024-08-08
18543,9c6127b6738ac419ebccaa8d7fb8db71,20240717,2024-07-17,"BUG #18543: Mistake in docs example",2,2: 2-3 messages,true,linked to a fix commit,both,2024-07-17,0,1: same/next day,2024-08-08
18544,c0654ed80e7a5cfcc9c768d159403a2c,20240718,2024-07-18,"BUG #18544: Setting local config_parameter to DEFAULT behaves unexpectedly when using period in config name",7,3: 4-10 messages,false,no linked commit,,,,,2024-08-08
18545,1923f18ee550c0d896cd79bd4981e6d9,20240719,2024-07-19,"BUG #18545: \dt breaks transaction, calling error when executed in SET SESSION AUTHORIZATION",16,4: 11+ messages,true,linked to a fix commit,both,2024-07-31,12,3: within a month,2024-08-08
18546,8d353a4c5a84c5049abfc94b13c17ae1,20240720,2024-07-20,"BUG #18546: Attempt to insert default into a non-updatable column of a view fails with a dubious error",4,3: 4-10 messages,true,linked to a fix commit,both,2024-07-20,0,1: same/next day,2024-08-08
18547,d6e3bbde9791b592bef8b2a1f65d3838,20240720,2024-07-20,"BUG #18547: bemused by your unhelpful installation guides",3,2: 2-3 messages,false,no linked commit,,,,,2024-08-08
18549,f616d4cf6b14c09484ee1e52e358a3e3,20240722,2024-07-22,"BUG #18549: Support ipv6 link-local addresses in the inet type",3,2: 2-3 messages,false,no linked commit,,,,,2024-08-08
18550,8d353a4c5a84c5049abfc94b13c17ae1,20240723,2024-07-23,"BUG #18550: Cross-partition update of a former inheritance parent leads to an assertion failure",5,3: 4-10 messages,true,linked to a fix commit,discussion_link,2024-07-24,1,1: same/next day,2024-08-08
18551,739dcbc509154aa80afad7c832dd1790,20240723,2024-07-23,"BUG #18551: pg_basebackup uses out-of-bounds memory and a segment error occurs during backup",2,2: 2-3 messages,false,no linked commit,,,,,2024-08-08
18552,cd78b9ff13fe7a14772be819d0be7544,20240725,2024-07-25,"BUG #18552: slow query, but using union is ok.",2,2: 2-3 messages,false,no linked commit,,,,,2024-08-08
18553,d2728a9d4c8605a538e50300031637ed,20240726,2024-07-26,"BUG #18553: Please seriously address the severe issue of database installation failures on Windows 10.",9,3: 4-10 messages,false,no linked commit,,,,,2024-08-08
18554,49fa799fca12395cf39990ec134f4ac2,20240726,2024-07-26,"BUG #18554: pg_verifybackup is not work",2,2: 2-3 messages,false,no linked commit,,,,,2024-08-08
18556,823c3f9e5e48bd2e22877ad515aa4fb2,20240726,2024-07-26,"BUG #18556: Parallel operation error during CREATE TABLE AS statement",4,3: 4-10 messages,false,no linked commit,,,,,2024-08-08
18557,2d1cc402f35bd2e5b73ba2d817f269a2,20240726,2024-07-26,"BUG #18557: Compatibility issue",2,2: 2-3 messages,false,no linked commit,,,,,2024-08-08
18558,8d353a4c5a84c5049abfc94b13c17ae1,20240727,2024-07-27,"BUG #18558: ALTER PUBLICATION fails with unhelpful error on attempt to use system column",21,4: 11+ messages,true,linked to a fix commit,both,2024-08-15,19,3: within a month,2024-08-08
18559,d8b05d9945d2e74afbf8a26362671c00,20240730,2024-07-30,"BUG #18559: Crash after detaching a partition concurrently from another session",12,4: 11+ messages,true,linked to a fix commit,both,2024-08-12,13,3: within a month,2024-08-08
18560,645d30400a760b0217caa913a8be9340,20240731,2024-07-31,"BUG #18560: Inconsistent Behavior of PostgreSQL 'LIKE' Operator",5,3: 4-10 messages,false,no linked commit,,,,,2024-08-08
18561,f708e13377c3fc2a163cb502dce8f94e,20240731,2024-07-31,"BUG #18561: postgresql16-devel rpm cannot be installed due to missing Perl-IPC-Run",6,3: 4-10 messages,false,no linked commit,,,,,2024-08-08
18562,414b94fc99f72e8cf4138f7ac8f25e2d,20240801,2024-08-01,"BUG #18562: pg_upgrade (14.12 -> 15.7/16.3) fails when schema has unlogged table with logged sequence",2,2: 2-3 messages,false,no linked commit,,,,,2024-08-08
18563,8c7e398ee3915ec28b518bbc29bc98b2,20240801,2024-08-01,"BUG #18563: Where is tha ""FIRST"" aggregate function??",3,2: 2-3 messages,false,no linked commit,,,,,2024-08-08
18564,5655375823f1da34323eb7cc5f801393,20240801,2024-08-01,"BUG #18564: Incorrect sorting with using NULLS LAST (NULLS FIRST)",4,3: 4-10 messages,false,no linked commit,,,,,2024-08-08
18565,8bf5afaae88613e61dec85df057f771d,20240801,2024-08-01,"BUG #18565: Job finishes successfully but reruns unwanted!!!",2,2: 2-3 messages,false,no linked commit,,,,,2024-08-08
18567,c0cbef747a0697bf7a18a4d205193764,20240805,2024-08-05,"BUG #18567: ERROR: cache lookup failed for attribute 1 of relation 74580",2,2: 2-3 messages,false,no linked commit,,,,,2024-11-14
18568,b67bd925089a4d11d8a9c5a43788cbf8,20240806,2024-08-06,"BUG #18568: BUG: Result wrong when do group by on partition table!",37,4: 11+ messages,true,linked to a fix commit,both,2024-11-08,94,4: within 6 months,2024-11-14
18569,632f15f5e023c98cd7a8d222d978705f,20240806,2024-08-06,"BUG #18569: Memory leak in Postgres Enterprise server",13,4: 11+ messages,false,no linked commit,,,,,2024-11-14
18570,0e10335a5515925551de802d2ae4cc2c,20240806,2024-08-06,"BUG #18570: Drop event trigger for DDL finishes successfully but trigger still executed on DDL",4,3: 4-10 messages,false,no linked commit,,,,,2024-11-14
18571,94d7f9208e421fe3fcdb2953ede58280,20240806,2024-08-06,"BUG #18571: A CTE with a DELETE auxiliary statement only deletes when the DELETE results are referenced later",2,2: 2-3 messages,false,no linked commit,,,,,2024-11-14
18572,f14392d2e7cce3b66e3fd395e537ac26,20240806,2024-08-06,"BUG #18572: Crash during postgresql-16.3-2-windows-x64.exe installation",2,2: 2-3 messages,false,no linked commit,,,,,2024-11-14
18573,392959cbb0f397e63876fd33e80ea372,20240806,2024-08-06,"BUG #18573: Analyze command consumes several GB of memory - more than analyzed table size",6,3: 4-10 messages,false,no linked commit,,,,,2024-11-14
18574,a2cfa5b89c4254c437c5a74682a5f2da,20240807,2024-08-07,"BUG #18574: procedure cache does not invalidate when output parameter type mismatch",2,2: 2-3 messages,true,linked to a fix commit,both,2024-08-07,0,1: same/next day,2024-11-14
18575,8825ea6a2be9c7198e59eb28bc8f0c25,20240807,2024-08-07,"BUG #18575: Sometimes pg_rewind mistakenly assumes that nothing needs to be done.",11,4: 11+ messages,true,linked to a fix commit,both,2024-08-08,1,1: same/next day,2024-11-14
18576,a7d72e2777018e36aea9ad66dff367de,20240807,2024-08-07,"BUG #18576: Using EXPLAIN (VERBOSE) in information_schema.element_types returns ERROR: failed to find plan for",13,4: 11+ messages,true,linked to a fix commit,both,2024-08-09,2,2: within a week,2024-11-14
18577,bfd3151d15d37ec642473cc8d97af398,20240808,2024-08-08,"BUG #18577: Miss out part invalItems in saved plansource of one CallStmt",1,1: no replies,false,no linked commit,,,,,2024-11-14
18578,bd08a796221986f713e0fbd7d50b1fdf,20240808,2024-08-08,"BUG #18578: Broken postgresql12-*-12.20-1 rpms",2,2: 2-3 messages,false,no linked commit,,,,,2024-11-14
18580,813f76c8a1bbf21d7ab662cdcef14d2a,20240812,2024-08-12,"BUG #18580: The pg_similarity appears to be wrong",2,2: 2-3 messages,false,no linked commit,,,,,2024-11-14
18581,7e70c3bea834eeb33fa913a9543c2d00,20240813,2024-08-13,"BUG #18581: psql symbol append_history not found when quitting",3,2: 2-3 messages,false,no linked commit,,,,,2024-11-14
18582,55523afcfa45a876900f9d430e5d6e16,20240813,2024-08-13,"BUG #18582: fixed range of search for empty slot in SLRU",4,3: 4-10 messages,true,linked to a fix commit,discussion_link,2024-08-19,6,2: within a week,2024-11-14
18583,0e7d675ebddc3c69c517f41818a51e9f,20240814,2024-08-14,"BUG #18583: jsonb_populate_record return values cannot be queried correctly in subselects",3,2: 2-3 messages,false,no linked commit,,,,,2024-11-14
18584,4a6130463bb5ec703e7072229a139ce4,20240817,2024-08-17,"BUG #18584: Triggers are not fired or executing when any DML transaction runs",2,2: 2-3 messages,false,no linked commit,,,,,2024-11-14
18585,8d353a4c5a84c5049abfc94b13c17ae1,20240817,2024-08-17,"BUG #18585: Date/time conversion functions are not protected against integer overflow",4,3: 4-10 messages,true,linked to a fix commit,both,2024-12-09,114,4: within 6 months,2024-11-14
18586,89016d9e010586d33c0e13ede6f01a9c,20240821,2024-08-21,"BUG #18586: Process (and transaction) is stuck in IPC when the DB is under high load",1,1: no replies,false,no linked commit,,,,,2024-11-14
18587,3c062c2c33f5de6602fdbbf9e9d9c25c,20240821,2024-08-21,"BUG #18587: PLPGSQL : conflict between variable and ON CONFLICT (a_column)",3,2: 2-3 messages,false,no linked commit,,,,,2024-11-14
18588,5bd73b780ffdfc39395663a82e653c99,20240822,2024-08-22,"BUG #18588: Cannot force/let database use parallel execution in simple case.",17,4: 11+ messages,false,no linked commit,,,,,2024-11-14
18589,08aa6247fb5c9fc4392c004ae986068f,20240826,2024-08-26,"BUG #18589: pg_get_viewdef returns wrong query",10,3: 4-10 messages,true,linked to a fix commit,both,2024-08-29,3,2: within a week,2024-11-14
18590,bfd1d11afad3508c72d203301a20b632,20240826,2024-08-26,"BUG #18590: during pg14 to pg15 migration , old passwords not migrated to scram-sha from md5",2,2: 2-3 messages,false,no linked commit,,,,,2024-11-14
18592,9227e69b121095eded84324c3d88a624,20240827,2024-08-27,"BUG #18592: rt_raster_to_gdal: Could not load the output GDAL driver after unsuccessful paralell operation",1,1: no replies,false,no linked commit,,,,,2024-11-14
18593,5c3c37772f3c848d2cc4631b17ab6764,20240828,2024-08-28,"BUG #18593: Container Image Vulnerabilities",2,2: 2-3 messages,false,no linked commit,,,,,2024-11-14
18594,b5d80f3845d5f5641fddc7cbc7c3cd3a,20240828,2024-08-28,"BUG #18594: CASE WHEN ELSE failing to return the expected output when the same colum is used in WHEN and ELSE",14,4: 11+ messages,false,no linked commit,,,,,2024-11-14
18595,f0f320bab47aedfaf8c29ab9a8d0fd11,20240829,2024-08-29,"BUG #18595: Doesn't exist repodata folder in repository",1,1: no replies,false,no linked commit,,,,,2024-11-14
18596,64b0e6579c89df20b6c6950079474212,20240830,2024-08-30,"BUG #18596: I can't download PostgreSQL16",2,2: 2-3 messages,false,no linked commit,,,,,2024-11-14
18598,8d353a4c5a84c5049abfc94b13c17ae1,20240901,2024-09-01,"BUG #18598: AddressSanitizer detects use after free inside json_unique_hash_match()",11,4: 11+ messages,true,linked to a fix commit,discussion_link,2024-09-11,10,3: within a month,2024-11-14
18599,cd5ea7b9b3edb0e2fab8d7f9e285d8c4,20240903,2024-09-03,"BUG #18599: server closed the connection unexpectedly",8,3: 4-10 messages,false,no linked commit,,,,,2024-11-14
18600,b3b00b76eb6c76b1ff0068566f6cf12b,20240904,2024-09-04,"BUG #18600: Getting wait_type_event as IPC:BTreePage for count queries",5,3: 4-10 messages,false,no linked commit,,,,,2024-11-14
18603,a7f9d5e0b96ab022555500c53a4a8c0e,20240905,2024-09-05,"BUG #18603: Yum repo does not contain 16.x version for Centos/RH/OEL7",2,2: 2-3 messages,false,no linked commit,,,,,2024-11-14
18604,e667568568f83792a1b88d61a4b15f5a,20240906,2024-09-06,"BUG #18604: Regression in PostgreSQL 16.4: pg_dump Prevents Essential System Table Modifications",34,4: 11+ messages,false,no linked commit,,,,,2024-11-14
18605,c285f4a056a3edf2cb520eb3553920c3,20240909,2024-09-09,"BUG #18605: cursor select not working",1,1: no replies,false,no linked commit,,,,,2024-11-14
18606,a9a981f14bd2ed4d3dc39c255ff314f2,20240909,2024-09-09,"BUG #18606: syntax error at or near ""ROWS""",2,2: 2-3 messages,false,no linked commit,,,,,2024-11-14
18607,63a003b9d726c5b40b56c793cd9d7ef6,20240909,2024-09-09,"BUG #18607: UNION ALL discards all foreign key relations + indexes",6,3: 4-10 messages,false,no linked commit,,,,,2024-11-14
18608,8d353a4c5a84c5049abfc94b13c17ae1,20240910,2024-09-10,"BUG #18608: Assert in check_agglevels_and_constraints() fails on creating a rule with aggr(NEW) in subselect",2,2: 2-3 messages,true,linked to a fix commit,both,2024-09-11,1,1: same/next day,2024-11-14
18609,c4ff1265bea2f571aa475fbb16435524,20240911,2024-09-11,"BUG #18609: Repeated installcheck failure in test_pg_dump due to existing role",5,3: 4-10 messages,false,no linked commit,,,,,2024-11-14
18610,dd62e2ef2da8e7dc252efeb2d7a9d06a,20240911,2024-09-11,"BUG #18610: llvm error: __aarch64_swp4_acq_rel which could not be resolved",6,3: 4-10 messages,true,linked to a fix commit,discussion_link,2024-11-22,72,4: within 6 months,2024-11-14
18611,7a34f37511bd9b726dbb2ff16f6179e9,20240912,2024-09-12,"BUG #18611: Postgres service crashes continuously in loop of reinitialization if disk partition is full",2,2: 2-3 messages,false,no linked commit,,,,,2024-11-14
18612,7a34f37511bd9b726dbb2ff16f6179e9,20240912,2024-09-12,"BUG #18612: Postgres crash with segfault on disk full - ____strtof_l_internal (strtod_l.c:1019)",2,2: 2-3 messages,false,no linked commit,,,,,2024-11-14
18613,af5d4d409b1a682d3719f6dab9336aac,20240912,2024-09-12,"BUG #18613: Incorrect output for foreign tables with NOT NULL constraints",3,2: 2-3 messages,false,no linked commit,,,,,2024-11-14
18614,7fcc9662f39b77af77df630436b9567b,20240912,2024-09-12,"BUG #18614: [ECPG] out of bound in DecodeDateTime",12,4: 11+ messages,true,linked to a fix commit,discussion_link,2024-10-22,40,4: within 6 months,2024-11-14
18615,9c043debc9b3d91fa8dc048d5aaa4a1f,20240912,2024-09-12,"BUG #18615: installer cannot be executed as ""nt-autorität\system""",6,3: 4-10 messages,false,no linked commit,,,,,2024-11-14
18616,8d353a4c5a84c5049abfc94b13c17ae1,20240913,2024-09-13,"BUG #18616: Long-running hash index build can not be interrupted",5,3: 4-10 messages,true,linked to a fix commit,both,2024-09-13,0,1: same/next day,2024-11-14
18617,48b3cbc3d476b5d84873bdfed0e36778,20240913,2024-09-13,"BUG #18617: PostgreSQL Server Subprocess Crashes by the XPATH Function Expression with Crafted Arguments",7,3: 4-10 messages,true,linked to a fix commit,both,2024-09-15,2,2: within a week,2024-11-14
18618,82dc2d8b993dc54d3a183e558888d439,20240915,2024-09-15,"BUG #18618: pg_upgrade from 14 to 15+ fails for unlogged table with identity column",4,3: 4-10 messages,true,linked to a fix commit,both,2024-09-17,2,2: within a week,2024-11-14
18619,d0eff2c4be1a555912af705215979a61,20240916,2024-09-16,"BUG #18619: uppercase column with quotation marks, gets an error without quotation marks",6,3: 4-10 messages,false,no linked commit,,,,,2024-11-14
18620,8baa25eec191169153f9d8bcaa6cc6df,20240916,2024-09-16,"BUG #18620: Problem: Slow Delete Operation",2,2: 2-3 messages,false,no linked commit,,,,,2024-11-14
18621,40cfb916bdb4270361d3436cf67e1b93,20240917,2024-09-17,"BUG #18621: postgres_fdw cannot work with tables that use schemaless functions in triggers",5,3: 4-10 messages,false,no linked commit,,,,,2024-11-14
18622,8d353a4c5a84c5049abfc94b13c17ae1,20240918,2024-09-18,"BUG #18622: Attempt to grant role in absence of INHERIT option fails with internal error",1,1: no replies,false,no linked commit,,,,,2024-11-14
18623,5d227ba476f3a44e1e3b821c09538ef7,20240918,2024-09-18,"BUG #18623: postgresql v14.13.1 installation error",1,1: no replies,false,no linked commit,,,,,2024-11-14
18624,5f79114812807a528030c32ed98b45f0,20240919,2024-09-19,"BUG #18624: Memory Leak Issue with PostgreSQL Connection During COPY Command Execution.",10,3: 4-10 messages,false,no linked commit,,,,,2024-11-14
18625,dc99bb7d8eb1b46c509f00925f486173,20240920,2024-09-20,"BUG #18625: user-created extensions change ownership to ""postgres"" after upgrade",6,3: 4-10 messages,false,no linked commit,,,,,2024-11-14
18626,c386f7b0685470bfdd0508472fc57d4d,20240920,2024-09-20,"BUG #18626: Using ampersand (&) in password fails installation.",1,1: no replies,false,no linked commit,,,,,2024-11-14
18627,4bdded886d09a064fe41672f2b278a8d,20240922,2024-09-22,"BUG #18627: Regression (15 -> 16) - Join removal not performed when join condition spans multiple tables",6,3: 4-10 messages,true,linked to a fix commit,both,2024-09-27,5,2: within a week,2024-11-14
18628,8d353a4c5a84c5049abfc94b13c17ae1,20240922,2024-09-22,"BUG #18628: Race condition during attach/detach partition breaks constraints of partition having foreign key",7,3: 4-10 messages,false,no linked commit,,,,,2024-11-14
18630,8d353a4c5a84c5049abfc94b13c17ae1,20240925,2024-09-25,"BUG #18630: Incorrect memory access inside ReindexIsProcessingIndex() on VACUUM",6,3: 4-10 messages,true,linked to a fix commit,discussion_link,2024-09-27,2,2: within a week,2024-11-14
18631,2485cf0f73473e177e09c9492f76206e,20240925,2024-09-25,"BUG #18631: Brocken postgresql12-devel RPM",4,3: 4-10 messages,false,no linked commit,,,,,2024-11-14
18632,b718bbd9c674be281ec805fb6cb486d1,20240925,2024-09-25,"BUG #18632: Whether you need to consider modifying the array's handling of delimiters？",9,3: 4-10 messages,false,no linked commit,,,,,2024-11-14
18634,8d353a4c5a84c5049abfc94b13c17ae1,20240926,2024-09-26,"BUG #18634: Wrong varnullingrels with merge ... when not matched by source",9,3: 4-10 messages,true,linked to a fix commit,both,2024-10-03,7,2: within a week,2024-11-14
18635,9c84a8347562240bb8ba5a9ec68fb9e1,20240927,2024-09-27,"BUG #18635: "" $libdir/adminpack could not be loaded"" error with pg_upgrade to PostgreSQL17",11,4: 11+ messages,false,no linked commit,,,,,2024-11-14
18636,85c2c7854094d76130e6abde7063a772,20240927,2024-09-27,"BUG #18636: I am seeing a difference in behavior between 13.12 and 15.6 for full text searching",2,2: 2-3 messages,false,no linked commit,,,,,2024-11-14
18637,093a563f412767847b13e14ec3594bf7,20240927,2024-09-27,"BUG #18637: CREATE INDEX won't look up operator classes in search_path if PARTITION BY is specified",7,3: 4-10 messages,true,linked to a fix commit,both,2024-10-05,8,3: within a month,2024-11-14
18638,0e25227e152011863222413756e0555f,20240927,2024-09-27,"BUG #18638: PANIC: could not open file ""pg_logical/snapshots/B6-9EE5B820.snap"": Permission denied",2,2: 2-3 messages,false,no linked commit,,,,,2024-11-14
18639,b6b3e5f5d3173f7d8eb9ab5d77464025,20240927,2024-09-27,"BUG #18639: Unexpected behavior with SET ROLE and CREATE ROLE interaction",2,2: 2-3 messages,false,no linked commit,,,,,2024-11-14
18640,875e9aaa3daecf7be3d2ad99c4d0f80f,20240928,2024-09-28,"BUG #18640: Replica Sync Failure After Downtime in Patroni HA Setup Due to Missing WAL Segments",1,1: no replies,false,no linked commit,,,,,2024-11-14
18641,8d353a4c5a84c5049abfc94b13c17ae1,20240928,2024-09-28,"BUG #18641: Logical decoding of two-phase commit fails with TOASTed default values",10,3: 4-10 messages,true,linked to a fix commit,discussion_link,2024-10-07,9,3: within a month,2024-11-14
18642,2e94e497582ce8ccabf05737ed1c5b3f,20240930,2024-09-30,"BUG #18642: Creating a materialized view on top of ts_stat succeeds on 16.4, but it fails on 17.0",2,2: 2-3 messages,false,no linked commit,,,,,2024-11-14
18643,2f5b7f58a14518e26c2dd11dbc2f4c44,20241001,2024-10-01,"BUG #18643: EXPLAIN estimated rows mismatch",9,3: 4-10 messages,false,no linked commit,,,,,2024-11-14
18644,5bd73b780ffdfc39395663a82e653c99,20241001,2024-10-01,"BUG #18644: ALTER PUBLICATION ... SET (publish_via_partition_root) wrong/undocumented behavior.",20,4: 11+ messages,true,linked to a fix commit,discussion_link,2024-10-25,24,3: within a month,2024-11-14
18645,aea66dc5ea08c2b7636e17787e80dedf,20241003,2024-10-03,"BUG #18645: Change between 16 and 17 when attaching partitions and the root tbl has identity col",1,1: no replies,false,no linked commit,,,,,2024-11-14
18646,b0e237d36bbcc90dcc215d7952157e4e,20241004,2024-10-04,"BUG #18646: The problem with the installer",5,3: 4-10 messages,false,no linked commit,,,,,2024-11-14
18647,14eadce6fead4c54038568cef7ce3d56,20241008,2024-10-08,"BUG #18647: INSERT statements execute functions twice.",8,3: 4-10 messages,false,no linked commit,,,,,2024-11-14
18648,2cf4ed7b328d703967a5a3139d76cf41,20241009,2024-10-09,"BUG #18648: When I restore the database on rockylinux9, I will use amcheck to check that there will be an abnorm",3,2: 2-3 messages,false,no linked commit,,,,,2024-11-14
18649,dd2094e0ba61d3b35761518c68da8d6b,20241009,2024-10-09,"BUG #18649: PG17 release note bug for ""AS LOCAL""",2,2: 2-3 messages,true,linked to a fix commit,discussion_link,2024-10-09,0,1: same/next day,2024-11-14
18650,b5817161e4693d89f7a87e7227087e7d,20241009,2024-10-09,"BUG #18650: rhel-8-aarch64 yum repository for Postgres 13 is missing repodata",1,1: no replies,false,no linked commit,,,,,2024-11-14
18652,8d353a4c5a84c5049abfc94b13c17ae1,20241009,2024-10-09,"BUG #18652: Planner can not find pathkey item to sort for query with expression and expression index",18,4: 11+ messages,true,linked to a fix commit,both,2024-10-12,3,2: within a week,2024-11-14
18653,8fb2b55d908e3af493d8012e6fec8e12,20241013,2024-10-13,"BUG #18653: Is it necessary for ATExecDropInherit to acquire an AccessExclusiveLock on the parent table?",1,1: no replies,false,no linked commit,,,,,2024-11-14
18654,2a64d30460ba78f548ed9ade9cdde6e7,20241014,2024-10-14,"BUG #18654: From fuzzystrmatch, levenshtein function with costs parameters produce incorrect results",3,2: 2-3 messages,false,no linked commit,,,,,2024-11-14
18655,f410368b356ab53da8af53883ea8fe27,20241014,2024-10-14,"BUG #18655: APT repository shell script doesn't work",4,3: 4-10 messages,false,no linked commit,,,,,2024-11-14
18656,03243e767254d75952e945d80a64609a,20241015,2024-10-15,"BUG #18656: ""STABLE"" function sometimes does not see changes",3,2: 2-3 messages,true,linked to a fix commit,both,2024-10-16,1,1: same/next day,2024-11-14
18657,8d353a4c5a84c5049abfc94b13c17ae1,20241015,2024-10-15,"BUG #18657: Using JSON_OBJECTAGG with volatile function leads to segfault",31,4: 11+ messages,true,linked to a fix commit,both,2024-10-20,5,2: within a week,2024-11-14
18658,96600f3a2fb6b20ee6e9e74e39ccd4b2,20241016,2024-10-16,"BUG #18658: Assert in SerialAdd() due to race condition",7,3: 4-10 messages,true,linked to a fix commit,both,2024-10-21,5,2: within a week,2024-11-14
18659,b2331841f6995d6b80d6e9c0dc0e29fd,20241017,2024-10-17,"BUG #18659: Need support on disable database queries to memory dump",1,1: no replies,false,no linked commit,,,,,2024-11-14
18660,eb96efa7a5664ba1c4ebf586abd4121f,20241017,2024-10-17,"BUG #18660: information_schema.columns.ordinal_position has gaps when primary key columns are dropped",3,2: 2-3 messages,false,no linked commit,,,,,2024-11-14
18661,501012d315d4a37e8595023e75bc5a07,20241017,2024-10-17,"BUG #18661: Libcurl.dll could not be found",2,2: 2-3 messages,false,no linked commit,,,,,2024-11-14
18662,3b1a8f6b575ff23eaab54db095f7f124,20241017,2024-10-17,"BUG #18662: ORDER BY after GROUPING SETS does not order correctly for certain WHERE condition",2,2: 2-3 messages,false,no linked commit,,,,,2024-11-14
18663,f791e4cc1b1498aaa91126145c977f25,20241018,2024-10-18,"BUG #18663: synchronous_standby_names vs synchronous_commit vs pg_stat_replication",5,3: 4-10 messages,true,linked to a fix commit,discussion_link,2025-01-09,83,4: within 6 months,2024-11-14
18664,8d353a4c5a84c5049abfc94b13c17ae1,20241020,2024-10-20,"BUG #18664: Assert in BeginCopyTo() fails when source DML query rewritten with notifying rule",4,3: 4-10 messages,true,linked to a fix commit,both,2024-10-21,1,1: same/next day,2024-11-14
18665,c6f9f1d53ddfdfe03d86aaf96bc93295,20241021,2024-10-21,"BUG #18665: Breaking a foreign constraint: the error message may be more detailed",2,2: 2-3 messages,false,no linked commit,,,,,2024-11-14
18666,0029254ad8e0bf679288da2298122eae,20241021,2024-10-21,"BUG #18666: Standby cluster does not start after building from Primary cluster.",4,3: 4-10 messages,false,no linked commit,,,,,2024-11-14
18667,24bc3bbb9eb24b98d24c70681734e48d,20241021,2024-10-21,"BUG #18667: Default Permission Role Group",2,2: 2-3 messages,false,no linked commit,,,,,2024-11-14
18668,bc4b0801d4f7b13b053f768559a9c068,20241021,2024-10-21,"BUG #18668: [Windows] September 2024 releases (17.0, 16.4, etc) all include older libiconv-2.dll",3,2: 2-3 messages,false,no linked commit,,,,,2024-11-14
18669,c9a4a583014fc019d1cca8d84e4af529,20241023,2024-10-23,"BUG #18669: pg_get_shmem_allocations show wrong memory for 11 structures",1,1: no replies,false,no linked commit,,,,,2024-11-14
18670,6999719b9d18ae9a62c6d97e95f73893,20241024,2024-10-24,"BUG #18670: Can't install success, the cluster always failed",1,1: no replies,false,no linked commit,,,,,2024-11-14
18671,f0c620e942f1aa88f1ec73acc99f8e73,20241024,2024-10-24,"BUG #18671: Unable to Run PostgreSQL on EndeavourOS without Modifying visudo",2,2: 2-3 messages,false,no linked commit,,,,,2024-11-14
18672,430689d3d4341c05c0f988352460c34d,20241024,2024-10-24,"BUG #18672: failing to link postgresql",3,2: 2-3 messages,false,no linked commit,,,,,2024-11-14
18673,dd553a12657123888f703423f85a30f3,20241025,2024-10-25,"BUG #18673: Uninstallation of second instance",1,1: no replies,false,no linked commit,,,,,2024-11-14
18674,8d353a4c5a84c5049abfc94b13c17ae1,20241026,2024-10-26,"BUG #18674: Partitioned table doesn't depend on access method it uses",8,3: 4-10 messages,true,linked to a fix commit,discussion_link,2024-10-28,2,2: within a week,2024-11-14
18675,0b7d7d4631162573d6aa71a7d36c1ed7,20241028,2024-10-28,"BUG #18675: Postgres is not realasing memory causing OOM",15,4: 11+ messages,false,no linked commit,,,,,2024-11-14
18676,b0e6a38f4401f7a5a79bae8ec82788ce,20241028,2024-10-28,"BUG #18676: Execute function while selecting from table with partial index using this function.",3,2: 2-3 messages,false,no linked commit,,,,,2024-11-14
18677,2e3efaa022d151b47f58b1771fd3c9aa,20241029,2024-10-29,"BUG #18677: numeric values in arrays are stored incorrectly",3,2: 2-3 messages,false,no linked commit,,,,,2024-11-14
18678,c0b644ddb01ada67a6f5e72998514e38,20241030,2024-10-30,"BUG #18678: While installing the PostgreSQL wizard, it throws an error for an non found column",2,2: 2-3 messages,false,no linked commit,,,,,2024-11-14
18679,612d0bcf7885eb3a5dd33ecadccef987,20241030,2024-10-30,"BUG #18679: Planner issue with bitmap scan recheck on external TOAST",1,1: no replies,false,no linked commit,,,,,2024-11-14
18680,eabfdce72b44b06af6191e539dfc4ec0,20241031,2024-10-31,"BUG #18680: [ECPG] heap-use-after-free (read)",1,1: no replies,false,no linked commit,,,,,2024-11-14
18681,eabfdce72b44b06af6191e539dfc4ec0,20241031,2024-10-31,"BUG #18681: [ECPG] heap-read-out-of-bounds",1,1: no replies,false,no linked commit,,,,,2024-11-14
18682,14abab875fbec6bde07913402973bb61,20241101,2024-11-01,"BUG #18682: Null grouping set with empty table returns a row contains null.",2,2: 2-3 messages,false,no linked commit,,,,,2024-11-14
18683,446c3d7b371310456aab25e06034fa2b,20241101,2024-11-01,"BUG #18683: A publication must be created *before* a logical rep slot in order to be used with that slot?",3,2: 2-3 messages,false,no linked commit,,,,,2024-11-14
18684,d350c39b6a61df6550ec78541614b4b5,20241104,2024-11-04,"BUG #18684: script give me incorrect link to postgres",1,1: no replies,false,no linked commit,,,,,2024-11-14
18685,18749909c147a9ee98f6b112911943cc,20241104,2024-11-04,"BUG #18685: .pgpass is not enabled when running pg_basebackup on PostgreSQL 17.",5,3: 4-10 messages,true,linked to a fix commit,both,2024-11-04,0,1: same/next day,2024-11-14
18688,54cfe86c5a50d97cc07fe729d4a157ee,20241105,2024-11-05,"BUG #18688: _LSOpenURLsWithCompletionHandler() failed with error -54. (1)",2,2: 2-3 messages,false,no linked commit,,,,,2024-11-14
18689,8d73abaf4d228544e840101295071c84,20241105,2024-11-05,"BUG #18689: psql : operator ""!="" do not behave like ""<>""",4,3: 4-10 messages,false,no linked commit,,,,,2024-11-14
18690,d702f36af036b8845e6d8f7827ffcbf4,20241106,2024-11-06,"BUG #18690: A count function returns wrong value when using FDW",6,3: 4-10 messages,false,no linked commit,,,,,2024-11-14
18691,6892d6bd930a44fb0e5f90e6ce3c3862,20241106,2024-11-06,"BUG #18691: Turkish Character Encoding",2,2: 2-3 messages,false,no linked commit,,,,,2024-11-14
18692,3e9b8ffba8f8c659ee9cd996536528ef,20241106,2024-11-06,"BUG #18692: Segmentation fault when extending a varchar column with a gist index with custom signal length",13,4: 11+ messages,true,linked to a fix commit,discussion_link,2024-11-11,5,2: within a week,2024-11-14
18693,d6afb53637fcc63b884d6fe4158b8827,20241106,2024-11-06,"BUG #18693: Column names not set when using SELECT STRICT INTO with RECORD type",3,2: 2-3 messages,false,no linked commit,,,,,2024-11-14
18694,53bd368924d0f5a03a6d6342f8feced1,20241107,2024-11-07,"BUG #18694: DISCARD ALL does not reset execution counters for plpgsql functions",4,3: 4-10 messages,false,no linked commit,,,,,2024-11-14
18696,1e784d66c628aca65a7911d86ec9305d,20241107,2024-11-07,"BUG #18696: Compatibility Query for Updating zlib1.dll in PostgreSQL 10.2 to Address Security Vulnerabilities",3,2: 2-3 messages,false,no linked commit,,,,,2024-11-14
18697,81b9dbc281e7b027f8ef011131481d53,20241108,2024-11-08,"BUG #18697: Postgresql does not start",1,1: no replies,false,no linked commit,,,,,2024-11-14
18698,56945ed978c00f81a9d743311ccf3573,20241110,2024-11-10,"BUG #18698: Checksum verification failed for: deb_postgis_3_4_pg16.app.zip",1,1: no replies,false,no linked commit,,,,,2024-11-14
18699,56945ed978c00f81a9d743311ccf3573,20241111,2024-11-11,"BUG #18699: Checksum verification failed for: edb_pgagent_pg17.app.zip",3,2: 2-3 messages,false,no linked commit,,,,,2025-02-13
18700,34f84c0965c5dbbe86f67f0b773e61c5,20241111,2024-11-11,"BUG #18700: pg_dump doesn't include definitions for collations nor types (e.g. enumeration)",2,2: 2-3 messages,false,no linked commit,,,,,2025-02-13
18701,eabfdce72b44b06af6191e539dfc4ec0,20241112,2024-11-12,"BUG #18701: Read of Bounds - elog.c",1,1: no replies,false,no linked commit,,,,,2025-02-13
18702,827a4f8b01ff6cad8b47c0680856e03e,20241112,2024-11-12,"BUG #18702: Critical & High Security vulnerability issue with Trivy Scan in postgres 16",3,2: 2-3 messages,false,no linked commit,,,,,2025-02-13
18704,ee5d7b3ceeb11cd59334c3ab788dbf34,20241113,2024-11-13,"BUG #18704: Installing postgis fails due to depencies",2,2: 2-3 messages,false,no linked commit,,,,,2025-02-13
18705,a494444d1418ebac6f90bfd930f2f617,20241114,2024-11-14,"BUG #18705: Segmentation fault when create brin index on user-defined type.",5,3: 4-10 messages,false,no linked commit,,,,,2025-02-13
18707,2a0d2f7af0c4f4ee6e7fb9456ee8b0e5,20241114,2024-11-14,"BUG #18707: Installation issue",9,3: 4-10 messages,false,no linked commit,,,,,2025-02-13
18708,df932cae92683dda3d9811373e541631,20241114,2024-11-14,"BUG #18708: regex problem: (?:[^\d\D]){0} asserts with ""lp->nouts == 0 && rp->nins == 0""",16,4: 11+ messages,true,linked to a fix commit,both,2024-11-15,1,1: same/next day,2025-02-13
18709,9c6127b6738ac419ebccaa8d7fb8db71,20241114,2024-11-14,"BUG #18709: Explicit tablespace pg_default not working when creating of indices in partitioned tables",1,1: no replies,false,no linked commit,,,,,2025-02-13
18710,b718bbd9c674be281ec805fb6cb486d1,20241115,2024-11-15,"BUG #18710: ""pg_get_viewdef"" triggers assertions in special scenarios",4,3: 4-10 messages,false,no linked commit,,,,,2025-02-13
18711,dd961613bde6bccd42db0dc18f43d9e0,20241116,2024-11-16,"BUG #18711: Attempting a connection with a database name longer than 63 characters now fails",67,4: 11+ messages,true,linked to a fix commit,both,2024-12-12,26,3: within a month,2025-02-13
18712,efda75260671c531d0176a3efd7e35a3,20241116,2024-11-16,"BUG #18712: inet value ::2 handling goes not as expected",4,3: 4-10 messages,false,no linked commit,,,,,2025-02-13
18713,237ab5fbfc7e47959784b5780f594eb0,20241118,2024-11-18,"BUG #18713: pg_upgrade fails when owner of an extension is changed or dropped",2,2: 2-3 messages,false,no linked commit,,,,,2025-02-13
18714,80d940023952adc468c18498ff2ec09e,20241118,2024-11-18,"BUG #18714: error during installation",1,1: no replies,false,no linked commit,,,,,2025-02-13
18715,f2024b36cca28e8013cdd4b70a0aa19f,20241119,2024-11-19,"BUG #18715: replace() function silently fails if 3rd argument is null",8,3: 4-10 messages,false,no linked commit,,,,,2025-02-13
18716,d22ad8cc17daa09214b8137719422926,20241120,2024-11-20,"BUG #18716: I wanted to upload/restore tar file data, While uploading file facing error, image attached.",2,2: 2-3 messages,false,no linked commit,,,,,2025-02-13
18717,41ec016d2215d6363541e47409c690e8,20241120,2024-11-20,"BUG #18717: ALTER ROLE SET ROLE functionality is broken",2,2: 2-3 messages,false,no linked commit,,,,,2025-02-13
18718,ab89b1f89987f27f37ea8586a2e2decc,20241121,2024-11-21,"BUG #18718: Incorrect Twitter/X Logo Displayed on PostgreSQL Documentation Page",5,3: 4-10 messages,false,no linked commit,,,,,2025-02-13
18719,ce91be273bd7555b594a7ff2f2fc5f70,20241121,2024-11-21,"BUG #18719: Bug Report for Patch (For inplace update durability, make heap_update() callers wait)",2,2: 2-3 messages,false,no linked commit,,,,,2025-02-13
18720,48f677499e1c8ff1a0881279668c251a,20241123,2024-11-23,"BUG #18720: Can not install",1,1: no replies,false,no linked commit,,,,,2025-02-13
18721,b772dca3ecd8553406cd8fa027156fc0,20241123,2024-11-23,"BUG #18721: Documentation for psql does not specify that the history feature doesn't work",1,1: no replies,false,no linked commit,,,,,2025-02-13
18722,8d353a4c5a84c5049abfc94b13c17ae1,20241123,2024-11-23,"BUG #18722: Processing arrays with plpgsql raises errors",8,3: 4-10 messages,true,linked to a fix commit,both,2024-11-25,2,2: within a week,2025-02-13
18724,a0d120dc023d3b63b6740c907349e1e3,20241125,2024-11-25,"BUG #18724: High data disk utilization during log writing",3,2: 2-3 messages,false,no linked commit,,,,,2025-02-13
18725,b8c00a92333e97fec78c6e79c741e1c4,20241127,2024-11-27,"BUG #18725: ""set role"" requires ""grant connect on database""",3,2: 2-3 messages,false,no linked commit,,,,,2025-02-13
18726,74f41e6cd042e82715f5e3daa4b124c5,20241127,2024-11-27,"BUG #18726: Unable to install PostGIS extension due to error:Checksum verification failed for: postgis_3_4_pg12.",3,2: 2-3 messages,false,no linked commit,,,,,2025-02-13
18728,4601568feba68393c1d6039e0c8e4762,20241127,2024-11-27,"BUG #18728: Inconsistency between pg_wait_events.name and pg_stat_activity.wait_event for LWLocks",3,2: 2-3 messages,true,linked to a fix commit,discussion_link,2024-12-03,6,2: within a week,2025-02-13
18729,1f879cd13b75f9f492de248ac648a0ae,20241202,2024-12-02,"BUG #18729: update with multiple subpartitions return error: too many range table entries",3,2: 2-3 messages,false,no linked commit,,,,,2025-02-13
18730,c6f9f1d53ddfdfe03d86aaf96bc93295,20241203,2024-12-03,"BUG #18730: Inequality comparison operators and SMALLINT negative immediate value",2,2: 2-3 messages,false,no linked commit,,,,,2025-02-13
18731,b718bbd9c674be281ec805fb6cb486d1,20241203,2024-12-03,"BUG #18731: The psql \d command does not exactly match but can be executed",3,2: 2-3 messages,false,no linked commit,,,,,2025-02-13
18732,35f0ec2631339701fa2677cb430adb7c,20241203,2024-12-03,"BUG #18732: Segfault in pgbench on max_connections starvation",3,2: 2-3 messages,false,no linked commit,,,,,2025-02-13
18733,6e98ead070c411aa3c40612294641c03,20241203,2024-12-03,"BUG #18733: Connection Timeout after upgrade",1,1: no replies,false,no linked commit,,,,,2025-02-13
18734,fcf81070e6cf68f1a2e81991727a7520,20241204,2024-12-04,"BUG #18734: pg_terminate_backend was unresponsive for processes with the status ""active""",3,2: 2-3 messages,false,no linked commit,,,,,2025-02-13
18735,dd54ec308ec6ab25f56f19cc01e193e5,20241205,2024-12-05,"BUG #18735: Specific multibyte character in psql file path command parameter for Windows",24,4: 11+ messages,true,linked to a fix commit,both,2025-01-29,55,4: within 6 months,2025-02-13
18741,8d353a4c5a84c5049abfc94b13c17ae1,20241208,2024-12-08,"BUG #18741: Detaching a partition referencing a partitioned table fails with a trigger-related error",5,3: 4-10 messages,false,no linked commit,,,,,2025-02-13
18742,0c8f392eb9e99cfdb23e5ea8592f6a41,20241209,2024-12-09,"BUG #18742: /src/backend/rewrite/rewriteHandler.c",2,2: 2-3 messages,false,no linked commit,,,,,2025-02-13
18743,0c8f392eb9e99cfdb23e5ea8592f6a41,20241209,2024-12-09,"BUG #18743: /src/backend/rewrite/rewriteHandler.c",2,2: 2-3 messages,false,no linked commit,,,,,2025-02-13
18744,0c8f392eb9e99cfdb23e5ea8592f6a41,20241209,2024-12-09,"BUG #18744: /src/bin/pg_dump/pg_backup_archiver.c",1,1: no replies,false,no linked commit,,,,,2025-02-13
18745,0c8f392eb9e99cfdb23e5ea8592f6a41,20241209,2024-12-09,"BUG #18745: /src/bin/pg_waldump/compat.c",2,2: 2-3 messages,false,no linked commit,,,,,2025-02-13
18746,0c8f392eb9e99cfdb23e5ea8592f6a41,20241209,2024-12-09,"BUG #18746: /src/backend/parser/parse_utilcmd.c",2,2: 2-3 messages,false,no linked commit,,,,,2025-02-13
18748,71ba9535d83915aff0f717d01f400670,20241220,2024-12-20,"BUG #18748: Old name version",1,1: no replies,false,no linked commit,,,,,2025-02-13
18749,7279a1f2319d0f833e57973e248d3a1c,20241220,2024-12-20,"BUG #18749: Error Installing PostgreSQL",1,1: no replies,false,no linked commit,,,,,2025-02-13
18750,28812b8b756b36d00a6a331b1372dd08,20241223,2024-12-23,"BUG #18750: Inappropriate update when it is blocked in RC",8,3: 4-10 messages,false,no linked commit,,,,,2025-02-13
18751,05dddc8770b7d4f438c78a287da1c404,20241223,2024-12-23,"BUG #18751: Sub-optimal UNION ALL plan",6,3: 4-10 messages,false,no linked commit,,,,,2025-02-13
18753,afd4753e53576f64af646d54f49652b1,20241224,2024-12-24,"BUG #18753: Unable to Recover a Deleted Database Using PITR",2,2: 2-3 messages,false,no linked commit,,,,,2025-02-13
18754,cb3d77495e3357e2b7a54d7948fcf038,20241227,2024-12-27,"BUG #18754: Logical replication cannot restart if client sent a copyDone",2,2: 2-3 messages,false,no linked commit,,,,,2025-02-13
18755,93d14fc1b7b82aa49c14d84e25f952fc,20241229,2024-12-29,"BUG #18755: Using Natts_pg_trigger rather than Natts_pg_event_trigger for event trigger",3,2: 2-3 messages,true,linked to a fix commit,discussion_link,2024-12-29,0,1: same/next day,2025-02-13
18756,3d9d7b7f90d75841a7eb673d8e96628c,20241229,2024-12-29,"BUG #18756: Postgres corruption",2,2: 2-3 messages,false,no linked commit,,,,,2025-02-13
18757,70eadd30c60763af1e244c02e29b093e,20241230,2024-12-30,"BUG #18757: string_agg function(text, text) design issue",2,2: 2-3 messages,false,no linked commit,,,,,2025-02-13
18758,784a709c47dea4149103ca10940c8c26,20241230,2024-12-30,"BUG #18758: Incorrect query result caused by ROLLUP operation",2,2: 2-3 messages,false,no linked commit,,,,,2025-02-13
18759,bd7aa30e4863f7c1a4facb5607a19bc9,20241230,2024-12-30,"BUG #18759: Missing files",2,2: 2-3 messages,false,no linked commit,,,,,2025-02-13
18760,fbb6092a0ecbf19f5a35e7b08ce4a768,20241231,2024-12-31,"BUG #18760: ../doc/src/sgml/postgres.sgml:24: element book: validity error : No declaration for attribute id of",4,3: 4-10 messages,false,no linked commit,,,,,2025-02-13
18761,eb9c59a299a224a280396497a3890bed,20241231,2024-12-31,"BUG #18761: Sequence Value Discrepancy After Running VACUUM ANALYZE",3,2: 2-3 messages,false,no linked commit,,,,,2025-02-13
18762,861af52ae469da095ee9fc2b03081cbb,20250101,2025-01-01,"BUG #18762: Update script produces distinct outputs before and after vacuum analyze operation",2,2: 2-3 messages,false,no linked commit,,,,,2025-02-13
18763,720c743bbb46d283147f37970faf21d0,20250102,2025-01-02,"BUG #18763: pg_get_viewdef returns an old def with new relation name",3,2: 2-3 messages,false,no linked commit,,,,,2025-02-13
18764,81e37c7bf5fb28bee094a50049f31835,20250103,2025-01-03,"BUG #18764: server closed the connection unexpectedly",12,4: 11+ messages,true,linked to a fix commit,discussion_link,2025-01-10,7,2: within a week,2025-02-13
18765,5eada08ffef9a587cbe6f8d49a99a60b,20250103,2025-01-03,"BUG #18765: Inconsistent behaviour and errors with LIKE",6,3: 4-10 messages,false,no linked commit,,,,,2025-02-13
18766,647892bf6549adee1c8e4a22fd0244c9,20250103,2025-01-03,"BUG #18766: not exists sometimes gives too few records",5,3: 4-10 messages,false,no linked commit,,,,,2025-02-13
18767,a50180c2830bbaa0dccc477bd8d8e881,20250106,2025-01-06,"BUG #18767: Inconsistency in result of a Plpgsql GET DIAGNOSTICS PG_CONTEXT instruction.",5,3: 4-10 messages,false,no linked commit,,,,,2025-02-13
18769,820991cff99714cb1aa7488af8e1a1fb,20250109,2025-01-09,"BUG #18769: ldapscheme is not displayed in pg_hba_file_rules",8,3: 4-10 messages,true,linked to a fix commit,discussion_link,2025-01-10,1,1: same/next day,2025-02-13
18770,6d3da3e2ad47f2fd4bd7ae7d5eb5abc2,20250110,2025-01-10,"BUG #18770: The function 'packGraph ' causes a memory leak.",2,2: 2-3 messages,false,no linked commit,,,,,2025-02-13
18771,6c945053337616e54c9135c3031a81fe,20250111,2025-01-11,"BUG #18771: ICU custom collations with rules ignore collator strength option.",3,2: 2-3 messages,true,linked to a fix commit,both,2026-03-18,431,5: longer,2025-02-13
18772,95d97f04fabc6a2bd4411d69ab864088,20250114,2025-01-14,"BUG #18772: Segfaul i Greek stemming",2,2: 2-3 messages,false,no linked commit,,,,,2025-02-13
18773,9f82aa2d6e6430874db455694a59f825,20250115,2025-01-15,"BUG #18773: オートバキュームのリトライ時にreltuplesの値が減少する",10,3: 4-10 messages,false,no linked commit,,,,,2025-02-13
18775,9437c15500ccc26da902d77f80e29c3a,20250116,2025-01-16,"BUG #18775: PQgetCopyData always has an out-of-memory error if the table field stores bytea ~700 MB",4,3: 4-10 messages,false,no linked commit,,,,,2025-02-13
18777,47d978f4bd63967235db54d89140da09,20250116,2025-01-16,"BUG #18777: Error running unnest function in a two phase commit transaction",2,2: 2-3 messages,false,no linked commit,,,,,2025-02-13
18778,8d353a4c5a84c5049abfc94b13c17ae1,20250116,2025-01-16,"BUG #18778: Query planning fails in ExecInitExprRec with unrecognized node type",4,3: 4-10 messages,true,linked to a fix commit,both,2025-01-17,1,1: same/next day,2025-02-13
18779,0c8f392eb9e99cfdb23e5ea8592f6a41,20250117,2025-01-17,"BUG #18779: Segmentation fault while trying to connect via psql",3,2: 2-3 messages,false,no linked commit,,,,,2025-02-13
18780,3c061e0a27786162cf71a6e245f7e498,20250119,2025-01-19,"BUG #18780: Bindings types are lost for complex queries",6,3: 4-10 messages,false,no linked commit,,,,,2025-02-13
18781,98fb6477361b9bec0d172cba6042d59f,20250120,2025-01-20,"BUG #18781: pg group gy The number of returned data bars in a field is inconsistent",1,1: no replies,false,no linked commit,,,,,2025-02-13
18782,652fdde0c629485aadfa3f5d4fb7fd38,20250121,2025-01-21,"BUG #18782: Inconsistent behaviour with triggers and row level security - depends on prior number of inserts",3,2: 2-3 messages,false,no linked commit,,,,,2025-02-13
18783,aa3147a50599e81d68c19bc8e0407074,20250123,2025-01-23,"BUG #18783: 2025-01-23 03:55:06.243 GMT [22929] LOG: postmaster became multithreaded 2025-01-23 03:55:06.243 GM",2,2: 2-3 messages,true,linked to a fix commit,both,2025-01-23,0,1: same/next day,2025-02-13
18784,4db40018225f72d32584a85140b99f3e,20250124,2025-01-24,"BUG #18784: Bugs and BugTracking",5,3: 4-10 messages,false,no linked commit,,,,,2025-02-13
18785,0c8f392eb9e99cfdb23e5ea8592f6a41,20250128,2025-01-28,"BUG #18785: Pointer bmr.rel, dereferenced by passing as 1st parameter to function is checked for NULL later",6,3: 4-10 messages,false,no linked commit,,,,,2025-02-13
18786,0c8f392eb9e99cfdb23e5ea8592f6a41,20250128,2025-01-28,"BUG #18786: Pointer bmr.rel, dereferenced by passing as 1st parameter to function is checked for NULL later",1,1: no replies,false,no linked commit,,,,,2025-02-13
18787,0c8f392eb9e99cfdb23e5ea8592f6a41,20250128,2025-01-28,"BUG #18787: pointer te->defn not checked for NULL",2,2: 2-3 messages,false,no linked commit,,,,,2025-02-13
18789,8eb00fea35dfa4e4a3e3186c991ec3e5,20250129,2025-01-29,"BUG #18789: logical replication slots are deleted after failovers",6,3: 4-10 messages,false,no linked commit,,,,,2025-02-13
18790,dfc4c8c4758364b74e1d76d29fdfebb3,20250129,2025-01-29,"BUG #18790: Pg_stat_statements doesn't track schema.",6,3: 4-10 messages,false,no linked commit,,,,,2025-02-13
18791,6910e00ca4812dee122ee16bba9cc21a,20250201,2025-02-01,"BUG #18791: Failed installtion during creation of spatial database",1,1: no replies,false,no linked commit,,,,,2025-02-13
18792,17994a7c5d7aea9c6f6c622c3d2a4bb5,20250203,2025-02-03,"BUG #18792: Segmentaion Fault error when changing new parameter synchronized_standby_slots",2,2: 2-3 messages,false,no linked commit,,,,,2025-02-13
18793,c3edb223816437523734c2f9792a660c,20250204,2025-02-04,"BUG #18793: PLpgSQL Function Returning Type of Table is not match for varchar(n) data type via Return Query",10,3: 4-10 messages,false,no linked commit,,,,,2025-02-13
18794,23be022da2a8e38b2d4fe07fd3ebf230,20250205,2025-02-05,"BUG #18794: pgBouncer Windows installation error due to a simple sql bug???",2,2: 2-3 messages,false,no linked commit,,,,,2025-02-13
18795,d50c2cfd47f37c94b2f1c7108c19313b,20250205,2025-02-05,"BUG #18795: Norwegian bokmål crashes again",7,3: 4-10 messages,false,no linked commit,,,,,2025-02-13
18796,0daa92b6016ef694d7d0690558ed2f24,20250205,2025-02-05,"BUG #18796: Npgsql Driver: Foreign Key Read Inversion in INSERT Operations",2,2: 2-3 messages,false,no linked commit,,,,,2025-02-13
18797,0c8f392eb9e99cfdb23e5ea8592f6a41,20250206,2025-02-06,"BUG #18797: pointer te->defn not checked for NULL",2,2: 2-3 messages,false,no linked commit,,,,,2025-02-13
18798,0c8f392eb9e99cfdb23e5ea8592f6a41,20250206,2025-02-06,"BUG #18798: /src/interfaces/ecpg/preproc/type.c possible NULL deref",1,1: no replies,false,no linked commit,,,,,2025-02-13
18799,0c8f392eb9e99cfdb23e5ea8592f6a41,20250206,2025-02-06,"BUG #18799: /src/interfaces/ecpg/pgtypeslib/timestamp.c possible NULL deref",2,2: 2-3 messages,false,no linked commit,,,,,2025-02-13
18800,26e1965a9b31c3d0ed3aabecb27e57be,20250207,2025-02-07,"BUG #18800: Error while using pg_combinebackup",1,1: no replies,false,no linked commit,,,,,2025-02-13
18801,cb776a4af6feeab2b0b3aa0c2cb03abc,20250209,2025-02-09,"BUG #18801: JIT recompiles function for each row if custom aggregation function is used",3,2: 2-3 messages,false,no linked commit,,,,,2025-02-13
18802,8cf357247c68eec002350312632a2d35,20250211,2025-02-11,"BUG #18802: password field in log",2,2: 2-3 messages,false,no linked commit,,,,,2025-05-08
18803,99c80e7f65001e40abc9e125fe8d6ff2,20250211,2025-02-11,"BUG #18803: ERROR: wrong varnullingrels (b) (expected (b 4)) for Var 2/1",3,2: 2-3 messages,false,no linked commit,,,,,2025-05-08
18804,f8263bd43367edb69727d47c16f994c8,20250211,2025-02-11,"BUG #18804: LISTEN on channel fails with ""could not access status of transaction""",3,2: 2-3 messages,true,linked to a fix commit,discussion_link,2025-11-12,274,5: longer,2025-05-08
18805,2cf4ed7b328d703967a5a3139d76cf41,20250212,2025-02-12,"BUG #18805: A specific query on a hash partitioned table always causes a ""signal 11: Segmentation fault"" error.",3,2: 2-3 messages,false,no linked commit,,,,,2025-05-08
18806,50f53b5b3f7404aab159a823075258c9,20250212,2025-02-12,"BUG #18806: When enable_rartitionwise_join is set to ON, the database shuts down abnormally",22,4: 11+ messages,true,linked to a fix commit,both,2025-02-19,7,2: within a week,2025-05-08
18807,3c5228248f5c0ab6485e8805ad67b8eb,20250212,2025-02-12,"BUG #18807: libcrypto.so.1.1: cannot open shared object file",2,2: 2-3 messages,false,no linked commit,,,,,2025-05-08
18809,6132c0d910aa72b7dcb3151a625e12b9,20250213,2025-02-13,"BUG #18809: Inconsistent JSON behavoir",3,2: 2-3 messages,false,no linked commit,,,,,2025-05-08
18810,2cf4ed7b328d703967a5a3139d76cf41,20250213,2025-02-13,"BUG #18810: invalid value for parameter ""synchronized_standby_slots"" Caused error:""Segmentation fault""",2,2: 2-3 messages,false,no linked commit,,,,,2025-05-08
18811,690980e92b193bde9821d8badda1e1bd,20250213,2025-02-13,"BUG #18811: PANIC,XX000,""WAL contains references to invalid pages""",1,1: no replies,false,no linked commit,,,,,2025-05-08
18812,6d2ccc533b97b6000bc43c39c0510d25,20250214,2025-02-14,"BUG #18812: Conditional rule: inconsistent check for statement",3,2: 2-3 messages,false,no linked commit,,,,,2025-05-08
18813,0330541514da6af0ae5f733bc7e49a1d,20250216,2025-02-16,"BUG #18813: Materialized view creation regression when inlining recursive SQL function",3,2: 2-3 messages,false,no linked commit,,,,,2025-05-08
18814,530fe88b5acdf02868163d8540ce7355,20250217,2025-02-17,"BUG #18814: cannot read properties of undefined (reading 'notifies')",2,2: 2-3 messages,false,no linked commit,,,,,2025-05-08
18815,9045aa754028c172ecc33a5750b509fa,20250217,2025-02-17,"BUG #18815: Logical replication worker Segmentation fault",23,4: 11+ messages,true,linked to a fix commit,both,2025-02-19,2,2: within a week,2025-05-08
18816,8b07651d96eaa86616db040853ef6d45,20250217,2025-02-17,"BUG #18816: pg16 requires perl 5.14+ but is not documented",3,2: 2-3 messages,false,no linked commit,,,,,2025-05-08
18817,e5edef7cfead73397c14186e51e9ffb2,20250218,2025-02-18,"BUG #18817: Security Bug Report: Plaintext Password Exposure in Logs",12,4: 11+ messages,false,no linked commit,,,,,2025-05-08
18818,16e04babbea06daf173c96ea2b00feea,20250218,2025-02-18,"BUG #18818: Access to postgres repo",1,1: no replies,false,no linked commit,,,,,2025-05-08
18819,8ddd6ba34f8f1d6d4a06a98c6c70460c,20250218,2025-02-18,"BUG #18819: Error installing Postgresql",3,2: 2-3 messages,false,no linked commit,,,,,2025-05-08
18820,03618b3328b788a3dd13f48e9cc36a5c,20250220,2025-02-20,"BUG #18820: Issue with Installation Due to Space in User Profile Path",2,2: 2-3 messages,false,no linked commit,,,,,2025-05-08
18821,7b771672c9513307cea9e3200954f404,20250220,2025-02-20,"BUG #18821: Need delete files in pg_wal, size is bigger overcome limit max_wal_size",3,2: 2-3 messages,false,no linked commit,,,,,2025-05-08
18822,ad775ca04ac57a86765c609f0f35a282,20250222,2025-02-22,"BUG #18822: mailing lists reject mails due to DKIM-signature",25,4: 11+ messages,false,no linked commit,,,,,2025-05-08
18823,855e0a3af558b642d694d10f8304d891,20250222,2025-02-22,"BUG #18823: pg_restore not work",2,2: 2-3 messages,false,no linked commit,,,,,2025-05-08
18824,99dcfd95e3738907911e2d4133f7681f,20250225,2025-02-25,"BUG #18824: Inconsistent results for isolation level settings",2,2: 2-3 messages,false,no linked commit,,,,,2025-05-08
18825,d12b4a0e6b76d5b05907d9af1217f8e4,20250225,2025-02-25,"BUG #18825: Row value equality predicates do not use indices",3,2: 2-3 messages,false,no linked commit,,,,,2025-05-08
18826,8723cf046c04c39e98efcc26f42d8ad3,20250226,2025-02-26,"BUG #18826: Didn't receive a response",2,2: 2-3 messages,false,no linked commit,,,,,2025-05-08
18827,75d82675b03434aa36a35724e0aa2a51,20250227,2025-02-27,"BUG #18827: PostgreSQL 17.4-1 Installation – Database Cluster Initialization Failed Due to Execution Policy",1,1: no replies,false,no linked commit,,,,,2025-05-08
18828,792f72b59c0d05f18afc47fff7c7edce,20250301,2025-03-01,"BUG #18828: Crash when pg_get_logical_snapshot_meta() passed empty string",26,4: 11+ messages,true,linked to a fix commit,both,2025-03-11,10,3: within a month,2025-05-08
18829,7fc704629586dba49da79823fbf56eda,20250302,2025-03-02,"BUG #18829: RAISE NOTICE appends 's' to string in PostgreSQL 17.2",4,3: 4-10 messages,false,no linked commit,,,,,2025-05-08
18830,792f72b59c0d05f18afc47fff7c7edce,20250302,2025-03-02,"BUG #18830: ExecInitMerge Segfault on MERGE",32,4: 11+ messages,true,linked to a fix commit,both,2025-03-19,17,3: within a month,2025-05-08
18831,3cfd921a196512218eeb16f415c673da,20250305,2025-03-05,"BUG #18831: Particular queries using gin-indexes are not interruptible, resulting is resource usage concerns.",10,3: 4-10 messages,true,linked to a fix commit,both,2025-03-06,1,1: same/next day,2025-05-08
18832,792f72b59c0d05f18afc47fff7c7edce,20250306,2025-03-06,"BUG #18832: Segfault in GrantLockLocal",5,3: 4-10 messages,true,linked to a fix commit,discussion_link,2025-03-28,22,3: within a month,2025-05-08
18833,482b6c0369f4709de8faa6843cd6b347,20250306,2025-03-06,"BUG #18833: libpq.so doesn't contain declared symbol in rpm --provides",15,4: 11+ messages,false,no linked commit,,,,,2025-05-08
18834,5b529c15cedefcd418581258be9e5993,20250307,2025-03-07,"BUG #18834: Query planer is choosing the sub-optimal plan when limit is present",2,2: 2-3 messages,false,no linked commit,,,,,2025-05-08
18835,8d353a4c5a84c5049abfc94b13c17ae1,20250307,2025-03-07,"BUG #18835: spgist index fails to accept point with NaN",2,2: 2-3 messages,false,no linked commit,,,,,2025-05-08
18836,ad965cedf035a33c6eadf22c63d0e4d6,20250307,2025-03-07,"BUG #18836: Cannot import foreign schema under different schema name when foreign table uses row types",3,2: 2-3 messages,false,no linked commit,,,,,2025-05-08
18837,7f29557b849061df91860b04b68a09d4,20250310,2025-03-10,"BUG #18837: YUM Repo URL throws HTTP 404",1,1: no replies,false,no linked commit,,,,,2025-05-08
18838,965a6d7d520d70d120b429e1c501330f,20250310,2025-03-10,"BUG #18838: Missing characters in replication slot when bytea_output is set to ""escape""",2,2: 2-3 messages,false,no linked commit,,,,,2025-05-08
18839,5fdada893aecf361d226b53067e276ff,20250312,2025-03-12,"BUG #18839: ARMv7 builds fail due to missing __crc32cw and similar",11,4: 11+ messages,false,no linked commit,,,,,2025-05-08
18840,b261704729f46db0f7707987a58dbd59,20250312,2025-03-12,"BUG #18840: Segmentation fault in executing select unnest(array(oidvector))",3,2: 2-3 messages,true,linked to a fix commit,both,2025-03-13,1,1: same/next day,2025-05-08
18841,625ca7a4d8fe6d8146e3100688ba7012,20250313,2025-03-13,"BUG #18841: pgflex fails during build when Flex uses dynamic m4",1,1: no replies,false,no linked commit,,,,,2025-05-08
18842,fe5addff86d985cbeaa2c6d62c8ea795,20250313,2025-03-13,"BUG #18842: Wrong state in pg_stat_replication?",1,1: no replies,false,no linked commit,,,,,2025-05-08
18843,5357df79a368b722fc4ee84de1962bd0,20250313,2025-03-13,"BUG #18843: ERROR: Input of anonymous composite types is not implemented in array_agg function",2,2: 2-3 messages,false,no linked commit,,,,,2025-05-08
18845,a0417371ee64ca093d80e165e9631b01,20250314,2025-03-14,"BUG #18845: DEREF_OF_NULL.RET guc_malloc possibly returns NULL",10,3: 4-10 messages,true,linked to a fix commit,both,2025-03-27,13,3: within a month,2025-05-08
18846,92adc1a99d661619533a66f8f810ce9f,20250314,2025-03-14,"BUG #18846: Incorrect Filtering Behavior with FULL OUTER JOIN and WHERE Condition",2,2: 2-3 messages,false,no linked commit,,,,,2025-05-08
18847,92adc1a99d661619533a66f8f810ce9f,20250314,2025-03-14,"BUG #18847: Different Query Results with and without a Primary Key Constraint",2,2: 2-3 messages,false,no linked commit,,,,,2025-05-08
18848,a0417371ee64ca093d80e165e9631b01,20250314,2025-03-14,"BUG #18848: DEREF_AFTER_NULL.EX.COND After having been compared to a NULL",2,2: 2-3 messages,false,no linked commit,,,,,2025-05-08
18849,a0417371ee64ca093d80e165e9631b01,20250314,2025-03-14,"BUG #18849: DEREF_OF_NULL.RET Pointer '&partexprs_item.ptr_value', returned from function 'list_head' at partiti",1,1: no replies,false,no linked commit,,,,,2025-05-08
18850,a0417371ee64ca093d80e165e9631b01,20250314,2025-03-14,"BUG #18850: REDUNDANT_COMPARISON.ALWAYS_FALSE Redundant comparison",2,2: 2-3 messages,false,no linked commit,,,,,2025-05-08
18851,4c3e8b34ab7d0c31b4455906161465a6,20250314,2025-03-14,"BUG #18851: Queries with xxx NOT IN (SELECT xxx FROM table) fail to run (or run very slowly) on v17 (v14 ok)",2,2: 2-3 messages,false,no linked commit,,,,,2025-05-08
18852,792f72b59c0d05f18afc47fff7c7edce,20250316,2025-03-16,"BUG #18852: Unexpected expression in subquery output",3,2: 2-3 messages,true,linked to a fix commit,bug_ref,2025-03-25,9,3: within a month,2025-05-08
18853,1ed3cebb509e8d1d043509da557815f2,20250318,2025-03-18,"BUG #18853: integer may overflow in array_user_functions",2,2: 2-3 messages,false,no linked commit,,,,,2025-05-08
18854,36476185e2d783c451471ded7ad1e32a,20250318,2025-03-18,"BUG #18854: PostgreSQL chooses a suboptimal execution plan when using a specific WHERE filter",4,3: 4-10 messages,false,no linked commit,,,,,2025-05-08
18855,110c4d34b4d50e657696d7f128983595,20250318,2025-03-18,"BUG #18855: Using BRIN index with int8_bloom_ops produces incorrect results",5,3: 4-10 messages,true,linked to a fix commit,discussion_link,2025-03-26,8,3: within a month,2025-05-08
18856,9e405dd27aa7c28a10409ce60e61ee41,20250318,2025-03-18,"BUG #18856: Include directives for postgresql.conf, pg_hba.conf, pg_ident.conf behave inconsistently.",3,2: 2-3 messages,false,no linked commit,,,,,2025-05-08
18857,99dcfd95e3738907911e2d4133f7681f,20250320,2025-03-20,"BUG #18857: Abnormal string comparison results",3,2: 2-3 messages,false,no linked commit,,,,,2025-05-08
18858,03e6afae1baff0e5dc65ff766b9dff98,20250320,2025-03-20,"BUG #18858: client does not support server version newer than 15.12 but actual version is 15.8.1",2,2: 2-3 messages,false,no linked commit,,,,,2025-05-08
18859,809292577e3c87e319c3041620eeef3d,20250320,2025-03-20,"BUG #18859: ERROR: unexpected plan node type: 356",7,3: 4-10 messages,true,linked to a fix commit,both,2025-03-21,1,1: same/next day,2025-05-08
18860,40cfb916bdb4270361d3436cf67e1b93,20250321,2025-03-21,"BUG #18860: Test src/test/recovery/t/039_end_of_wal.pl is unstable",1,1: no replies,false,no linked commit,,,,,2025-05-08
18861,343f93d9ff7133944163f63fc298fe48,20250321,2025-03-21,"BUG #18861: Not able to download rpm package",3,2: 2-3 messages,false,no linked commit,,,,,2025-05-08
18862,d6acd6e7c540169ede36a48491184b12,20250324,2025-03-24,"BUG #18862: using pg_autoctl node_2 cannot bring back from maintenance mode",2,2: 2-3 messages,false,no linked commit,,,,,2025-05-08
18863,e7b930254234a1495c712be97b9f6c23,20250324,2025-03-24,"BUG #18863: Multixact wraparound and pg_resetwal error ""multitransaction ID (-m) must not be 0""",1,1: no replies,true,linked to a fix commit,discussion_link,2025-11-12,233,5: longer,2025-05-08
18865,e7b930254234a1495c712be97b9f6c23,20250325,2025-03-25,"BUG #18865: pg_resetwal error: multitransaction offset (-O) must not be -1",1,1: no replies,true,linked to a fix commit,discussion_link,2025-11-12,232,5: longer,2025-05-08
18866,792f72b59c0d05f18afc47fff7c7edce,20250325,2025-03-25,"BUG #18866: Running pg_freespace() on views triggers an Abort",14,4: 11+ messages,true,linked to a fix commit,both,2025-03-27,2,2: within a week,2025-05-08
18867,0c8f392eb9e99cfdb23e5ea8592f6a41,20250326,2025-03-26,"BUG #18867: /src/interfaces/ecpg/preproc/descriptor.c usage of ECPGdump_a_type",1,1: no replies,false,no linked commit,,,,,2025-05-08
18868,0c8f392eb9e99cfdb23e5ea8592f6a41,20250326,2025-03-26,"BUG #18868: /src/backend/optimizer/path/joinrels.c list_head can be NULL",2,2: 2-3 messages,false,no linked commit,,,,,2025-05-08
18869,0c8f392eb9e99cfdb23e5ea8592f6a41,20250326,2025-03-26,"BUG #18869: /src/backend/optimizer/plan/createplan.c clause can be null if user isn't root",2,2: 2-3 messages,false,no linked commit,,,,,2025-05-08
18870,83c31339ebc01f4b0fbefb07fda70c21,20250327,2025-03-27,"BUG #18870: weird behavior with regexp_replace",2,2: 2-3 messages,false,no linked commit,,,,,2025-05-08
18871,8d353a4c5a84c5049abfc94b13c17ae1,20250328,2025-03-28,"BUG #18871: Cross-partition MERGE fails with unclear internal error",7,3: 4-10 messages,true,linked to a fix commit,both,2025-03-29,1,1: same/next day,2025-05-08
18872,dd0d49ab6af14fe48bb19ba27e0762c9,20250330,2025-03-30,"BUG #18872: The current OS X version is not supported",3,2: 2-3 messages,false,no linked commit,,,,,2025-05-08
18874,017c34ddfa7e0dbaf379d9f1e5732bc6,20250401,2025-04-01,"BUG #18874: CVE-2024-4317",2,2: 2-3 messages,false,no linked commit,,,,,2025-05-08
18875,8d353a4c5a84c5049abfc94b13c17ae1,20250402,2025-04-02,"BUG #18875: COPY BINARY tsvector FROM file leads to misaligned memory access",2,2: 2-3 messages,true,linked to a fix commit,both,2025-04-02,0,1: same/next day,2025-05-08
18876,dd2094e0ba61d3b35761518c68da8d6b,20250404,2025-04-04,"BUG #18876: HINT messages for mxid wrap-around say ""drop stale slots"", but that may not be appropriate",7,3: 4-10 messages,true,linked to a fix commit,discussion_link,2026-07-03,455,5: longer,2025-05-08
18877,43c00ba1e0d63ac5cc9a100d065a38a0,20250404,2025-04-04,"BUG #18877: PostgreSQL triggers assertion failure",9,3: 4-10 messages,true,linked to a fix commit,both,2025-04-05,1,1: same/next day,2025-05-08
18878,43c00ba1e0d63ac5cc9a100d065a38a0,20250404,2025-04-04,"BUG #18878: PostgreSQL triggers Assertion Failure in Debug build",2,2: 2-3 messages,true,linked to a fix commit,both,2025-04-05,1,1: same/next day,2025-05-08
18879,43c00ba1e0d63ac5cc9a100d065a38a0,20250404,2025-04-04,"BUG #18879: PostgreSQL returns memory error.",2,2: 2-3 messages,true,linked to a fix commit,both,2025-04-05,1,1: same/next day,2025-05-08
18880,cfb9b1996644961f6d88e81a248ef931,20250406,2025-04-06,"BUG #18880: Can't have a database without having postgres as a db_name and username",3,2: 2-3 messages,false,no linked commit,,,,,2025-05-08
18882,afbd8bd7175bcb59545ea00e085f8b3b,20250408,2025-04-08,"BUG #18882: Unexpected write skew at SERIALIZABLE with psycopg2.connect()",2,2: 2-3 messages,false,no linked commit,,,,,2025-05-08
18883,d2bbf645c43eb91e5663587ca98fcbd5,20250408,2025-04-08,"BUG #18883: Epoch issue",2,2: 2-3 messages,false,no linked commit,,,,,2025-05-08
18884,99bec0353cadc794b7ea6a0b012b8eb8,20250408,2025-04-08,"BUG #18884: The CURRENT_TIMESTAMP value being returned in UTC-2.",4,3: 4-10 messages,false,no linked commit,,,,,2025-05-08
18885,792f72b59c0d05f18afc47fff7c7edce,20250409,2025-04-09,"BUG #18885: ERROR: corrupt MVNDistinct entry - 2",15,4: 11+ messages,true,linked to a fix commit,discussion_link,2025-04-16,7,2: within a week,2025-05-08
18886,c1dd89427d4d5d899642c7624147ac7c,20250409,2025-04-09,"BUG #18886: identity duplicate key",3,2: 2-3 messages,false,no linked commit,,,,,2025-05-08
18887,b78267e25eb67a392573168f706b3598,20250410,2025-04-10,"BUG #18887: Inner join returns non-existent data.",2,2: 2-3 messages,false,no linked commit,,,,,2025-05-08
18888,0c8f392eb9e99cfdb23e5ea8592f6a41,20250410,2025-04-10,"BUG #18888: /src/interfaces/ecpg/preproc/descriptor.c possible NULL dereference",2,2: 2-3 messages,false,no linked commit,,,,,2025-05-08
18889,0c8f392eb9e99cfdb23e5ea8592f6a41,20250410,2025-04-10,"BUG #18889: /src/backend/utils/adt/network.c condition is always false",2,2: 2-3 messages,true,linked to a fix commit,both,2025-04-10,0,1: same/next day,2025-05-08
18890,0c8f392eb9e99cfdb23e5ea8592f6a41,20250410,2025-04-10,"BUG #18890: /src/timezone/localtime.c condition always false",2,2: 2-3 messages,false,no linked commit,,,,,2025-05-08
18891,0c8f392eb9e99cfdb23e5ea8592f6a41,20250410,2025-04-10,"BUG #18891: /src/include/lib/simplehash.h possible palloc0 problems",2,2: 2-3 messages,false,no linked commit,,,,,2025-05-08
18892,93f11c857856480d7bd40502fe978894,20250412,2025-04-12,"BUG #18892: When the view already exists, CREATE OR REPLACE VIEW does not check whether the table exists.",7,3: 4-10 messages,false,no linked commit,,,,,2025-05-08
18893,792f72b59c0d05f18afc47fff7c7edce,20250412,2025-04-12,"BUG #18893: Segfault during analyze pg_database",5,3: 4-10 messages,false,no linked commit,,,,,2025-05-08
18894,9c84a8347562240bb8ba5a9ec68fb9e1,20250414,2025-04-14,"BUG #18894: values of JLC_COLLATE and LC_CTYPE in the database have changed from Japanese_Japan.932 to ja-jp",3,2: 2-3 messages,false,no linked commit,,,,,2025-05-08
18895,b89f5b2bf7e32644503df93e31a4f826,20250416,2025-04-16,"BUG #18895: Installation failure on Fedora 42 due to missing repos",4,3: 4-10 messages,false,no linked commit,,,,,2025-05-08
18896,e7b930254234a1495c712be97b9f6c23,20250416,2025-04-16,"BUG #18896: A potential problem in heap_page_items (pageinspect, PG-17)",2,2: 2-3 messages,true,linked to a fix commit,both,2025-04-19,3,2: within a week,2025-05-08
18897,119a32560bb50b9a33a528d6a930c6c5,20250416,2025-04-16,"BUG #18897: Logical replication conflict after using pg_createsubscriber under heavy load",26,4: 11+ messages,true,linked to a fix commit,both,2025-07-24,99,4: within 6 months,2025-05-08
18898,bc12239be40d70580614fa4a78b60087,20250417,2025-04-17,"BUG #18898: replication process not working... sometimes",2,2: 2-3 messages,false,no linked commit,,,,,2025-05-08
18899,598f66da1f3ded42b153c3667afbc9c6,20250418,2025-04-18,"BUG #18899: FreeBSD, assembly by means of GCC with ASAN ends with error: undef reference to backtrace_symbols_fd",2,2: 2-3 messages,false,no linked commit,,,,,2025-05-08
18900,15664bf4e5015c4dc5e0da92eb1f5036,20250422,2025-04-22,"BUG #18900: Missing RPM python3-kazoo for RHEL9 - patroni RPM cannot be installed",2,2: 2-3 messages,false,no linked commit,,,,,2025-05-08
18901,1eedf903bee1ca3bee39d3b5c5ac92e5,20250422,2025-04-22,"BUG #18901: Bug in Perl-Script ""src/backend/nodes/gen_node_support.pl""",2,2: 2-3 messages,true,linked to a fix commit,both,2025-04-22,0,1: same/next day,2025-05-08
18902,c4ff1265bea2f571aa475fbb16435524,20250423,2025-04-23,"BUG #18902: TRAP:: failed Assert(""!is_sorted"") in File: ""createplan.c""",14,4: 11+ messages,true,linked to a fix commit,both,2025-05-08,15,3: within a month,2025-05-08
18903,c4ff1265bea2f571aa475fbb16435524,20250425,2025-04-25,"BUG #18903: TRAP: failed Assert(""false"") in file: ""tuplesortvariants.c""",4,3: 4-10 messages,false,no linked commit,,,,,2025-05-08
18904,ec3e50eb5df587357f20d55493cd985a,20250427,2025-04-27,"BUG #18904: INTERSECT with an impossible where should eliminate both from the query plan",7,3: 4-10 messages,false,no linked commit,,,,,2025-05-08
18905,ec3e50eb5df587357f20d55493cd985a,20250427,2025-04-27,"BUG #18905: The opposite WHERE clause intersects and is always an empty set. It should perform no action.",4,3: 4-10 messages,false,no linked commit,,,,,2025-05-08
18906,ec3e50eb5df587357f20d55493cd985a,20250427,2025-04-27,"BUG #18906: EXCEPT with identical left/right queries isn't eliminated",2,2: 2-3 messages,false,no linked commit,,,,,2025-05-08
18907,4c97abf790f20a4604ea284a04b67602,20250429,2025-04-29,"BUG #18907: SSL error: bad length failure during transfer data in pipeline mode with libpq",8,3: 4-10 messages,true,linked to a fix commit,both,2025-06-10,42,4: within 6 months,2025-05-08
18908,5b564803d769f3afbc1cdc20bb3270d5,20250430,2025-04-30,"BUG #18908: DEREF_OF_NULL: After having been assigned to a NULL value at descriptor.c:203",3,2: 2-3 messages,false,no linked commit,,,,,2025-05-08
18909,fb31594d90dfc815445133c3ae3ee210,20250502,2025-05-02,"BUG #18909: Query creates millions of temporary files and stalls",17,4: 11+ messages,true,linked to a fix commit,bug_ref,2026-03-19,321,5: longer,2025-05-08
18910,5b564803d769f3afbc1cdc20bb3270d5,20250505,2025-05-05,"BUG #18910: DEREF_OF_NULL.RET Pointer, returned from function 'palloc0' at simplehash.h:1080, may be NULL",2,2: 2-3 messages,false,no linked commit,,,,,2025-08-14
18911,27d2620e3742ed6d6926d92dd90dcc5b,20250505,2025-05-05,"BUG #18911: Bug in the command INHERITS.",7,3: 4-10 messages,false,no linked commit,,,,,2025-08-14
18912,2dddc2b8350f7316a73818978e6e29a5,20250505,2025-05-05,"BUG #18912: TRAP: failed Assert(""tag.spcOid != GLOBALTABLESPACE_OID""), File: ""bufmgr.c"", Line: 4165, PID: 2115",3,2: 2-3 messages,true,linked to a fix commit,both,2025-05-10,5,2: within a week,2025-08-14
18913,625f72fc1dfc48913f37b9b8206f36e4,20250507,2025-05-07,"BUG #18913: pgdg-redhat-repo-42.0-52PGDG.noarch: Cannot download, all mirrors were already tried without succes",2,2: 2-3 messages,false,no linked commit,,,,,2025-08-14
18914,5b564803d769f3afbc1cdc20bb3270d5,20250507,2025-05-07,"BUG #18914: REDUNDANT_COMPARISON.ALWAYS_FALSE Redundant comparison '0' > 'nb' (0 > {4, 16}) is always false",3,2: 2-3 messages,false,no linked commit,,,,,2025-08-14
18915,8a42a5fa562268a7921aadb3e871574f,20250507,2025-05-07,"BUG #18915: pgdg-redhat-repo-42.0-51PGDG.noarch package not available in postgres repo",2,2: 2-3 messages,false,no linked commit,,,,,2025-08-14
18916,5bd73b780ffdfc39395663a82e653c99,20250507,2025-05-07,"BUG #18916: alter table ... set (n_distinct=) completely ignored on partition head and/or individual partitions",2,2: 2-3 messages,false,no linked commit,,,,,2025-08-14
18917,b2758150e6ea938315e69d397f7fbd61,20250508,2025-05-08,"BUG #18917: ""Foreign key constraint drop fails with 'column is not in index' unless pg_constraint is queried",2,2: 2-3 messages,false,no linked commit,,,,,2025-08-14
18918,9a7a566c295985b320f9915a43fcfa90,20250508,2025-05-08,"BUG #18918: cron.schedule_in_database ERROR: must be superuser to create a job for another role",3,2: 2-3 messages,false,no linked commit,,,,,2025-08-14
18919,b89f5b2bf7e32644503df93e31a4f826,20250508,2025-05-08,"BUG #18919: Source archives in ftp/source/v17.5 are missing",2,2: 2-3 messages,false,no linked commit,,,,,2025-08-14
18920,8f84e0527bc2d9a620870e8c154fbcdb,20250508,2025-05-08,"BUG #18920: LOAD '$libdir/plugins' no longer works in 18beta1",12,4: 11+ messages,true,linked to a fix commit,both,2025-06-04,27,3: within a month,2025-08-14
18921,e3ab1e8b9852e01923cb189cf166a5ee,20250510,2025-05-10,"BUG #18921: The larger the value of max_parallel_workers_per_gather, the longer the SQL execution time.",2,2: 2-3 messages,false,no linked commit,,,,,2025-08-14
18923,a50180c2830bbaa0dccc477bd8d8e881,20250512,2025-05-12,"BUG #18923: pg_dump 18beta1 fails to process complex table names",10,3: 4-10 messages,true,linked to a fix commit,both,2025-05-20,8,3: within a month,2025-08-14
18924,dbd0110c646e7e512e3c9f8352240e14,20250512,2025-05-12,"BUG #18924: The ""ERROR: integer out of range"" should be more detailed",2,2: 2-3 messages,false,no linked commit,,,,,2025-08-14
18925,eabfdce72b44b06af6191e539dfc4ec0,20250512,2025-05-12,"BUG #18925: Heap-buffer-overflow: pglz_compress with pglz_stategy_always",4,3: 4-10 messages,false,no linked commit,,,,,2025-08-14
18926,adcc916a1ad47be4212c5b1b9cd7147f,20250514,2025-05-14,"BUG #18926: PostgreSQL 17.5 produces malformed binary COPY output (`GPOCYP` instead of `PGCOPY`) across platform",2,2: 2-3 messages,false,no linked commit,,,,,2025-08-14
18927,e3ab1e8b9852e01923cb189cf166a5ee,20250514,2025-05-14,"BUG #18927: Poor query plan - HashAggregate is more than twice as fast but at a higher cost",7,3: 4-10 messages,false,no linked commit,,,,,2025-08-14
18928,8f4a83b7d6d53a4d3a5757bc30b3ea5a,20250514,2025-05-14,"BUG #18928: postgres_fdw search_path not reset causing pgbouncer pool_mode=transaction using the wrong schema",5,3: 4-10 messages,false,no linked commit,,,,,2025-08-14
18929,c53f6c22a5f27ffb131e016f0a7db3d3,20250515,2025-05-15,"BUG #18929: After the view is created, executed query against the view definition, reported syntax error.",7,3: 4-10 messages,true,linked to a fix commit,discussion_link,2025-05-19,4,2: within a week,2025-08-14
18930,ed0b343bf702c80688d736719e334a24,20250515,2025-05-15,"BUG #18930: PostgreSQL fails to handle INTERSECT operation involving Empty Table",2,2: 2-3 messages,false,no linked commit,,,,,2025-08-14
18931,03a892a55aba8bb02fb2445b43fa2021,20250515,2025-05-15,"BUG #18931: Access to source rpms is not possible",2,2: 2-3 messages,false,no linked commit,,,,,2025-08-14
18932,ed0b343bf702c80688d736719e334a24,20250515,2025-05-15,"BUG #18932: PostgreSQL fails to handle EXCEPT operation when the left branch is an Empty Table",2,2: 2-3 messages,false,no linked commit,,,,,2025-08-14
18933,ed0b343bf702c80688d736719e334a24,20250515,2025-05-15,"BUG #18933: PostgreSQL fails to handle JOIN operation involving Empty Table",2,2: 2-3 messages,false,no linked commit,,,,,2025-08-14
18934,b6b3e5f5d3173f7d8eb9ab5d77464025,20250519,2025-05-19,"BUG #18934: Even with WITH ADMIN OPTION, I Cannot Manage Role Memberships",4,3: 4-10 messages,false,no linked commit,,,,,2025-08-14
18935,e3ab1e8b9852e01923cb189cf166a5ee,20250519,2025-05-19,"BUG #18935: The optimiser's choice of sort doubles the execution time.",5,3: 4-10 messages,false,no linked commit,,,,,2025-08-14
18936,1ca8f7ddff6269c17af97ddf1181d38d,20250520,2025-05-20,"BUG #18936: Trigger enable users to modify the tables which he doesn't have privilege",4,3: 4-10 messages,false,no linked commit,,,,,2025-08-14
18937,5856af5ecabd1a019cfd0b037beb7c00,20250527,2025-05-27,"BUG #18937: New error class 10 for XQuery errors lacks a ""standard"" error code",1,1: no replies,false,no linked commit,,,,,2025-08-14
18938,076d15f6cf1052b2aa08ea8bb57f3a9b,20250528,2025-05-28,"BUG #18938: Logical replication failure in 16.9: ""invalid memory alloc request size 1372786672""",5,3: 4-10 messages,true,linked to a fix commit,both,2025-06-17,20,3: within a month,2025-08-14
18939,6b544dbd19f4a31ecd7555476f1c96d7,20250528,2025-05-28,"BUG #18939: GIN index not used when it's expected to be",1,1: no replies,false,no linked commit,,,,,2025-08-14
18940,9c9f61bc9588e8088260bf3bf4f99a00,20250529,2025-05-29,"BUG #18940: PostgreSQL 18beta1 fails 'collate.windows.win1252' regression when building with MSYS/mingw",7,3: 4-10 messages,false,no linked commit,,,,,2025-08-14
18941,90e5307b6b74deb9fd73d633d40938e9,20250530,2025-05-30,"BUG #18941: PostgreSQL planner does not select a multicolumn btree_gin index under RLS",3,2: 2-3 messages,false,no linked commit,,,,,2025-08-14
18942,d9a117437500232de9879241bd01e082,20250530,2025-05-30,"BUG #18942: walsender memory allocation failure adding snapshot and invalidations to logical replica w/PG 16.9",4,3: 4-10 messages,true,linked to a fix commit,discussion_link,2025-06-17,18,3: within a month,2025-08-14
18943,6257a8aa3c3e63aeeb4e45d13c5f6c4a,20250601,2025-06-01,"BUG #18943: Return value of a function 'xmlBufferCreate' is dereferenced at xpath.c:177 without checking for NUL",27,4: 11+ messages,true,linked to a fix commit,discussion_link,2025-06-30,29,3: within a month,2025-08-14
18944,c4ff1265bea2f571aa475fbb16435524,20250602,2025-06-02,"BUG #18944: Assertion Failure in psql with idle_session_timeout Set",13,4: 11+ messages,true,linked to a fix commit,discussion_link,2025-06-04,2,2: within a week,2025-08-14
18945,c4a014769d389727b186a5b8db968661,20250602,2025-06-02,"BUG #18945: Standby synchronization problem",3,2: 2-3 messages,false,no linked commit,,,,,2025-08-14
18946,8482a1a1e0c0b4d447db71725582181f,20250603,2025-06-03,"BUG #18946: Installation Setup File",2,2: 2-3 messages,false,no linked commit,,,,,2025-08-14
18947,dd62e2ef2da8e7dc252efeb2d7a9d06a,20250606,2025-06-06,"BUG #18947: TRAP: failed Assert(""len_to_wrt >= 0"") in pg_stat_statements",15,4: 11+ messages,true,linked to a fix commit,discussion_link,2025-06-12,6,2: within a week,2025-08-14
18948,1438ec42f8e652facd894281da56f266,20250607,2025-06-07,"BUG #18948: Equivalent MAX() result in view and inline query yields inconsistent row count",2,2: 2-3 messages,false,no linked commit,,,,,2025-08-14
18949,ab9ec7835817c91eedc2d492858c0913,20250607,2025-06-07,"BUG #18949: 分区表创建主键或者唯一约束需要有分区键",2,2: 2-3 messages,false,no linked commit,,,,,2025-08-14
18950,77dfc4f115bfaa6cde0b702397c63611,20250607,2025-06-07,"BUG #18950: pgsql function that worked in Postgresql 16 does not return in Postgresql 17",20,4: 11+ messages,false,no linked commit,,,,,2025-08-14
18951,52393f42d216405442486112bcee2dee,20250608,2025-06-08,"BUG #18951: Precision loss in inner join while using SUM aggregate function",3,2: 2-3 messages,false,no linked commit,,,,,2025-08-14
18952,dd2094e0ba61d3b35761518c68da8d6b,20250610,2025-06-10,"BUG #18952: pg_restore --help and document have strange description: Dump something",6,3: 4-10 messages,true,linked to a fix commit,both,2025-06-12,2,2: within a week,2025-08-14
18953,8d353a4c5a84c5049abfc94b13c17ae1,20250610,2025-06-10,"BUG #18953: Planner fails to build plan for complex query with LATERAL references",21,4: 11+ messages,true,linked to a fix commit,both,2025-06-20,10,3: within a month,2025-08-14
18954,40c03a42be16c196f6476279afce856c,20250611,2025-06-11,"BUG #18954: Error ""could not reserve shared memory region ... error code 487"" on Windows",1,1: no replies,false,no linked commit,,,,,2025-08-14
18955,40c03a42be16c196f6476279afce856c,20250611,2025-06-11,"BUG #18955: pg_ctl output not being logged in stderr log on Windows if started with ""net start""",1,1: no replies,false,no linked commit,,,,,2025-08-14
18956,07b8a0687abd0c24035c28fe46e8399e,20250612,2025-06-12,"BUG #18956: Observing an issue in regexp_count()",4,3: 4-10 messages,false,no linked commit,,,,,2025-08-14
18958,40c03a42be16c196f6476279afce856c,20250613,2025-06-13,"BUG #18958: ""pg_ctl start"" allows subsequent CTRL-C key in cmd.exe to unexpectedly terminate cluster on Windows",6,3: 4-10 messages,false,no linked commit,,,,,2025-08-14
18959,7c3b165c3922385066febacfb3df5618,20250613,2025-06-13,"BUG #18959: Name collisions of expression indexes during parallel Index creations on a pratitioned table.",19,4: 11+ messages,true,linked to a fix commit,both,2025-06-20,7,2: within a week,2025-08-14
18960,e7b930254234a1495c712be97b9f6c23,20250618,2025-06-18,"BUG #18960: Mistake in test test_simple_pipeline (libpq_pipeline.c)",9,3: 4-10 messages,true,linked to a fix commit,both,2025-09-03,77,4: within 6 months,2025-08-14
18961,82dc2d8b993dc54d3a183e558888d439,20250619,2025-06-19,"BUG #18961: Race scenario where max_standby_streaming_delay is not honored",9,3: 4-10 messages,false,no linked commit,,,,,2025-08-14
18962,28a519a91aee5525a90e8ba587bce98a,20250619,2025-06-19,"BUG #18962: Type Conversion incorrect when performing UNION of queries.",4,3: 4-10 messages,false,no linked commit,,,,,2025-08-14
18963,d264e9dd3768e50e27aa3364cdfe3b6d,20250619,2025-06-19,"BUG #18963: Column confupdsetcols missing in pg_catalog.pg_constraint",3,2: 2-3 messages,false,no linked commit,,,,,2025-08-14
18964,a1d5a0b3efbdf8cd2d6f54e1327ddf85,20250620,2025-06-20,"BUG #18964: `ALTER DATABASE ... RESET ...` fails to reset extension parameters that no longer exist",14,4: 11+ messages,true,linked to a fix commit,discussion_link,2025-08-01,42,4: within 6 months,2025-08-14
18965,14eadce6fead4c54038568cef7ce3d56,20250620,2025-06-20,"BUG #18965: Issue with Short-Circuit Evaluation in Boolean Expressions",5,3: 4-10 messages,false,no linked commit,,,,,2025-08-14
18966,ff81288a668026891fc2f77e95c75429,20250624,2025-06-24,"BUG #18966: Invalid SQL queries hang indefinitely until server restart",4,3: 4-10 messages,false,no linked commit,,,,,2025-08-14
18968,a4897ed17b6ebeb8944264c5127e2bf0,20250624,2025-06-24,"BUG #18968: GiST Index Cost Estimation",2,2: 2-3 messages,false,no linked commit,,,,,2025-08-14
18969,dc42e724623ea52fd4ab7c16c40ab0ab,20250625,2025-06-25,"BUG #18969: security tests failures",2,2: 2-3 messages,false,no linked commit,,,,,2025-08-14
18970,8d353a4c5a84c5049abfc94b13c17ae1,20250628,2025-06-28,"BUG #18970: Atempt to alter type of table column used in row type with check leads to assertion failure",11,4: 11+ messages,true,linked to a fix commit,both,2025-06-29,1,1: same/next day,2025-08-14
18971,e7b930254234a1495c712be97b9f6c23,20250628,2025-06-28,"BUG #18971: Server passes an invalid (indirect) path in PGDATA to the external program",6,3: 4-10 messages,false,no linked commit,,,,,2025-08-14
18973,73d8441e5290507caf01f16e2a6be541,20250630,2025-06-30,"BUG #18973: The default enable_material=ON affects the cost estimation of optimizer, resulting in 10968x slow",2,2: 2-3 messages,false,no linked commit,,,,,2025-08-14
18974,5bd73b780ffdfc39395663a82e653c99,20250701,2025-07-01,"BUG #18974: Postgresql repeatable crash after pg_upgrade from 15 to 17.5 version in postgresql_fdw queries",6,3: 4-10 messages,true,linked to a fix commit,both,2025-07-02,1,1: same/next day,2025-08-14
18975,e7ecd9cea23c5207290d395930fcbe14,20250701,2025-07-01,"BUG #18975: PostgreSQL server doesn't process SQL request correctly over Windows replica of Linux server",2,2: 2-3 messages,false,no linked commit,,,,,2025-08-14
18976,1ca8f7ddff6269c17af97ddf1181d38d,20250703,2025-07-03,"BUG #18976: -0.0 with float8 will be transformed to 0 in prepare statement but not in normal execution",5,3: 4-10 messages,false,no linked commit,,,,,2025-08-14
18977,1ca8f7ddff6269c17af97ddf1181d38d,20250703,2025-07-03,"BUG #18977: Unexpected result of function to_char",4,3: 4-10 messages,false,no linked commit,,,,,2025-08-14
18978,73d8441e5290507caf01f16e2a6be541,20250703,2025-07-03,"BUG #18978: Index does not work in aggregate function filter",2,2: 2-3 messages,false,no linked commit,,,,,2025-08-14
18979,1aa38ab39a9a9e7ada1e8ea86442debe,20250706,2025-07-06,"BUG #18979: pg_upgrade to PG17 fails if max_slot_wal_keep_size is not set to -1",6,3: 4-10 messages,true,linked to a fix commit,discussion_link,2025-07-11,5,2: within a week,2025-08-14
18980,4832bf885b336b8ae52c17b72669ba27,20250707,2025-07-07,"BUG #18980: Unable to perform make due to inability to resolve a variety of Undefined symbols arm64",2,2: 2-3 messages,false,no linked commit,,,,,2025-08-14
18981,e7b930254234a1495c712be97b9f6c23,20250708,2025-07-08,"BUG #18981: Fault tolerance and improvement for xmltotext_with_options (xml.c)",2,2: 2-3 messages,true,linked to a fix commit,both,2025-07-08,0,1: same/next day,2025-08-14
18983,e7b930254234a1495c712be97b9f6c23,20250709,2025-07-09,"BUG #18983: Problems with Postgres ""make check"" under ASAN",4,3: 4-10 messages,false,no linked commit,,,,,2025-08-14
18984,8d353a4c5a84c5049abfc94b13c17ae1,20250714,2025-07-14,"BUG #18984: Empty prepared statement from psql \parse triggers assert in PortalRunMulti",21,4: 11+ messages,true,linked to a fix commit,both,2025-07-17,3,2: within a week,2025-08-14
18985,19cf29c8fb1885d0bac8b905bfe20d08,20250715,2025-07-15,"BUG #18985: fast shutdown does not close connections from qlik data gateway data movement aka. replicate",13,4: 11+ messages,false,no linked commit,,,,,2025-08-14
18986,068cfff569b15f93eaca3d89fc9972d7,20250715,2025-07-15,"BUG #18986: SIGSEGV in nodeModifyTable.c during Parallel Execution",12,4: 11+ messages,true,linked to a fix commit,both,2025-07-18,3,2: within a week,2025-08-14
18987,bf5618bc4eb52757626e412e8750be86,20250716,2025-07-16,"BUG #18987: psqlodbc_setup.exe installs as Unknown Publisher",2,2: 2-3 messages,false,no linked commit,,,,,2025-08-14
18988,8d353a4c5a84c5049abfc94b13c17ae1,20250716,2025-07-16,"BUG #18988: DROP SUBSCRIPTION locks not-yet-accessed database",37,4: 11+ messages,true,linked to a fix commit,discussion_link,2025-08-19,34,4: within 6 months,2025-08-14
18989,79ae91d66e3b07bb18102fb967e29585,20250717,2025-07-17,"BUG #18989: Output of \sf does not match original source for E quoted strings (unlike \df+ used to)",2,2: 2-3 messages,false,no linked commit,,,,,2025-08-14
18990,73d8441e5290507caf01f16e2a6be541,20250717,2025-07-17,"BUG #18990: The results of equivalent queries are inconsistent (one returns 0, another returns -0)",3,2: 2-3 messages,false,no linked commit,,,,,2025-08-14
18991,77258b8ffd80d61d311c2c966120996a,20250719,2025-07-19,"BUG #18991: NUMA test fails on machine with two NUMA nodes when building 18beta2",2,2: 2-3 messages,false,no linked commit,,,,,2025-08-14
18992,792f72b59c0d05f18afc47fff7c7edce,20250720,2025-07-20,"BUG #18992: Autovacuum triggering assert - LWLockAnyHeldByMe",5,3: 4-10 messages,false,no linked commit,,,,,2025-08-14
18993,5b564803d769f3afbc1cdc20bb3270d5,20250721,2025-07-21,"BUG #18993: [BUG] Unreachable code in pg_next_dst_boundary()",3,2: 2-3 messages,false,no linked commit,,,,,2025-08-14
18995,a2a925b2b06527442bee1a8b6f6b3f05,20250723,2025-07-23,"BUG #18995: Building with GCC 14 fails: incompatible pointer struct pam_message",8,3: 4-10 messages,true,linked to a fix commit,both,2025-07-23,0,1: same/next day,2025-08-14
18996,ab5cd93dbae310cb9f9a666fbbc64083,20250724,2025-07-24,"BUG #18996: Assertion fails in waiteventset.c when dropping database in single mode in PG18",3,2: 2-3 messages,true,linked to a fix commit,discussion_link,2025-07-25,1,1: same/next day,2025-08-14
18997,73d8441e5290507caf01f16e2a6be541,20250724,2025-07-24,"BUG #18997: Two equivalent queries return different results",3,2: 2-3 messages,false,no linked commit,,,,,2025-08-14
18998,03fcb6fe5596b5568792253503fd716a,20250724,2025-07-24,"BUG #18998: No materialized views in INFORMATION_SCHEMA.TABLE_PRIVILEGES",2,2: 2-3 messages,false,no linked commit,,,,,2025-08-14
18999,73d8441e5290507caf01f16e2a6be541,20250725,2025-07-25,"BUG #18999: Equivalent queries processing WHERE IS NULL & WHERE IS NOT NULL produce mutually exclusive results",5,3: 4-10 messages,false,no linked commit,,,,,2025-08-14
19000,8d353a4c5a84c5049abfc94b13c17ae1,20250727,2025-07-27,"BUG #19000: gist index returns inconsistent result with gist_inet_ops",12,4: 11+ messages,false,no linked commit,,,,,2025-08-14
19001,0e9e52742fdebd701afa782064210ca5,20250729,2025-07-29,"BUG #19001: PostgreSQL 17: CREATE MATERIALIZED VIEW fails with STABLE function using JSONB LATERAL joins",3,2: 2-3 messages,false,no linked commit,,,,,2025-08-14
19002,18c82d76080da8971b2471524ac71d85,20250729,2025-07-29,"BUG #19002: `pg_isready` unexpectedly succeeds on incorrect `--dbname` and/or `--username`",4,3: 4-10 messages,false,no linked commit,,,,,2025-08-14
19003,b4e2578d8a6f41ab22d9ef9e2a9f4215,20250730,2025-07-30,"BUG #19003: A SELECT that does not return a valid table",6,3: 4-10 messages,false,no linked commit,,,,,2025-08-14
19004,78856a9df93fc8434bcd64c26c5b8030,20250731,2025-07-31,"BUG #19004: Incorrect lowercasing of word-final Greek capital Sigma (Σ)",2,2: 2-3 messages,false,no linked commit,,,,,2025-08-14
19006,8d353a4c5a84c5049abfc94b13c17ae1,20250803,2025-08-03,"BUG #19006: Assert(BufferIsPinned) in BufferGetBlockNumber() is triggered for forwarded buffer",29,4: 11+ messages,true,linked to a fix commit,discussion_link,2025-08-09,6,2: within a week,2025-08-14
19007,d30922cbdb8c27089e0581579eb52d3c,20250803,2025-08-03,"BUG #19007: Planner fails to choose partial index with spurious 'not null'",10,3: 4-10 messages,true,linked to a fix commit,both,2025-08-30,27,3: within a month,2025-08-14
19008,a00db75f5ab8eb184bf259788c48424e,20250804,2025-08-04,"BUG #19008: Problems downloading metadata for dnf - probably missing private key (GPG signature)",2,2: 2-3 messages,false,no linked commit,,,,,2025-08-14
19009,70157a12d3c9d52785792c8a444df287,20250804,2025-08-04,"BUG #19009: Empty repomd.xml.asc file on pgdg16 mirror causes metadata retrieval failure",2,2: 2-3 messages,false,no linked commit,,,,,2025-08-14
19010,e30edcec8d96ad1ddf5e7a56cd79855c,20250804,2025-08-04,"BUG #19010: Empty repomd.xml.asc file",2,2: 2-3 messages,false,no linked commit,,,,,2025-08-14
19011,06ed5488e527710fc0d8a609ec32098f,20250804,2025-08-04,"BUG #19011: repomd.xml.asc on postgresql 16 empty",3,2: 2-3 messages,false,no linked commit,,,,,2025-08-14
19012,aad144f32eb45a3d5a4415a18feee665,20250804,2025-08-04,"BUG #19012: GPG signature file for RHEL 9 is 0 bytes",2,2: 2-3 messages,false,no linked commit,,,,,2025-08-14
19013,22b3b7abc1e9b157971b6dd06913dc4e,20250805,2025-08-05,"BUG #19013: When creating a table with the ""...LIKE...INCLUDING ALL"" construct, REPLICA IDENTITY output is wrong",9,3: 4-10 messages,false,no linked commit,,,,,2025-08-14
19014,477ad2a9ff56583c64768263ab5f7b0f,20250807,2025-08-07,"BUG #19014: Automatic aggressive VACUUM on template0 and template1 pg_shdepend runs every minute",4,3: 4-10 messages,false,no linked commit,,,,,2025-08-14
19015,4e865a5c2926a9d657f5cf32021e9e73,20250807,2025-08-07,"BUG #19015: insert-returning failure: stable function in select policy doesn't see before-insert trigger change",1,1: no replies,false,no linked commit,,,,,2025-08-14
19016,5b564803d769f3afbc1cdc20bb3270d5,20250808,2025-08-08,"BUG #19016: Re: BUG #18908: DEREF_OF_NULL: After having been assigned to a NULL value at descriptor.c:203",1,1: no replies,false,no linked commit,,,,,2025-08-14
19017,8a991988e5d64a447960078742a341f8,20250811,2025-08-11,"BUG #19017: pg_upgrade from 17.5 to 18.0beta2 fails with a complaint about max_slot_wal_keep_size",2,2: 2-3 messages,false,no linked commit,,,,,2025-11-13
19018,b7687f9fe23a3f11a68cc112eaffcf93,20250811,2025-08-11,"BUG #19018: high memory usage and ""stack depth limit exceeded"", with GiST index on ltree",6,3: 4-10 messages,false,no linked commit,,,,,2025-11-13
19019,3385484f86e895ec2fd0597b480ec590,20250813,2025-08-13,"BUG #19019: Feature Request: allow the use of column reference in DEFAULT expression",3,2: 2-3 messages,false,no linked commit,,,,,2025-11-13
19020,8d353a4c5a84c5049abfc94b13c17ae1,20250816,2025-08-16,"BUG #19020: BufFileDumpBuffer writes uninitialized data on executing hash join",2,2: 2-3 messages,false,no linked commit,,,,,2025-11-13
19021,9d2abf6585f280eb2b112b7c09ffa6fd,20250817,2025-08-17,"BUG #19021: Memory leak of SMgrRelation object during standby redo",1,1: no replies,false,no linked commit,,,,,2025-11-13
19022,974fc93920d7efd8c7658998d032a28f,20250817,2025-08-17,"BUG #19022: Trying to set up pem server not accepting any passwords",2,2: 2-3 messages,false,no linked commit,,,,,2025-11-13
19023,d4ca0c2d84372d945a6a4d6de0b21267,20250818,2025-08-18,"BUG #19023: Table DDL default column expression depending on temp objects",2,2: 2-3 messages,false,no linked commit,,,,,2025-11-13
19024,46fd412f40fd0c970c58fb3a3fcf536f,20250819,2025-08-19,"BUG #19024: Error when trying to use pg_dump of new server on old server",4,3: 4-10 messages,false,no linked commit,,,,,2025-11-13
19025,dbc097758ee8f14feb8c2aae5a0dc0ae,20250819,2025-08-19,"BUG #19025: PostgreSQL log is not rotated",4,3: 4-10 messages,false,no linked commit,,,,,2025-11-13
19026,8d353a4c5a84c5049abfc94b13c17ae1,20250820,2025-08-20,"BUG #19026: ResourceOwnerForget can't find owner for invalid plancache",9,3: 4-10 messages,true,linked to a fix commit,both,2025-08-20,0,1: same/next day,2025-11-13
19028,076c1e9d799d597a62a8fd5dfd791162,20250821,2025-08-21,"BUG #19028: INITDB fails post-bootstrap initialization with FATAL "" "" is not a valid binary digit at character 1",3,2: 2-3 messages,false,no linked commit,,,,,2025-11-13
19029,39b643134c2a6202215c75a7e6468d2f,20250823,2025-08-23,"BUG #19029: Replication Slot size keeps increasing while logical subscription works fine",29,4: 11+ messages,false,no linked commit,,,,,2025-11-13
19030,1980176ef1c5a9dd41d7dca90b5b2be4,20250823,2025-08-23,"BUG #19030: Hash join leads to extremely high memory usage",2,2: 2-3 messages,false,no linked commit,,,,,2025-11-13
19031,a511064517dfdf9ab9153843437ed2ff,20250825,2025-08-25,"BUG #19031: pg_trgm infinite loop on certain cases",8,3: 4-10 messages,true,linked to a fix commit,both,2025-08-26,1,1: same/next day,2025-11-13
19032,9f42d98e3fef1b7f0d98b2819454da87,20250826,2025-08-26,"BUG #19032: In restore_command %f parameter does not support WAL partial files.",3,2: 2-3 messages,false,no linked commit,,,,,2025-11-13
19033,1ca8f7ddff6269c17af97ddf1181d38d,20250827,2025-08-27,"BUG #19033: Inconsistency between prepared statement and normal statement when cast bit to integer",3,2: 2-3 messages,false,no linked commit,,,,,2025-11-13
19034,9a5cfe9a51b4b9421d0ce7772fd24ca8,20250828,2025-08-28,"BUG #19034: Recursive function with sql_body can replace an existing function but can not be created on it's own",13,4: 11+ messages,false,no linked commit,,,,,2025-11-13
19036,1ca8f7ddff6269c17af97ddf1181d38d,20250829,2025-08-29,"BUG #19036: Failed prepared INSERT statement make another SELECT query generate wrong result",6,3: 4-10 messages,false,no linked commit,,,,,2025-11-13
19037,8d353a4c5a84c5049abfc94b13c17ae1,20250830,2025-08-30,"BUG #19037: Planner fails on estimating array length with ""no relation entry"" error",11,4: 11+ messages,true,linked to a fix commit,both,2025-09-03,4,2: within a week,2025-11-13
19039,5b564803d769f3afbc1cdc20bb3270d5,20250902,2025-09-02,"BUG #19039: UNREACHABLE_CODE: Remove unreachable code in network_send - replace with assertion",2,2: 2-3 messages,false,no linked commit,,,,,2025-11-13
19040,6804b85c0bdea54064907a852afb267c,20250902,2025-09-02,"BUG #19040: Memory leak in hashed subplan node due to missing hashtempcxt reset",20,4: 11+ messages,true,linked to a fix commit,both,2025-09-10,8,3: within a month,2025-11-13
19041,9045aa754028c172ecc33a5750b509fa,20250903,2025-09-03,"BUG #19041: Logical replication locks wal processing",5,3: 4-10 messages,false,no linked commit,,,,,2025-11-13
19042,fc2dd340d560f8016397505031c1ee69,20250903,2025-09-03,"BUG #19042: Option --help not recognized at the end of command line in pg_restore",20,4: 11+ messages,false,no linked commit,,,,,2025-11-13
19043,167917368b16038a728b7ed1e2074840,20250905,2025-09-05,"BUG #19043: jdbc connection url is not case insensitive",5,3: 4-10 messages,false,no linked commit,,,,,2025-11-13
19045,d3d9a279f3f8f6ef23e7ccd61b7877e7,20250909,2025-09-09,"BUG #19045: Applying custom collation rules appears to erase existing rules",3,2: 2-3 messages,false,no linked commit,,,,,2025-11-13
19046,802372e7e5da48fd0b15ecb7cf0f53c4,20250910,2025-09-10,"BUG #19046: Incorrect result when using json_array() with column reference in subquery combined with RIGHT JOIN",11,4: 11+ messages,true,linked to a fix commit,both,2025-09-16,6,2: within a week,2025-11-13
19047,faa9253efce3a301a8cb80a94d948b61,20250911,2025-09-11,"BUG #19047: pg_last_wal_replay_lsn() returns non-NULL after pg_promote()",2,2: 2-3 messages,false,no linked commit,,,,,2025-11-13
19048,1645e5c77b5b432df992bf0cc6d07405,20250911,2025-09-11,"BUG #19048: PostgreSQL Windows Turkish Search Problem",1,1: no replies,false,no linked commit,,,,,2025-11-13
19049,ab7c889869fb2d1c0924fec24546bb9d,20250911,2025-09-11,"BUG #19049: Assert failure when using skip arrays on an index key with DESC order",7,3: 4-10 messages,true,linked to a fix commit,discussion_link,2025-09-12,1,1: same/next day,2025-11-13
19050,37f64ece920f6bc9a5a8cd1b8b40dfd1,20250911,2025-09-11,"BUG #19050: psql: could not find digest for NID UNDEF",3,2: 2-3 messages,false,no linked commit,,,,,2025-11-13
19051,149fa7d01866ea3c62278adad5e24199,20250914,2025-09-14,"BUG #19051: Is it possible to move a TOAST table to a different tablespace than its parent table?",2,2: 2-3 messages,false,no linked commit,,,,,2025-11-13
19052,5e84c129239370ee750cc419fbefc110,20250915,2025-09-15,"BUG #19052: failing to install on Windows if user path contains Chineese/Korean characters",2,2: 2-3 messages,false,no linked commit,,,,,2025-11-13
19053,d6afb53637fcc63b884d6fe4158b8827,20250915,2025-09-15,"BUG #19053: Inconsistent arithmetic regarding TIMESTAMPTZ and INTERVAL",4,3: 4-10 messages,false,no linked commit,,,,,2025-11-13
19054,920820f1c93ac1552d243e15c241be8a,20250915,2025-09-15,"BUG #19054: Memory exhaustion vulnerability in PostgreSQL array operations leads to server crash",2,2: 2-3 messages,false,no linked commit,,,,,2025-11-13
19055,40456fc9d6793f0838eb969c39e767d0,20250917,2025-09-17,"BUG #19055: Server crash at ExecInterpExpr",3,2: 2-3 messages,true,linked to a fix commit,both,2025-09-17,0,1: same/next day,2025-11-13
19056,8fb2b55d908e3af493d8012e6fec8e12,20250917,2025-09-17,"BUG #19056: ExecInitPartitionExecPruning segfault due to NULL es_part_prune_infos",21,4: 11+ messages,true,linked to a fix commit,both,2025-09-19,2,2: within a week,2025-11-13
19057,c0ae68d5bbf1ae8621f1e0a78c0c1aa8,20250918,2025-09-18,"BUG #19057: Installing postgresql-15 from the repostory installs a mix of postgresql 15 and 17",1,1: no replies,false,no linked commit,,,,,2025-11-13
19058,840ce03971db8608c2279c8bf15991a6,20250919,2025-09-19,"BUG #19058: Empty repomd.xml.asc file",2,2: 2-3 messages,false,no linked commit,,,,,2025-11-13
19059,540fca44bb2f9a731fae180b9f3e5413,20250920,2025-09-20,"BUG #19059: PostgreSQL fails to evaluate the cheaper expression first, leading to 45X performance degradation",6,3: 4-10 messages,false,no linked commit,,,,,2025-11-13
19061,be4e089ba10dbd16273d8f4b9202ce8e,20250923,2025-09-23,"BUG #19061: I downloaded version 17 of postgreSQL and it was lagging very much",2,2: 2-3 messages,false,no linked commit,,,,,2025-11-13
19062,8c01fcb9ec91b87770c2f71642a541d9,20250924,2025-09-24,"BUG #19062: PostgreSQL 12.22 does not compile because of conflicting types for CollationCreate",7,3: 4-10 messages,false,no linked commit,,,,,2025-11-13
19063,eb96efa7a5664ba1c4ebf586abd4121f,20250924,2025-09-24,"BUG #19063: Heavily nesting trivial ROW projections produces out of memory error",3,2: 2-3 messages,false,no linked commit,,,,,2025-11-13
19064,c9a3fc7744d49094c7197c43415a76dd,20250926,2025-09-26,"BUG #19064: Trigger allows creation with invalid column references but fails at runtime",4,3: 4-10 messages,false,no linked commit,,,,,2025-11-13
19065,1820f78c0e91839bce45e793d3573bc3,20250926,2025-09-26,"BUG #19065: postgresql-18.0/src/bin/pg_combinebackup/reconstruct.c:230: Array sanity check in wrong place ?",1,1: no replies,false,no linked commit,,,,,2025-11-13
19066,1820f78c0e91839bce45e793d3573bc3,20250926,2025-09-26,"BUG #19066: postgresql-18.0/src/backend/optimizer/geqo/geqo_ox2.c:86: Array index check in wrong place ?",2,2: 2-3 messages,false,no linked commit,,,,,2025-11-13
19067,8a991988e5d64a447960078742a341f8,20250926,2025-09-26,"BUG #19067: On master at commit 66cdef4425f3, ""psql -c 'select 1' dbname"" causes the backend to seg fault",4,3: 4-10 messages,false,no linked commit,,,,,2025-11-13
19068,40cfb916bdb4270361d3436cf67e1b93,20251002,2025-10-02,"BUG #19068: postgresql-server-dev-17 from apt.postgresql.org installs libpq-int.h for 18 version",1,1: no replies,false,no linked commit,,,,,2025-11-13
19069,365eb9d0ab3d9e2666c6a7932cb5fe8f,20251002,2025-10-02,"BUG #19069: pg_advisory_xact_lock() in a WITH query doesn't work",3,2: 2-3 messages,false,no linked commit,,,,,2025-11-13
19070,6804b85c0bdea54064907a852afb267c,20251002,2025-10-02,"BUG #19070: issue with DETACH PARTITION CONCURRENTLY on a hash partition table",8,3: 4-10 messages,true,linked to a fix commit,discussion_link,2025-10-11,9,3: within a month,2025-11-13
19071,b5de5166be0cdf96c73eb56a578ca1c0,20251003,2025-10-03,"BUG #19071: commit b448f1c8d broke LEFT JOIN pushdown",2,2: 2-3 messages,false,no linked commit,,,,,2025-11-13
19072,372d6dad3b0b22eb3fe7405213ae79a4,20251004,2025-10-04,"BUG #19072: New-style SQL language function referencing a temp table behaves oddly",3,2: 2-3 messages,false,no linked commit,,,,,2025-11-13
19073,d96d3809b60e2060f655d3620d37c7c6,20251005,2025-10-05,"BUG #19073: there are meaningless code in _SPI_execute_plan() when canSetTag is true",4,3: 4-10 messages,false,no linked commit,,,,,2025-11-13
19074,96600f3a2fb6b20ee6e9e74e39ccd4b2,20251005,2025-10-05,"BUG #19074: pg_dump from v18 loses the NOT NULL flag in the inherited table field when dumping v17-databases",12,4: 11+ messages,true,linked to a fix commit,both,2025-10-18,13,3: within a month,2025-11-13
19075,9045aa754028c172ecc33a5750b509fa,20251006,2025-10-06,"BUG #19075: pg_upgradecluster does not copy conf.d/* during cluster upgrade",2,2: 2-3 messages,false,no linked commit,,,,,2025-11-13
19076,25b5c22c2c9b76dae5bbdea0a8be038e,20251007,2025-10-07,"BUG #19076: Generic query plan is extremely slow",6,3: 4-10 messages,false,no linked commit,,,,,2025-11-13
19078,2545b020db3f8f4a1e7bb098a983804b,20251009,2025-10-09,"BUG #19078: Segfaults in tts_minimal_store_tuple() following pg_upgrade",24,4: 11+ messages,true,linked to a fix commit,both,2025-10-16,7,2: within a week,2025-11-13
19079,683f1e7bb8df98e9d14a5933a02ad85e,20251009,2025-10-09,"BUG #19079: can't dowmload documentation download aborted",2,2: 2-3 messages,false,no linked commit,,,,,2025-11-13
19080,034afd5be5762ae4a32da121a740df75,20251009,2025-10-09,"BUG #19080: CancelRequest message documentation bug",6,3: 4-10 messages,false,no linked commit,,,,,2025-11-13
19081,2bb036af1d0577aac48e6f6129f137ff,20251009,2025-10-09,"BUG #19081: Inconsistent target rows seen by the UPDATE and INSERT statements within the same transaction",3,2: 2-3 messages,false,no linked commit,,,,,2025-11-13
19082,f31a58fe1776f6e8de7c3e5c84a1899e,20251010,2025-10-10,"BUG #19082: Failing assert in index scan",8,3: 4-10 messages,true,linked to a fix commit,both,2025-10-10,0,1: same/next day,2025-11-13
19083,b5de5166be0cdf96c73eb56a578ca1c0,20251013,2025-10-13,"BUG #19083: Foreign inner join is the case for char() keys but not for varchar()",1,1: no replies,false,no linked commit,,,,,2025-11-13
19084,5f7d0e52caee37ba90cee8385b63bac0,20251013,2025-10-13,"BUG #19084: dump/restore table doesn't work with GENARETED column and custom type and cast in function",3,2: 2-3 messages,false,no linked commit,,,,,2025-11-13
19085,1b47315f9bf4e0ec88e6c25988b73e91,20251014,2025-10-14,"BUG #19085: Using EXECUTE to run a multi-statement SQL string causes an assertion failure",2,2: 2-3 messages,false,no linked commit,,,,,2025-11-13
19086,96600f3a2fb6b20ee6e9e74e39ccd4b2,20251014,2025-10-14,"BUG #19086: pg_dump --data-only selects and do not uses index definitions for the dumped tables.",20,4: 11+ messages,false,no linked commit,,,,,2025-11-13
19089,c6ea1af7628a687edf901f89039563dd,20251015,2025-10-15,"BUG #19089: Mounting Issue",3,2: 2-3 messages,false,no linked commit,,,,,2025-11-13
19092,e0a2d6f9d1dc70cce453b87de3b1c59d,20251021,2025-10-21,"BUG #19092: scram_free() will free on address which was not malloc()-ed in pg_scram_mech",5,3: 4-10 messages,false,no linked commit,,,,,2025-11-13
19093,e692322b2ac5ba17c6cf9b9fe2f5ea11,20251023,2025-10-23,"BUG #19093: Behavioral change in walreceiver termination between PostgreSQL 14.17 and 14.18",21,4: 11+ messages,true,linked to a fix commit,discussion_link,2025-10-31,8,3: within a month,2025-11-13
19094,7f1d6ded79cad2f506766bc4401f27d1,20251024,2025-10-24,"BUG #19094: select statement on postgres 17 vs postgres 18 is returning different/duplicate results",25,4: 11+ messages,true,linked to a fix commit,both,2025-10-30,6,2: within a week,2025-11-13
19095,1e8d41bf1518393f9dfd1ebe6a90e43d,20251027,2025-10-27,"BUG #19095: Test if function exit() is used fail when linked static",37,4: 11+ messages,true,linked to a fix commit,discussion_link,2025-12-09,43,4: within 6 months,2025-11-13
19096,57f0c5710669ea2f256120d437244ec1,20251028,2025-10-28,"BUG #19096: Hugepages configuration is probably not reserving the allocated number of pages",2,2: 2-3 messages,false,no linked commit,,,,,2025-11-13
19097,40cfb916bdb4270361d3436cf67e1b93,20251029,2025-10-29,"BUG #19097: System catalog modifications are allowed by alter",5,3: 4-10 messages,false,no linked commit,,,,,2025-11-13
19098,d340e6c11b46cf3cb99be1b47d943be2,20251029,2025-10-29,"BUG #19098: Can't create unique gist index, where pg_indexes says that WITHOUT OVERLAPS does exacly that",16,4: 11+ messages,false,no linked commit,,,,,2025-11-13
19099,8d353a4c5a84c5049abfc94b13c17ae1,20251029,2025-10-29,"BUG #19099: Conditional DELETE from partitioned table with non-updatable partition raises internal error",36,4: 11+ messages,true,linked to a fix commit,both,2026-01-23,86,4: within 6 months,2025-11-13
19100,6804b85c0bdea54064907a852afb267c,20251101,2025-11-01,"BUG #19100: Different column type between partitioned table and detached pending partition table make errors",4,3: 4-10 messages,false,no linked commit,,,,,2025-11-13
19101,81e37c7bf5fb28bee094a50049f31835,20251102,2025-11-02,"BUG #19101: Ceil on BIGINT could lost precision in decil function",4,3: 4-10 messages,false,no linked commit,,,,,2025-11-13
19102,d8b05d9945d2e74afbf8a26362671c00,20251103,2025-11-03,"BUG #19102: Assertion failure in generate_orderedappend_paths with aggregate pushdown",13,4: 11+ messages,true,linked to a fix commit,both,2025-11-05,2,2: within a week,2025-11-13
19103,540fca44bb2f9a731fae180b9f3e5413,20251104,2025-11-04,"BUG #19103: Canceled INSERT statement can still influence the performance of subsequent SELECT statement",4,3: 4-10 messages,false,no linked commit,,,,,2025-11-13
19104,43b7164a511eb425240aa5edff2dff2d,20251105,2025-11-05,"BUG #19104: Does regexp_substr function support non-greedy matching?",2,2: 2-3 messages,false,no linked commit,,,,,2025-11-13
19105,0b7b6790c8d41e604d177855a5c035ea,20251108,2025-11-08,"BUG #19105: Parallel Hash Join crash when work_mem is small",5,3: 4-10 messages,false,no linked commit,,,,,2025-11-13
19106,2ab3c8aa74b3bcb5c3910a3e29489b2a,20251109,2025-11-09,"BUG #19106: Potential regression with CTE materialization planning in Postgres 18",15,4: 11+ messages,true,linked to a fix commit,both,2025-11-18,9,3: within a month,2025-11-13
19107,b718bbd9c674be281ec805fb6cb486d1,20251110,2025-11-10,"BUG #19107: The hold cursor is unexpectedly released during rollback",4,3: 4-10 messages,false,no linked commit,,,,,2026-02-12
19108,8272ae983a3633685d2627141aa115f4,20251110,2025-11-10,"BUG #19108: Stack overflow duting query parse",6,3: 4-10 messages,false,no linked commit,,,,,2026-02-12
19109,6804b85c0bdea54064907a852afb267c,20251110,2025-11-10,"BUG #19109: catalog lookup with the wrong snapshot during logical decoding causes coredump",11,4: 11+ messages,false,no linked commit,,,,,2026-02-12
19110,e8bbfb9a5e9601b4703b81b4f3b15419,20251111,2025-11-11,"BUG #19110: the order of elements in a json object in database is different then the order of elements",2,2: 2-3 messages,false,no linked commit,,,,,2026-02-12
19111,7fcb22ae06bc7ec411f3909cc1854bd4,20251113,2025-11-13,"BUG #19111: Using EXPLAIN ANALYZE with MERGE causes failed assert",4,3: 4-10 messages,true,linked to a fix commit,both,2025-11-16,3,2: within a week,2026-02-12
19112,14764b6586413f36994477d7e58933d3,20251114,2025-11-14,"BUG #19112: Error comes up on login to the QueryTool after update to PgAdmin 9.10",3,2: 2-3 messages,false,no linked commit,,,,,2026-02-12
19113,b89f5b2bf7e32644503df93e31a4f826,20251115,2025-11-15,"BUG #19113: Missing updated libpq5 rpm in repo pgdg-common after minor release to 18.1",3,2: 2-3 messages,false,no linked commit,,,,,2026-02-12
19114,747252e4d0747d1599266b32765f9fb6,20251117,2025-11-17,"BUG #19114: ORDER BY ASC is tampering result when calculating distance btw vectors",4,3: 4-10 messages,false,no linked commit,,,,,2026-02-12
19115,56ce0a53083787fbe2b4b99945244cf9,20251117,2025-11-17,"BUG #19115: the package got zero size",1,1: no replies,false,no linked commit,,,,,2026-02-12
19116,372d6dad3b0b22eb3fe7405213ae79a4,20251117,2025-11-17,"BUG #19116: Lost concurrent updates using ctid - as per doc guidance",1,1: no replies,false,no linked commit,,,,,2026-02-12
19117,e252f7ddc300ec8ce589cf6dce5174f9,20251118,2025-11-18,"BUG #19117: postgresql15-contrib-15.15 for RHEL 9 has conflicting OpenSSL dependencies (3.0.0 and 3.4.0)",3,2: 2-3 messages,false,no linked commit,,,,,2026-02-12
19119,d2b0048c8548e8ab1782dcd67953f1e9,20251118,2025-11-18,"BUG #19119: Linux 6.14.0-1015-aws #15~24.04.1-Ubuntu SMP aarch64 aarch64 aarch64 GNU/Linux",2,2: 2-3 messages,false,no linked commit,,,,,2026-02-12
19332,54110277ed652edb7c3958e560451083,20251123,2025-11-23,"BUG #19332: Sudden 330x performance degradation of SELECT amid INSERTs",7,3: 4-10 messages,false,no linked commit,,,,,2026-02-12
19333,53156a92c23effb7b317de587bd1642b,20251124,2025-11-24,"BUG #19333: 404s when accessing items from https://ftp.postgresql.org/pub/repos/yum/17/redhat/rhel-10-aarch64/",1,1: no replies,false,no linked commit,,,,,2026-02-12
19334,a778b16ee2b62aedc56303ba9b9656b5,20251124,2025-11-24,"BUG #19334: Cannot download packages from the mirrors",1,1: no replies,false,no linked commit,,,,,2026-02-12
19335,2bec524cf7d7255d636ec0daa09cdb35,20251127,2025-11-27,"BUG #19335: the function encrypt does not work correct - ERROR: encrypt error: Key was too big",9,3: 4-10 messages,false,no linked commit,,,,,2026-02-12
19336,c4ff1265bea2f571aa475fbb16435524,20251127,2025-11-27,"BUG #19336: TRAP: failed Assert(""!IsTransactionOrTransactionBlock()"")",2,2: 2-3 messages,false,no linked commit,,,,,2026-02-12
19337,617ad587cc0b80efcceaebc12515dba6,20251128,2025-11-28,"BUG #19337: Errors during downloading metadata for repository pgdg-rhel9-extras",2,2: 2-3 messages,false,no linked commit,,,,,2026-02-12
19338,e7b930254234a1495c712be97b9f6c23,20251201,2025-12-01,"BUG #19338: [PG15] Unstable SQL result in test regress/tablespace",3,2: 2-3 messages,false,no linked commit,,,,,2026-02-12
19339,644dde7331b4698d5027ac6962b9c28b,20251201,2025-12-01,"BUG #19339: odbc_fdw extension, Not able to read data from foreign tables",4,3: 4-10 messages,false,no linked commit,,,,,2026-02-12
19340,c9a4a583014fc019d1cca8d84e4af529,20251202,2025-12-02,"BUG #19340: Wrong result from CORR() function",24,4: 11+ messages,true,linked to a fix commit,both,2025-12-06,4,2: within a week,2026-02-12
19341,4662307959c91ca1ef0885339e588371,20251202,2025-12-02,"BUG #19341: REPLACE() fails to match final character when using nondeterministic ICU collation",16,4: 11+ messages,true,linked to a fix commit,both,2025-12-06,4,2: within a week,2026-02-12
19342,81e37c7bf5fb28bee094a50049f31835,20251202,2025-12-02,"BUG #19342: ERROR: function gcd(smallint, smallint) is not unique",2,2: 2-3 messages,false,no linked commit,,,,,2026-02-12
19343,c2757a8fe9442fa4dccccc2b6dae7799,20251202,2025-12-02,"BUG #19343: toast_internals.c:139:2: warning: missing braces around initializer [-Wmissing-braces]",2,2: 2-3 messages,false,no linked commit,,,,,2026-02-12
19345,2cf4ed7b328d703967a5a3139d76cf41,20251205,2025-12-05,"BUG #19345: MemoryContextSizeFailure after upgrade 14.11 to 17.7 in stored procedure",4,3: 4-10 messages,false,no linked commit,,,,,2026-02-12
19348,2cf4ed7b328d703967a5a3139d76cf41,20251209,2025-12-09,"BUG #19348: Disk space error when running COPY after upgrading to PostgreSQL 17.7",4,3: 4-10 messages,false,no linked commit,,,,,2026-02-12
19350,1ca8f7ddff6269c17af97ddf1181d38d,20251210,2025-12-10,"BUG #19350: Short circuit optimization missed when running sql scriptes in JDBC",13,4: 11+ messages,false,no linked commit,,,,,2026-02-12
19351,eb356477d849904d912d0a62893c0cc9,20251210,2025-12-10,"BUG #19351: in pg18.1,when not null exists in the table , and add constraint problem.",16,4: 11+ messages,true,linked to a fix commit,discussion_link,2026-02-03,55,4: within 6 months,2026-02-12
19352,84a5e0bce2fd64bd5179895a4d588ab2,20251212,2025-12-12,"BUG #19352: SQL Error messages do not include schema name along with table or data object name.",4,3: 4-10 messages,false,no linked commit,,,,,2026-02-12
19353,69587d9ba83be6c459b00595d77b1dfe,20251212,2025-12-12,"BUG #19353: Error XX000 if referencing expanded array in grouping set: variable not found in subplan target list",9,3: 4-10 messages,true,linked to a fix commit,both,2025-12-25,13,3: within a month,2026-02-12
19354,c227190248797ab356037fe040fa004a,20251213,2025-12-13,"BUG #19354: JOHAB rejects valid byte sequences",22,4: 11+ messages,true,linked to a fix commit,discussion_link,2026-04-16,124,4: within 6 months,2026-02-12
19355,7fae797e3ddfd56cee0d20abb901f1e2,20251215,2025-12-15,"BUG #19355: Attempt to insert data unexpectedly during concurrent update",19,4: 11+ messages,true,linked to a fix commit,both,2026-01-16,32,4: within 6 months,2026-02-12
19356,1ca8f7ddff6269c17af97ddf1181d38d,20251216,2025-12-16,"BUG #19356: Unexpected result of prepared UPDATE with force_generic_plan",4,3: 4-10 messages,false,no linked commit,,,,,2026-02-12
19357,1ca8f7ddff6269c17af97ddf1181d38d,20251217,2025-12-17,"BUG #19357: PostgreSQL generates a custom plan that performs worse than the generic plan for a certain query.",11,4: 11+ messages,false,no linked commit,,,,,2026-02-12
19358,1ca8f7ddff6269c17af97ddf1181d38d,20251217,2025-12-17,"BUG #19358: Short circuit optimization exists in generic plan but missed in custom plan",2,2: 2-3 messages,false,no linked commit,,,,,2026-02-12
19359,f4f2d096d9345706508459f21957c286,20251218,2025-12-18,"BUG #19359: Row level security: Upserts require insert policies in the update path",3,2: 2-3 messages,false,no linked commit,,,,,2026-02-12
19360,a6d55fe77a33bd9d5d8498f5aa68ae0c,20251222,2025-12-22,"BUG #19360: Bug Report: Logical Replication initial sync fails with ""conflict=update_origin_differs"" PG12 toPG18",11,4: 11+ messages,false,no linked commit,,,,,2026-02-12
19362,df932cae92683dda3d9811373e541631,20251223,2025-12-23,"BUG #19362: Extremely log processing of jsonb_path_exists_opr",3,2: 2-3 messages,false,no linked commit,,,,,2026-02-12
19363,540fca44bb2f9a731fae180b9f3e5413,20251226,2025-12-26,"BUG #19363: PostgreSQL shared memory exhaustion during query execution involving views and parallel workers",4,3: 4-10 messages,true,linked to a fix commit,both,2025-12-29,3,2: within a week,2026-02-12
19364,20e1c79a79bd2877eed589167fa4635d,20251226,2025-12-26,"BUG #19364: Repository not updating",2,2: 2-3 messages,false,no linked commit,,,,,2026-02-12
19365,29025f4e01799fb02ea3496cba813848,20251227,2025-12-27,"BUG #19365: postgres 18 pg_dump fails whan drop sequence concurrently",4,3: 4-10 messages,true,linked to a fix commit,both,2026-01-09,13,3: within a month,2026-02-12
19366,8d353a4c5a84c5049abfc94b13c17ae1,20251229,2025-12-29,"BUG #19366: heap-use-after-free in pgaio_io_reclaim() detected with RELCACHE_FORCE_RELEASE",2,2: 2-3 messages,false,no linked commit,,,,,2026-02-12
19367,e8c490e9a54da8f04ec1ef66091c7a77,20251229,2025-12-29,"BUG #19367: typos in backend/utils/adt/timestamp.c",6,3: 4-10 messages,false,no linked commit,,,,,2026-02-12
19368,8f84e0527bc2d9a620870e8c154fbcdb,20251231,2025-12-31,"BUG #19368: f54af9f does not create the correct macro for autotools build",6,3: 4-10 messages,true,linked to a fix commit,both,2025-12-31,0,1: same/next day,2026-02-12
19369,8f84e0527bc2d9a620870e8c154fbcdb,20260102,2026-01-02,"BUG #19369: Not documented that io_uring on kernel versions between 5.1 and below 5.6 does not work",18,4: 11+ messages,false,no linked commit,,,,,2026-02-12
19370,33087654dbc710e81f51fda5f8241f28,20260106,2026-01-06,"BUG #19370: PG18 returns incorrect array slice results when slice bounds depend on another array expression",9,3: 4-10 messages,true,linked to a fix commit,both,2026-01-07,1,1: same/next day,2026-02-12
19371,1b6e06598cc8e5c564957c3c9a2afb8b,20260106,2026-01-06,"BUG #19371: programı yüklerken hata veriyor",1,1: no replies,false,no linked commit,,,,,2026-02-12
19372,ea9e731ea4711f0454b11d09876f4ee3,20260107,2026-01-07,"BUG #19372: Scan operator maybe output unnecessary columns to the upper-layer operators",3,2: 2-3 messages,false,no linked commit,,,,,2026-02-12
19373,350e352aaecc81abd986f7b603ab1f43,20260109,2026-01-09,"BUG #19373: One backend hanging in AioIoUringExecution blocking other backends",3,2: 2-3 messages,false,no linked commit,,,,,2026-02-12
19375,ea9e731ea4711f0454b11d09876f4ee3,20260112,2026-01-12,"BUG #19375: PathTarget expression costs are being double-counted in the planner",1,1: no replies,false,no linked commit,,,,,2026-02-12
19377,8d6ed6d596e7eb997209e88b3d669933,20260113,2026-01-13,"BUG #19377: Query planner interesting behaviour",3,2: 2-3 messages,false,no linked commit,,,,,2026-02-12
19378,ec2a8389bf9c4a4c6e39ae75e57b67fd,20260114,2026-01-14,"BUG #19378: How do you know to start Postgresql with ""systemctl start postgresql@18-main"" ?",1,1: no replies,false,no linked commit,,,,,2026-02-12
19379,772e7540383888159d8fcb065d06b7bb,20260115,2026-01-15,"BUG #19379: Role pg_read_all_data don't allowed read large objects",8,3: 4-10 messages,false,no linked commit,,,,,2026-02-12
19380,c0ca7580659419b084d64cc3c3e8d83c,20260119,2026-01-19,"BUG #19380: Transition table in AFTER INSERT trigger misses rows from MERGE when used with INSERT in a CTE",9,3: 4-10 messages,true,linked to a fix commit,both,2026-01-24,5,2: within a week,2026-02-12
19382,40456fc9d6793f0838eb969c39e767d0,20260120,2026-01-20,"BUG #19382: Server crash at __nss_database_lookup",30,4: 11+ messages,false,no linked commit,,,,,2026-02-12
19383,40456fc9d6793f0838eb969c39e767d0,20260120,2026-01-20,"BUG #19383: Server crash at getmissingattr",3,2: 2-3 messages,false,no linked commit,,,,,2026-02-12
19384,40456fc9d6793f0838eb969c39e767d0,20260120,2026-01-20,"BUG #19384: Server crash at textout",4,3: 4-10 messages,false,no linked commit,,,,,2026-02-12
19385,1ca8f7ddff6269c17af97ddf1181d38d,20260121,2026-01-21,"BUG #19385: Normal SELECT generates an ineffecifient query plan compare to the prepared SELECT.",4,3: 4-10 messages,false,no linked commit,,,,,2026-02-12
19386,1ca8f7ddff6269c17af97ddf1181d38d,20260121,2026-01-21,"BUG #19386: Unnecessary Sort in query plan for SELECT literal with ORDER BY",4,3: 4-10 messages,false,no linked commit,,,,,2026-02-12
19387,1ef7ae70f80c4dbd6b2ebbdbbd1f6414,20260123,2026-01-23,"BUG #19387: About Response time delay.",3,2: 2-3 messages,false,no linked commit,,,,,2026-02-12
19388,16d2aa57aac417a8269c72de56066182,20260123,2026-01-23,"BUG #19388: Failing to connect to postgres with EACCES error",4,3: 4-10 messages,false,no linked commit,,,,,2026-02-12
19389,b6b3c3d23f4181308418df6c9586acba,20260125,2026-01-25,"BUG #19389: pg_dump output differs after setting schema comment to NULL",2,2: 2-3 messages,false,no linked commit,,,,,2026-02-12
19390,fd3faa1d18caa09fefad28bc942c83b4,20260128,2026-01-28,"BUG #19390: Defects in the test case partition_merge",1,1: no replies,false,no linked commit,,,,,2026-02-12
19391,e7b930254234a1495c712be97b9f6c23,20260130,2026-01-30,"BUG #19391: pg_ctl: the PID file ""/xxxx/postmaster.pid"" is empty",5,3: 4-10 messages,false,no linked commit,,,,,2026-02-12
19392,14511cf808b50aa2fa66499118e436fe,20260204,2026-02-04,"BUG #19392: PG_UPGRADE is non-functional on Windows",8,3: 4-10 messages,false,no linked commit,,,,,2026-02-12
19393,4f9baedeecd0775126d59a63af55598d,20260204,2026-02-04,"BUG #19393: pg_upgrade fails with duplicate key violation when CHECK constraint named *_not_null exists",17,4: 11+ messages,true,linked to a fix commit,both,2026-02-21,17,3: within a month,2026-02-12
19394,9b4d4e6e2d977a9bcd55ae1a68080d4c,20260205,2026-02-05,"BUG #19394: error in ecpg",2,2: 2-3 messages,false,no linked commit,,,,,2026-02-12
19395,40cfb916bdb4270361d3436cf67e1b93,20260206,2026-02-06,"BUG #19395: Postgres master: undeclared function 'typeof_unqual'",2,2: 2-3 messages,false,no linked commit,,,,,2026-02-12
19396,ab41c4d48ae45e8f72bc49b870b2e4cb,20260209,2026-02-09,"BUG #19396: Standby and DR site replication broken with PANIC: WAL contains references to invalid pages messge",4,3: 4-10 messages,false,no linked commit,,,,,2026-05-14
19398,2a6ce3d4e9b3ca1ba91a52ccb33de017,20260209,2026-02-09,"BUG #19398: Non-existent repositories are used",1,1: no replies,false,no linked commit,,,,,2026-05-14
19399,96c5718ede5f7ab777d2c879f0f45199,20260210,2026-02-10,"BUG #19399: Cached plans retain outdated parameter information",1,1: no replies,false,no linked commit,,,,,2026-05-14
19400,279f273bb39f0518a6eeae089c34563f,20260210,2026-02-10,"BUG #19400: Memory leak in checkpointer and startup processes on PostgreSQL 18",3,2: 2-3 messages,false,no linked commit,,,,,2026-05-14
19401,0dea66665951cee0c3ea5b40a91553e8,20260211,2026-02-11,"BUG #19401: Inconsistent predicate evaluation with derived table vs direct query involving NULL",2,2: 2-3 messages,false,no linked commit,,,,,2026-05-14
19402,d657fa8ff595f3c27aaf4825dd2ec847,20260212,2026-02-12,"BUG #19402: CREATE TABLE IF NOT EXISTS raises DuplicateTable error under concurrent partition creation",1,1: no replies,false,no linked commit,,,,,2026-05-14
19403,4d364328e398836b164a62bb78248ad8,20260212,2026-02-12,"BUG #19403: psql fails when trying to import a file that",2,2: 2-3 messages,false,no linked commit,,,,,2026-05-14
19404,bb0b7469f761b84ffa1a03538d3b8657,20260212,2026-02-12,"BUG #19404: manpages are missing in 18.x source.tar.gz",9,3: 4-10 messages,false,no linked commit,,,,,2026-05-14
19405,8d353a4c5a84c5049abfc94b13c17ae1,20260213,2026-02-13,"BUG #19405: Assertion in eval_windowaggregates() fails due to integer overflow",9,3: 4-10 messages,true,linked to a fix commit,both,2026-04-09,55,4: within 6 months,2026-05-14
19406,f6f753b50b23d758d9e73aec4b562fbc,20260213,2026-02-13,"BUG #19406: substring(text) fails on valid UTF-8 toasted value in PostgreSQL 15.16",15,4: 11+ messages,true,linked to a fix commit,both,2026-02-14,1,1: same/next day,2026-05-14
19407,c3130426e52590200f18dba561adaec1,20260213,2026-02-13,"BUG #19407: pg_dump : DROP RULE creates forward references",4,3: 4-10 messages,false,no linked commit,,,,,2026-05-14
19408,564ca03238e7b16c3420301c9494ccb2,20260213,2026-02-13,"BUG #19408: Bad plan for UNION ALL subquery with outer WHERE, ORDER BY, LIMIT, and separate indexes",2,2: 2-3 messages,false,no linked commit,,,,,2026-05-14
19409,2cf586bd4840867173fccb8e41b131e6,20260213,2026-02-13,"BUG #19409: Function jsonb_strip_nulls() changed from immutable to stable.",10,3: 4-10 messages,true,linked to a fix commit,both,2026-02-18,5,2: within a week,2026-05-14
19410,9920ced9e534dd1822538dc3f01bf8c8,20260215,2026-02-15,"BUG #19410: Cannot ser client_encoding",3,2: 2-3 messages,false,no linked commit,,,,,2026-05-14
19411,80cb9fe775cce47af15da72b6c7f3e36,20260216,2026-02-16,"BUG #19411: libpq 16.x exhibits a memory leak when connections are repeatedly created and destroyed",7,3: 4-10 messages,false,no linked commit,,,,,2026-05-14
19412,2ddfefb416c8628de392c652f9a367ee,20260217,2026-02-17,"BUG #19412: Wrong query result with not null constraint",11,4: 11+ messages,true,linked to a fix commit,both,2026-02-20,3,2: within a week,2026-05-14
19413,c4ff1265bea2f571aa475fbb16435524,20260219,2026-02-19,"BUG #19413: ASAN: stack-buffer-overflow in foldcase_options() with invalid ICU language tag",2,2: 2-3 messages,false,no linked commit,,,,,2026-05-14
19414,dbc097758ee8f14feb8c2aae5a0dc0ae,20260219,2026-02-19,"BUG #19414: Wrong rows returned by index scan on HASH-partitioned table with PRIMARY KEY (PostgreSQL 16.9)",5,3: 4-10 messages,false,no linked commit,,,,,2026-05-14
19415,112dc8b04b0b5539eaba68ef00d38085,20260225,2026-02-25,"BUG #19415: Spelling error about 'vacuume' in zh_CN.po",2,2: 2-3 messages,false,no linked commit,,,,,2026-05-14
19416,eaf1749d651b0d0abf807649d675fe3c,20260225,2026-02-25,"BUG #19416: Backend SIGSEGV in ExecShutdownHashJoin/ExecHashTableDetach/dsa_free",4,3: 4-10 messages,false,no linked commit,,,,,2026-05-14
19417,112dc8b04b0b5539eaba68ef00d38085,20260226,2026-02-26,"BUG #19417: '\dD' fails to list user-defined domains that shadow built-in type names (e.g., 'numeric')",5,3: 4-10 messages,false,no linked commit,,,,,2026-05-14
19418,eb96efa7a5664ba1c4ebf586abd4121f,20260226,2026-02-26,"BUG #19418: SQL/JSON JSON_VALUE() does not conform to ISO/IEC 9075-2:2023(E) 6.34 <JSON value constructor>",29,4: 11+ messages,true,linked to a fix commit,both,2026-05-01,64,4: within 6 months,2026-05-14
19419,e2e3acf90ef98a36c8480ddd83b5c8e3,20260226,2026-02-26,"BUG #19419: Cannot create custom functions using python3u",2,2: 2-3 messages,false,no linked commit,,,,,2026-05-14
19420,15eb4f30d0ac36da00e8b5b7af6ce4e7,20260227,2026-02-27,"BUG #19420: Zombie FK exists after partition is detached.",6,3: 4-10 messages,false,no linked commit,,,,,2026-05-14
19421,1f879cd13b75f9f492de248ac648a0ae,20260228,2026-02-28,"BUG #19421: PostgreSQL MERGE Crash: heap_compute_data_size() at heaptuple.c:236",2,2: 2-3 messages,false,no linked commit,,,,,2026-05-14
19422,eabfdce72b44b06af6191e539dfc4ec0,20260302,2026-03-02,"BUG #19422: Malformed raius packet",3,2: 2-3 messages,false,no linked commit,,,,,2026-05-14
19423,a44533343f94f34fc4c0ce26a21d0723,20260303,2026-03-03,"BUG #19423: canonicalize_path does not function correctly when processing paths that contain . and ..",2,2: 2-3 messages,false,no linked commit,,,,,2026-05-14
19424,c327e22432f37c5ba4c8a40771e9a8da,20260303,2026-03-03,"BUG #19424: Concurrent PQconnectdb() calls hang on Windows",2,2: 2-3 messages,false,no linked commit,,,,,2026-05-14
19425,d91686500d47bd0da0be04a1c85afc42,20260304,2026-03-04,"BUG #19425: Parametric settings in collation not working in rule syntax",2,2: 2-3 messages,true,linked to a fix commit,both,2026-03-18,14,3: within a month,2026-05-14
19426,76e70d1e2afe667d1c56eb33ef2e7e52,20260307,2026-03-07,"BUG #19426: pgdump is stuck",2,2: 2-3 messages,false,no linked commit,,,,,2026-05-14
19427,1f879cd13b75f9f492de248ac648a0ae,20260311,2026-03-11,"BUG #19427: TOAST Snapshot Assertion Failure",2,2: 2-3 messages,false,no linked commit,,,,,2026-05-14
19428,ac62f14c922174576d483ce5ec8210b7,20260311,2026-03-11,"BUG #19428: Lazy evaluation of type checking in CASE in SQL functions including subqueries no longer works in 18",8,3: 4-10 messages,false,no linked commit,,,,,2026-05-14
19429,fd3faa1d18caa09fefad28bc942c83b4,20260312,2026-03-12,"BUG #19429: An issue regarding the processing of Oid as an int type in ecpg",2,2: 2-3 messages,true,linked to a fix commit,both,2026-03-15,3,2: within a week,2026-05-14
19430,8106999e6bbb69e8f167f6ca5b049165,20260312,2026-03-12,"BUG #19430: Autovacuums stopped working possible due to problem with vacuuming shared catalog pg_authid",2,2: 2-3 messages,false,no linked commit,,,,,2026-05-14
19431,6e6faf8811f1e1415403a967a44e9522,20260312,2026-03-12,"BUG #19431: limitation of the data type jsonb equals 8Kb",4,3: 4-10 messages,false,no linked commit,,,,,2026-05-14
19432,0c30d736ba87541f0547a27ce89a6262,20260312,2026-03-12,"BUG #19432: recovery fails at invalid checkpoint record",6,3: 4-10 messages,false,no linked commit,,,,,2026-05-14
19433,1f879cd13b75f9f492de248ac648a0ae,20260313,2026-03-13,"BUG #19433: json_object_agg_unique Crashes When Used as Window Function",3,2: 2-3 messages,false,no linked commit,,,,,2026-05-14
19434,4c4df546985b22ecc0ab9fc9c130b521,20260315,2026-03-15,"BUG #19434: adding WHERE to a publication can cause UPDATEs and DELETEs to fail on the source table",4,3: 4-10 messages,false,no linked commit,,,,,2026-05-14
19435,645d30400a760b0217caa913a8be9340,20260316,2026-03-16,"BUG #19435: Error: ""No relation entry for relid 2"" Triggered by Complex Join with Self-Referencing Tables",35,4: 11+ messages,true,linked to a fix commit,both,2026-03-20,4,2: within a week,2026-05-14
19436,d7c38897d57843996323ba07a6ed8ac8,20260317,2026-03-17,"BUG #19436: Azure Arc installation failure",4,3: 4-10 messages,false,no linked commit,,,,,2026-05-14
19437,7e6d7180581678513ae9a77e5dfc4ffb,20260325,2026-03-25,"BUG #19437: temp_tablespaces doesn't work inside a cursor?",6,3: 4-10 messages,false,no linked commit,,,,,2026-05-14
19438,7e6d7180581678513ae9a77e5dfc4ffb,20260325,2026-03-25,"BUG #19438: segfault with temp_file_limit inside cursor",14,4: 11+ messages,true,linked to a fix commit,both,2026-03-30,5,2: within a week,2026-05-14
19439,8bf431ade1b62cf8930a0e4ad42d9965,20260325,2026-03-25,"BUG #19439: pg_stat_xact_user_tables stat not currect during the transaction",8,3: 4-10 messages,false,no linked commit,,,,,2026-05-14
19440,6e19552c76fa4820bbff5948fe05f991,20260327,2026-03-27,"BUG #19440: Memory leak in pg_stat_statements when query text file contains invalid encoding",1,1: no replies,false,no linked commit,,,,,2026-05-14
19441,8d353a4c5a84c5049abfc94b13c17ae1,20260329,2026-03-29,"BUG #19441: Backend waits for serializable snapshot indefinitely on removing temp relations",4,3: 4-10 messages,false,no linked commit,,,,,2026-05-14
19442,1fed06fbc09377766a8c0f598aa56291,20260330,2026-03-30,"BUG #19442: PL/pgSQL: domain over composite type bypasses type validation when assigning NULL (PostgreSQL 18.3)",2,2: 2-3 messages,false,no linked commit,,,,,2026-05-14
19443,1fed06fbc09377766a8c0f598aa56291,20260330,2026-03-30,"BUG #19443: GIN jsonb_path_ops index not used when many rows contain nested null values (PostgreSQL 18.3)",2,2: 2-3 messages,false,no linked commit,,,,,2026-05-14
19444,1fed06fbc09377766a8c0f598aa56291,20260330,2026-03-30,"BUG #19444: conkey field empty for domain NOT NULL constraint in pg_constraint (18.3)",3,2: 2-3 messages,false,no linked commit,,,,,2026-05-14
19445,1fed06fbc09377766a8c0f598aa56291,20260330,2026-03-30,"BUG #19445: Domain DEFAULT not recorded in pg_attrdef (atthasdef false) in PostgreSQL 18.3",3,2: 2-3 messages,false,no linked commit,,,,,2026-05-14
19446,1fed06fbc09377766a8c0f598aa56291,20260330,2026-03-30,"BUG #19446: Domain DEFAULT not reflected in system catalogs and information_schema (PG 18.3)",3,2: 2-3 messages,false,no linked commit,,,,,2026-05-14
19448,806b17018d3474592d2bb4303c8b8f24,20260331,2026-03-31,"BUG #19448: message There has been an error a debug file been created at installbuilder_debug_18008.xml",1,1: no replies,false,no linked commit,,,,,2026-05-14
19449,c26b620a8960350c8101f3c07b620321,20260402,2026-04-02,"BUG #19449: Massive performance degradation for complex query on Postgres 16+ (few seconds -> multiple hours)",15,4: 11+ messages,false,no linked commit,,,,,2026-05-14
19450,40cfb916bdb4270361d3436cf67e1b93,20260405,2026-04-05,"BUG #19450: Where is checksum_block.inc.c after master install?",6,3: 4-10 messages,true,linked to a fix commit,both,2026-04-07,2,2: within a week,2026-05-14
19451,83983bc885e78a03362a6ac11eb9343e,20260406,2026-04-06,"BUG #19451: In postgreSQL v13 For 1000 tables how to update from rrn column to GUID. Each table more than 2crore",2,2: 2-3 messages,false,no linked commit,,,,,2026-05-14
19452,8c1cdd7ae83c3a2be7bca138dd20ff5e,20260407,2026-04-07,"BUG #19452: heap-buffer-overflow in `pg_basebackup --format=tar --gzip`",3,2: 2-3 messages,false,no linked commit,,,,,2026-05-14
19454,b2ba728b070ddffc088d2f44bf6d530b,20260412,2026-04-12,"BUG #19454: PL/pgSQL mishandling jsonb attribute reference",3,2: 2-3 messages,false,no linked commit,,,,,2026-05-14
19455,f97029a2d0597cf0406f4750a7c7bafc,20260413,2026-04-13,"BUG #19455: ALTER TABLE RENAME will rename a sequence",3,2: 2-3 messages,false,no linked commit,,,,,2026-05-14
19456,393fe35e90a2c747289d778b153b49c2,20260415,2026-04-15,"BUG #19456: # Unit-Labeling Issue: `pg_size_pretty()` Incorrectly Labels Binary Units as Decimal Units",2,2: 2-3 messages,false,no linked commit,,,,,2026-05-14
19457,4cd4c1f890591b3c709254d2e02adb32,20260417,2026-04-17,"BUG #19457: RE: pgp_sym_encrypt silently accepts non-FIPS ciphers (bf, cast5, 3des) when OpenSSL is in FIPS mod",10,3: 4-10 messages,true,linked to a fix commit,both,2026-08-10,115,4: within 6 months,2026-05-14
19458,bfecb83044dfcfdd5be75ca0f1b5b3be,20260417,2026-04-17,"BUG #19458: OOM killer in jsonb_path_exists_opr (@?) with malformed JSONPath containing non-existent variables",13,4: 11+ messages,true,linked to a fix commit,both,2026-06-18,62,4: within 6 months,2026-05-14
19460,21d857bdfc0d9b4c9974985ccbc694e6,20260419,2026-04-19,"BUG #19460: FULL JOIN rewriting issue on empty queries",12,4: 11+ messages,true,linked to a fix commit,both,2026-04-20,1,1: same/next day,2026-05-14
19461,1f879cd13b75f9f492de248ac648a0ae,20260420,2026-04-20,"BUG #19461: MERGE with EXISTS subquery referencing USING clause alias fails with ""variable not found in subplan",2,2: 2-3 messages,false,no linked commit,,,,,2026-05-14
19462,1f879cd13b75f9f492de248ac648a0ae,20260420,2026-04-20,"BUG #19462: MERGE on partitioned table with INSERT DEFAULT VALUES fails with ""unknown action in MERGE WHEN clau",2,2: 2-3 messages,false,no linked commit,,,,,2026-05-14
19463,1f879cd13b75f9f492de248ac648a0ae,20260420,2026-04-20,"BUG #19463: Server crash (Assertion failure) when using MERGE statement in CTE",3,2: 2-3 messages,false,no linked commit,,,,,2026-05-14
19464,1f879cd13b75f9f492de248ac648a0ae,20260420,2026-04-20,"BUG #19464: Server crash (SIGABRT) with UPDATE containing multiple multi-column assignments",5,3: 4-10 messages,false,no linked commit,,,,,2026-05-14
19465,00dd34d05642ca741ea7237b716e474f,20260424,2026-04-24,"BUG #19465: Inconsistency in EXP(LN(x)) equivalence leading to different COUNT result in PostgreSQL",2,2: 2-3 messages,false,no linked commit,,,,,2026-05-14
19466,33f9bfab3fb894b7b7bfd5b28128c3ea,20260425,2026-04-25,"BUG #19466: Server crash (SIGSEGV) when FETCH after ALTER TYPE during open cursor",5,3: 4-10 messages,false,no linked commit,,,,,2026-05-14
19467,00dd34d05642ca741ea7237b716e474f,20260427,2026-04-27,"BUG #19467: Inconsistency in MOD() result involving POWER() and floating-point precision in PostgreSQL",3,2: 2-3 messages,false,no linked commit,,,,,2026-05-14
19468,33f9bfab3fb894b7b7bfd5b28128c3ea,20260427,2026-04-27,"BUG #19468: Prevent SIGSEGV on FETCH after ALTER TYPE of cursor rowtype",2,2: 2-3 messages,false,no linked commit,,,,,2026-05-14
19469,33f9bfab3fb894b7b7bfd5b28128c3ea,20260427,2026-04-27,"BUG #19469: Prevent SIGSEGV on FETCH after ALTER TYPE of cursor rowtype",2,2: 2-3 messages,false,no linked commit,,,,,2026-05-14
19470,33f9bfab3fb894b7b7bfd5b28128c3ea,20260429,2026-04-29,"BUG #19470: PostgreSQL backend aborts (assert failure) when a prepared statement returns a composite type cast t",4,3: 4-10 messages,false,no linked commit,,,,,2026-05-14
19471,c2de2644b793abb8d9a22e97fca5b999,20260506,2026-05-06,"BUG #19471: Packaging problem with ogr_fdw_18",2,2: 2-3 messages,false,no linked commit,,,,,2026-05-14
19472,784a709c47dea4149103ca10940c8c26,20260506,2026-05-06,"BUG #19472: CAST(-32768::SMALLINT AS REAL) fails with ""SMALLINT out of range"" but -32768 is valid SMALLINT value",3,2: 2-3 messages,false,no linked commit,,,,,2026-05-14
19473,c9a4a583014fc019d1cca8d84e4af529,20260508,2026-05-08,"BUG #19473: regression error in dblink: another command is already in progress",6,3: 4-10 messages,false,no linked commit,,,,,2026-05-14
19474,fe5addff86d985cbeaa2c6d62c8ea795,20260509,2026-05-09,"BUG #19474: LIKE with nondeterministic collations mis-handle literal backslashes in patterns containing escape",2,2: 2-3 messages,true,linked to a fix commit,both,2026-07-06,58,4: within 6 months,2026-05-14
19475,1ca8f7ddff6269c17af97ddf1181d38d,20260511,2026-05-11,"BUG #19475: VACUUM on a partition still warns after MAINTAIN is granted on the partitioned parent",2,2: 2-3 messages,false,no linked commit,,,,,2026-08-13
19476,c4ff1265bea2f571aa475fbb16435524,20260512,2026-05-12,"BUG #19476: Segmentation fault in contrib/spi",8,3: 4-10 messages,true,linked to a fix commit,discussion_link,2026-05-14,2,2: within a week,2026-08-13
19477,9351fd700344a199c4f4995d23aa8d5f,20260514,2026-05-14,"BUG #19477: pg_rewind does not rewind a diverging timeline",1,1: no replies,false,no linked commit,,,,,2026-08-13
19478,b718bbd9c674be281ec805fb6cb486d1,20260515,2026-05-15,"BUG #19478: `dblink_close` can be used for injection.",5,3: 4-10 messages,false,no linked commit,,,,,2026-08-13
19479,277d078434daf74af34f5d05a3ddcffa,20260515,2026-05-15,"BUG #19479: 04 is happening because your metadata is advertising a package version that is not actually present",1,1: no replies,false,no linked commit,,,,,2026-08-13
19480,074a266273034abf0d98373f1dba5a9b,20260515,2026-05-15,"BUG #19480: PL/Python SRF crashes (SIGSEGV) when function is replaced mid-iteration: use-after-free in PLy_funct",17,4: 11+ messages,true,linked to a fix commit,both,2026-06-21,37,4: within 6 months,2026-08-13
19481,b70e41ecc1dcccc6fa864355cfcab8cb,20260516,2026-05-16,"BUG #19481: multivariate MCV expression stats not applied for equivalent predicates on nullable side of LEFT JOI",2,2: 2-3 messages,false,no linked commit,,,,,2026-08-13
19482,8d353a4c5a84c5049abfc94b13c17ae1,20260516,2026-05-16,"BUG #19482: Recursive QueueFKConstraintValidation() lacks stack depth check",3,2: 2-3 messages,true,linked to a fix commit,both,2026-05-26,10,3: within a month,2026-08-13
19483,4f9baedeecd0775126d59a63af55598d,20260518,2026-05-18,"BUG #19483: pg_upgrade fails with orphan records in pg_init_priv catalog table",33,4: 11+ messages,false,no linked commit,,,,,2026-08-13
19484,1ca8f7ddff6269c17af97ddf1181d38d,20260518,2026-05-18,"BUG #19484: Segmentation fault triggered by FDW",34,4: 11+ messages,true,linked to a fix commit,discussion_link,2026-06-23,36,4: within 6 months,2026-08-13
19485,b89f5b2bf7e32644503df93e31a4f826,20260518,2026-05-18,"BUG #19485: Compilation warnings and notes with GCC 16.1.1 on new Fedora 44",1,1: no replies,true,linked to a fix commit,both,2026-06-18,31,4: within 6 months,2026-08-13
19486,836c79174fcbacf22e2a3774259fe82b,20260518,2026-05-18,"BUG #19486: Regression in SQL-language functions using XML values and IS DOCUMENT",3,2: 2-3 messages,false,no linked commit,,,,,2026-08-13
19487,b416e3434deb924c7ca56d92016ed87b,20260519,2026-05-19,"BUG #19487: Error while executing SQL query involving XML parsing",5,3: 4-10 messages,false,no linked commit,,,,,2026-08-13
19488,46fd412f40fd0c970c58fb3a3fcf536f,20260519,2026-05-19,"BUG #19488: Standby connection fails after dropping on login event trigger enabled always",10,3: 4-10 messages,true,linked to a fix commit,discussion_link,2026-05-26,7,2: within a week,2026-08-13
19489,5966b2085c123440f67e0e1fe2d996ce,20260520,2026-05-20,"BUG #19489: Function Name Conflict Between TimescaleDB and pg_stat_monitor Affecting Extension Upgrade",3,2: 2-3 messages,false,no linked commit,,,,,2026-08-13
19490,1511d7b3287e17af05ddaa4039dcaa88,20260520,2026-05-20,"BUG #19490: Streaming standby on 16.14 stops applying WAL on MultiXactOffsetSLRU when primary is 16.8",27,4: 11+ messages,true,linked to a fix commit,discussion_link,2026-05-27,7,2: within a week,2026-08-13
19491,1ca8f7ddff6269c17af97ddf1181d38d,20260522,2026-05-22,"BUG #19491: Segmentation fault triggered by IS NULL",9,3: 4-10 messages,true,linked to a fix commit,discussion_link,2026-06-11,20,3: within a month,2026-08-13
19492,b718bbd9c674be281ec805fb6cb486d1,20260524,2026-05-24,"BUG #19492: intarray: fix variable stats leak in _int_matchsel",3,2: 2-3 messages,true,linked to a fix commit,both,2026-05-25,1,1: same/next day,2026-08-13
19493,c4ff1265bea2f571aa475fbb16435524,20260526,2026-05-26,"BUG #19493: Assertion failure in pg_plan_advice with EXISTS subquery and DO_NOT_SCAN advice",11,4: 11+ messages,true,linked to a fix commit,discussion_link,2026-05-29,3,2: within a week,2026-08-13
19494,8d353a4c5a84c5049abfc94b13c17ae1,20260526,2026-05-26,"BUG #19494: Error on transaction commit inside pipeline triggers psql's Assert",10,3: 4-10 messages,true,linked to a fix commit,discussion_link,2026-06-02,7,2: within a week,2026-08-13
19496,8168891f95f1ec90483af8aacba694bd,20260527,2026-05-27,"BUG #19496: Assert(""ItemPointerIsValid(pointer)"") when using pageinspect",2,2: 2-3 messages,false,no linked commit,,,,,2026-08-13
19498,b70e41ecc1dcccc6fa864355cfcab8cb,20260527,2026-05-27,"BUG #19498: Anonymous ROW() field expansion fails after scalar subquery relay",2,2: 2-3 messages,false,no linked commit,,,,,2026-08-13
19499,c08c53313abe77cacbee67d920b85483,20260528,2026-05-28,"BUG #19499: Extensions Powa and Powa-archivist are missing in official download repository",2,2: 2-3 messages,false,no linked commit,,,,,2026-08-13
19500,c4ff1265bea2f571aa475fbb16435524,20260528,2026-05-28,"BUG #19500: pgrepack logical decoding plugin can crash assert builds via SQL decoding API",14,4: 11+ messages,true,linked to a fix commit,discussion_link,2026-06-09,12,3: within a month,2026-08-13
19501,b718bbd9c674be281ec805fb6cb486d1,20260529,2026-05-29,"BUG #19501: btree_gist: use float4/float8 comparison functions to handle NaN correctly",2,2: 2-3 messages,true,linked to a fix commit,both,2026-07-01,33,4: within 6 months,2026-08-13
19502,f0648ca3f3ce0b878317c7b7f04e3d64,20260531,2026-05-31,"BUG #19502: unix_socket_group doesn't work anymore",2,2: 2-3 messages,false,no linked commit,,,,,2026-08-13
19504,40cfb916bdb4270361d3436cf67e1b93,20260602,2026-06-02,"BUG #19504: Segmentation fault in plpython3u function (pg19)",2,2: 2-3 messages,false,no linked commit,,,,,2026-08-13
19505,5bd73b780ffdfc39395663a82e653c99,20260602,2026-06-02,"BUG #19505: Some weird spikes postgresql processes in database (up to 200k sometime) without apparent reasons.",4,3: 4-10 messages,false,no linked commit,,,,,2026-08-13
19506,29bc2e3837b26f1b29fe89dec704cd10,20260603,2026-06-03,"BUG #19506: LOAD '$libdir/...' inside extension scripts ignores dynamic_library_path with extension_control_path",8,3: 4-10 messages,false,no linked commit,,,,,2026-08-13
19507,c1b6a11feeac84ae77a137448062e0d0,20260604,2026-06-04,"BUG #19507: Auto-named partition table constraint conflicts",7,3: 4-10 messages,false,no linked commit,,,,,2026-08-13
19508,c4ff1265bea2f571aa475fbb16435524,20260604,2026-06-04,"BUG #19508: pg_buffercache_pages() crashes the backend with an incompatible caller-supplied record definition",10,3: 4-10 messages,true,linked to a fix commit,both,2026-06-10,6,2: within a week,2026-08-13
19509,2ddfefb416c8628de392c652f9a367ee,20260604,2026-06-04,"BUG #19509: Typo in 19 beta release notes (debug_print_parse)",4,3: 4-10 messages,false,no linked commit,,,,,2026-08-13
19511,2aef9acab59b7308f2dcefab1c32ffd7,20260605,2026-06-05,"BUG #19511: contrib/dblink: NULL dereference in dblink_get_notify() when called without a prior connection",5,3: 4-10 messages,false,no linked commit,,,,,2026-08-13
19512,a713ed1f5e57223b73572d1fbbb05df4,20260605,2026-06-05,"BUG #19512: PG 17.10: SIGSEGV in build_minmax_path (planner) and hash_bytes (HashAgg executor)",2,2: 2-3 messages,false,no linked commit,,,,,2026-08-13
19513,4f9baedeecd0775126d59a63af55598d,20260607,2026-06-07,"BUG #19513: pg_upgrade fails with orphan records in pg_init_priv catalog table",2,2: 2-3 messages,false,no linked commit,,,,,2026-08-13
19514,00823f119c809b5a442e8bec6ab94908,20260608,2026-06-08,"BUG #19514: pg_hba error when configuring SSL Replication",1,1: no replies,false,no linked commit,,,,,2026-08-13
19515,739dcbc509154aa80afad7c832dd1790,20260610,2026-06-10,"BUG #19515: Creating a faulty BRIN operator class can cause the server to crash when used.",2,2: 2-3 messages,false,no linked commit,,,,,2026-08-13
19516,c1b6a11feeac84ae77a137448062e0d0,20260610,2026-06-10,"BUG #19516: Mixup of OLD/NEW with RETURNING when parenthesized",2,2: 2-3 messages,true,linked to a fix commit,bug_ref,2026-06-11,1,1: same/next day,2026-08-13
19517,a5d41f38f8b231012e03dd23928c6bb3,20260610,2026-06-10,"BUG #19517: Eager Aggregation produces wrong count(*) when pushed into RHS of Hash Semi Join",3,2: 2-3 messages,false,no linked commit,,,,,2026-08-13
19518,1eedf903bee1ca3bee39d3b5c5ac92e5,20260612,2026-06-12,"BUG #19518: Path resolution for loading a function fails, if postgres is somewhere in the path.",2,2: 2-3 messages,false,no linked commit,,,,,2026-08-13
19519,8d353a4c5a84c5049abfc94b13c17ae1,20260614,2026-06-14,"BUG #19519: REPACK can fail due to missing chunk for toast value",27,4: 11+ messages,false,no linked commit,,,,,2026-08-13
19520,c239cd401435fb7eda9279e6deb6e4a2,20260614,2026-06-14,"BUG #19520: PANIC when concurrently manipulating stored procedures with pg_stat_statements and track_functions =",17,4: 11+ messages,true,linked to a fix commit,discussion_link,2026-06-18,4,2: within a week,2026-08-13
19521,723902cc8997dc1d3b3f1442bbfc79b5,20260615,2026-06-15,"BUG #19521: After a minor PostgreSQL update from 14.22 to 14.23, the database goes into an infinite loop.",7,3: 4-10 messages,false,no linked commit,,,,,2026-08-13
19523,892a2d7dde43b83d5824161c4c17dd7a,20260618,2026-06-18,"BUG #19523: psql tab-completion shadows pg_db_role_setting",5,3: 4-10 messages,false,no linked commit,,,,,2026-08-13
19524,bae420d26742d3f7c700c9b71f3b1100,20260618,2026-06-18,"BUG #19524: In `contrib/btree_gist` float4/float8 GiST index operations, handling NaN values with raw C operator",16,4: 11+ messages,true,linked to a fix commit,both,2026-07-01,13,3: within a month,2026-08-13
19525,bae420d26742d3f7c700c9b71f3b1100,20260618,2026-06-18,"BUG #19525: In `contrib/dict_int`, handling a token whose first byte is a null byte causes `pnstrdup()` .",4,3: 4-10 messages,true,linked to a fix commit,discussion_link,2026-07-05,17,3: within a month,2026-08-13
19527,bae420d26742d3f7c700c9b71f3b1100,20260618,2026-06-18,"BUG #19527: Double-Abort Crash in `ResOwnerReleaseOSSLCipher` via `encrypt_iv` with Oversized Input",2,2: 2-3 messages,true,linked to a fix commit,both,2026-06-22,4,2: within a week,2026-08-13
19528,bae420d26742d3f7c700c9b71f3b1100,20260619,2026-06-19,"BUG #19528: Assert failure in generate_normalized_query() via Squashed Array Literals",3,2: 2-3 messages,true,linked to a fix commit,discussion_link,2026-08-10,52,4: within 6 months,2026-08-13
19529,503b5fcf6b31d6556a778465dfcc497b,20260619,2026-06-19,"BUG #19529: Documentation appears inconsistent with pg_dump --statistics behavior for CREATE STATISTICS objects",3,2: 2-3 messages,true,linked to a fix commit,discussion_link,2026-06-22,3,2: within a week,2026-08-13
19530,256eaa11db7c4dbb74dea8691295e412,20260621,2026-06-21,"BUG #19530: Crash (SIGSEGV/SIGBUS) in parallel B-tree index vacuum during plain VACUUM",2,2: 2-3 messages,false,no linked commit,,,,,2026-08-13
19531,dc59c87523f09593b2c033bd4f21f73c,20260624,2026-06-24,"BUG #19531: Inconsistent Error Messages for the Same SQL Query",3,2: 2-3 messages,false,no linked commit,,,,,2026-08-13
19532,6c30eabbe1dd4dd0fe51d94f93f4caa0,20260624,2026-06-24,"BUG #19532: Window run-condition optimization can produce wrong results for count() window aggregates",2,2: 2-3 messages,false,no linked commit,,,,,2026-08-13
19533,6c30eabbe1dd4dd0fe51d94f93f4caa0,20260624,2026-06-24,"BUG #19533: Wrong results from WindowAgg run-condition pushdown on count() with EXCLUDE CURRENT ROW",15,4: 11+ messages,true,linked to a fix commit,both,2026-07-07,13,3: within a month,2026-08-13
19534,6c30eabbe1dd4dd0fe51d94f93f4caa0,20260624,2026-06-24,"BUG #19534: Qual pushdown across a window subquery is unsafe with nondeterministic partition collations",6,3: 4-10 messages,false,no linked commit,,,,,2026-08-13
19535,6c30eabbe1dd4dd0fe51d94f93f4caa0,20260624,2026-06-24,"BUG #19535: Splitting window input targets can break same-level SRF lockstep semantics",2,2: 2-3 messages,true,linked to a fix commit,both,2026-06-30,6,2: within a week,2026-08-13
19536,1e601172fe74b93ad3de03b8cb39bd09,20260624,2026-06-24,"BUG #19536: UPDATE RETURNING OLD value is stale after concurrent update when table has a BEFORE UPDATE trigger",7,3: 4-10 messages,true,linked to a fix commit,both,2026-07-08,14,3: within a month,2026-08-13
19537,2891fa603e9d32ff5acda1bfa4b84154,20260626,2026-06-26,"BUG #19537: Authentication failed regardless of typing exactly my password set from sudo passwd postgres",2,2: 2-3 messages,false,no linked commit,,,,,2026-08-13
19538,72f609644a263e80fcc60bcf357dbb32,20260629,2026-06-29,"BUG #19538: ALTER SYSTEM adds extra quotes",2,2: 2-3 messages,false,no linked commit,,,,,2026-08-13
19539,50281588c64e1a772f70d83007e4832f,20260629,2026-06-29,"BUG #19539: psql 17.6 on Windows 11 prints random garbage characters in Russian localized output of \d",2,2: 2-3 messages,false,no linked commit,,,,,2026-08-13
19540,1f7511c5daf28a6d1a3519a086e67de3,20260630,2026-06-30,"BUG #19540: Inconsistent integer-to-octal formatting for permission GUCs in pg_settings (boot_val vs setting)",2,2: 2-3 messages,false,no linked commit,,,,,2026-08-13
19541,1b493e14036894e2d73e20eba874be57,20260630,2026-06-30,"BUG #19541: Postgresql failed to run 150+ tests on both debug and release configurations with VS 2026 on Windows",5,3: 4-10 messages,false,no linked commit,,,,,2026-08-13
19542,284c395f2629ef44e21325eeee53358c,20260703,2026-07-03,"BUG #19542: Boolean syntax in GRAPH_TABLE",3,2: 2-3 messages,false,no linked commit,,,,,2026-08-13
19543,883d487bb2bfdeb91a298fe5b7139e2e,20260703,2026-07-03,"BUG #19543: ALTER RULE ... RENAME accepts reserved name ""_RETURN"" for a non-view rule; breaks a restored dump",2,2: 2-3 messages,true,linked to a fix commit,both,2026-07-04,1,1: same/next day,2026-08-13
19544,33f9bfab3fb894b7b7bfd5b28128c3ea,20260706,2026-07-06,"BUG #19544: PostgreSQL 18.3 backend crashes with SIGSEGV when a PL/pgSQL function",3,2: 2-3 messages,false,no linked commit,,,,,2026-08-13
19545,0eb9a5c1a23b77f38380aa0c32501da4,20260707,2026-07-07,"BUG #19545: Integer truncation of `GinTuple.keylen` causes out-of-bounds read in parallel GIN index build",9,3: 4-10 messages,false,no linked commit,,,,,2026-08-13
19547,0eb9a5c1a23b77f38380aa0c32501da4,20260708,2026-07-08,"BUG #19547: `libpqrcv_create_slot` dereferences NULL on a malformed `CREATE_REPLICATION_SLOT` reply (just a sugg",10,3: 4-10 messages,true,linked to a fix commit,both,2026-07-16,8,3: within a month,2026-08-13
19548,4601568feba68393c1d6039e0c8e4762,20260708,2026-07-08,"BUG #19548: Missing dependency between a graph edge and the related PK",4,3: 4-10 messages,false,no linked commit,,,,,2026-08-13
19549,ea7b8ddbd5300084dc43651860e9eacc,20260709,2026-07-09,"BUG #19549: Physical replication slot xmin value stuck",2,2: 2-3 messages,false,no linked commit,,,,,2026-08-13
19551,6569e6239b1e16b53e39c78c432465d3,20260710,2026-07-10,"BUG #19551: TRAP: failed Assert(""max_pinned_buffers > 0"")",4,3: 4-10 messages,true,linked to a fix commit,both,2026-07-15,5,2: within a week,2026-08-13
19553,664ffd645474887f547136b3390d4c83,20260716,2026-07-16,"BUG #19553: Wrong results from nested LEFT JOINs over an empty subquery (regression since v16)",13,4: 11+ messages,true,linked to a fix commit,both,2026-07-18,2,2: within a week,2026-08-13
19554,881d4a327e471b77c36fe852cd90a709,20260716,2026-07-16,"BUG #19554: No match for argument: postgresql18-server Error: Unable to find a match: postgresql18-server",1,1: no replies,false,no linked commit,,,,,2026-08-13
19555,dd62e2ef2da8e7dc252efeb2d7a9d06a,20260717,2026-07-17,"BUG #19555: TRAP: failed Assert (ent->cmin == change->data.tuplecid.cmin) on logical replication",3,2: 2-3 messages,false,no linked commit,,,,,2026-08-13
19556,dd62e2ef2da8e7dc252efeb2d7a9d06a,20260717,2026-07-17,"BUG #19556: Segmentation fault in test_decoding",10,3: 4-10 messages,true,linked to a fix commit,both,2026-07-28,11,3: within a month,2026-08-13
19557,688faf33c845e653180dc7ba8d147bc3,20260717,2026-07-17,"BUG #19557: Parallel leader stuckat ParallelFinish leaked InterruptHoldoffCount",2,2: 2-3 messages,false,no linked commit,,,,,2026-08-13
19558,1df764ccd4850fbcd6733db0850a8125,20260718,2026-07-18,"BUG #19558: User-defined prefix operators ""|"" and ""->"" no longer parse in 19beta2 (SQL/PGQ grammar change)",5,3: 4-10 messages,true,linked to a fix commit,both,2026-07-18,0,1: same/next day,2026-08-13
19559,7324d1e05cdd39e16844cf8136422827,20260718,2026-07-18,"BUG #19559: ALTER TABLE SET EXPRESSION / ALTER TYPE fails on columns referenced by a property graph",1,1: no replies,false,no linked commit,,,,,2026-08-13
19560,8b5fa6471bfe06047844ec1cfb7382de,20260720,2026-07-20,"BUG #19560: Wrong results since v16: removable LEFT JOIN silently drops WHERE qual",2,2: 2-3 messages,true,linked to a fix commit,bug_ref,2026-08-28,39,4: within 6 months,2026-08-13
19562,73dbc76e0d6cf6e5bde7f84831baad70,20260721,2026-07-21,"BUG #19562: pgcli packaged by the PostgreSQL Yum Repository:ModuleNotFoundError: No module named 'pgspecial'",2,2: 2-3 messages,false,no linked commit,,,,,2026-08-13
19563,5b98ce181dee73c7a0b63f4a9c0c806a,20260721,2026-07-21,"BUG #19563: Planner does not eliminate redundant outer DISTINCT over UNION",2,2: 2-3 messages,false,no linked commit,,,,,2026-08-13
19564,5b98ce181dee73c7a0b63f4a9c0c806a,20260721,2026-07-21,"BUG #19564: Semantically redundant DISTINCT in an IN subquery changes the join strategy and improves execution t",1,1: no replies,false,no linked commit,,,,,2026-08-13
19565,5b98ce181dee73c7a0b63f4a9c0c806a,20260721,2026-07-21,"BUG #19565: Duplicating an equivalent ANY predicate changes a semijoin into a slower per-row SubPlan",1,1: no replies,false,no linked commit,,,,,2026-08-13
19566,5b98ce181dee73c7a0b63f4a9c0c806a,20260721,2026-07-21,"BUG #19566: redundant HAVING COUNT(*) > 0 changes a parallel hash join into a substantially faster indexed",2,2: 2-3 messages,false,no linked commit,,,,,2026-08-13
19567,5b98ce181dee73c7a0b63f4a9c0c806a,20260722,2026-07-22,"BUG #19567: Redundant outer DISTINCT causes a second full aggregation above UNION",3,2: 2-3 messages,false,no linked commit,,,,,2026-08-13
19568,5b98ce181dee73c7a0b63f4a9c0c806a,20260722,2026-07-22,"BUG #19568: Redundant outer DISTINCT adds Sort and Unique above INTERSECT",1,1: no replies,false,no linked commit,,,,,2026-08-13
19569,5b98ce181dee73c7a0b63f4a9c0c806a,20260722,2026-07-22,"BUG #19569: Redundant outer DISTINCT adds Sort and Unique above EXCEPT",1,1: no replies,false,no linked commit,,,,,2026-08-13
19570,5b98ce181dee73c7a0b63f4a9c0c806a,20260722,2026-07-22,"BUG #19570: redundant double negation prevents IN-subquery pull-up and causes a slower SubPlan",1,1: no replies,false,no linked commit,,,,,2026-08-13
19571,5b98ce181dee73c7a0b63f4a9c0c806a,20260722,2026-07-22,"BUG #19571: Semantically redundant OR FALSE prevents IN-subquery pull-up and causes a slower SubPlan",1,1: no replies,false,no linked commit,,,,,2026-08-13
19572,5b98ce181dee73c7a0b63f4a9c0c806a,20260722,2026-07-22,"BUG #19572: Redundant predicate changes JIT decision and causes an 18x performance difference",4,3: 4-10 messages,false,no linked commit,,,,,2026-08-13
19573,881d4a327e471b77c36fe852cd90a709,20260722,2026-07-22,"BUG #19573: Unable to install new version 18 (able to install 17)",2,2: 2-3 messages,false,no linked commit,,,,,2026-08-13
19575,5b98ce181dee73c7a0b63f4a9c0c806a,20260723,2026-07-23,"BUG #19575: Enhancement for Redundant DISTINCT in set-operation branches",2,2: 2-3 messages,false,no linked commit,,,,,2026-08-13
19576,349bdbe6b8212de4cd9fb7a88f0568f2,20260723,2026-07-23,"BUG #19576: startup process hangs indefinitely replaying MultiXact/CREATE_ID record",2,2: 2-3 messages,false,no linked commit,,,,,2026-08-13
19579,664ffd645474887f547136b3390d4c83,20260725,2026-07-25,"BUG #19579: Wrong results regression",7,3: 4-10 messages,true,linked to a fix commit,both,2026-07-31,6,2: within a week,2026-08-13
19580,c9a4a583014fc019d1cca8d84e4af529,20260725,2026-07-25,"BUG #19580: Can not FINALIZE detach partition. Table in stuck",2,2: 2-3 messages,false,no linked commit,,,,,2026-08-13
19581,036aec1d8777a997950d6663a908c6e2,20260726,2026-07-26,"BUG #19581: Non-UTF8-encoded text in log file",2,2: 2-3 messages,false,no linked commit,,,,,2026-08-13
19582,914d6b14feb64ae76b038553a4ee568d,20260727,2026-07-27,"BUG #19582: Query fails on mixed IPv4 IPv6 data when index added",2,2: 2-3 messages,false,no linked commit,,,,,2026-08-13
19583,8875ee15644357654cc7225e80da7d66,20260729,2026-07-29,"BUG #19583: macaddr input accepts octet fields longer than 8 hex digits",6,3: 4-10 messages,false,no linked commit,,,,,2026-08-13
19584,8875ee15644357654cc7225e80da7d66,20260729,2026-07-29,"BUG #19584: tid input acceptance is platform-dependent: '(,5)'::tid yields (0,5) on glibc, errors on macOS",2,2: 2-3 messages,true,linked to a fix commit,discussion_link,2026-08-06,8,3: within a month,2026-08-13
19585,e712df7350a457eee4f04659e087280f,20260729,2026-07-29,"BUG #19585: Trivial bug - anchor tag points to wrong book",3,2: 2-3 messages,true,linked to a fix commit,bug_ref,2026-08-04,6,2: within a week,2026-08-13
19586,8875ee15644357654cc7225e80da7d66,20260729,2026-07-29,"BUG #19586: money division overflow",6,3: 4-10 messages,true,linked to a fix commit,discussion_link,2026-08-04,6,2: within a week,2026-08-13
19587,8875ee15644357654cc7225e80da7d66,20260729,2026-07-29,"BUG #19587: hashchar (internal ""char"" type) depends on platform char signedness",2,2: 2-3 messages,false,no linked commit,,,,,2026-08-13
19588,40456fc9d6793f0838eb969c39e767d0,20260730,2026-07-30,"BUG #19588: Semantically equivalent DISTINCT ON query returns different result when wrapped in MATERIALIZED CTE.",3,2: 2-3 messages,false,no linked commit,,,,,2026-08-13
19589,40456fc9d6793f0838eb969c39e767d0,20260730,2026-07-30,"BUG #19589: JSON_QUERY rejects domain-over-bytea input when using FORMAT JSON ENCODING UTF8.",2,2: 2-3 messages,false,no linked commit,,,,,2026-08-13
19590,8875ee15644357654cc7225e80da7d66,20260731,2026-07-31,"BUG #19590: to_date/to_timestamp ""Y,YYY"" accepts out-of-range values",2,2: 2-3 messages,false,no linked commit,,,,,2026-08-13
19593,8875ee15644357654cc7225e80da7d66,20260801,2026-08-01,"BUG #19593: area(circle) silently returns Infinity instead of raising ""value out of range: overflow""",10,3: 4-10 messages,false,no linked commit,,,,,2026-08-13
19594,8875ee15644357654cc7225e80da7d66,20260801,2026-08-01,"BUG #19594: to_char/jsonpath format cache serves a format tree parsed in the wrong strict-mode",2,2: 2-3 messages,false,no linked commit,,,,,2026-08-13
19595,2587b67431f9cc2a998a25e42e2d172d,20260802,2026-08-02,"BUG #19595: Three memory-safety defects in src/backend/tsearch/spell.c (dictionary loader), PG 18.3",7,3: 4-10 messages,true,linked to a fix commit,both,2026-08-02,0,1: same/next day,2026-08-13
19597,8875ee15644357654cc7225e80da7d66,20260802,2026-08-02,"BUG #19597: getQuadrant: impossible case is reachable",4,3: 4-10 messages,false,no linked commit,,,,,2026-08-13
19598,8875ee15644357654cc7225e80da7d66,20260802,2026-08-02,"BUG #19598: pg_waldump: -s/-e accept out-of-range WAL locations and silently use the low 32 bits",13,4: 11+ messages,true,linked to a fix commit,both,2026-08-12,10,3: within a month,2026-08-13
19599,8875ee15644357654cc7225e80da7d66,20260802,2026-08-02,"BUG #19599: RestoreBlockImage: the decode cross-checks never bound hole_offset + hole_length against BLCKSZ",1,1: no replies,false,no linked commit,,,,,2026-08-13
19600,8875ee15644357654cc7225e80da7d66,20260803,2026-08-03,"BUG #19600: pgcrypto crypt() can return text with invalid encoding",2,2: 2-3 messages,false,no linked commit,,,,,2026-08-13
19601,0eb9a5c1a23b77f38380aa0c32501da4,20260803,2026-08-03,"BUG #19601: Vuln45: Unbounded recursion via self-retying Perl scalar in bool_plperl's SvTRUE call causes backend",4,3: 4-10 messages,false,no linked commit,,,,,2026-08-13
19602,0eb9a5c1a23b77f38380aa0c32501da4,20260803,2026-08-03,"BUG #19602: Vuln46: citext split_part silently returns NULL for a zero field position instead of raising core sp",1,1: no replies,false,no linked commit,,,,,2026-08-13
19603,0eb9a5c1a23b77f38380aa0c32501da4,20260803,2026-08-03,"BUG #19603: Vuln47: distance_taxicab and distance_chebyshev silently return 0 instead of NaN when a cube coordin",2,2: 2-3 messages,false,no linked commit,,,,,2026-08-13
19604,0eb9a5c1a23b77f38380aa0c32501da4,20260803,2026-08-03,"BUG #19604: Bug 9: `plperl_to_hstore` heap overflow with a tied Perl hash",2,2: 2-3 messages,false,no linked commit,,,,,2026-08-13
19607,0eb9a5c1a23b77f38380aa0c32501da4,20260803,2026-08-03,"BUG #19607: Bug 18: `pg_surgery` infinite loop in `heap_force_common`",5,3: 4-10 messages,true,linked to a fix commit,both,2026-08-04,1,1: same/next day,2026-08-13
19608,473b72cc6370f3ac15fd78eda9f19c62,20260803,2026-08-03,"BUG #19608: Error while Reindexing Main Table",2,2: 2-3 messages,false,no linked commit,,,,,2026-08-13
19609,836c79174fcbacf22e2a3774259fe82b,20260804,2026-08-04,"BUG #19609: Server crashes when executing a JIT-compiled SQL function on s390x",5,3: 4-10 messages,false,no linked commit,,,,,2026-08-13
19610,a9ea108e78b1303c20d90ac35a030b77,20260806,2026-08-06,"BUG #19610: Database won't start if an unrelated process is exist",4,3: 4-10 messages,false,no linked commit,,,,,2026-08-13
19612,6894038e07eb1a2f13f80abc5cf96066,20260807,2026-08-07,"BUG #19612: SEGV in ParseConfigFp() in guc-file.l",8,3: 4-10 messages,true,linked to a fix commit,discussion_link,2026-08-16,9,3: within a month,2026-08-13
19613,6894038e07eb1a2f13f80abc5cf96066,20260807,2026-08-07,"BUG #19613: pg_restore: several SEGVs in ReadToc() in pg_backup_archiver.c",7,3: 4-10 messages,false,no linked commit,,,,,2026-08-13
19615,6710ea30798233040ad33ee1fd20eef1,20260811,2026-08-11,"BUG #19615: COVAR_POP / COVAR_SAMP / REGR_SXY return 0.0 instead of NaN",4,3: 4-10 messages,true,linked to a fix commit,both,2026-08-12,1,1: same/next day,2026-11-12
19616,38fb50d1c81b7a8ea1994bc02f695fef,20260811,2026-08-11,"BUG #19616: pgoutput sends stream abort ('A') to clients that did not enable streaming",15,4: 11+ messages,true,linked to a fix commit,both,2026-08-18,7,2: within a week,2026-11-12
19617,8875ee15644357654cc7225e80da7d66,20260812,2026-08-12,"BUG #19617: Hash node can report incorrect actual rows number",2,2: 2-3 messages,false,no linked commit,,,,,2026-11-12
19618,c91850db8c4574f7604408df2de818d3,20260813,2026-08-13,"BUG #19618: postgresql18 client package not found",1,1: no replies,false,no linked commit,,,,,2026-11-12
19619,8875ee15644357654cc7225e80da7d66,20260814,2026-08-14,"BUG #19619: WHERE scale(n) = 1 pushed past GROUP BY / window PARTITION BY, wrong COUNT",3,2: 2-3 messages,false,no linked commit,,,,,2026-11-12
19620,a01217c83085b35c3250ed37b7cf9328,20260815,2026-08-15,"BUG #19620: pg_class index corruption caused by statement_timeout during VACUUM FULL",3,2: 2-3 messages,false,no linked commit,,,,,2026-11-12
19621,bbc637340da4422ed3edc79fbc93d287,20260815,2026-08-15,"BUG #19621: Unexpected results of JSON_VALUE with DEFAULT ON EMPTY",4,3: 4-10 messages,false,no linked commit,,,,,2026-11-12
19622,3dd3cc6b16a6cb09736585b8e92a6b6e,20260816,2026-08-16,"BUG #19622: io_method=worker retains file descriptors on dropped relations",1,1: no replies,false,no linked commit,,,,,2026-11-12
19623,8dbf307076c91cf88584a941d105687a,20260817,2026-08-17,"BUG #19623: Postmaster livelocks respawning io workers when children die after crash restart; pg_ctl stop fails",5,3: 4-10 messages,true,linked to a fix commit,discussion_link,2026-08-20,3,2: within a week,2026-11-12
19624,bffe257e4725901157489843c6de7d4d,20260817,2026-08-17,"BUG #19624: postgresql14-devel (and in general postgresqlXX-devel) do not set PKG_CONFIG_PATH",1,1: no replies,false,no linked commit,,,,,2026-11-12
19625,b718bbd9c674be281ec805fb6cb486d1,20260817,2026-08-17,"BUG #19625: SQL/JSON boolean DEFAULT expression silently replaced with 'false'",3,2: 2-3 messages,false,no linked commit,,,,,2026-11-12
19626,bbc637340da4422ed3edc79fbc93d287,20260818,2026-08-18,"BUG #19626: Segmentation fault planning self-join IN subquery with LATERAL UNION ALL",6,3: 4-10 messages,false,no linked commit,,,,,2026-11-12
19627,f9f7acf98535deb0832d3a707b5bfd60,20260818,2026-08-18,"BUG #19627: 32,768 trigger arguments wrap `tgnargs` and are silently lost at runtime",4,3: 4-10 messages,true,linked to a fix commit,discussion_link,2026-08-20,2,2: within a week,2026-11-12
19628,ff7163eb9a902d9952f5a489c8e29751,20260818,2026-08-18,"BUG #19628: Uninterruptible vacuum during hash index processing",2,2: 2-3 messages,false,no linked commit,,,,,2026-11-12
19629,a01217c83085b35c3250ed37b7cf9328,20260819,2026-08-19,"BUG #19629: pg_restore_relation_stats reports XX000 instead of proper SQLSTATE for input validation errors",11,4: 11+ messages,true,linked to a fix commit,both,2026-08-27,8,3: within a month,2026-11-12
19630,a01217c83085b35c3250ed37b7cf9328,20260819,2026-08-19,"BUG #19630: FOR PORTION OF crashes with XX000 when target range is NULL",3,2: 2-3 messages,true,linked to a fix commit,both,2026-08-21,2,2: within a week,2026-11-12
19631,a01217c83085b35c3250ed37b7cf9328,20260819,2026-08-19,"BUG #19631: currtid2() on a view with GROUP BY ctid crashes with XX000",3,2: 2-3 messages,false,no linked commit,,,,,2026-11-12
19632,a01217c83085b35c3250ed37b7cf9328,20260819,2026-08-19,"BUG #19632: RULE rewriting crashes with XX000 when RETURNING old/new references a system column",9,3: 4-10 messages,true,linked to a fix commit,discussion_link,2026-08-20,1,1: same/next day,2026-11-12
19633,bbc637340da4422ed3edc79fbc93d287,20260820,2026-08-20,"BUG #19633: Unexpected results of IN (subquery) with a non-deterministic collation",4,3: 4-10 messages,false,no linked commit,,,,,2026-11-12
19634,a01217c83085b35c3250ed37b7cf9328,20260821,2026-08-21,"BUG #19634: Hash partition with large MODULUS causes ""invalid memory alloc request size""",3,2: 2-3 messages,false,no linked commit,,,,,2026-11-12
19635,60ce73909951dafee5d339289aeacfa6,20260821,2026-08-21,"BUG #19635: Missing entry in information_schema.sequences when creating a Tale with auto increment",2,2: 2-3 messages,false,no linked commit,,,,,2026-11-12
19636,cc3a033f9a3922fa80c5c504eb82a6b6,20260821,2026-08-21,"BUG #19636: heap_fill_tuple misses short varlena conversion after EOH_flatten_into, causing 3-byte waste per row",3,2: 2-3 messages,false,no linked commit,,,,,2026-11-12
19637,8d353a4c5a84c5049abfc94b13c17ae1,20260823,2026-08-23,"BUG #19637: pg_event_trigger_ddl_commands can't process GRANT ON PROPERTY GRAPH",7,3: 4-10 messages,true,linked to a fix commit,both,2026-08-27,4,2: within a week,2026-11-12
19638,de9a728481382a475da6361d6c0ddbde,20260823,2026-08-23,"BUG #19638: Planner chooses an index-only scan for an index AM without amcanreturn, and execution fails",8,3: 4-10 messages,false,no linked commit,,,,,2026-11-12
19639,de9a728481382a475da6361d6c0ddbde,20260823,2026-08-23,"BUG #19639: EXPLAIN (FORMAT JSON) emits a 309-digit cost value, and the node still reports ""Disabled"": false",3,2: 2-3 messages,false,no linked commit,,,,,2026-11-12
19640,6565426115eb3093c83268e7de8b347c,20260826,2026-08-26,"BUG #19640: Standby permanently stuck re-requesting old timeline after promotion, never switches to new timeline",2,2: 2-3 messages,false,no linked commit,,,,,2026-11-12
19641,bbc637340da4422ed3edc79fbc93d287,20260828,2026-08-28,"BUG #19641: Unexpected results on an SP-GiST indexed column with a non-deterministic collation",2,2: 2-3 messages,false,no linked commit,,,,,2026-11-12
19642,17f030f7d552d8cd87c1335371556bc0,20260828,2026-08-28,"BUG #19642: Include column name in error message when varchar(n) length limit is exceeded",2,2: 2-3 messages,false,no linked commit,,,,,2026-11-12
19643,b2e2972275a9e6ad488a9f9bd944803b,20260828,2026-08-28,"BUG #19643: Output of jsonb_populate_recordset not consistent with documentation description",2,2: 2-3 messages,false,no linked commit,,,,,2026-11-12
