date_key,date_day,year_num,quarter_num,month_num,month_name,day_of_month,iso_dow,weekday_name,is_weekday
20210927,2021-09-27,2021,3,9,September,27,1,Monday,true
20210928,2021-09-28,2021,3,9,September,28,2,Tuesday,true
20210929,2021-09-29,2021,3,9,September,29,3,Wednesday,true
20210930,2021-09-30,2021,3,9,September,30,4,Thursday,true
20211001,2021-10-01,2021,4,10,October,1,5,Friday,true
20211002,2021-10-02,2021,4,10,October,2,6,Saturday,false
20211003,2021-10-03,2021,4,10,October,3,7,Sunday,false
20211004,2021-10-04,2021,4,10,October,4,1,Monday,true
20211005,2021-10-05,2021,4,10,October,5,2,Tuesday,true
20211006,2021-10-06,2021,4,10,October,6,3,Wednesday,true
20211007,2021-10-07,2021,4,10,October,7,4,Thursday,true
20211008,2021-10-08,2021,4,10,October,8,5,Friday,true
20211009,2021-10-09,2021,4,10,October,9,6,Saturday,false
20211010,2021-10-10,2021,4,10,October,10,7,Sunday,false
20211011,2021-10-11,2021,4,10,October,11,1,Monday,true
20211012,2021-10-12,2021,4,10,October,12,2,Tuesday,true
20211013,2021-10-13,2021,4,10,October,13,3,Wednesday,true
20211014,2021-10-14,2021,4,10,October,14,4,Thursday,true
20211015,2021-10-15,2021,4,10,October,15,5,Friday,true
20211016,2021-10-16,2021,4,10,October,16,6,Saturday,false
20211017,2021-10-17,2021,4,10,October,17,7,Sunday,false
20211018,2021-10-18,2021,4,10,October,18,1,Monday,true
20211019,2021-10-19,2021,4,10,October,19,2,Tuesday,true
20211020,2021-10-20,2021,4,10,October,20,3,Wednesday,true
20211021,2021-10-21,2021,4,10,October,21,4,Thursday,true
20211022,2021-10-22,2021,4,10,October,22,5,Friday,true
20211023,2021-10-23,2021,4,10,October,23,6,Saturday,false
20211024,2021-10-24,2021,4,10,October,24,7,Sunday,false
20211025,2021-10-25,2021,4,10,October,25,1,Monday,true
20211026,2021-10-26,2021,4,10,October,26,2,Tuesday,true
20211027,2021-10-27,2021,4,10,October,27,3,Wednesday,true
20211028,2021-10-28,2021,4,10,October,28,4,Thursday,true
20211029,2021-10-29,2021,4,10,October,29,5,Friday,true
20211030,2021-10-30,2021,4,10,October,30,6,Saturday,false
20211031,2021-10-31,2021,4,10,October,31,7,Sunday,false
20211101,2021-11-01,2021,4,11,November,1,1,Monday,true
20211102,2021-11-02,2021,4,11,November,2,2,Tuesday,true
20211103,2021-11-03,2021,4,11,November,3,3,Wednesday,true
20211104,2021-11-04,2021,4,11,November,4,4,Thursday,true
20211105,2021-11-05,2021,4,11,November,5,5,Friday,true
20211106,2021-11-06,2021,4,11,November,6,6,Saturday,false
20211107,2021-11-07,2021,4,11,November,7,7,Sunday,false
20211108,2021-11-08,2021,4,11,November,8,1,Monday,true
20211109,2021-11-09,2021,4,11,November,9,2,Tuesday,true
20211110,2021-11-10,2021,4,11,November,10,3,Wednesday,true
20211111,2021-11-11,2021,4,11,November,11,4,Thursday,true
20211112,2021-11-12,2021,4,11,November,12,5,Friday,true
20211113,2021-11-13,2021,4,11,November,13,6,Saturday,false
20211114,2021-11-14,2021,4,11,November,14,7,Sunday,false
20211115,2021-11-15,2021,4,11,November,15,1,Monday,true
20211116,2021-11-16,2021,4,11,November,16,2,Tuesday,true
20211117,2021-11-17,2021,4,11,November,17,3,Wednesday,true
20211118,2021-11-18,2021,4,11,November,18,4,Thursday,true
20211119,2021-11-19,2021,4,11,November,19,5,Friday,true
20211120,2021-11-20,2021,4,11,November,20,6,Saturday,false
20211121,2021-11-21,2021,4,11,November,21,7,Sunday,false
20211122,2021-11-22,2021,4,11,November,22,1,Monday,true
20211123,2021-11-23,2021,4,11,November,23,2,Tuesday,true
20211124,2021-11-24,2021,4,11,November,24,3,Wednesday,true
20211125,2021-11-25,2021,4,11,November,25,4,Thursday,true
20211126,2021-11-26,2021,4,11,November,26,5,Friday,true
20211127,2021-11-27,2021,4,11,November,27,6,Saturday,false
20211128,2021-11-28,2021,4,11,November,28,7,Sunday,false
20211129,2021-11-29,2021,4,11,November,29,1,Monday,true
20211130,2021-11-30,2021,4,11,November,30,2,Tuesday,true
20211201,2021-12-01,2021,4,12,December,1,3,Wednesday,true
20211202,2021-12-02,2021,4,12,December,2,4,Thursday,true
20211203,2021-12-03,2021,4,12,December,3,5,Friday,true
20211204,2021-12-04,2021,4,12,December,4,6,Saturday,false
20211205,2021-12-05,2021,4,12,December,5,7,Sunday,false
20211206,2021-12-06,2021,4,12,December,6,1,Monday,true
20211207,2021-12-07,2021,4,12,December,7,2,Tuesday,true
20211208,2021-12-08,2021,4,12,December,8,3,Wednesday,true
20211209,2021-12-09,2021,4,12,December,9,4,Thursday,true
20211210,2021-12-10,2021,4,12,December,10,5,Friday,true
20211211,2021-12-11,2021,4,12,December,11,6,Saturday,false
20211212,2021-12-12,2021,4,12,December,12,7,Sunday,false
20211213,2021-12-13,2021,4,12,December,13,1,Monday,true
20211214,2021-12-14,2021,4,12,December,14,2,Tuesday,true
20211215,2021-12-15,2021,4,12,December,15,3,Wednesday,true
20211216,2021-12-16,2021,4,12,December,16,4,Thursday,true
20211217,2021-12-17,2021,4,12,December,17,5,Friday,true
20211218,2021-12-18,2021,4,12,December,18,6,Saturday,false
20211219,2021-12-19,2021,4,12,December,19,7,Sunday,false
20211220,2021-12-20,2021,4,12,December,20,1,Monday,true
20211221,2021-12-21,2021,4,12,December,21,2,Tuesday,true
20211222,2021-12-22,2021,4,12,December,22,3,Wednesday,true
20211223,2021-12-23,2021,4,12,December,23,4,Thursday,true
20211224,2021-12-24,2021,4,12,December,24,5,Friday,true
20211225,2021-12-25,2021,4,12,December,25,6,Saturday,false
20211226,2021-12-26,2021,4,12,December,26,7,Sunday,false
20211227,2021-12-27,2021,4,12,December,27,1,Monday,true
20211228,2021-12-28,2021,4,12,December,28,2,Tuesday,true
20211229,2021-12-29,2021,4,12,December,29,3,Wednesday,true
20211230,2021-12-30,2021,4,12,December,30,4,Thursday,true
20211231,2021-12-31,2021,4,12,December,31,5,Friday,true
20220101,2022-01-01,2022,1,1,January,1,6,Saturday,false
20220102,2022-01-02,2022,1,1,January,2,7,Sunday,false
20220103,2022-01-03,2022,1,1,January,3,1,Monday,true
20220104,2022-01-04,2022,1,1,January,4,2,Tuesday,true
20220105,2022-01-05,2022,1,1,January,5,3,Wednesday,true
20220106,2022-01-06,2022,1,1,January,6,4,Thursday,true
20220107,2022-01-07,2022,1,1,January,7,5,Friday,true
20220108,2022-01-08,2022,1,1,January,8,6,Saturday,false
20220109,2022-01-09,2022,1,1,January,9,7,Sunday,false
20220110,2022-01-10,2022,1,1,January,10,1,Monday,true
20220111,2022-01-11,2022,1,1,January,11,2,Tuesday,true
20220112,2022-01-12,2022,1,1,January,12,3,Wednesday,true
20220113,2022-01-13,2022,1,1,January,13,4,Thursday,true
20220114,2022-01-14,2022,1,1,January,14,5,Friday,true
20220115,2022-01-15,2022,1,1,January,15,6,Saturday,false
20220116,2022-01-16,2022,1,1,January,16,7,Sunday,false
20220117,2022-01-17,2022,1,1,January,17,1,Monday,true
20220118,2022-01-18,2022,1,1,January,18,2,Tuesday,true
20220119,2022-01-19,2022,1,1,January,19,3,Wednesday,true
20220120,2022-01-20,2022,1,1,January,20,4,Thursday,true
20220121,2022-01-21,2022,1,1,January,21,5,Friday,true
20220122,2022-01-22,2022,1,1,January,22,6,Saturday,false
20220123,2022-01-23,2022,1,1,January,23,7,Sunday,false
20220124,2022-01-24,2022,1,1,January,24,1,Monday,true
20220125,2022-01-25,2022,1,1,January,25,2,Tuesday,true
20220126,2022-01-26,2022,1,1,January,26,3,Wednesday,true
20220127,2022-01-27,2022,1,1,January,27,4,Thursday,true
20220128,2022-01-28,2022,1,1,January,28,5,Friday,true
20220129,2022-01-29,2022,1,1,January,29,6,Saturday,false
20220130,2022-01-30,2022,1,1,January,30,7,Sunday,false
20220131,2022-01-31,2022,1,1,January,31,1,Monday,true
20220201,2022-02-01,2022,1,2,February,1,2,Tuesday,true
20220202,2022-02-02,2022,1,2,February,2,3,Wednesday,true
20220203,2022-02-03,2022,1,2,February,3,4,Thursday,true
20220204,2022-02-04,2022,1,2,February,4,5,Friday,true
20220205,2022-02-05,2022,1,2,February,5,6,Saturday,false
20220206,2022-02-06,2022,1,2,February,6,7,Sunday,false
20220207,2022-02-07,2022,1,2,February,7,1,Monday,true
20220208,2022-02-08,2022,1,2,February,8,2,Tuesday,true
20220209,2022-02-09,2022,1,2,February,9,3,Wednesday,true
20220210,2022-02-10,2022,1,2,February,10,4,Thursday,true
20220211,2022-02-11,2022,1,2,February,11,5,Friday,true
20220212,2022-02-12,2022,1,2,February,12,6,Saturday,false
20220213,2022-02-13,2022,1,2,February,13,7,Sunday,false
20220214,2022-02-14,2022,1,2,February,14,1,Monday,true
20220215,2022-02-15,2022,1,2,February,15,2,Tuesday,true
20220216,2022-02-16,2022,1,2,February,16,3,Wednesday,true
20220217,2022-02-17,2022,1,2,February,17,4,Thursday,true
20220218,2022-02-18,2022,1,2,February,18,5,Friday,true
20220219,2022-02-19,2022,1,2,February,19,6,Saturday,false
20220220,2022-02-20,2022,1,2,February,20,7,Sunday,false
20220221,2022-02-21,2022,1,2,February,21,1,Monday,true
20220222,2022-02-22,2022,1,2,February,22,2,Tuesday,true
20220223,2022-02-23,2022,1,2,February,23,3,Wednesday,true
20220224,2022-02-24,2022,1,2,February,24,4,Thursday,true
20220225,2022-02-25,2022,1,2,February,25,5,Friday,true
20220226,2022-02-26,2022,1,2,February,26,6,Saturday,false
20220227,2022-02-27,2022,1,2,February,27,7,Sunday,false
20220228,2022-02-28,2022,1,2,February,28,1,Monday,true
20220301,2022-03-01,2022,1,3,March,1,2,Tuesday,true
20220302,2022-03-02,2022,1,3,March,2,3,Wednesday,true
20220303,2022-03-03,2022,1,3,March,3,4,Thursday,true
20220304,2022-03-04,2022,1,3,March,4,5,Friday,true
20220305,2022-03-05,2022,1,3,March,5,6,Saturday,false
20220306,2022-03-06,2022,1,3,March,6,7,Sunday,false
20220307,2022-03-07,2022,1,3,March,7,1,Monday,true
20220308,2022-03-08,2022,1,3,March,8,2,Tuesday,true
20220309,2022-03-09,2022,1,3,March,9,3,Wednesday,true
20220310,2022-03-10,2022,1,3,March,10,4,Thursday,true
20220311,2022-03-11,2022,1,3,March,11,5,Friday,true
20220312,2022-03-12,2022,1,3,March,12,6,Saturday,false
20220313,2022-03-13,2022,1,3,March,13,7,Sunday,false
20220314,2022-03-14,2022,1,3,March,14,1,Monday,true
20220315,2022-03-15,2022,1,3,March,15,2,Tuesday,true
20220316,2022-03-16,2022,1,3,March,16,3,Wednesday,true
20220317,2022-03-17,2022,1,3,March,17,4,Thursday,true
20220318,2022-03-18,2022,1,3,March,18,5,Friday,true
20220319,2022-03-19,2022,1,3,March,19,6,Saturday,false
20220320,2022-03-20,2022,1,3,March,20,7,Sunday,false
20220321,2022-03-21,2022,1,3,March,21,1,Monday,true
20220322,2022-03-22,2022,1,3,March,22,2,Tuesday,true
20220323,2022-03-23,2022,1,3,March,23,3,Wednesday,true
20220324,2022-03-24,2022,1,3,March,24,4,Thursday,true
20220325,2022-03-25,2022,1,3,March,25,5,Friday,true
20220326,2022-03-26,2022,1,3,March,26,6,Saturday,false
20220327,2022-03-27,2022,1,3,March,27,7,Sunday,false
20220328,2022-03-28,2022,1,3,March,28,1,Monday,true
20220329,2022-03-29,2022,1,3,March,29,2,Tuesday,true
20220330,2022-03-30,2022,1,3,March,30,3,Wednesday,true
20220331,2022-03-31,2022,1,3,March,31,4,Thursday,true
20220401,2022-04-01,2022,2,4,April,1,5,Friday,true
20220402,2022-04-02,2022,2,4,April,2,6,Saturday,false
20220403,2022-04-03,2022,2,4,April,3,7,Sunday,false
20220404,2022-04-04,2022,2,4,April,4,1,Monday,true
20220405,2022-04-05,2022,2,4,April,5,2,Tuesday,true
20220406,2022-04-06,2022,2,4,April,6,3,Wednesday,true
20220407,2022-04-07,2022,2,4,April,7,4,Thursday,true
20220408,2022-04-08,2022,2,4,April,8,5,Friday,true
20220409,2022-04-09,2022,2,4,April,9,6,Saturday,false
20220410,2022-04-10,2022,2,4,April,10,7,Sunday,false
20220411,2022-04-11,2022,2,4,April,11,1,Monday,true
20220412,2022-04-12,2022,2,4,April,12,2,Tuesday,true
20220413,2022-04-13,2022,2,4,April,13,3,Wednesday,true
20220414,2022-04-14,2022,2,4,April,14,4,Thursday,true
20220415,2022-04-15,2022,2,4,April,15,5,Friday,true
20220416,2022-04-16,2022,2,4,April,16,6,Saturday,false
20220417,2022-04-17,2022,2,4,April,17,7,Sunday,false
20220418,2022-04-18,2022,2,4,April,18,1,Monday,true
20220419,2022-04-19,2022,2,4,April,19,2,Tuesday,true
20220420,2022-04-20,2022,2,4,April,20,3,Wednesday,true
20220421,2022-04-21,2022,2,4,April,21,4,Thursday,true
20220422,2022-04-22,2022,2,4,April,22,5,Friday,true
20220423,2022-04-23,2022,2,4,April,23,6,Saturday,false
20220424,2022-04-24,2022,2,4,April,24,7,Sunday,false
20220425,2022-04-25,2022,2,4,April,25,1,Monday,true
20220426,2022-04-26,2022,2,4,April,26,2,Tuesday,true
20220427,2022-04-27,2022,2,4,April,27,3,Wednesday,true
20220428,2022-04-28,2022,2,4,April,28,4,Thursday,true
20220429,2022-04-29,2022,2,4,April,29,5,Friday,true
20220430,2022-04-30,2022,2,4,April,30,6,Saturday,false
20220501,2022-05-01,2022,2,5,May,1,7,Sunday,false
20220502,2022-05-02,2022,2,5,May,2,1,Monday,true
20220503,2022-05-03,2022,2,5,May,3,2,Tuesday,true
20220504,2022-05-04,2022,2,5,May,4,3,Wednesday,true
20220505,2022-05-05,2022,2,5,May,5,4,Thursday,true
20220506,2022-05-06,2022,2,5,May,6,5,Friday,true
20220507,2022-05-07,2022,2,5,May,7,6,Saturday,false
20220508,2022-05-08,2022,2,5,May,8,7,Sunday,false
20220509,2022-05-09,2022,2,5,May,9,1,Monday,true
20220510,2022-05-10,2022,2,5,May,10,2,Tuesday,true
20220511,2022-05-11,2022,2,5,May,11,3,Wednesday,true
20220512,2022-05-12,2022,2,5,May,12,4,Thursday,true
20220513,2022-05-13,2022,2,5,May,13,5,Friday,true
20220514,2022-05-14,2022,2,5,May,14,6,Saturday,false
20220515,2022-05-15,2022,2,5,May,15,7,Sunday,false
20220516,2022-05-16,2022,2,5,May,16,1,Monday,true
20220517,2022-05-17,2022,2,5,May,17,2,Tuesday,true
20220518,2022-05-18,2022,2,5,May,18,3,Wednesday,true
20220519,2022-05-19,2022,2,5,May,19,4,Thursday,true
20220520,2022-05-20,2022,2,5,May,20,5,Friday,true
20220521,2022-05-21,2022,2,5,May,21,6,Saturday,false
20220522,2022-05-22,2022,2,5,May,22,7,Sunday,false
20220523,2022-05-23,2022,2,5,May,23,1,Monday,true
20220524,2022-05-24,2022,2,5,May,24,2,Tuesday,true
20220525,2022-05-25,2022,2,5,May,25,3,Wednesday,true
20220526,2022-05-26,2022,2,5,May,26,4,Thursday,true
20220527,2022-05-27,2022,2,5,May,27,5,Friday,true
20220528,2022-05-28,2022,2,5,May,28,6,Saturday,false
20220529,2022-05-29,2022,2,5,May,29,7,Sunday,false
20220530,2022-05-30,2022,2,5,May,30,1,Monday,true
20220531,2022-05-31,2022,2,5,May,31,2,Tuesday,true
20220601,2022-06-01,2022,2,6,June,1,3,Wednesday,true
20220602,2022-06-02,2022,2,6,June,2,4,Thursday,true
20220603,2022-06-03,2022,2,6,June,3,5,Friday,true
20220604,2022-06-04,2022,2,6,June,4,6,Saturday,false
20220605,2022-06-05,2022,2,6,June,5,7,Sunday,false
20220606,2022-06-06,2022,2,6,June,6,1,Monday,true
20220607,2022-06-07,2022,2,6,June,7,2,Tuesday,true
20220608,2022-06-08,2022,2,6,June,8,3,Wednesday,true
20220609,2022-06-09,2022,2,6,June,9,4,Thursday,true
20220610,2022-06-10,2022,2,6,June,10,5,Friday,true
20220611,2022-06-11,2022,2,6,June,11,6,Saturday,false
20220612,2022-06-12,2022,2,6,June,12,7,Sunday,false
20220613,2022-06-13,2022,2,6,June,13,1,Monday,true
20220614,2022-06-14,2022,2,6,June,14,2,Tuesday,true
20220615,2022-06-15,2022,2,6,June,15,3,Wednesday,true
20220616,2022-06-16,2022,2,6,June,16,4,Thursday,true
20220617,2022-06-17,2022,2,6,June,17,5,Friday,true
20220618,2022-06-18,2022,2,6,June,18,6,Saturday,false
20220619,2022-06-19,2022,2,6,June,19,7,Sunday,false
20220620,2022-06-20,2022,2,6,June,20,1,Monday,true
20220621,2022-06-21,2022,2,6,June,21,2,Tuesday,true
20220622,2022-06-22,2022,2,6,June,22,3,Wednesday,true
20220623,2022-06-23,2022,2,6,June,23,4,Thursday,true
20220624,2022-06-24,2022,2,6,June,24,5,Friday,true
20220625,2022-06-25,2022,2,6,June,25,6,Saturday,false
20220626,2022-06-26,2022,2,6,June,26,7,Sunday,false
20220627,2022-06-27,2022,2,6,June,27,1,Monday,true
20220628,2022-06-28,2022,2,6,June,28,2,Tuesday,true
20220629,2022-06-29,2022,2,6,June,29,3,Wednesday,true
20220630,2022-06-30,2022,2,6,June,30,4,Thursday,true
20220701,2022-07-01,2022,3,7,July,1,5,Friday,true
20220702,2022-07-02,2022,3,7,July,2,6,Saturday,false
20220703,2022-07-03,2022,3,7,July,3,7,Sunday,false
20220704,2022-07-04,2022,3,7,July,4,1,Monday,true
20220705,2022-07-05,2022,3,7,July,5,2,Tuesday,true
20220706,2022-07-06,2022,3,7,July,6,3,Wednesday,true
20220707,2022-07-07,2022,3,7,July,7,4,Thursday,true
20220708,2022-07-08,2022,3,7,July,8,5,Friday,true
20220709,2022-07-09,2022,3,7,July,9,6,Saturday,false
20220710,2022-07-10,2022,3,7,July,10,7,Sunday,false
20220711,2022-07-11,2022,3,7,July,11,1,Monday,true
20220712,2022-07-12,2022,3,7,July,12,2,Tuesday,true
20220713,2022-07-13,2022,3,7,July,13,3,Wednesday,true
20220714,2022-07-14,2022,3,7,July,14,4,Thursday,true
20220715,2022-07-15,2022,3,7,July,15,5,Friday,true
20220716,2022-07-16,2022,3,7,July,16,6,Saturday,false
20220717,2022-07-17,2022,3,7,July,17,7,Sunday,false
20220718,2022-07-18,2022,3,7,July,18,1,Monday,true
20220719,2022-07-19,2022,3,7,July,19,2,Tuesday,true
20220720,2022-07-20,2022,3,7,July,20,3,Wednesday,true
20220721,2022-07-21,2022,3,7,July,21,4,Thursday,true
20220722,2022-07-22,2022,3,7,July,22,5,Friday,true
20220723,2022-07-23,2022,3,7,July,23,6,Saturday,false
20220724,2022-07-24,2022,3,7,July,24,7,Sunday,false
20220725,2022-07-25,2022,3,7,July,25,1,Monday,true
20220726,2022-07-26,2022,3,7,July,26,2,Tuesday,true
20220727,2022-07-27,2022,3,7,July,27,3,Wednesday,true
20220728,2022-07-28,2022,3,7,July,28,4,Thursday,true
20220729,2022-07-29,2022,3,7,July,29,5,Friday,true
20220730,2022-07-30,2022,3,7,July,30,6,Saturday,false
20220731,2022-07-31,2022,3,7,July,31,7,Sunday,false
20220801,2022-08-01,2022,3,8,August,1,1,Monday,true
20220802,2022-08-02,2022,3,8,August,2,2,Tuesday,true
20220803,2022-08-03,2022,3,8,August,3,3,Wednesday,true
20220804,2022-08-04,2022,3,8,August,4,4,Thursday,true
20220805,2022-08-05,2022,3,8,August,5,5,Friday,true
20220806,2022-08-06,2022,3,8,August,6,6,Saturday,false
20220807,2022-08-07,2022,3,8,August,7,7,Sunday,false
20220808,2022-08-08,2022,3,8,August,8,1,Monday,true
20220809,2022-08-09,2022,3,8,August,9,2,Tuesday,true
20220810,2022-08-10,2022,3,8,August,10,3,Wednesday,true
20220811,2022-08-11,2022,3,8,August,11,4,Thursday,true
20220812,2022-08-12,2022,3,8,August,12,5,Friday,true
20220813,2022-08-13,2022,3,8,August,13,6,Saturday,false
20220814,2022-08-14,2022,3,8,August,14,7,Sunday,false
20220815,2022-08-15,2022,3,8,August,15,1,Monday,true
20220816,2022-08-16,2022,3,8,August,16,2,Tuesday,true
20220817,2022-08-17,2022,3,8,August,17,3,Wednesday,true
20220818,2022-08-18,2022,3,8,August,18,4,Thursday,true
20220819,2022-08-19,2022,3,8,August,19,5,Friday,true
20220820,2022-08-20,2022,3,8,August,20,6,Saturday,false
20220821,2022-08-21,2022,3,8,August,21,7,Sunday,false
20220822,2022-08-22,2022,3,8,August,22,1,Monday,true
20220823,2022-08-23,2022,3,8,August,23,2,Tuesday,true
20220824,2022-08-24,2022,3,8,August,24,3,Wednesday,true
20220825,2022-08-25,2022,3,8,August,25,4,Thursday,true
20220826,2022-08-26,2022,3,8,August,26,5,Friday,true
20220827,2022-08-27,2022,3,8,August,27,6,Saturday,false
20220828,2022-08-28,2022,3,8,August,28,7,Sunday,false
20220829,2022-08-29,2022,3,8,August,29,1,Monday,true
20220830,2022-08-30,2022,3,8,August,30,2,Tuesday,true
20220831,2022-08-31,2022,3,8,August,31,3,Wednesday,true
20220901,2022-09-01,2022,3,9,September,1,4,Thursday,true
20220902,2022-09-02,2022,3,9,September,2,5,Friday,true
20220903,2022-09-03,2022,3,9,September,3,6,Saturday,false
20220904,2022-09-04,2022,3,9,September,4,7,Sunday,false
20220905,2022-09-05,2022,3,9,September,5,1,Monday,true
20220906,2022-09-06,2022,3,9,September,6,2,Tuesday,true
20220907,2022-09-07,2022,3,9,September,7,3,Wednesday,true
20220908,2022-09-08,2022,3,9,September,8,4,Thursday,true
20220909,2022-09-09,2022,3,9,September,9,5,Friday,true
20220910,2022-09-10,2022,3,9,September,10,6,Saturday,false
20220911,2022-09-11,2022,3,9,September,11,7,Sunday,false
20220912,2022-09-12,2022,3,9,September,12,1,Monday,true
20220913,2022-09-13,2022,3,9,September,13,2,Tuesday,true
20220914,2022-09-14,2022,3,9,September,14,3,Wednesday,true
20220915,2022-09-15,2022,3,9,September,15,4,Thursday,true
20220916,2022-09-16,2022,3,9,September,16,5,Friday,true
20220917,2022-09-17,2022,3,9,September,17,6,Saturday,false
20220918,2022-09-18,2022,3,9,September,18,7,Sunday,false
20220919,2022-09-19,2022,3,9,September,19,1,Monday,true
20220920,2022-09-20,2022,3,9,September,20,2,Tuesday,true
20220921,2022-09-21,2022,3,9,September,21,3,Wednesday,true
20220922,2022-09-22,2022,3,9,September,22,4,Thursday,true
20220923,2022-09-23,2022,3,9,September,23,5,Friday,true
20220924,2022-09-24,2022,3,9,September,24,6,Saturday,false
20220925,2022-09-25,2022,3,9,September,25,7,Sunday,false
20220926,2022-09-26,2022,3,9,September,26,1,Monday,true
20220927,2022-09-27,2022,3,9,September,27,2,Tuesday,true
20220928,2022-09-28,2022,3,9,September,28,3,Wednesday,true
20220929,2022-09-29,2022,3,9,September,29,4,Thursday,true
20220930,2022-09-30,2022,3,9,September,30,5,Friday,true
20221001,2022-10-01,2022,4,10,October,1,6,Saturday,false
20221002,2022-10-02,2022,4,10,October,2,7,Sunday,false
20221003,2022-10-03,2022,4,10,October,3,1,Monday,true
20221004,2022-10-04,2022,4,10,October,4,2,Tuesday,true
20221005,2022-10-05,2022,4,10,October,5,3,Wednesday,true
20221006,2022-10-06,2022,4,10,October,6,4,Thursday,true
20221007,2022-10-07,2022,4,10,October,7,5,Friday,true
20221008,2022-10-08,2022,4,10,October,8,6,Saturday,false
20221009,2022-10-09,2022,4,10,October,9,7,Sunday,false
20221010,2022-10-10,2022,4,10,October,10,1,Monday,true
20221011,2022-10-11,2022,4,10,October,11,2,Tuesday,true
20221012,2022-10-12,2022,4,10,October,12,3,Wednesday,true
20221013,2022-10-13,2022,4,10,October,13,4,Thursday,true
20221014,2022-10-14,2022,4,10,October,14,5,Friday,true
20221015,2022-10-15,2022,4,10,October,15,6,Saturday,false
20221016,2022-10-16,2022,4,10,October,16,7,Sunday,false
20221017,2022-10-17,2022,4,10,October,17,1,Monday,true
20221018,2022-10-18,2022,4,10,October,18,2,Tuesday,true
20221019,2022-10-19,2022,4,10,October,19,3,Wednesday,true
20221020,2022-10-20,2022,4,10,October,20,4,Thursday,true
20221021,2022-10-21,2022,4,10,October,21,5,Friday,true
20221022,2022-10-22,2022,4,10,October,22,6,Saturday,false
20221023,2022-10-23,2022,4,10,October,23,7,Sunday,false
20221024,2022-10-24,2022,4,10,October,24,1,Monday,true
20221025,2022-10-25,2022,4,10,October,25,2,Tuesday,true
20221026,2022-10-26,2022,4,10,October,26,3,Wednesday,true
20221027,2022-10-27,2022,4,10,October,27,4,Thursday,true
20221028,2022-10-28,2022,4,10,October,28,5,Friday,true
20221029,2022-10-29,2022,4,10,October,29,6,Saturday,false
20221030,2022-10-30,2022,4,10,October,30,7,Sunday,false
20221031,2022-10-31,2022,4,10,October,31,1,Monday,true
20221101,2022-11-01,2022,4,11,November,1,2,Tuesday,true
20221102,2022-11-02,2022,4,11,November,2,3,Wednesday,true
20221103,2022-11-03,2022,4,11,November,3,4,Thursday,true
20221104,2022-11-04,2022,4,11,November,4,5,Friday,true
20221105,2022-11-05,2022,4,11,November,5,6,Saturday,false
20221106,2022-11-06,2022,4,11,November,6,7,Sunday,false
20221107,2022-11-07,2022,4,11,November,7,1,Monday,true
20221108,2022-11-08,2022,4,11,November,8,2,Tuesday,true
20221109,2022-11-09,2022,4,11,November,9,3,Wednesday,true
20221110,2022-11-10,2022,4,11,November,10,4,Thursday,true
20221111,2022-11-11,2022,4,11,November,11,5,Friday,true
20221112,2022-11-12,2022,4,11,November,12,6,Saturday,false
20221113,2022-11-13,2022,4,11,November,13,7,Sunday,false
20221114,2022-11-14,2022,4,11,November,14,1,Monday,true
20221115,2022-11-15,2022,4,11,November,15,2,Tuesday,true
20221116,2022-11-16,2022,4,11,November,16,3,Wednesday,true
20221117,2022-11-17,2022,4,11,November,17,4,Thursday,true
20221118,2022-11-18,2022,4,11,November,18,5,Friday,true
20221119,2022-11-19,2022,4,11,November,19,6,Saturday,false
20221120,2022-11-20,2022,4,11,November,20,7,Sunday,false
20221121,2022-11-21,2022,4,11,November,21,1,Monday,true
20221122,2022-11-22,2022,4,11,November,22,2,Tuesday,true
20221123,2022-11-23,2022,4,11,November,23,3,Wednesday,true
20221124,2022-11-24,2022,4,11,November,24,4,Thursday,true
20221125,2022-11-25,2022,4,11,November,25,5,Friday,true
20221126,2022-11-26,2022,4,11,November,26,6,Saturday,false
20221127,2022-11-27,2022,4,11,November,27,7,Sunday,false
20221128,2022-11-28,2022,4,11,November,28,1,Monday,true
20221129,2022-11-29,2022,4,11,November,29,2,Tuesday,true
20221130,2022-11-30,2022,4,11,November,30,3,Wednesday,true
20221201,2022-12-01,2022,4,12,December,1,4,Thursday,true
20221202,2022-12-02,2022,4,12,December,2,5,Friday,true
20221203,2022-12-03,2022,4,12,December,3,6,Saturday,false
20221204,2022-12-04,2022,4,12,December,4,7,Sunday,false
20221205,2022-12-05,2022,4,12,December,5,1,Monday,true
20221206,2022-12-06,2022,4,12,December,6,2,Tuesday,true
20221207,2022-12-07,2022,4,12,December,7,3,Wednesday,true
20221208,2022-12-08,2022,4,12,December,8,4,Thursday,true
20221209,2022-12-09,2022,4,12,December,9,5,Friday,true
20221210,2022-12-10,2022,4,12,December,10,6,Saturday,false
20221211,2022-12-11,2022,4,12,December,11,7,Sunday,false
20221212,2022-12-12,2022,4,12,December,12,1,Monday,true
20221213,2022-12-13,2022,4,12,December,13,2,Tuesday,true
20221214,2022-12-14,2022,4,12,December,14,3,Wednesday,true
20221215,2022-12-15,2022,4,12,December,15,4,Thursday,true
20221216,2022-12-16,2022,4,12,December,16,5,Friday,true
20221217,2022-12-17,2022,4,12,December,17,6,Saturday,false
20221218,2022-12-18,2022,4,12,December,18,7,Sunday,false
20221219,2022-12-19,2022,4,12,December,19,1,Monday,true
20221220,2022-12-20,2022,4,12,December,20,2,Tuesday,true
20221221,2022-12-21,2022,4,12,December,21,3,Wednesday,true
20221222,2022-12-22,2022,4,12,December,22,4,Thursday,true
20221223,2022-12-23,2022,4,12,December,23,5,Friday,true
20221224,2022-12-24,2022,4,12,December,24,6,Saturday,false
20221225,2022-12-25,2022,4,12,December,25,7,Sunday,false
20221226,2022-12-26,2022,4,12,December,26,1,Monday,true
20221227,2022-12-27,2022,4,12,December,27,2,Tuesday,true
20221228,2022-12-28,2022,4,12,December,28,3,Wednesday,true
20221229,2022-12-29,2022,4,12,December,29,4,Thursday,true
20221230,2022-12-30,2022,4,12,December,30,5,Friday,true
20221231,2022-12-31,2022,4,12,December,31,6,Saturday,false
20230101,2023-01-01,2023,1,1,January,1,7,Sunday,false
20230102,2023-01-02,2023,1,1,January,2,1,Monday,true
20230103,2023-01-03,2023,1,1,January,3,2,Tuesday,true
20230104,2023-01-04,2023,1,1,January,4,3,Wednesday,true
20230105,2023-01-05,2023,1,1,January,5,4,Thursday,true
20230106,2023-01-06,2023,1,1,January,6,5,Friday,true
20230107,2023-01-07,2023,1,1,January,7,6,Saturday,false
20230108,2023-01-08,2023,1,1,January,8,7,Sunday,false
20230109,2023-01-09,2023,1,1,January,9,1,Monday,true
20230110,2023-01-10,2023,1,1,January,10,2,Tuesday,true
20230111,2023-01-11,2023,1,1,January,11,3,Wednesday,true
20230112,2023-01-12,2023,1,1,January,12,4,Thursday,true
20230113,2023-01-13,2023,1,1,January,13,5,Friday,true
20230114,2023-01-14,2023,1,1,January,14,6,Saturday,false
20230115,2023-01-15,2023,1,1,January,15,7,Sunday,false
20230116,2023-01-16,2023,1,1,January,16,1,Monday,true
20230117,2023-01-17,2023,1,1,January,17,2,Tuesday,true
20230118,2023-01-18,2023,1,1,January,18,3,Wednesday,true
20230119,2023-01-19,2023,1,1,January,19,4,Thursday,true
20230120,2023-01-20,2023,1,1,January,20,5,Friday,true
20230121,2023-01-21,2023,1,1,January,21,6,Saturday,false
20230122,2023-01-22,2023,1,1,January,22,7,Sunday,false
20230123,2023-01-23,2023,1,1,January,23,1,Monday,true
20230124,2023-01-24,2023,1,1,January,24,2,Tuesday,true
20230125,2023-01-25,2023,1,1,January,25,3,Wednesday,true
20230126,2023-01-26,2023,1,1,January,26,4,Thursday,true
20230127,2023-01-27,2023,1,1,January,27,5,Friday,true
20230128,2023-01-28,2023,1,1,January,28,6,Saturday,false
20230129,2023-01-29,2023,1,1,January,29,7,Sunday,false
20230130,2023-01-30,2023,1,1,January,30,1,Monday,true
20230131,2023-01-31,2023,1,1,January,31,2,Tuesday,true
20230201,2023-02-01,2023,1,2,February,1,3,Wednesday,true
20230202,2023-02-02,2023,1,2,February,2,4,Thursday,true
20230203,2023-02-03,2023,1,2,February,3,5,Friday,true
20230204,2023-02-04,2023,1,2,February,4,6,Saturday,false
20230205,2023-02-05,2023,1,2,February,5,7,Sunday,false
20230206,2023-02-06,2023,1,2,February,6,1,Monday,true
20230207,2023-02-07,2023,1,2,February,7,2,Tuesday,true
20230208,2023-02-08,2023,1,2,February,8,3,Wednesday,true
20230209,2023-02-09,2023,1,2,February,9,4,Thursday,true
20230210,2023-02-10,2023,1,2,February,10,5,Friday,true
20230211,2023-02-11,2023,1,2,February,11,6,Saturday,false
20230212,2023-02-12,2023,1,2,February,12,7,Sunday,false
20230213,2023-02-13,2023,1,2,February,13,1,Monday,true
20230214,2023-02-14,2023,1,2,February,14,2,Tuesday,true
20230215,2023-02-15,2023,1,2,February,15,3,Wednesday,true
20230216,2023-02-16,2023,1,2,February,16,4,Thursday,true
20230217,2023-02-17,2023,1,2,February,17,5,Friday,true
20230218,2023-02-18,2023,1,2,February,18,6,Saturday,false
20230219,2023-02-19,2023,1,2,February,19,7,Sunday,false
20230220,2023-02-20,2023,1,2,February,20,1,Monday,true
20230221,2023-02-21,2023,1,2,February,21,2,Tuesday,true
20230222,2023-02-22,2023,1,2,February,22,3,Wednesday,true
20230223,2023-02-23,2023,1,2,February,23,4,Thursday,true
20230224,2023-02-24,2023,1,2,February,24,5,Friday,true
20230225,2023-02-25,2023,1,2,February,25,6,Saturday,false
20230226,2023-02-26,2023,1,2,February,26,7,Sunday,false
20230227,2023-02-27,2023,1,2,February,27,1,Monday,true
20230228,2023-02-28,2023,1,2,February,28,2,Tuesday,true
20230301,2023-03-01,2023,1,3,March,1,3,Wednesday,true
20230302,2023-03-02,2023,1,3,March,2,4,Thursday,true
20230303,2023-03-03,2023,1,3,March,3,5,Friday,true
20230304,2023-03-04,2023,1,3,March,4,6,Saturday,false
20230305,2023-03-05,2023,1,3,March,5,7,Sunday,false
20230306,2023-03-06,2023,1,3,March,6,1,Monday,true
20230307,2023-03-07,2023,1,3,March,7,2,Tuesday,true
20230308,2023-03-08,2023,1,3,March,8,3,Wednesday,true
20230309,2023-03-09,2023,1,3,March,9,4,Thursday,true
20230310,2023-03-10,2023,1,3,March,10,5,Friday,true
20230311,2023-03-11,2023,1,3,March,11,6,Saturday,false
20230312,2023-03-12,2023,1,3,March,12,7,Sunday,false
20230313,2023-03-13,2023,1,3,March,13,1,Monday,true
20230314,2023-03-14,2023,1,3,March,14,2,Tuesday,true
20230315,2023-03-15,2023,1,3,March,15,3,Wednesday,true
20230316,2023-03-16,2023,1,3,March,16,4,Thursday,true
20230317,2023-03-17,2023,1,3,March,17,5,Friday,true
20230318,2023-03-18,2023,1,3,March,18,6,Saturday,false
20230319,2023-03-19,2023,1,3,March,19,7,Sunday,false
20230320,2023-03-20,2023,1,3,March,20,1,Monday,true
20230321,2023-03-21,2023,1,3,March,21,2,Tuesday,true
20230322,2023-03-22,2023,1,3,March,22,3,Wednesday,true
20230323,2023-03-23,2023,1,3,March,23,4,Thursday,true
20230324,2023-03-24,2023,1,3,March,24,5,Friday,true
20230325,2023-03-25,2023,1,3,March,25,6,Saturday,false
20230326,2023-03-26,2023,1,3,March,26,7,Sunday,false
20230327,2023-03-27,2023,1,3,March,27,1,Monday,true
20230328,2023-03-28,2023,1,3,March,28,2,Tuesday,true
20230329,2023-03-29,2023,1,3,March,29,3,Wednesday,true
20230330,2023-03-30,2023,1,3,March,30,4,Thursday,true
20230331,2023-03-31,2023,1,3,March,31,5,Friday,true
20230401,2023-04-01,2023,2,4,April,1,6,Saturday,false
20230402,2023-04-02,2023,2,4,April,2,7,Sunday,false
20230403,2023-04-03,2023,2,4,April,3,1,Monday,true
20230404,2023-04-04,2023,2,4,April,4,2,Tuesday,true
20230405,2023-04-05,2023,2,4,April,5,3,Wednesday,true
20230406,2023-04-06,2023,2,4,April,6,4,Thursday,true
20230407,2023-04-07,2023,2,4,April,7,5,Friday,true
20230408,2023-04-08,2023,2,4,April,8,6,Saturday,false
20230409,2023-04-09,2023,2,4,April,9,7,Sunday,false
20230410,2023-04-10,2023,2,4,April,10,1,Monday,true
20230411,2023-04-11,2023,2,4,April,11,2,Tuesday,true
20230412,2023-04-12,2023,2,4,April,12,3,Wednesday,true
20230413,2023-04-13,2023,2,4,April,13,4,Thursday,true
20230414,2023-04-14,2023,2,4,April,14,5,Friday,true
20230415,2023-04-15,2023,2,4,April,15,6,Saturday,false
20230416,2023-04-16,2023,2,4,April,16,7,Sunday,false
20230417,2023-04-17,2023,2,4,April,17,1,Monday,true
20230418,2023-04-18,2023,2,4,April,18,2,Tuesday,true
20230419,2023-04-19,2023,2,4,April,19,3,Wednesday,true
20230420,2023-04-20,2023,2,4,April,20,4,Thursday,true
20230421,2023-04-21,2023,2,4,April,21,5,Friday,true
20230422,2023-04-22,2023,2,4,April,22,6,Saturday,false
20230423,2023-04-23,2023,2,4,April,23,7,Sunday,false
20230424,2023-04-24,2023,2,4,April,24,1,Monday,true
20230425,2023-04-25,2023,2,4,April,25,2,Tuesday,true
20230426,2023-04-26,2023,2,4,April,26,3,Wednesday,true
20230427,2023-04-27,2023,2,4,April,27,4,Thursday,true
20230428,2023-04-28,2023,2,4,April,28,5,Friday,true
20230429,2023-04-29,2023,2,4,April,29,6,Saturday,false
20230430,2023-04-30,2023,2,4,April,30,7,Sunday,false
20230501,2023-05-01,2023,2,5,May,1,1,Monday,true
20230502,2023-05-02,2023,2,5,May,2,2,Tuesday,true
20230503,2023-05-03,2023,2,5,May,3,3,Wednesday,true
20230504,2023-05-04,2023,2,5,May,4,4,Thursday,true
20230505,2023-05-05,2023,2,5,May,5,5,Friday,true
20230506,2023-05-06,2023,2,5,May,6,6,Saturday,false
20230507,2023-05-07,2023,2,5,May,7,7,Sunday,false
20230508,2023-05-08,2023,2,5,May,8,1,Monday,true
20230509,2023-05-09,2023,2,5,May,9,2,Tuesday,true
20230510,2023-05-10,2023,2,5,May,10,3,Wednesday,true
20230511,2023-05-11,2023,2,5,May,11,4,Thursday,true
20230512,2023-05-12,2023,2,5,May,12,5,Friday,true
20230513,2023-05-13,2023,2,5,May,13,6,Saturday,false
20230514,2023-05-14,2023,2,5,May,14,7,Sunday,false
20230515,2023-05-15,2023,2,5,May,15,1,Monday,true
20230516,2023-05-16,2023,2,5,May,16,2,Tuesday,true
20230517,2023-05-17,2023,2,5,May,17,3,Wednesday,true
20230518,2023-05-18,2023,2,5,May,18,4,Thursday,true
20230519,2023-05-19,2023,2,5,May,19,5,Friday,true
20230520,2023-05-20,2023,2,5,May,20,6,Saturday,false
20230521,2023-05-21,2023,2,5,May,21,7,Sunday,false
20230522,2023-05-22,2023,2,5,May,22,1,Monday,true
20230523,2023-05-23,2023,2,5,May,23,2,Tuesday,true
20230524,2023-05-24,2023,2,5,May,24,3,Wednesday,true
20230525,2023-05-25,2023,2,5,May,25,4,Thursday,true
20230526,2023-05-26,2023,2,5,May,26,5,Friday,true
20230527,2023-05-27,2023,2,5,May,27,6,Saturday,false
20230528,2023-05-28,2023,2,5,May,28,7,Sunday,false
20230529,2023-05-29,2023,2,5,May,29,1,Monday,true
20230530,2023-05-30,2023,2,5,May,30,2,Tuesday,true
20230531,2023-05-31,2023,2,5,May,31,3,Wednesday,true
20230601,2023-06-01,2023,2,6,June,1,4,Thursday,true
20230602,2023-06-02,2023,2,6,June,2,5,Friday,true
20230603,2023-06-03,2023,2,6,June,3,6,Saturday,false
20230604,2023-06-04,2023,2,6,June,4,7,Sunday,false
20230605,2023-06-05,2023,2,6,June,5,1,Monday,true
20230606,2023-06-06,2023,2,6,June,6,2,Tuesday,true
20230607,2023-06-07,2023,2,6,June,7,3,Wednesday,true
20230608,2023-06-08,2023,2,6,June,8,4,Thursday,true
20230609,2023-06-09,2023,2,6,June,9,5,Friday,true
20230610,2023-06-10,2023,2,6,June,10,6,Saturday,false
20230611,2023-06-11,2023,2,6,June,11,7,Sunday,false
20230612,2023-06-12,2023,2,6,June,12,1,Monday,true
20230613,2023-06-13,2023,2,6,June,13,2,Tuesday,true
20230614,2023-06-14,2023,2,6,June,14,3,Wednesday,true
20230615,2023-06-15,2023,2,6,June,15,4,Thursday,true
20230616,2023-06-16,2023,2,6,June,16,5,Friday,true
20230617,2023-06-17,2023,2,6,June,17,6,Saturday,false
20230618,2023-06-18,2023,2,6,June,18,7,Sunday,false
20230619,2023-06-19,2023,2,6,June,19,1,Monday,true
20230620,2023-06-20,2023,2,6,June,20,2,Tuesday,true
20230621,2023-06-21,2023,2,6,June,21,3,Wednesday,true
20230622,2023-06-22,2023,2,6,June,22,4,Thursday,true
20230623,2023-06-23,2023,2,6,June,23,5,Friday,true
20230624,2023-06-24,2023,2,6,June,24,6,Saturday,false
20230625,2023-06-25,2023,2,6,June,25,7,Sunday,false
20230626,2023-06-26,2023,2,6,June,26,1,Monday,true
20230627,2023-06-27,2023,2,6,June,27,2,Tuesday,true
20230628,2023-06-28,2023,2,6,June,28,3,Wednesday,true
20230629,2023-06-29,2023,2,6,June,29,4,Thursday,true
20230630,2023-06-30,2023,2,6,June,30,5,Friday,true
20230701,2023-07-01,2023,3,7,July,1,6,Saturday,false
20230702,2023-07-02,2023,3,7,July,2,7,Sunday,false
20230703,2023-07-03,2023,3,7,July,3,1,Monday,true
20230704,2023-07-04,2023,3,7,July,4,2,Tuesday,true
20230705,2023-07-05,2023,3,7,July,5,3,Wednesday,true
20230706,2023-07-06,2023,3,7,July,6,4,Thursday,true
20230707,2023-07-07,2023,3,7,July,7,5,Friday,true
20230708,2023-07-08,2023,3,7,July,8,6,Saturday,false
20230709,2023-07-09,2023,3,7,July,9,7,Sunday,false
20230710,2023-07-10,2023,3,7,July,10,1,Monday,true
20230711,2023-07-11,2023,3,7,July,11,2,Tuesday,true
20230712,2023-07-12,2023,3,7,July,12,3,Wednesday,true
20230713,2023-07-13,2023,3,7,July,13,4,Thursday,true
20230714,2023-07-14,2023,3,7,July,14,5,Friday,true
20230715,2023-07-15,2023,3,7,July,15,6,Saturday,false
20230716,2023-07-16,2023,3,7,July,16,7,Sunday,false
20230717,2023-07-17,2023,3,7,July,17,1,Monday,true
20230718,2023-07-18,2023,3,7,July,18,2,Tuesday,true
20230719,2023-07-19,2023,3,7,July,19,3,Wednesday,true
20230720,2023-07-20,2023,3,7,July,20,4,Thursday,true
20230721,2023-07-21,2023,3,7,July,21,5,Friday,true
20230722,2023-07-22,2023,3,7,July,22,6,Saturday,false
20230723,2023-07-23,2023,3,7,July,23,7,Sunday,false
20230724,2023-07-24,2023,3,7,July,24,1,Monday,true
20230725,2023-07-25,2023,3,7,July,25,2,Tuesday,true
20230726,2023-07-26,2023,3,7,July,26,3,Wednesday,true
20230727,2023-07-27,2023,3,7,July,27,4,Thursday,true
20230728,2023-07-28,2023,3,7,July,28,5,Friday,true
20230729,2023-07-29,2023,3,7,July,29,6,Saturday,false
20230730,2023-07-30,2023,3,7,July,30,7,Sunday,false
20230731,2023-07-31,2023,3,7,July,31,1,Monday,true
20230801,2023-08-01,2023,3,8,August,1,2,Tuesday,true
20230802,2023-08-02,2023,3,8,August,2,3,Wednesday,true
20230803,2023-08-03,2023,3,8,August,3,4,Thursday,true
20230804,2023-08-04,2023,3,8,August,4,5,Friday,true
20230805,2023-08-05,2023,3,8,August,5,6,Saturday,false
20230806,2023-08-06,2023,3,8,August,6,7,Sunday,false
20230807,2023-08-07,2023,3,8,August,7,1,Monday,true
20230808,2023-08-08,2023,3,8,August,8,2,Tuesday,true
20230809,2023-08-09,2023,3,8,August,9,3,Wednesday,true
20230810,2023-08-10,2023,3,8,August,10,4,Thursday,true
20230811,2023-08-11,2023,3,8,August,11,5,Friday,true
20230812,2023-08-12,2023,3,8,August,12,6,Saturday,false
20230813,2023-08-13,2023,3,8,August,13,7,Sunday,false
20230814,2023-08-14,2023,3,8,August,14,1,Monday,true
20230815,2023-08-15,2023,3,8,August,15,2,Tuesday,true
20230816,2023-08-16,2023,3,8,August,16,3,Wednesday,true
20230817,2023-08-17,2023,3,8,August,17,4,Thursday,true
20230818,2023-08-18,2023,3,8,August,18,5,Friday,true
20230819,2023-08-19,2023,3,8,August,19,6,Saturday,false
20230820,2023-08-20,2023,3,8,August,20,7,Sunday,false
20230821,2023-08-21,2023,3,8,August,21,1,Monday,true
20230822,2023-08-22,2023,3,8,August,22,2,Tuesday,true
20230823,2023-08-23,2023,3,8,August,23,3,Wednesday,true
20230824,2023-08-24,2023,3,8,August,24,4,Thursday,true
20230825,2023-08-25,2023,3,8,August,25,5,Friday,true
20230826,2023-08-26,2023,3,8,August,26,6,Saturday,false
20230827,2023-08-27,2023,3,8,August,27,7,Sunday,false
20230828,2023-08-28,2023,3,8,August,28,1,Monday,true
20230829,2023-08-29,2023,3,8,August,29,2,Tuesday,true
20230830,2023-08-30,2023,3,8,August,30,3,Wednesday,true
20230831,2023-08-31,2023,3,8,August,31,4,Thursday,true
20230901,2023-09-01,2023,3,9,September,1,5,Friday,true
20230902,2023-09-02,2023,3,9,September,2,6,Saturday,false
20230903,2023-09-03,2023,3,9,September,3,7,Sunday,false
20230904,2023-09-04,2023,3,9,September,4,1,Monday,true
20230905,2023-09-05,2023,3,9,September,5,2,Tuesday,true
20230906,2023-09-06,2023,3,9,September,6,3,Wednesday,true
20230907,2023-09-07,2023,3,9,September,7,4,Thursday,true
20230908,2023-09-08,2023,3,9,September,8,5,Friday,true
20230909,2023-09-09,2023,3,9,September,9,6,Saturday,false
20230910,2023-09-10,2023,3,9,September,10,7,Sunday,false
20230911,2023-09-11,2023,3,9,September,11,1,Monday,true
20230912,2023-09-12,2023,3,9,September,12,2,Tuesday,true
20230913,2023-09-13,2023,3,9,September,13,3,Wednesday,true
20230914,2023-09-14,2023,3,9,September,14,4,Thursday,true
20230915,2023-09-15,2023,3,9,September,15,5,Friday,true
20230916,2023-09-16,2023,3,9,September,16,6,Saturday,false
20230917,2023-09-17,2023,3,9,September,17,7,Sunday,false
20230918,2023-09-18,2023,3,9,September,18,1,Monday,true
20230919,2023-09-19,2023,3,9,September,19,2,Tuesday,true
20230920,2023-09-20,2023,3,9,September,20,3,Wednesday,true
20230921,2023-09-21,2023,3,9,September,21,4,Thursday,true
20230922,2023-09-22,2023,3,9,September,22,5,Friday,true
20230923,2023-09-23,2023,3,9,September,23,6,Saturday,false
20230924,2023-09-24,2023,3,9,September,24,7,Sunday,false
20230925,2023-09-25,2023,3,9,September,25,1,Monday,true
20230926,2023-09-26,2023,3,9,September,26,2,Tuesday,true
20230927,2023-09-27,2023,3,9,September,27,3,Wednesday,true
20230928,2023-09-28,2023,3,9,September,28,4,Thursday,true
20230929,2023-09-29,2023,3,9,September,29,5,Friday,true
20230930,2023-09-30,2023,3,9,September,30,6,Saturday,false
20231001,2023-10-01,2023,4,10,October,1,7,Sunday,false
20231002,2023-10-02,2023,4,10,October,2,1,Monday,true
20231003,2023-10-03,2023,4,10,October,3,2,Tuesday,true
20231004,2023-10-04,2023,4,10,October,4,3,Wednesday,true
20231005,2023-10-05,2023,4,10,October,5,4,Thursday,true
20231006,2023-10-06,2023,4,10,October,6,5,Friday,true
20231007,2023-10-07,2023,4,10,October,7,6,Saturday,false
20231008,2023-10-08,2023,4,10,October,8,7,Sunday,false
20231009,2023-10-09,2023,4,10,October,9,1,Monday,true
20231010,2023-10-10,2023,4,10,October,10,2,Tuesday,true
20231011,2023-10-11,2023,4,10,October,11,3,Wednesday,true
20231012,2023-10-12,2023,4,10,October,12,4,Thursday,true
20231013,2023-10-13,2023,4,10,October,13,5,Friday,true
20231014,2023-10-14,2023,4,10,October,14,6,Saturday,false
20231015,2023-10-15,2023,4,10,October,15,7,Sunday,false
20231016,2023-10-16,2023,4,10,October,16,1,Monday,true
20231017,2023-10-17,2023,4,10,October,17,2,Tuesday,true
20231018,2023-10-18,2023,4,10,October,18,3,Wednesday,true
20231019,2023-10-19,2023,4,10,October,19,4,Thursday,true
20231020,2023-10-20,2023,4,10,October,20,5,Friday,true
20231021,2023-10-21,2023,4,10,October,21,6,Saturday,false
20231022,2023-10-22,2023,4,10,October,22,7,Sunday,false
20231023,2023-10-23,2023,4,10,October,23,1,Monday,true
20231024,2023-10-24,2023,4,10,October,24,2,Tuesday,true
20231025,2023-10-25,2023,4,10,October,25,3,Wednesday,true
20231026,2023-10-26,2023,4,10,October,26,4,Thursday,true
20231027,2023-10-27,2023,4,10,October,27,5,Friday,true
20231028,2023-10-28,2023,4,10,October,28,6,Saturday,false
20231029,2023-10-29,2023,4,10,October,29,7,Sunday,false
20231030,2023-10-30,2023,4,10,October,30,1,Monday,true
20231031,2023-10-31,2023,4,10,October,31,2,Tuesday,true
20231101,2023-11-01,2023,4,11,November,1,3,Wednesday,true
20231102,2023-11-02,2023,4,11,November,2,4,Thursday,true
20231103,2023-11-03,2023,4,11,November,3,5,Friday,true
20231104,2023-11-04,2023,4,11,November,4,6,Saturday,false
20231105,2023-11-05,2023,4,11,November,5,7,Sunday,false
20231106,2023-11-06,2023,4,11,November,6,1,Monday,true
20231107,2023-11-07,2023,4,11,November,7,2,Tuesday,true
20231108,2023-11-08,2023,4,11,November,8,3,Wednesday,true
20231109,2023-11-09,2023,4,11,November,9,4,Thursday,true
20231110,2023-11-10,2023,4,11,November,10,5,Friday,true
20231111,2023-11-11,2023,4,11,November,11,6,Saturday,false
20231112,2023-11-12,2023,4,11,November,12,7,Sunday,false
20231113,2023-11-13,2023,4,11,November,13,1,Monday,true
20231114,2023-11-14,2023,4,11,November,14,2,Tuesday,true
20231115,2023-11-15,2023,4,11,November,15,3,Wednesday,true
20231116,2023-11-16,2023,4,11,November,16,4,Thursday,true
20231117,2023-11-17,2023,4,11,November,17,5,Friday,true
20231118,2023-11-18,2023,4,11,November,18,6,Saturday,false
20231119,2023-11-19,2023,4,11,November,19,7,Sunday,false
20231120,2023-11-20,2023,4,11,November,20,1,Monday,true
20231121,2023-11-21,2023,4,11,November,21,2,Tuesday,true
20231122,2023-11-22,2023,4,11,November,22,3,Wednesday,true
20231123,2023-11-23,2023,4,11,November,23,4,Thursday,true
20231124,2023-11-24,2023,4,11,November,24,5,Friday,true
20231125,2023-11-25,2023,4,11,November,25,6,Saturday,false
20231126,2023-11-26,2023,4,11,November,26,7,Sunday,false
20231127,2023-11-27,2023,4,11,November,27,1,Monday,true
20231128,2023-11-28,2023,4,11,November,28,2,Tuesday,true
20231129,2023-11-29,2023,4,11,November,29,3,Wednesday,true
20231130,2023-11-30,2023,4,11,November,30,4,Thursday,true
20231201,2023-12-01,2023,4,12,December,1,5,Friday,true
20231202,2023-12-02,2023,4,12,December,2,6,Saturday,false
20231203,2023-12-03,2023,4,12,December,3,7,Sunday,false
20231204,2023-12-04,2023,4,12,December,4,1,Monday,true
20231205,2023-12-05,2023,4,12,December,5,2,Tuesday,true
20231206,2023-12-06,2023,4,12,December,6,3,Wednesday,true
20231207,2023-12-07,2023,4,12,December,7,4,Thursday,true
20231208,2023-12-08,2023,4,12,December,8,5,Friday,true
20231209,2023-12-09,2023,4,12,December,9,6,Saturday,false
20231210,2023-12-10,2023,4,12,December,10,7,Sunday,false
20231211,2023-12-11,2023,4,12,December,11,1,Monday,true
20231212,2023-12-12,2023,4,12,December,12,2,Tuesday,true
20231213,2023-12-13,2023,4,12,December,13,3,Wednesday,true
20231214,2023-12-14,2023,4,12,December,14,4,Thursday,true
20231215,2023-12-15,2023,4,12,December,15,5,Friday,true
20231216,2023-12-16,2023,4,12,December,16,6,Saturday,false
20231217,2023-12-17,2023,4,12,December,17,7,Sunday,false
20231218,2023-12-18,2023,4,12,December,18,1,Monday,true
20231219,2023-12-19,2023,4,12,December,19,2,Tuesday,true
20231220,2023-12-20,2023,4,12,December,20,3,Wednesday,true
20231221,2023-12-21,2023,4,12,December,21,4,Thursday,true
20231222,2023-12-22,2023,4,12,December,22,5,Friday,true
20231223,2023-12-23,2023,4,12,December,23,6,Saturday,false
20231224,2023-12-24,2023,4,12,December,24,7,Sunday,false
20231225,2023-12-25,2023,4,12,December,25,1,Monday,true
20231226,2023-12-26,2023,4,12,December,26,2,Tuesday,true
20231227,2023-12-27,2023,4,12,December,27,3,Wednesday,true
20231228,2023-12-28,2023,4,12,December,28,4,Thursday,true
20231229,2023-12-29,2023,4,12,December,29,5,Friday,true
20231230,2023-12-30,2023,4,12,December,30,6,Saturday,false
20231231,2023-12-31,2023,4,12,December,31,7,Sunday,false
20240101,2024-01-01,2024,1,1,January,1,1,Monday,true
20240102,2024-01-02,2024,1,1,January,2,2,Tuesday,true
20240103,2024-01-03,2024,1,1,January,3,3,Wednesday,true
20240104,2024-01-04,2024,1,1,January,4,4,Thursday,true
20240105,2024-01-05,2024,1,1,January,5,5,Friday,true
20240106,2024-01-06,2024,1,1,January,6,6,Saturday,false
20240107,2024-01-07,2024,1,1,January,7,7,Sunday,false
20240108,2024-01-08,2024,1,1,January,8,1,Monday,true
20240109,2024-01-09,2024,1,1,January,9,2,Tuesday,true
20240110,2024-01-10,2024,1,1,January,10,3,Wednesday,true
20240111,2024-01-11,2024,1,1,January,11,4,Thursday,true
20240112,2024-01-12,2024,1,1,January,12,5,Friday,true
20240113,2024-01-13,2024,1,1,January,13,6,Saturday,false
20240114,2024-01-14,2024,1,1,January,14,7,Sunday,false
20240115,2024-01-15,2024,1,1,January,15,1,Monday,true
20240116,2024-01-16,2024,1,1,January,16,2,Tuesday,true
20240117,2024-01-17,2024,1,1,January,17,3,Wednesday,true
20240118,2024-01-18,2024,1,1,January,18,4,Thursday,true
20240119,2024-01-19,2024,1,1,January,19,5,Friday,true
20240120,2024-01-20,2024,1,1,January,20,6,Saturday,false
20240121,2024-01-21,2024,1,1,January,21,7,Sunday,false
20240122,2024-01-22,2024,1,1,January,22,1,Monday,true
20240123,2024-01-23,2024,1,1,January,23,2,Tuesday,true
20240124,2024-01-24,2024,1,1,January,24,3,Wednesday,true
20240125,2024-01-25,2024,1,1,January,25,4,Thursday,true
20240126,2024-01-26,2024,1,1,January,26,5,Friday,true
20240127,2024-01-27,2024,1,1,January,27,6,Saturday,false
20240128,2024-01-28,2024,1,1,January,28,7,Sunday,false
20240129,2024-01-29,2024,1,1,January,29,1,Monday,true
20240130,2024-01-30,2024,1,1,January,30,2,Tuesday,true
20240131,2024-01-31,2024,1,1,January,31,3,Wednesday,true
20240201,2024-02-01,2024,1,2,February,1,4,Thursday,true
20240202,2024-02-02,2024,1,2,February,2,5,Friday,true
20240203,2024-02-03,2024,1,2,February,3,6,Saturday,false
20240204,2024-02-04,2024,1,2,February,4,7,Sunday,false
20240205,2024-02-05,2024,1,2,February,5,1,Monday,true
20240206,2024-02-06,2024,1,2,February,6,2,Tuesday,true
20240207,2024-02-07,2024,1,2,February,7,3,Wednesday,true
20240208,2024-02-08,2024,1,2,February,8,4,Thursday,true
20240209,2024-02-09,2024,1,2,February,9,5,Friday,true
20240210,2024-02-10,2024,1,2,February,10,6,Saturday,false
20240211,2024-02-11,2024,1,2,February,11,7,Sunday,false
20240212,2024-02-12,2024,1,2,February,12,1,Monday,true
20240213,2024-02-13,2024,1,2,February,13,2,Tuesday,true
20240214,2024-02-14,2024,1,2,February,14,3,Wednesday,true
20240215,2024-02-15,2024,1,2,February,15,4,Thursday,true
20240216,2024-02-16,2024,1,2,February,16,5,Friday,true
20240217,2024-02-17,2024,1,2,February,17,6,Saturday,false
20240218,2024-02-18,2024,1,2,February,18,7,Sunday,false
20240219,2024-02-19,2024,1,2,February,19,1,Monday,true
20240220,2024-02-20,2024,1,2,February,20,2,Tuesday,true
20240221,2024-02-21,2024,1,2,February,21,3,Wednesday,true
20240222,2024-02-22,2024,1,2,February,22,4,Thursday,true
20240223,2024-02-23,2024,1,2,February,23,5,Friday,true
20240224,2024-02-24,2024,1,2,February,24,6,Saturday,false
20240225,2024-02-25,2024,1,2,February,25,7,Sunday,false
20240226,2024-02-26,2024,1,2,February,26,1,Monday,true
20240227,2024-02-27,2024,1,2,February,27,2,Tuesday,true
20240228,2024-02-28,2024,1,2,February,28,3,Wednesday,true
20240229,2024-02-29,2024,1,2,February,29,4,Thursday,true
20240301,2024-03-01,2024,1,3,March,1,5,Friday,true
20240302,2024-03-02,2024,1,3,March,2,6,Saturday,false
20240303,2024-03-03,2024,1,3,March,3,7,Sunday,false
20240304,2024-03-04,2024,1,3,March,4,1,Monday,true
20240305,2024-03-05,2024,1,3,March,5,2,Tuesday,true
20240306,2024-03-06,2024,1,3,March,6,3,Wednesday,true
20240307,2024-03-07,2024,1,3,March,7,4,Thursday,true
20240308,2024-03-08,2024,1,3,March,8,5,Friday,true
20240309,2024-03-09,2024,1,3,March,9,6,Saturday,false
20240310,2024-03-10,2024,1,3,March,10,7,Sunday,false
20240311,2024-03-11,2024,1,3,March,11,1,Monday,true
20240312,2024-03-12,2024,1,3,March,12,2,Tuesday,true
20240313,2024-03-13,2024,1,3,March,13,3,Wednesday,true
20240314,2024-03-14,2024,1,3,March,14,4,Thursday,true
20240315,2024-03-15,2024,1,3,March,15,5,Friday,true
20240316,2024-03-16,2024,1,3,March,16,6,Saturday,false
20240317,2024-03-17,2024,1,3,March,17,7,Sunday,false
20240318,2024-03-18,2024,1,3,March,18,1,Monday,true
20240319,2024-03-19,2024,1,3,March,19,2,Tuesday,true
20240320,2024-03-20,2024,1,3,March,20,3,Wednesday,true
20240321,2024-03-21,2024,1,3,March,21,4,Thursday,true
20240322,2024-03-22,2024,1,3,March,22,5,Friday,true
20240323,2024-03-23,2024,1,3,March,23,6,Saturday,false
20240324,2024-03-24,2024,1,3,March,24,7,Sunday,false
20240325,2024-03-25,2024,1,3,March,25,1,Monday,true
20240326,2024-03-26,2024,1,3,March,26,2,Tuesday,true
20240327,2024-03-27,2024,1,3,March,27,3,Wednesday,true
20240328,2024-03-28,2024,1,3,March,28,4,Thursday,true
20240329,2024-03-29,2024,1,3,March,29,5,Friday,true
20240330,2024-03-30,2024,1,3,March,30,6,Saturday,false
20240331,2024-03-31,2024,1,3,March,31,7,Sunday,false
20240401,2024-04-01,2024,2,4,April,1,1,Monday,true
20240402,2024-04-02,2024,2,4,April,2,2,Tuesday,true
20240403,2024-04-03,2024,2,4,April,3,3,Wednesday,true
20240404,2024-04-04,2024,2,4,April,4,4,Thursday,true
20240405,2024-04-05,2024,2,4,April,5,5,Friday,true
20240406,2024-04-06,2024,2,4,April,6,6,Saturday,false
20240407,2024-04-07,2024,2,4,April,7,7,Sunday,false
20240408,2024-04-08,2024,2,4,April,8,1,Monday,true
20240409,2024-04-09,2024,2,4,April,9,2,Tuesday,true
20240410,2024-04-10,2024,2,4,April,10,3,Wednesday,true
20240411,2024-04-11,2024,2,4,April,11,4,Thursday,true
20240412,2024-04-12,2024,2,4,April,12,5,Friday,true
20240413,2024-04-13,2024,2,4,April,13,6,Saturday,false
20240414,2024-04-14,2024,2,4,April,14,7,Sunday,false
20240415,2024-04-15,2024,2,4,April,15,1,Monday,true
20240416,2024-04-16,2024,2,4,April,16,2,Tuesday,true
20240417,2024-04-17,2024,2,4,April,17,3,Wednesday,true
20240418,2024-04-18,2024,2,4,April,18,4,Thursday,true
20240419,2024-04-19,2024,2,4,April,19,5,Friday,true
20240420,2024-04-20,2024,2,4,April,20,6,Saturday,false
20240421,2024-04-21,2024,2,4,April,21,7,Sunday,false
20240422,2024-04-22,2024,2,4,April,22,1,Monday,true
20240423,2024-04-23,2024,2,4,April,23,2,Tuesday,true
20240424,2024-04-24,2024,2,4,April,24,3,Wednesday,true
20240425,2024-04-25,2024,2,4,April,25,4,Thursday,true
20240426,2024-04-26,2024,2,4,April,26,5,Friday,true
20240427,2024-04-27,2024,2,4,April,27,6,Saturday,false
20240428,2024-04-28,2024,2,4,April,28,7,Sunday,false
20240429,2024-04-29,2024,2,4,April,29,1,Monday,true
20240430,2024-04-30,2024,2,4,April,30,2,Tuesday,true
20240501,2024-05-01,2024,2,5,May,1,3,Wednesday,true
20240502,2024-05-02,2024,2,5,May,2,4,Thursday,true
20240503,2024-05-03,2024,2,5,May,3,5,Friday,true
20240504,2024-05-04,2024,2,5,May,4,6,Saturday,false
20240505,2024-05-05,2024,2,5,May,5,7,Sunday,false
20240506,2024-05-06,2024,2,5,May,6,1,Monday,true
20240507,2024-05-07,2024,2,5,May,7,2,Tuesday,true
20240508,2024-05-08,2024,2,5,May,8,3,Wednesday,true
20240509,2024-05-09,2024,2,5,May,9,4,Thursday,true
20240510,2024-05-10,2024,2,5,May,10,5,Friday,true
20240511,2024-05-11,2024,2,5,May,11,6,Saturday,false
20240512,2024-05-12,2024,2,5,May,12,7,Sunday,false
20240513,2024-05-13,2024,2,5,May,13,1,Monday,true
20240514,2024-05-14,2024,2,5,May,14,2,Tuesday,true
20240515,2024-05-15,2024,2,5,May,15,3,Wednesday,true
20240516,2024-05-16,2024,2,5,May,16,4,Thursday,true
20240517,2024-05-17,2024,2,5,May,17,5,Friday,true
20240518,2024-05-18,2024,2,5,May,18,6,Saturday,false
20240519,2024-05-19,2024,2,5,May,19,7,Sunday,false
20240520,2024-05-20,2024,2,5,May,20,1,Monday,true
20240521,2024-05-21,2024,2,5,May,21,2,Tuesday,true
20240522,2024-05-22,2024,2,5,May,22,3,Wednesday,true
20240523,2024-05-23,2024,2,5,May,23,4,Thursday,true
20240524,2024-05-24,2024,2,5,May,24,5,Friday,true
20240525,2024-05-25,2024,2,5,May,25,6,Saturday,false
20240526,2024-05-26,2024,2,5,May,26,7,Sunday,false
20240527,2024-05-27,2024,2,5,May,27,1,Monday,true
20240528,2024-05-28,2024,2,5,May,28,2,Tuesday,true
20240529,2024-05-29,2024,2,5,May,29,3,Wednesday,true
20240530,2024-05-30,2024,2,5,May,30,4,Thursday,true
20240531,2024-05-31,2024,2,5,May,31,5,Friday,true
20240601,2024-06-01,2024,2,6,June,1,6,Saturday,false
20240602,2024-06-02,2024,2,6,June,2,7,Sunday,false
20240603,2024-06-03,2024,2,6,June,3,1,Monday,true
20240604,2024-06-04,2024,2,6,June,4,2,Tuesday,true
20240605,2024-06-05,2024,2,6,June,5,3,Wednesday,true
20240606,2024-06-06,2024,2,6,June,6,4,Thursday,true
20240607,2024-06-07,2024,2,6,June,7,5,Friday,true
20240608,2024-06-08,2024,2,6,June,8,6,Saturday,false
20240609,2024-06-09,2024,2,6,June,9,7,Sunday,false
20240610,2024-06-10,2024,2,6,June,10,1,Monday,true
20240611,2024-06-11,2024,2,6,June,11,2,Tuesday,true
20240612,2024-06-12,2024,2,6,June,12,3,Wednesday,true
20240613,2024-06-13,2024,2,6,June,13,4,Thursday,true
20240614,2024-06-14,2024,2,6,June,14,5,Friday,true
20240615,2024-06-15,2024,2,6,June,15,6,Saturday,false
20240616,2024-06-16,2024,2,6,June,16,7,Sunday,false
20240617,2024-06-17,2024,2,6,June,17,1,Monday,true
20240618,2024-06-18,2024,2,6,June,18,2,Tuesday,true
20240619,2024-06-19,2024,2,6,June,19,3,Wednesday,true
20240620,2024-06-20,2024,2,6,June,20,4,Thursday,true
20240621,2024-06-21,2024,2,6,June,21,5,Friday,true
20240622,2024-06-22,2024,2,6,June,22,6,Saturday,false
20240623,2024-06-23,2024,2,6,June,23,7,Sunday,false
20240624,2024-06-24,2024,2,6,June,24,1,Monday,true
20240625,2024-06-25,2024,2,6,June,25,2,Tuesday,true
20240626,2024-06-26,2024,2,6,June,26,3,Wednesday,true
20240627,2024-06-27,2024,2,6,June,27,4,Thursday,true
20240628,2024-06-28,2024,2,6,June,28,5,Friday,true
20240629,2024-06-29,2024,2,6,June,29,6,Saturday,false
20240630,2024-06-30,2024,2,6,June,30,7,Sunday,false
20240701,2024-07-01,2024,3,7,July,1,1,Monday,true
20240702,2024-07-02,2024,3,7,July,2,2,Tuesday,true
20240703,2024-07-03,2024,3,7,July,3,3,Wednesday,true
20240704,2024-07-04,2024,3,7,July,4,4,Thursday,true
20240705,2024-07-05,2024,3,7,July,5,5,Friday,true
20240706,2024-07-06,2024,3,7,July,6,6,Saturday,false
20240707,2024-07-07,2024,3,7,July,7,7,Sunday,false
20240708,2024-07-08,2024,3,7,July,8,1,Monday,true
20240709,2024-07-09,2024,3,7,July,9,2,Tuesday,true
20240710,2024-07-10,2024,3,7,July,10,3,Wednesday,true
20240711,2024-07-11,2024,3,7,July,11,4,Thursday,true
20240712,2024-07-12,2024,3,7,July,12,5,Friday,true
20240713,2024-07-13,2024,3,7,July,13,6,Saturday,false
20240714,2024-07-14,2024,3,7,July,14,7,Sunday,false
20240715,2024-07-15,2024,3,7,July,15,1,Monday,true
20240716,2024-07-16,2024,3,7,July,16,2,Tuesday,true
20240717,2024-07-17,2024,3,7,July,17,3,Wednesday,true
20240718,2024-07-18,2024,3,7,July,18,4,Thursday,true
20240719,2024-07-19,2024,3,7,July,19,5,Friday,true
20240720,2024-07-20,2024,3,7,July,20,6,Saturday,false
20240721,2024-07-21,2024,3,7,July,21,7,Sunday,false
20240722,2024-07-22,2024,3,7,July,22,1,Monday,true
20240723,2024-07-23,2024,3,7,July,23,2,Tuesday,true
20240724,2024-07-24,2024,3,7,July,24,3,Wednesday,true
20240725,2024-07-25,2024,3,7,July,25,4,Thursday,true
20240726,2024-07-26,2024,3,7,July,26,5,Friday,true
20240727,2024-07-27,2024,3,7,July,27,6,Saturday,false
20240728,2024-07-28,2024,3,7,July,28,7,Sunday,false
20240729,2024-07-29,2024,3,7,July,29,1,Monday,true
20240730,2024-07-30,2024,3,7,July,30,2,Tuesday,true
20240731,2024-07-31,2024,3,7,July,31,3,Wednesday,true
20240801,2024-08-01,2024,3,8,August,1,4,Thursday,true
20240802,2024-08-02,2024,3,8,August,2,5,Friday,true
20240803,2024-08-03,2024,3,8,August,3,6,Saturday,false
20240804,2024-08-04,2024,3,8,August,4,7,Sunday,false
20240805,2024-08-05,2024,3,8,August,5,1,Monday,true
20240806,2024-08-06,2024,3,8,August,6,2,Tuesday,true
20240807,2024-08-07,2024,3,8,August,7,3,Wednesday,true
20240808,2024-08-08,2024,3,8,August,8,4,Thursday,true
20240809,2024-08-09,2024,3,8,August,9,5,Friday,true
20240810,2024-08-10,2024,3,8,August,10,6,Saturday,false
20240811,2024-08-11,2024,3,8,August,11,7,Sunday,false
20240812,2024-08-12,2024,3,8,August,12,1,Monday,true
20240813,2024-08-13,2024,3,8,August,13,2,Tuesday,true
20240814,2024-08-14,2024,3,8,August,14,3,Wednesday,true
20240815,2024-08-15,2024,3,8,August,15,4,Thursday,true
20240816,2024-08-16,2024,3,8,August,16,5,Friday,true
20240817,2024-08-17,2024,3,8,August,17,6,Saturday,false
20240818,2024-08-18,2024,3,8,August,18,7,Sunday,false
20240819,2024-08-19,2024,3,8,August,19,1,Monday,true
20240820,2024-08-20,2024,3,8,August,20,2,Tuesday,true
20240821,2024-08-21,2024,3,8,August,21,3,Wednesday,true
20240822,2024-08-22,2024,3,8,August,22,4,Thursday,true
20240823,2024-08-23,2024,3,8,August,23,5,Friday,true
20240824,2024-08-24,2024,3,8,August,24,6,Saturday,false
20240825,2024-08-25,2024,3,8,August,25,7,Sunday,false
20240826,2024-08-26,2024,3,8,August,26,1,Monday,true
20240827,2024-08-27,2024,3,8,August,27,2,Tuesday,true
20240828,2024-08-28,2024,3,8,August,28,3,Wednesday,true
20240829,2024-08-29,2024,3,8,August,29,4,Thursday,true
20240830,2024-08-30,2024,3,8,August,30,5,Friday,true
20240831,2024-08-31,2024,3,8,August,31,6,Saturday,false
20240901,2024-09-01,2024,3,9,September,1,7,Sunday,false
20240902,2024-09-02,2024,3,9,September,2,1,Monday,true
20240903,2024-09-03,2024,3,9,September,3,2,Tuesday,true
20240904,2024-09-04,2024,3,9,September,4,3,Wednesday,true
20240905,2024-09-05,2024,3,9,September,5,4,Thursday,true
20240906,2024-09-06,2024,3,9,September,6,5,Friday,true
20240907,2024-09-07,2024,3,9,September,7,6,Saturday,false
20240908,2024-09-08,2024,3,9,September,8,7,Sunday,false
20240909,2024-09-09,2024,3,9,September,9,1,Monday,true
20240910,2024-09-10,2024,3,9,September,10,2,Tuesday,true
20240911,2024-09-11,2024,3,9,September,11,3,Wednesday,true
20240912,2024-09-12,2024,3,9,September,12,4,Thursday,true
20240913,2024-09-13,2024,3,9,September,13,5,Friday,true
20240914,2024-09-14,2024,3,9,September,14,6,Saturday,false
20240915,2024-09-15,2024,3,9,September,15,7,Sunday,false
20240916,2024-09-16,2024,3,9,September,16,1,Monday,true
20240917,2024-09-17,2024,3,9,September,17,2,Tuesday,true
20240918,2024-09-18,2024,3,9,September,18,3,Wednesday,true
20240919,2024-09-19,2024,3,9,September,19,4,Thursday,true
20240920,2024-09-20,2024,3,9,September,20,5,Friday,true
20240921,2024-09-21,2024,3,9,September,21,6,Saturday,false
20240922,2024-09-22,2024,3,9,September,22,7,Sunday,false
20240923,2024-09-23,2024,3,9,September,23,1,Monday,true
20240924,2024-09-24,2024,3,9,September,24,2,Tuesday,true
20240925,2024-09-25,2024,3,9,September,25,3,Wednesday,true
20240926,2024-09-26,2024,3,9,September,26,4,Thursday,true
20240927,2024-09-27,2024,3,9,September,27,5,Friday,true
20240928,2024-09-28,2024,3,9,September,28,6,Saturday,false
20240929,2024-09-29,2024,3,9,September,29,7,Sunday,false
20240930,2024-09-30,2024,3,9,September,30,1,Monday,true
20241001,2024-10-01,2024,4,10,October,1,2,Tuesday,true
20241002,2024-10-02,2024,4,10,October,2,3,Wednesday,true
20241003,2024-10-03,2024,4,10,October,3,4,Thursday,true
20241004,2024-10-04,2024,4,10,October,4,5,Friday,true
20241005,2024-10-05,2024,4,10,October,5,6,Saturday,false
20241006,2024-10-06,2024,4,10,October,6,7,Sunday,false
20241007,2024-10-07,2024,4,10,October,7,1,Monday,true
20241008,2024-10-08,2024,4,10,October,8,2,Tuesday,true
20241009,2024-10-09,2024,4,10,October,9,3,Wednesday,true
20241010,2024-10-10,2024,4,10,October,10,4,Thursday,true
20241011,2024-10-11,2024,4,10,October,11,5,Friday,true
20241012,2024-10-12,2024,4,10,October,12,6,Saturday,false
20241013,2024-10-13,2024,4,10,October,13,7,Sunday,false
20241014,2024-10-14,2024,4,10,October,14,1,Monday,true
20241015,2024-10-15,2024,4,10,October,15,2,Tuesday,true
20241016,2024-10-16,2024,4,10,October,16,3,Wednesday,true
20241017,2024-10-17,2024,4,10,October,17,4,Thursday,true
20241018,2024-10-18,2024,4,10,October,18,5,Friday,true
20241019,2024-10-19,2024,4,10,October,19,6,Saturday,false
20241020,2024-10-20,2024,4,10,October,20,7,Sunday,false
20241021,2024-10-21,2024,4,10,October,21,1,Monday,true
20241022,2024-10-22,2024,4,10,October,22,2,Tuesday,true
20241023,2024-10-23,2024,4,10,October,23,3,Wednesday,true
20241024,2024-10-24,2024,4,10,October,24,4,Thursday,true
20241025,2024-10-25,2024,4,10,October,25,5,Friday,true
20241026,2024-10-26,2024,4,10,October,26,6,Saturday,false
20241027,2024-10-27,2024,4,10,October,27,7,Sunday,false
20241028,2024-10-28,2024,4,10,October,28,1,Monday,true
20241029,2024-10-29,2024,4,10,October,29,2,Tuesday,true
20241030,2024-10-30,2024,4,10,October,30,3,Wednesday,true
20241031,2024-10-31,2024,4,10,October,31,4,Thursday,true
20241101,2024-11-01,2024,4,11,November,1,5,Friday,true
20241102,2024-11-02,2024,4,11,November,2,6,Saturday,false
20241103,2024-11-03,2024,4,11,November,3,7,Sunday,false
20241104,2024-11-04,2024,4,11,November,4,1,Monday,true
20241105,2024-11-05,2024,4,11,November,5,2,Tuesday,true
20241106,2024-11-06,2024,4,11,November,6,3,Wednesday,true
20241107,2024-11-07,2024,4,11,November,7,4,Thursday,true
20241108,2024-11-08,2024,4,11,November,8,5,Friday,true
20241109,2024-11-09,2024,4,11,November,9,6,Saturday,false
20241110,2024-11-10,2024,4,11,November,10,7,Sunday,false
20241111,2024-11-11,2024,4,11,November,11,1,Monday,true
20241112,2024-11-12,2024,4,11,November,12,2,Tuesday,true
20241113,2024-11-13,2024,4,11,November,13,3,Wednesday,true
20241114,2024-11-14,2024,4,11,November,14,4,Thursday,true
20241115,2024-11-15,2024,4,11,November,15,5,Friday,true
20241116,2024-11-16,2024,4,11,November,16,6,Saturday,false
20241117,2024-11-17,2024,4,11,November,17,7,Sunday,false
20241118,2024-11-18,2024,4,11,November,18,1,Monday,true
20241119,2024-11-19,2024,4,11,November,19,2,Tuesday,true
20241120,2024-11-20,2024,4,11,November,20,3,Wednesday,true
20241121,2024-11-21,2024,4,11,November,21,4,Thursday,true
20241122,2024-11-22,2024,4,11,November,22,5,Friday,true
20241123,2024-11-23,2024,4,11,November,23,6,Saturday,false
20241124,2024-11-24,2024,4,11,November,24,7,Sunday,false
20241125,2024-11-25,2024,4,11,November,25,1,Monday,true
20241126,2024-11-26,2024,4,11,November,26,2,Tuesday,true
20241127,2024-11-27,2024,4,11,November,27,3,Wednesday,true
20241128,2024-11-28,2024,4,11,November,28,4,Thursday,true
20241129,2024-11-29,2024,4,11,November,29,5,Friday,true
20241130,2024-11-30,2024,4,11,November,30,6,Saturday,false
20241201,2024-12-01,2024,4,12,December,1,7,Sunday,false
20241202,2024-12-02,2024,4,12,December,2,1,Monday,true
20241203,2024-12-03,2024,4,12,December,3,2,Tuesday,true
20241204,2024-12-04,2024,4,12,December,4,3,Wednesday,true
20241205,2024-12-05,2024,4,12,December,5,4,Thursday,true
20241206,2024-12-06,2024,4,12,December,6,5,Friday,true
20241207,2024-12-07,2024,4,12,December,7,6,Saturday,false
20241208,2024-12-08,2024,4,12,December,8,7,Sunday,false
20241209,2024-12-09,2024,4,12,December,9,1,Monday,true
20241210,2024-12-10,2024,4,12,December,10,2,Tuesday,true
20241211,2024-12-11,2024,4,12,December,11,3,Wednesday,true
20241212,2024-12-12,2024,4,12,December,12,4,Thursday,true
20241213,2024-12-13,2024,4,12,December,13,5,Friday,true
20241214,2024-12-14,2024,4,12,December,14,6,Saturday,false
20241215,2024-12-15,2024,4,12,December,15,7,Sunday,false
20241216,2024-12-16,2024,4,12,December,16,1,Monday,true
20241217,2024-12-17,2024,4,12,December,17,2,Tuesday,true
20241218,2024-12-18,2024,4,12,December,18,3,Wednesday,true
20241219,2024-12-19,2024,4,12,December,19,4,Thursday,true
20241220,2024-12-20,2024,4,12,December,20,5,Friday,true
20241221,2024-12-21,2024,4,12,December,21,6,Saturday,false
20241222,2024-12-22,2024,4,12,December,22,7,Sunday,false
20241223,2024-12-23,2024,4,12,December,23,1,Monday,true
20241224,2024-12-24,2024,4,12,December,24,2,Tuesday,true
20241225,2024-12-25,2024,4,12,December,25,3,Wednesday,true
20241226,2024-12-26,2024,4,12,December,26,4,Thursday,true
20241227,2024-12-27,2024,4,12,December,27,5,Friday,true
20241228,2024-12-28,2024,4,12,December,28,6,Saturday,false
20241229,2024-12-29,2024,4,12,December,29,7,Sunday,false
20241230,2024-12-30,2024,4,12,December,30,1,Monday,true
20241231,2024-12-31,2024,4,12,December,31,2,Tuesday,true
20250101,2025-01-01,2025,1,1,January,1,3,Wednesday,true
20250102,2025-01-02,2025,1,1,January,2,4,Thursday,true
20250103,2025-01-03,2025,1,1,January,3,5,Friday,true
20250104,2025-01-04,2025,1,1,January,4,6,Saturday,false
20250105,2025-01-05,2025,1,1,January,5,7,Sunday,false
20250106,2025-01-06,2025,1,1,January,6,1,Monday,true
20250107,2025-01-07,2025,1,1,January,7,2,Tuesday,true
20250108,2025-01-08,2025,1,1,January,8,3,Wednesday,true
20250109,2025-01-09,2025,1,1,January,9,4,Thursday,true
20250110,2025-01-10,2025,1,1,January,10,5,Friday,true
20250111,2025-01-11,2025,1,1,January,11,6,Saturday,false
20250112,2025-01-12,2025,1,1,January,12,7,Sunday,false
20250113,2025-01-13,2025,1,1,January,13,1,Monday,true
20250114,2025-01-14,2025,1,1,January,14,2,Tuesday,true
20250115,2025-01-15,2025,1,1,January,15,3,Wednesday,true
20250116,2025-01-16,2025,1,1,January,16,4,Thursday,true
20250117,2025-01-17,2025,1,1,January,17,5,Friday,true
20250118,2025-01-18,2025,1,1,January,18,6,Saturday,false
20250119,2025-01-19,2025,1,1,January,19,7,Sunday,false
20250120,2025-01-20,2025,1,1,January,20,1,Monday,true
20250121,2025-01-21,2025,1,1,January,21,2,Tuesday,true
20250122,2025-01-22,2025,1,1,January,22,3,Wednesday,true
20250123,2025-01-23,2025,1,1,January,23,4,Thursday,true
20250124,2025-01-24,2025,1,1,January,24,5,Friday,true
20250125,2025-01-25,2025,1,1,January,25,6,Saturday,false
20250126,2025-01-26,2025,1,1,January,26,7,Sunday,false
20250127,2025-01-27,2025,1,1,January,27,1,Monday,true
20250128,2025-01-28,2025,1,1,January,28,2,Tuesday,true
20250129,2025-01-29,2025,1,1,January,29,3,Wednesday,true
20250130,2025-01-30,2025,1,1,January,30,4,Thursday,true
20250131,2025-01-31,2025,1,1,January,31,5,Friday,true
20250201,2025-02-01,2025,1,2,February,1,6,Saturday,false
20250202,2025-02-02,2025,1,2,February,2,7,Sunday,false
20250203,2025-02-03,2025,1,2,February,3,1,Monday,true
20250204,2025-02-04,2025,1,2,February,4,2,Tuesday,true
20250205,2025-02-05,2025,1,2,February,5,3,Wednesday,true
20250206,2025-02-06,2025,1,2,February,6,4,Thursday,true
20250207,2025-02-07,2025,1,2,February,7,5,Friday,true
20250208,2025-02-08,2025,1,2,February,8,6,Saturday,false
20250209,2025-02-09,2025,1,2,February,9,7,Sunday,false
20250210,2025-02-10,2025,1,2,February,10,1,Monday,true
20250211,2025-02-11,2025,1,2,February,11,2,Tuesday,true
20250212,2025-02-12,2025,1,2,February,12,3,Wednesday,true
20250213,2025-02-13,2025,1,2,February,13,4,Thursday,true
20250214,2025-02-14,2025,1,2,February,14,5,Friday,true
20250215,2025-02-15,2025,1,2,February,15,6,Saturday,false
20250216,2025-02-16,2025,1,2,February,16,7,Sunday,false
20250217,2025-02-17,2025,1,2,February,17,1,Monday,true
20250218,2025-02-18,2025,1,2,February,18,2,Tuesday,true
20250219,2025-02-19,2025,1,2,February,19,3,Wednesday,true
20250220,2025-02-20,2025,1,2,February,20,4,Thursday,true
20250221,2025-02-21,2025,1,2,February,21,5,Friday,true
20250222,2025-02-22,2025,1,2,February,22,6,Saturday,false
20250223,2025-02-23,2025,1,2,February,23,7,Sunday,false
20250224,2025-02-24,2025,1,2,February,24,1,Monday,true
20250225,2025-02-25,2025,1,2,February,25,2,Tuesday,true
20250226,2025-02-26,2025,1,2,February,26,3,Wednesday,true
20250227,2025-02-27,2025,1,2,February,27,4,Thursday,true
20250228,2025-02-28,2025,1,2,February,28,5,Friday,true
20250301,2025-03-01,2025,1,3,March,1,6,Saturday,false
20250302,2025-03-02,2025,1,3,March,2,7,Sunday,false
20250303,2025-03-03,2025,1,3,March,3,1,Monday,true
20250304,2025-03-04,2025,1,3,March,4,2,Tuesday,true
20250305,2025-03-05,2025,1,3,March,5,3,Wednesday,true
20250306,2025-03-06,2025,1,3,March,6,4,Thursday,true
20250307,2025-03-07,2025,1,3,March,7,5,Friday,true
20250308,2025-03-08,2025,1,3,March,8,6,Saturday,false
20250309,2025-03-09,2025,1,3,March,9,7,Sunday,false
20250310,2025-03-10,2025,1,3,March,10,1,Monday,true
20250311,2025-03-11,2025,1,3,March,11,2,Tuesday,true
20250312,2025-03-12,2025,1,3,March,12,3,Wednesday,true
20250313,2025-03-13,2025,1,3,March,13,4,Thursday,true
20250314,2025-03-14,2025,1,3,March,14,5,Friday,true
20250315,2025-03-15,2025,1,3,March,15,6,Saturday,false
20250316,2025-03-16,2025,1,3,March,16,7,Sunday,false
20250317,2025-03-17,2025,1,3,March,17,1,Monday,true
20250318,2025-03-18,2025,1,3,March,18,2,Tuesday,true
20250319,2025-03-19,2025,1,3,March,19,3,Wednesday,true
20250320,2025-03-20,2025,1,3,March,20,4,Thursday,true
20250321,2025-03-21,2025,1,3,March,21,5,Friday,true
20250322,2025-03-22,2025,1,3,March,22,6,Saturday,false
20250323,2025-03-23,2025,1,3,March,23,7,Sunday,false
20250324,2025-03-24,2025,1,3,March,24,1,Monday,true
20250325,2025-03-25,2025,1,3,March,25,2,Tuesday,true
20250326,2025-03-26,2025,1,3,March,26,3,Wednesday,true
20250327,2025-03-27,2025,1,3,March,27,4,Thursday,true
20250328,2025-03-28,2025,1,3,March,28,5,Friday,true
20250329,2025-03-29,2025,1,3,March,29,6,Saturday,false
20250330,2025-03-30,2025,1,3,March,30,7,Sunday,false
20250331,2025-03-31,2025,1,3,March,31,1,Monday,true
20250401,2025-04-01,2025,2,4,April,1,2,Tuesday,true
20250402,2025-04-02,2025,2,4,April,2,3,Wednesday,true
20250403,2025-04-03,2025,2,4,April,3,4,Thursday,true
20250404,2025-04-04,2025,2,4,April,4,5,Friday,true
20250405,2025-04-05,2025,2,4,April,5,6,Saturday,false
20250406,2025-04-06,2025,2,4,April,6,7,Sunday,false
20250407,2025-04-07,2025,2,4,April,7,1,Monday,true
20250408,2025-04-08,2025,2,4,April,8,2,Tuesday,true
20250409,2025-04-09,2025,2,4,April,9,3,Wednesday,true
20250410,2025-04-10,2025,2,4,April,10,4,Thursday,true
20250411,2025-04-11,2025,2,4,April,11,5,Friday,true
20250412,2025-04-12,2025,2,4,April,12,6,Saturday,false
20250413,2025-04-13,2025,2,4,April,13,7,Sunday,false
20250414,2025-04-14,2025,2,4,April,14,1,Monday,true
20250415,2025-04-15,2025,2,4,April,15,2,Tuesday,true
20250416,2025-04-16,2025,2,4,April,16,3,Wednesday,true
20250417,2025-04-17,2025,2,4,April,17,4,Thursday,true
20250418,2025-04-18,2025,2,4,April,18,5,Friday,true
20250419,2025-04-19,2025,2,4,April,19,6,Saturday,false
20250420,2025-04-20,2025,2,4,April,20,7,Sunday,false
20250421,2025-04-21,2025,2,4,April,21,1,Monday,true
20250422,2025-04-22,2025,2,4,April,22,2,Tuesday,true
20250423,2025-04-23,2025,2,4,April,23,3,Wednesday,true
20250424,2025-04-24,2025,2,4,April,24,4,Thursday,true
20250425,2025-04-25,2025,2,4,April,25,5,Friday,true
20250426,2025-04-26,2025,2,4,April,26,6,Saturday,false
20250427,2025-04-27,2025,2,4,April,27,7,Sunday,false
20250428,2025-04-28,2025,2,4,April,28,1,Monday,true
20250429,2025-04-29,2025,2,4,April,29,2,Tuesday,true
20250430,2025-04-30,2025,2,4,April,30,3,Wednesday,true
20250501,2025-05-01,2025,2,5,May,1,4,Thursday,true
20250502,2025-05-02,2025,2,5,May,2,5,Friday,true
20250503,2025-05-03,2025,2,5,May,3,6,Saturday,false
20250504,2025-05-04,2025,2,5,May,4,7,Sunday,false
20250505,2025-05-05,2025,2,5,May,5,1,Monday,true
20250506,2025-05-06,2025,2,5,May,6,2,Tuesday,true
20250507,2025-05-07,2025,2,5,May,7,3,Wednesday,true
20250508,2025-05-08,2025,2,5,May,8,4,Thursday,true
20250509,2025-05-09,2025,2,5,May,9,5,Friday,true
20250510,2025-05-10,2025,2,5,May,10,6,Saturday,false
20250511,2025-05-11,2025,2,5,May,11,7,Sunday,false
20250512,2025-05-12,2025,2,5,May,12,1,Monday,true
20250513,2025-05-13,2025,2,5,May,13,2,Tuesday,true
20250514,2025-05-14,2025,2,5,May,14,3,Wednesday,true
20250515,2025-05-15,2025,2,5,May,15,4,Thursday,true
20250516,2025-05-16,2025,2,5,May,16,5,Friday,true
20250517,2025-05-17,2025,2,5,May,17,6,Saturday,false
20250518,2025-05-18,2025,2,5,May,18,7,Sunday,false
20250519,2025-05-19,2025,2,5,May,19,1,Monday,true
20250520,2025-05-20,2025,2,5,May,20,2,Tuesday,true
20250521,2025-05-21,2025,2,5,May,21,3,Wednesday,true
20250522,2025-05-22,2025,2,5,May,22,4,Thursday,true
20250523,2025-05-23,2025,2,5,May,23,5,Friday,true
20250524,2025-05-24,2025,2,5,May,24,6,Saturday,false
20250525,2025-05-25,2025,2,5,May,25,7,Sunday,false
20250526,2025-05-26,2025,2,5,May,26,1,Monday,true
20250527,2025-05-27,2025,2,5,May,27,2,Tuesday,true
20250528,2025-05-28,2025,2,5,May,28,3,Wednesday,true
20250529,2025-05-29,2025,2,5,May,29,4,Thursday,true
20250530,2025-05-30,2025,2,5,May,30,5,Friday,true
20250531,2025-05-31,2025,2,5,May,31,6,Saturday,false
20250601,2025-06-01,2025,2,6,June,1,7,Sunday,false
20250602,2025-06-02,2025,2,6,June,2,1,Monday,true
20250603,2025-06-03,2025,2,6,June,3,2,Tuesday,true
20250604,2025-06-04,2025,2,6,June,4,3,Wednesday,true
20250605,2025-06-05,2025,2,6,June,5,4,Thursday,true
20250606,2025-06-06,2025,2,6,June,6,5,Friday,true
20250607,2025-06-07,2025,2,6,June,7,6,Saturday,false
20250608,2025-06-08,2025,2,6,June,8,7,Sunday,false
20250609,2025-06-09,2025,2,6,June,9,1,Monday,true
20250610,2025-06-10,2025,2,6,June,10,2,Tuesday,true
20250611,2025-06-11,2025,2,6,June,11,3,Wednesday,true
20250612,2025-06-12,2025,2,6,June,12,4,Thursday,true
20250613,2025-06-13,2025,2,6,June,13,5,Friday,true
20250614,2025-06-14,2025,2,6,June,14,6,Saturday,false
20250615,2025-06-15,2025,2,6,June,15,7,Sunday,false
20250616,2025-06-16,2025,2,6,June,16,1,Monday,true
20250617,2025-06-17,2025,2,6,June,17,2,Tuesday,true
20250618,2025-06-18,2025,2,6,June,18,3,Wednesday,true
20250619,2025-06-19,2025,2,6,June,19,4,Thursday,true
20250620,2025-06-20,2025,2,6,June,20,5,Friday,true
20250621,2025-06-21,2025,2,6,June,21,6,Saturday,false
20250622,2025-06-22,2025,2,6,June,22,7,Sunday,false
20250623,2025-06-23,2025,2,6,June,23,1,Monday,true
20250624,2025-06-24,2025,2,6,June,24,2,Tuesday,true
20250625,2025-06-25,2025,2,6,June,25,3,Wednesday,true
20250626,2025-06-26,2025,2,6,June,26,4,Thursday,true
20250627,2025-06-27,2025,2,6,June,27,5,Friday,true
20250628,2025-06-28,2025,2,6,June,28,6,Saturday,false
20250629,2025-06-29,2025,2,6,June,29,7,Sunday,false
20250630,2025-06-30,2025,2,6,June,30,1,Monday,true
20250701,2025-07-01,2025,3,7,July,1,2,Tuesday,true
20250702,2025-07-02,2025,3,7,July,2,3,Wednesday,true
20250703,2025-07-03,2025,3,7,July,3,4,Thursday,true
20250704,2025-07-04,2025,3,7,July,4,5,Friday,true
20250705,2025-07-05,2025,3,7,July,5,6,Saturday,false
20250706,2025-07-06,2025,3,7,July,6,7,Sunday,false
20250707,2025-07-07,2025,3,7,July,7,1,Monday,true
20250708,2025-07-08,2025,3,7,July,8,2,Tuesday,true
20250709,2025-07-09,2025,3,7,July,9,3,Wednesday,true
20250710,2025-07-10,2025,3,7,July,10,4,Thursday,true
20250711,2025-07-11,2025,3,7,July,11,5,Friday,true
20250712,2025-07-12,2025,3,7,July,12,6,Saturday,false
20250713,2025-07-13,2025,3,7,July,13,7,Sunday,false
20250714,2025-07-14,2025,3,7,July,14,1,Monday,true
20250715,2025-07-15,2025,3,7,July,15,2,Tuesday,true
20250716,2025-07-16,2025,3,7,July,16,3,Wednesday,true
20250717,2025-07-17,2025,3,7,July,17,4,Thursday,true
20250718,2025-07-18,2025,3,7,July,18,5,Friday,true
20250719,2025-07-19,2025,3,7,July,19,6,Saturday,false
20250720,2025-07-20,2025,3,7,July,20,7,Sunday,false
20250721,2025-07-21,2025,3,7,July,21,1,Monday,true
20250722,2025-07-22,2025,3,7,July,22,2,Tuesday,true
20250723,2025-07-23,2025,3,7,July,23,3,Wednesday,true
20250724,2025-07-24,2025,3,7,July,24,4,Thursday,true
20250725,2025-07-25,2025,3,7,July,25,5,Friday,true
20250726,2025-07-26,2025,3,7,July,26,6,Saturday,false
20250727,2025-07-27,2025,3,7,July,27,7,Sunday,false
20250728,2025-07-28,2025,3,7,July,28,1,Monday,true
20250729,2025-07-29,2025,3,7,July,29,2,Tuesday,true
20250730,2025-07-30,2025,3,7,July,30,3,Wednesday,true
20250731,2025-07-31,2025,3,7,July,31,4,Thursday,true
20250801,2025-08-01,2025,3,8,August,1,5,Friday,true
20250802,2025-08-02,2025,3,8,August,2,6,Saturday,false
20250803,2025-08-03,2025,3,8,August,3,7,Sunday,false
20250804,2025-08-04,2025,3,8,August,4,1,Monday,true
20250805,2025-08-05,2025,3,8,August,5,2,Tuesday,true
20250806,2025-08-06,2025,3,8,August,6,3,Wednesday,true
20250807,2025-08-07,2025,3,8,August,7,4,Thursday,true
20250808,2025-08-08,2025,3,8,August,8,5,Friday,true
20250809,2025-08-09,2025,3,8,August,9,6,Saturday,false
20250810,2025-08-10,2025,3,8,August,10,7,Sunday,false
20250811,2025-08-11,2025,3,8,August,11,1,Monday,true
20250812,2025-08-12,2025,3,8,August,12,2,Tuesday,true
20250813,2025-08-13,2025,3,8,August,13,3,Wednesday,true
20250814,2025-08-14,2025,3,8,August,14,4,Thursday,true
20250815,2025-08-15,2025,3,8,August,15,5,Friday,true
20250816,2025-08-16,2025,3,8,August,16,6,Saturday,false
20250817,2025-08-17,2025,3,8,August,17,7,Sunday,false
20250818,2025-08-18,2025,3,8,August,18,1,Monday,true
20250819,2025-08-19,2025,3,8,August,19,2,Tuesday,true
20250820,2025-08-20,2025,3,8,August,20,3,Wednesday,true
20250821,2025-08-21,2025,3,8,August,21,4,Thursday,true
20250822,2025-08-22,2025,3,8,August,22,5,Friday,true
20250823,2025-08-23,2025,3,8,August,23,6,Saturday,false
20250824,2025-08-24,2025,3,8,August,24,7,Sunday,false
20250825,2025-08-25,2025,3,8,August,25,1,Monday,true
20250826,2025-08-26,2025,3,8,August,26,2,Tuesday,true
20250827,2025-08-27,2025,3,8,August,27,3,Wednesday,true
20250828,2025-08-28,2025,3,8,August,28,4,Thursday,true
20250829,2025-08-29,2025,3,8,August,29,5,Friday,true
20250830,2025-08-30,2025,3,8,August,30,6,Saturday,false
20250831,2025-08-31,2025,3,8,August,31,7,Sunday,false
20250901,2025-09-01,2025,3,9,September,1,1,Monday,true
20250902,2025-09-02,2025,3,9,September,2,2,Tuesday,true
20250903,2025-09-03,2025,3,9,September,3,3,Wednesday,true
20250904,2025-09-04,2025,3,9,September,4,4,Thursday,true
20250905,2025-09-05,2025,3,9,September,5,5,Friday,true
20250906,2025-09-06,2025,3,9,September,6,6,Saturday,false
20250907,2025-09-07,2025,3,9,September,7,7,Sunday,false
20250908,2025-09-08,2025,3,9,September,8,1,Monday,true
20250909,2025-09-09,2025,3,9,September,9,2,Tuesday,true
20250910,2025-09-10,2025,3,9,September,10,3,Wednesday,true
20250911,2025-09-11,2025,3,9,September,11,4,Thursday,true
20250912,2025-09-12,2025,3,9,September,12,5,Friday,true
20250913,2025-09-13,2025,3,9,September,13,6,Saturday,false
20250914,2025-09-14,2025,3,9,September,14,7,Sunday,false
20250915,2025-09-15,2025,3,9,September,15,1,Monday,true
20250916,2025-09-16,2025,3,9,September,16,2,Tuesday,true
20250917,2025-09-17,2025,3,9,September,17,3,Wednesday,true
20250918,2025-09-18,2025,3,9,September,18,4,Thursday,true
20250919,2025-09-19,2025,3,9,September,19,5,Friday,true
20250920,2025-09-20,2025,3,9,September,20,6,Saturday,false
20250921,2025-09-21,2025,3,9,September,21,7,Sunday,false
20250922,2025-09-22,2025,3,9,September,22,1,Monday,true
20250923,2025-09-23,2025,3,9,September,23,2,Tuesday,true
20250924,2025-09-24,2025,3,9,September,24,3,Wednesday,true
20250925,2025-09-25,2025,3,9,September,25,4,Thursday,true
20250926,2025-09-26,2025,3,9,September,26,5,Friday,true
20250927,2025-09-27,2025,3,9,September,27,6,Saturday,false
20250928,2025-09-28,2025,3,9,September,28,7,Sunday,false
20250929,2025-09-29,2025,3,9,September,29,1,Monday,true
20250930,2025-09-30,2025,3,9,September,30,2,Tuesday,true
20251001,2025-10-01,2025,4,10,October,1,3,Wednesday,true
20251002,2025-10-02,2025,4,10,October,2,4,Thursday,true
20251003,2025-10-03,2025,4,10,October,3,5,Friday,true
20251004,2025-10-04,2025,4,10,October,4,6,Saturday,false
20251005,2025-10-05,2025,4,10,October,5,7,Sunday,false
20251006,2025-10-06,2025,4,10,October,6,1,Monday,true
20251007,2025-10-07,2025,4,10,October,7,2,Tuesday,true
20251008,2025-10-08,2025,4,10,October,8,3,Wednesday,true
20251009,2025-10-09,2025,4,10,October,9,4,Thursday,true
20251010,2025-10-10,2025,4,10,October,10,5,Friday,true
20251011,2025-10-11,2025,4,10,October,11,6,Saturday,false
20251012,2025-10-12,2025,4,10,October,12,7,Sunday,false
20251013,2025-10-13,2025,4,10,October,13,1,Monday,true
20251014,2025-10-14,2025,4,10,October,14,2,Tuesday,true
20251015,2025-10-15,2025,4,10,October,15,3,Wednesday,true
20251016,2025-10-16,2025,4,10,October,16,4,Thursday,true
20251017,2025-10-17,2025,4,10,October,17,5,Friday,true
20251018,2025-10-18,2025,4,10,October,18,6,Saturday,false
20251019,2025-10-19,2025,4,10,October,19,7,Sunday,false
20251020,2025-10-20,2025,4,10,October,20,1,Monday,true
20251021,2025-10-21,2025,4,10,October,21,2,Tuesday,true
20251022,2025-10-22,2025,4,10,October,22,3,Wednesday,true
20251023,2025-10-23,2025,4,10,October,23,4,Thursday,true
20251024,2025-10-24,2025,4,10,October,24,5,Friday,true
20251025,2025-10-25,2025,4,10,October,25,6,Saturday,false
20251026,2025-10-26,2025,4,10,October,26,7,Sunday,false
20251027,2025-10-27,2025,4,10,October,27,1,Monday,true
20251028,2025-10-28,2025,4,10,October,28,2,Tuesday,true
20251029,2025-10-29,2025,4,10,October,29,3,Wednesday,true
20251030,2025-10-30,2025,4,10,October,30,4,Thursday,true
20251031,2025-10-31,2025,4,10,October,31,5,Friday,true
20251101,2025-11-01,2025,4,11,November,1,6,Saturday,false
20251102,2025-11-02,2025,4,11,November,2,7,Sunday,false
20251103,2025-11-03,2025,4,11,November,3,1,Monday,true
20251104,2025-11-04,2025,4,11,November,4,2,Tuesday,true
20251105,2025-11-05,2025,4,11,November,5,3,Wednesday,true
20251106,2025-11-06,2025,4,11,November,6,4,Thursday,true
20251107,2025-11-07,2025,4,11,November,7,5,Friday,true
20251108,2025-11-08,2025,4,11,November,8,6,Saturday,false
20251109,2025-11-09,2025,4,11,November,9,7,Sunday,false
20251110,2025-11-10,2025,4,11,November,10,1,Monday,true
20251111,2025-11-11,2025,4,11,November,11,2,Tuesday,true
20251112,2025-11-12,2025,4,11,November,12,3,Wednesday,true
20251113,2025-11-13,2025,4,11,November,13,4,Thursday,true
20251114,2025-11-14,2025,4,11,November,14,5,Friday,true
20251115,2025-11-15,2025,4,11,November,15,6,Saturday,false
20251116,2025-11-16,2025,4,11,November,16,7,Sunday,false
20251117,2025-11-17,2025,4,11,November,17,1,Monday,true
20251118,2025-11-18,2025,4,11,November,18,2,Tuesday,true
20251119,2025-11-19,2025,4,11,November,19,3,Wednesday,true
20251120,2025-11-20,2025,4,11,November,20,4,Thursday,true
20251121,2025-11-21,2025,4,11,November,21,5,Friday,true
20251122,2025-11-22,2025,4,11,November,22,6,Saturday,false
20251123,2025-11-23,2025,4,11,November,23,7,Sunday,false
20251124,2025-11-24,2025,4,11,November,24,1,Monday,true
20251125,2025-11-25,2025,4,11,November,25,2,Tuesday,true
20251126,2025-11-26,2025,4,11,November,26,3,Wednesday,true
20251127,2025-11-27,2025,4,11,November,27,4,Thursday,true
20251128,2025-11-28,2025,4,11,November,28,5,Friday,true
20251129,2025-11-29,2025,4,11,November,29,6,Saturday,false
20251130,2025-11-30,2025,4,11,November,30,7,Sunday,false
20251201,2025-12-01,2025,4,12,December,1,1,Monday,true
20251202,2025-12-02,2025,4,12,December,2,2,Tuesday,true
20251203,2025-12-03,2025,4,12,December,3,3,Wednesday,true
20251204,2025-12-04,2025,4,12,December,4,4,Thursday,true
20251205,2025-12-05,2025,4,12,December,5,5,Friday,true
20251206,2025-12-06,2025,4,12,December,6,6,Saturday,false
20251207,2025-12-07,2025,4,12,December,7,7,Sunday,false
20251208,2025-12-08,2025,4,12,December,8,1,Monday,true
20251209,2025-12-09,2025,4,12,December,9,2,Tuesday,true
20251210,2025-12-10,2025,4,12,December,10,3,Wednesday,true
20251211,2025-12-11,2025,4,12,December,11,4,Thursday,true
20251212,2025-12-12,2025,4,12,December,12,5,Friday,true
20251213,2025-12-13,2025,4,12,December,13,6,Saturday,false
20251214,2025-12-14,2025,4,12,December,14,7,Sunday,false
20251215,2025-12-15,2025,4,12,December,15,1,Monday,true
20251216,2025-12-16,2025,4,12,December,16,2,Tuesday,true
20251217,2025-12-17,2025,4,12,December,17,3,Wednesday,true
20251218,2025-12-18,2025,4,12,December,18,4,Thursday,true
20251219,2025-12-19,2025,4,12,December,19,5,Friday,true
20251220,2025-12-20,2025,4,12,December,20,6,Saturday,false
20251221,2025-12-21,2025,4,12,December,21,7,Sunday,false
20251222,2025-12-22,2025,4,12,December,22,1,Monday,true
20251223,2025-12-23,2025,4,12,December,23,2,Tuesday,true
20251224,2025-12-24,2025,4,12,December,24,3,Wednesday,true
20251225,2025-12-25,2025,4,12,December,25,4,Thursday,true
20251226,2025-12-26,2025,4,12,December,26,5,Friday,true
20251227,2025-12-27,2025,4,12,December,27,6,Saturday,false
20251228,2025-12-28,2025,4,12,December,28,7,Sunday,false
20251229,2025-12-29,2025,4,12,December,29,1,Monday,true
20251230,2025-12-30,2025,4,12,December,30,2,Tuesday,true
20251231,2025-12-31,2025,4,12,December,31,3,Wednesday,true
20260101,2026-01-01,2026,1,1,January,1,4,Thursday,true
20260102,2026-01-02,2026,1,1,January,2,5,Friday,true
20260103,2026-01-03,2026,1,1,January,3,6,Saturday,false
20260104,2026-01-04,2026,1,1,January,4,7,Sunday,false
20260105,2026-01-05,2026,1,1,January,5,1,Monday,true
20260106,2026-01-06,2026,1,1,January,6,2,Tuesday,true
20260107,2026-01-07,2026,1,1,January,7,3,Wednesday,true
20260108,2026-01-08,2026,1,1,January,8,4,Thursday,true
20260109,2026-01-09,2026,1,1,January,9,5,Friday,true
20260110,2026-01-10,2026,1,1,January,10,6,Saturday,false
20260111,2026-01-11,2026,1,1,January,11,7,Sunday,false
20260112,2026-01-12,2026,1,1,January,12,1,Monday,true
20260113,2026-01-13,2026,1,1,January,13,2,Tuesday,true
20260114,2026-01-14,2026,1,1,January,14,3,Wednesday,true
20260115,2026-01-15,2026,1,1,January,15,4,Thursday,true
20260116,2026-01-16,2026,1,1,January,16,5,Friday,true
20260117,2026-01-17,2026,1,1,January,17,6,Saturday,false
20260118,2026-01-18,2026,1,1,January,18,7,Sunday,false
20260119,2026-01-19,2026,1,1,January,19,1,Monday,true
20260120,2026-01-20,2026,1,1,January,20,2,Tuesday,true
20260121,2026-01-21,2026,1,1,January,21,3,Wednesday,true
20260122,2026-01-22,2026,1,1,January,22,4,Thursday,true
20260123,2026-01-23,2026,1,1,January,23,5,Friday,true
20260124,2026-01-24,2026,1,1,January,24,6,Saturday,false
20260125,2026-01-25,2026,1,1,January,25,7,Sunday,false
20260126,2026-01-26,2026,1,1,January,26,1,Monday,true
20260127,2026-01-27,2026,1,1,January,27,2,Tuesday,true
20260128,2026-01-28,2026,1,1,January,28,3,Wednesday,true
20260129,2026-01-29,2026,1,1,January,29,4,Thursday,true
20260130,2026-01-30,2026,1,1,January,30,5,Friday,true
20260131,2026-01-31,2026,1,1,January,31,6,Saturday,false
20260201,2026-02-01,2026,1,2,February,1,7,Sunday,false
20260202,2026-02-02,2026,1,2,February,2,1,Monday,true
20260203,2026-02-03,2026,1,2,February,3,2,Tuesday,true
20260204,2026-02-04,2026,1,2,February,4,3,Wednesday,true
20260205,2026-02-05,2026,1,2,February,5,4,Thursday,true
20260206,2026-02-06,2026,1,2,February,6,5,Friday,true
20260207,2026-02-07,2026,1,2,February,7,6,Saturday,false
20260208,2026-02-08,2026,1,2,February,8,7,Sunday,false
20260209,2026-02-09,2026,1,2,February,9,1,Monday,true
20260210,2026-02-10,2026,1,2,February,10,2,Tuesday,true
20260211,2026-02-11,2026,1,2,February,11,3,Wednesday,true
20260212,2026-02-12,2026,1,2,February,12,4,Thursday,true
20260213,2026-02-13,2026,1,2,February,13,5,Friday,true
20260214,2026-02-14,2026,1,2,February,14,6,Saturday,false
20260215,2026-02-15,2026,1,2,February,15,7,Sunday,false
20260216,2026-02-16,2026,1,2,February,16,1,Monday,true
20260217,2026-02-17,2026,1,2,February,17,2,Tuesday,true
20260218,2026-02-18,2026,1,2,February,18,3,Wednesday,true
20260219,2026-02-19,2026,1,2,February,19,4,Thursday,true
20260220,2026-02-20,2026,1,2,February,20,5,Friday,true
20260221,2026-02-21,2026,1,2,February,21,6,Saturday,false
20260222,2026-02-22,2026,1,2,February,22,7,Sunday,false
20260223,2026-02-23,2026,1,2,February,23,1,Monday,true
20260224,2026-02-24,2026,1,2,February,24,2,Tuesday,true
20260225,2026-02-25,2026,1,2,February,25,3,Wednesday,true
20260226,2026-02-26,2026,1,2,February,26,4,Thursday,true
20260227,2026-02-27,2026,1,2,February,27,5,Friday,true
20260228,2026-02-28,2026,1,2,February,28,6,Saturday,false
20260301,2026-03-01,2026,1,3,March,1,7,Sunday,false
20260302,2026-03-02,2026,1,3,March,2,1,Monday,true
20260303,2026-03-03,2026,1,3,March,3,2,Tuesday,true
20260304,2026-03-04,2026,1,3,March,4,3,Wednesday,true
20260305,2026-03-05,2026,1,3,March,5,4,Thursday,true
20260306,2026-03-06,2026,1,3,March,6,5,Friday,true
20260307,2026-03-07,2026,1,3,March,7,6,Saturday,false
20260308,2026-03-08,2026,1,3,March,8,7,Sunday,false
20260309,2026-03-09,2026,1,3,March,9,1,Monday,true
20260310,2026-03-10,2026,1,3,March,10,2,Tuesday,true
20260311,2026-03-11,2026,1,3,March,11,3,Wednesday,true
20260312,2026-03-12,2026,1,3,March,12,4,Thursday,true
20260313,2026-03-13,2026,1,3,March,13,5,Friday,true
20260314,2026-03-14,2026,1,3,March,14,6,Saturday,false
20260315,2026-03-15,2026,1,3,March,15,7,Sunday,false
20260316,2026-03-16,2026,1,3,March,16,1,Monday,true
20260317,2026-03-17,2026,1,3,March,17,2,Tuesday,true
20260318,2026-03-18,2026,1,3,March,18,3,Wednesday,true
20260319,2026-03-19,2026,1,3,March,19,4,Thursday,true
20260320,2026-03-20,2026,1,3,March,20,5,Friday,true
20260321,2026-03-21,2026,1,3,March,21,6,Saturday,false
20260322,2026-03-22,2026,1,3,March,22,7,Sunday,false
20260323,2026-03-23,2026,1,3,March,23,1,Monday,true
20260324,2026-03-24,2026,1,3,March,24,2,Tuesday,true
20260325,2026-03-25,2026,1,3,March,25,3,Wednesday,true
20260326,2026-03-26,2026,1,3,March,26,4,Thursday,true
20260327,2026-03-27,2026,1,3,March,27,5,Friday,true
20260328,2026-03-28,2026,1,3,March,28,6,Saturday,false
20260329,2026-03-29,2026,1,3,March,29,7,Sunday,false
20260330,2026-03-30,2026,1,3,March,30,1,Monday,true
20260331,2026-03-31,2026,1,3,March,31,2,Tuesday,true
20260401,2026-04-01,2026,2,4,April,1,3,Wednesday,true
20260402,2026-04-02,2026,2,4,April,2,4,Thursday,true
20260403,2026-04-03,2026,2,4,April,3,5,Friday,true
20260404,2026-04-04,2026,2,4,April,4,6,Saturday,false
20260405,2026-04-05,2026,2,4,April,5,7,Sunday,false
20260406,2026-04-06,2026,2,4,April,6,1,Monday,true
20260407,2026-04-07,2026,2,4,April,7,2,Tuesday,true
20260408,2026-04-08,2026,2,4,April,8,3,Wednesday,true
20260409,2026-04-09,2026,2,4,April,9,4,Thursday,true
20260410,2026-04-10,2026,2,4,April,10,5,Friday,true
20260411,2026-04-11,2026,2,4,April,11,6,Saturday,false
20260412,2026-04-12,2026,2,4,April,12,7,Sunday,false
20260413,2026-04-13,2026,2,4,April,13,1,Monday,true
20260414,2026-04-14,2026,2,4,April,14,2,Tuesday,true
20260415,2026-04-15,2026,2,4,April,15,3,Wednesday,true
20260416,2026-04-16,2026,2,4,April,16,4,Thursday,true
20260417,2026-04-17,2026,2,4,April,17,5,Friday,true
20260418,2026-04-18,2026,2,4,April,18,6,Saturday,false
20260419,2026-04-19,2026,2,4,April,19,7,Sunday,false
20260420,2026-04-20,2026,2,4,April,20,1,Monday,true
20260421,2026-04-21,2026,2,4,April,21,2,Tuesday,true
20260422,2026-04-22,2026,2,4,April,22,3,Wednesday,true
20260423,2026-04-23,2026,2,4,April,23,4,Thursday,true
20260424,2026-04-24,2026,2,4,April,24,5,Friday,true
20260425,2026-04-25,2026,2,4,April,25,6,Saturday,false
20260426,2026-04-26,2026,2,4,April,26,7,Sunday,false
20260427,2026-04-27,2026,2,4,April,27,1,Monday,true
20260428,2026-04-28,2026,2,4,April,28,2,Tuesday,true
20260429,2026-04-29,2026,2,4,April,29,3,Wednesday,true
20260430,2026-04-30,2026,2,4,April,30,4,Thursday,true
20260501,2026-05-01,2026,2,5,May,1,5,Friday,true
20260502,2026-05-02,2026,2,5,May,2,6,Saturday,false
20260503,2026-05-03,2026,2,5,May,3,7,Sunday,false
20260504,2026-05-04,2026,2,5,May,4,1,Monday,true
20260505,2026-05-05,2026,2,5,May,5,2,Tuesday,true
20260506,2026-05-06,2026,2,5,May,6,3,Wednesday,true
20260507,2026-05-07,2026,2,5,May,7,4,Thursday,true
20260508,2026-05-08,2026,2,5,May,8,5,Friday,true
20260509,2026-05-09,2026,2,5,May,9,6,Saturday,false
20260510,2026-05-10,2026,2,5,May,10,7,Sunday,false
20260511,2026-05-11,2026,2,5,May,11,1,Monday,true
20260512,2026-05-12,2026,2,5,May,12,2,Tuesday,true
20260513,2026-05-13,2026,2,5,May,13,3,Wednesday,true
20260514,2026-05-14,2026,2,5,May,14,4,Thursday,true
20260515,2026-05-15,2026,2,5,May,15,5,Friday,true
20260516,2026-05-16,2026,2,5,May,16,6,Saturday,false
20260517,2026-05-17,2026,2,5,May,17,7,Sunday,false
20260518,2026-05-18,2026,2,5,May,18,1,Monday,true
20260519,2026-05-19,2026,2,5,May,19,2,Tuesday,true
20260520,2026-05-20,2026,2,5,May,20,3,Wednesday,true
20260521,2026-05-21,2026,2,5,May,21,4,Thursday,true
20260522,2026-05-22,2026,2,5,May,22,5,Friday,true
20260523,2026-05-23,2026,2,5,May,23,6,Saturday,false
20260524,2026-05-24,2026,2,5,May,24,7,Sunday,false
20260525,2026-05-25,2026,2,5,May,25,1,Monday,true
20260526,2026-05-26,2026,2,5,May,26,2,Tuesday,true
20260527,2026-05-27,2026,2,5,May,27,3,Wednesday,true
20260528,2026-05-28,2026,2,5,May,28,4,Thursday,true
20260529,2026-05-29,2026,2,5,May,29,5,Friday,true
20260530,2026-05-30,2026,2,5,May,30,6,Saturday,false
20260531,2026-05-31,2026,2,5,May,31,7,Sunday,false
20260601,2026-06-01,2026,2,6,June,1,1,Monday,true
20260602,2026-06-02,2026,2,6,June,2,2,Tuesday,true
20260603,2026-06-03,2026,2,6,June,3,3,Wednesday,true
20260604,2026-06-04,2026,2,6,June,4,4,Thursday,true
20260605,2026-06-05,2026,2,6,June,5,5,Friday,true
20260606,2026-06-06,2026,2,6,June,6,6,Saturday,false
20260607,2026-06-07,2026,2,6,June,7,7,Sunday,false
20260608,2026-06-08,2026,2,6,June,8,1,Monday,true
20260609,2026-06-09,2026,2,6,June,9,2,Tuesday,true
20260610,2026-06-10,2026,2,6,June,10,3,Wednesday,true
20260611,2026-06-11,2026,2,6,June,11,4,Thursday,true
20260612,2026-06-12,2026,2,6,June,12,5,Friday,true
20260613,2026-06-13,2026,2,6,June,13,6,Saturday,false
20260614,2026-06-14,2026,2,6,June,14,7,Sunday,false
20260615,2026-06-15,2026,2,6,June,15,1,Monday,true
20260616,2026-06-16,2026,2,6,June,16,2,Tuesday,true
20260617,2026-06-17,2026,2,6,June,17,3,Wednesday,true
20260618,2026-06-18,2026,2,6,June,18,4,Thursday,true
20260619,2026-06-19,2026,2,6,June,19,5,Friday,true
20260620,2026-06-20,2026,2,6,June,20,6,Saturday,false
20260621,2026-06-21,2026,2,6,June,21,7,Sunday,false
20260622,2026-06-22,2026,2,6,June,22,1,Monday,true
20260623,2026-06-23,2026,2,6,June,23,2,Tuesday,true
20260624,2026-06-24,2026,2,6,June,24,3,Wednesday,true
20260625,2026-06-25,2026,2,6,June,25,4,Thursday,true
20260626,2026-06-26,2026,2,6,June,26,5,Friday,true
20260627,2026-06-27,2026,2,6,June,27,6,Saturday,false
20260628,2026-06-28,2026,2,6,June,28,7,Sunday,false
20260629,2026-06-29,2026,2,6,June,29,1,Monday,true
20260630,2026-06-30,2026,2,6,June,30,2,Tuesday,true
20260701,2026-07-01,2026,3,7,July,1,3,Wednesday,true
20260702,2026-07-02,2026,3,7,July,2,4,Thursday,true
20260703,2026-07-03,2026,3,7,July,3,5,Friday,true
20260704,2026-07-04,2026,3,7,July,4,6,Saturday,false
20260705,2026-07-05,2026,3,7,July,5,7,Sunday,false
20260706,2026-07-06,2026,3,7,July,6,1,Monday,true
20260707,2026-07-07,2026,3,7,July,7,2,Tuesday,true
20260708,2026-07-08,2026,3,7,July,8,3,Wednesday,true
20260709,2026-07-09,2026,3,7,July,9,4,Thursday,true
20260710,2026-07-10,2026,3,7,July,10,5,Friday,true
20260711,2026-07-11,2026,3,7,July,11,6,Saturday,false
20260712,2026-07-12,2026,3,7,July,12,7,Sunday,false
20260713,2026-07-13,2026,3,7,July,13,1,Monday,true
20260714,2026-07-14,2026,3,7,July,14,2,Tuesday,true
20260715,2026-07-15,2026,3,7,July,15,3,Wednesday,true
20260716,2026-07-16,2026,3,7,July,16,4,Thursday,true
20260717,2026-07-17,2026,3,7,July,17,5,Friday,true
20260718,2026-07-18,2026,3,7,July,18,6,Saturday,false
20260719,2026-07-19,2026,3,7,July,19,7,Sunday,false
20260720,2026-07-20,2026,3,7,July,20,1,Monday,true
20260721,2026-07-21,2026,3,7,July,21,2,Tuesday,true
20260722,2026-07-22,2026,3,7,July,22,3,Wednesday,true
20260723,2026-07-23,2026,3,7,July,23,4,Thursday,true
20260724,2026-07-24,2026,3,7,July,24,5,Friday,true
20260725,2026-07-25,2026,3,7,July,25,6,Saturday,false
20260726,2026-07-26,2026,3,7,July,26,7,Sunday,false
20260727,2026-07-27,2026,3,7,July,27,1,Monday,true
20260728,2026-07-28,2026,3,7,July,28,2,Tuesday,true
20260729,2026-07-29,2026,3,7,July,29,3,Wednesday,true
20260730,2026-07-30,2026,3,7,July,30,4,Thursday,true
20260731,2026-07-31,2026,3,7,July,31,5,Friday,true
20260801,2026-08-01,2026,3,8,August,1,6,Saturday,false
20260802,2026-08-02,2026,3,8,August,2,7,Sunday,false
20260803,2026-08-03,2026,3,8,August,3,1,Monday,true
20260804,2026-08-04,2026,3,8,August,4,2,Tuesday,true
20260805,2026-08-05,2026,3,8,August,5,3,Wednesday,true
20260806,2026-08-06,2026,3,8,August,6,4,Thursday,true
20260807,2026-08-07,2026,3,8,August,7,5,Friday,true
20260808,2026-08-08,2026,3,8,August,8,6,Saturday,false
20260809,2026-08-09,2026,3,8,August,9,7,Sunday,false
20260810,2026-08-10,2026,3,8,August,10,1,Monday,true
20260811,2026-08-11,2026,3,8,August,11,2,Tuesday,true
20260812,2026-08-12,2026,3,8,August,12,3,Wednesday,true
20260813,2026-08-13,2026,3,8,August,13,4,Thursday,true
20260814,2026-08-14,2026,3,8,August,14,5,Friday,true
20260815,2026-08-15,2026,3,8,August,15,6,Saturday,false
20260816,2026-08-16,2026,3,8,August,16,7,Sunday,false
20260817,2026-08-17,2026,3,8,August,17,1,Monday,true
20260818,2026-08-18,2026,3,8,August,18,2,Tuesday,true
20260819,2026-08-19,2026,3,8,August,19,3,Wednesday,true
20260820,2026-08-20,2026,3,8,August,20,4,Thursday,true
20260821,2026-08-21,2026,3,8,August,21,5,Friday,true
20260822,2026-08-22,2026,3,8,August,22,6,Saturday,false
20260823,2026-08-23,2026,3,8,August,23,7,Sunday,false
20260824,2026-08-24,2026,3,8,August,24,1,Monday,true
20260825,2026-08-25,2026,3,8,August,25,2,Tuesday,true
20260826,2026-08-26,2026,3,8,August,26,3,Wednesday,true
20260827,2026-08-27,2026,3,8,August,27,4,Thursday,true
20260828,2026-08-28,2026,3,8,August,28,5,Friday,true
20260829,2026-08-29,2026,3,8,August,29,6,Saturday,false
20260830,2026-08-30,2026,3,8,August,30,7,Sunday,false
20260831,2026-08-31,2026,3,8,August,31,1,Monday,true
20260901,2026-09-01,2026,3,9,September,1,2,Tuesday,true
20260902,2026-09-02,2026,3,9,September,2,3,Wednesday,true
20260903,2026-09-03,2026,3,9,September,3,4,Thursday,true
20260904,2026-09-04,2026,3,9,September,4,5,Friday,true
20260905,2026-09-05,2026,3,9,September,5,6,Saturday,false
20260906,2026-09-06,2026,3,9,September,6,7,Sunday,false
20260907,2026-09-07,2026,3,9,September,7,1,Monday,true
20260908,2026-09-08,2026,3,9,September,8,2,Tuesday,true
20260909,2026-09-09,2026,3,9,September,9,3,Wednesday,true
20260910,2026-09-10,2026,3,9,September,10,4,Thursday,true
20260911,2026-09-11,2026,3,9,September,11,5,Friday,true
20260912,2026-09-12,2026,3,9,September,12,6,Saturday,false
20260913,2026-09-13,2026,3,9,September,13,7,Sunday,false
20260914,2026-09-14,2026,3,9,September,14,1,Monday,true
20260915,2026-09-15,2026,3,9,September,15,2,Tuesday,true
20260916,2026-09-16,2026,3,9,September,16,3,Wednesday,true
20260917,2026-09-17,2026,3,9,September,17,4,Thursday,true
20260918,2026-09-18,2026,3,9,September,18,5,Friday,true
20260919,2026-09-19,2026,3,9,September,19,6,Saturday,false
20260920,2026-09-20,2026,3,9,September,20,7,Sunday,false
20260921,2026-09-21,2026,3,9,September,21,1,Monday,true
20260922,2026-09-22,2026,3,9,September,22,2,Tuesday,true
20260923,2026-09-23,2026,3,9,September,23,3,Wednesday,true
20260924,2026-09-24,2026,3,9,September,24,4,Thursday,true
20260925,2026-09-25,2026,3,9,September,25,5,Friday,true
20260926,2026-09-26,2026,3,9,September,26,6,Saturday,false
20260927,2026-09-27,2026,3,9,September,27,7,Sunday,false
20260928,2026-09-28,2026,3,9,September,28,1,Monday,true
20260929,2026-09-29,2026,3,9,September,29,2,Tuesday,true
20260930,2026-09-30,2026,3,9,September,30,3,Wednesday,true
20261001,2026-10-01,2026,4,10,October,1,4,Thursday,true
20261002,2026-10-02,2026,4,10,October,2,5,Friday,true
20261003,2026-10-03,2026,4,10,October,3,6,Saturday,false
20261004,2026-10-04,2026,4,10,October,4,7,Sunday,false
20261005,2026-10-05,2026,4,10,October,5,1,Monday,true
20261006,2026-10-06,2026,4,10,October,6,2,Tuesday,true
20261007,2026-10-07,2026,4,10,October,7,3,Wednesday,true
20261008,2026-10-08,2026,4,10,October,8,4,Thursday,true
20261009,2026-10-09,2026,4,10,October,9,5,Friday,true
20261010,2026-10-10,2026,4,10,October,10,6,Saturday,false
20261011,2026-10-11,2026,4,10,October,11,7,Sunday,false
20261012,2026-10-12,2026,4,10,October,12,1,Monday,true
20261013,2026-10-13,2026,4,10,October,13,2,Tuesday,true
20261014,2026-10-14,2026,4,10,October,14,3,Wednesday,true
20261015,2026-10-15,2026,4,10,October,15,4,Thursday,true
20261016,2026-10-16,2026,4,10,October,16,5,Friday,true
20261017,2026-10-17,2026,4,10,October,17,6,Saturday,false
20261018,2026-10-18,2026,4,10,October,18,7,Sunday,false
20261019,2026-10-19,2026,4,10,October,19,1,Monday,true
20261020,2026-10-20,2026,4,10,October,20,2,Tuesday,true
20261021,2026-10-21,2026,4,10,October,21,3,Wednesday,true
20261022,2026-10-22,2026,4,10,October,22,4,Thursday,true
20261023,2026-10-23,2026,4,10,October,23,5,Friday,true
20261024,2026-10-24,2026,4,10,October,24,6,Saturday,false
20261025,2026-10-25,2026,4,10,October,25,7,Sunday,false
20261026,2026-10-26,2026,4,10,October,26,1,Monday,true
20261027,2026-10-27,2026,4,10,October,27,2,Tuesday,true
20261028,2026-10-28,2026,4,10,October,28,3,Wednesday,true
20261029,2026-10-29,2026,4,10,October,29,4,Thursday,true
20261030,2026-10-30,2026,4,10,October,30,5,Friday,true
20261031,2026-10-31,2026,4,10,October,31,6,Saturday,false
20261101,2026-11-01,2026,4,11,November,1,7,Sunday,false
20261102,2026-11-02,2026,4,11,November,2,1,Monday,true
20261103,2026-11-03,2026,4,11,November,3,2,Tuesday,true
20261104,2026-11-04,2026,4,11,November,4,3,Wednesday,true
20261105,2026-11-05,2026,4,11,November,5,4,Thursday,true
20261106,2026-11-06,2026,4,11,November,6,5,Friday,true
20261107,2026-11-07,2026,4,11,November,7,6,Saturday,false
20261108,2026-11-08,2026,4,11,November,8,7,Sunday,false
20261109,2026-11-09,2026,4,11,November,9,1,Monday,true
20261110,2026-11-10,2026,4,11,November,10,2,Tuesday,true
20261111,2026-11-11,2026,4,11,November,11,3,Wednesday,true
20261112,2026-11-12,2026,4,11,November,12,4,Thursday,true
20261113,2026-11-13,2026,4,11,November,13,5,Friday,true
20261114,2026-11-14,2026,4,11,November,14,6,Saturday,false
20261115,2026-11-15,2026,4,11,November,15,7,Sunday,false
20261116,2026-11-16,2026,4,11,November,16,1,Monday,true
20261117,2026-11-17,2026,4,11,November,17,2,Tuesday,true
20261118,2026-11-18,2026,4,11,November,18,3,Wednesday,true
20261119,2026-11-19,2026,4,11,November,19,4,Thursday,true
20261120,2026-11-20,2026,4,11,November,20,5,Friday,true
20261121,2026-11-21,2026,4,11,November,21,6,Saturday,false
20261122,2026-11-22,2026,4,11,November,22,7,Sunday,false
20261123,2026-11-23,2026,4,11,November,23,1,Monday,true
20261124,2026-11-24,2026,4,11,November,24,2,Tuesday,true
20261125,2026-11-25,2026,4,11,November,25,3,Wednesday,true
20261126,2026-11-26,2026,4,11,November,26,4,Thursday,true
20261127,2026-11-27,2026,4,11,November,27,5,Friday,true
20261128,2026-11-28,2026,4,11,November,28,6,Saturday,false
20261129,2026-11-29,2026,4,11,November,29,7,Sunday,false
20261130,2026-11-30,2026,4,11,November,30,1,Monday,true
20261201,2026-12-01,2026,4,12,December,1,2,Tuesday,true
20261202,2026-12-02,2026,4,12,December,2,3,Wednesday,true
20261203,2026-12-03,2026,4,12,December,3,4,Thursday,true
20261204,2026-12-04,2026,4,12,December,4,5,Friday,true
20261205,2026-12-05,2026,4,12,December,5,6,Saturday,false
20261206,2026-12-06,2026,4,12,December,6,7,Sunday,false
20261207,2026-12-07,2026,4,12,December,7,1,Monday,true
20261208,2026-12-08,2026,4,12,December,8,2,Tuesday,true
20261209,2026-12-09,2026,4,12,December,9,3,Wednesday,true
20261210,2026-12-10,2026,4,12,December,10,4,Thursday,true
20261211,2026-12-11,2026,4,12,December,11,5,Friday,true
20261212,2026-12-12,2026,4,12,December,12,6,Saturday,false
20261213,2026-12-13,2026,4,12,December,13,7,Sunday,false
20261214,2026-12-14,2026,4,12,December,14,1,Monday,true
20261215,2026-12-15,2026,4,12,December,15,2,Tuesday,true
20261216,2026-12-16,2026,4,12,December,16,3,Wednesday,true
20261217,2026-12-17,2026,4,12,December,17,4,Thursday,true
20261218,2026-12-18,2026,4,12,December,18,5,Friday,true
20261219,2026-12-19,2026,4,12,December,19,6,Saturday,false
20261220,2026-12-20,2026,4,12,December,20,7,Sunday,false
20261221,2026-12-21,2026,4,12,December,21,1,Monday,true
20261222,2026-12-22,2026,4,12,December,22,2,Tuesday,true
20261223,2026-12-23,2026,4,12,December,23,3,Wednesday,true
20261224,2026-12-24,2026,4,12,December,24,4,Thursday,true
20261225,2026-12-25,2026,4,12,December,25,5,Friday,true
20261226,2026-12-26,2026,4,12,December,26,6,Saturday,false
20261227,2026-12-27,2026,4,12,December,27,7,Sunday,false
20261228,2026-12-28,2026,4,12,December,28,1,Monday,true
20261229,2026-12-29,2026,4,12,December,29,2,Tuesday,true
20261230,2026-12-30,2026,4,12,December,30,3,Wednesday,true
20261231,2026-12-31,2026,4,12,December,31,4,Thursday,true
20270101,2027-01-01,2027,1,1,January,1,5,Friday,true
20270102,2027-01-02,2027,1,1,January,2,6,Saturday,false
20270103,2027-01-03,2027,1,1,January,3,7,Sunday,false
20270104,2027-01-04,2027,1,1,January,4,1,Monday,true
20270105,2027-01-05,2027,1,1,January,5,2,Tuesday,true
20270106,2027-01-06,2027,1,1,January,6,3,Wednesday,true
20270107,2027-01-07,2027,1,1,January,7,4,Thursday,true
20270108,2027-01-08,2027,1,1,January,8,5,Friday,true
20270109,2027-01-09,2027,1,1,January,9,6,Saturday,false
20270110,2027-01-10,2027,1,1,January,10,7,Sunday,false
20270111,2027-01-11,2027,1,1,January,11,1,Monday,true
20270112,2027-01-12,2027,1,1,January,12,2,Tuesday,true
20270113,2027-01-13,2027,1,1,January,13,3,Wednesday,true
20270114,2027-01-14,2027,1,1,January,14,4,Thursday,true
20270115,2027-01-15,2027,1,1,January,15,5,Friday,true
20270116,2027-01-16,2027,1,1,January,16,6,Saturday,false
20270117,2027-01-17,2027,1,1,January,17,7,Sunday,false
20270118,2027-01-18,2027,1,1,January,18,1,Monday,true
20270119,2027-01-19,2027,1,1,January,19,2,Tuesday,true
20270120,2027-01-20,2027,1,1,January,20,3,Wednesday,true
20270121,2027-01-21,2027,1,1,January,21,4,Thursday,true
20270122,2027-01-22,2027,1,1,January,22,5,Friday,true
20270123,2027-01-23,2027,1,1,January,23,6,Saturday,false
20270124,2027-01-24,2027,1,1,January,24,7,Sunday,false
20270125,2027-01-25,2027,1,1,January,25,1,Monday,true
20270126,2027-01-26,2027,1,1,January,26,2,Tuesday,true
20270127,2027-01-27,2027,1,1,January,27,3,Wednesday,true
20270128,2027-01-28,2027,1,1,January,28,4,Thursday,true
20270129,2027-01-29,2027,1,1,January,29,5,Friday,true
20270130,2027-01-30,2027,1,1,January,30,6,Saturday,false
20270131,2027-01-31,2027,1,1,January,31,7,Sunday,false
20270201,2027-02-01,2027,1,2,February,1,1,Monday,true
20270202,2027-02-02,2027,1,2,February,2,2,Tuesday,true
20270203,2027-02-03,2027,1,2,February,3,3,Wednesday,true
20270204,2027-02-04,2027,1,2,February,4,4,Thursday,true
20270205,2027-02-05,2027,1,2,February,5,5,Friday,true
20270206,2027-02-06,2027,1,2,February,6,6,Saturday,false
20270207,2027-02-07,2027,1,2,February,7,7,Sunday,false
20270208,2027-02-08,2027,1,2,February,8,1,Monday,true
20270209,2027-02-09,2027,1,2,February,9,2,Tuesday,true
20270210,2027-02-10,2027,1,2,February,10,3,Wednesday,true
20270211,2027-02-11,2027,1,2,February,11,4,Thursday,true
