item_ord,wave_key,wave_dt,version,item_index,summary,full_text,cves,category,category_order,dominant_subsystem,origin,is_out_of_band,branch_item_cnt,file_cnt,lines_added_sum,lines_deleted_sum,churn_sum,has_test_changes,is_docs_only,cve_cnt,scored_cve_cnt,max_cvss_base_score,severity_band,bug_link_cnt,primary_bug_number,days_to_fix_min
1,20221110,2022-11-10,15.1,0,Fix failure to remove non-first segments of large tables (Tom Lane) §,"Fix failure to remove non-first segments of large tables (Tom Lane) § PostgreSQL splits large tables into multiple files (normally with 1GB per file). The logic for dropping a table was broken and would miss removing all but the first such file, in two cases: drops of temporary tables and WAL replay of drops of regular tables. Applications that routinely create multi-gigabyte temporary tables could suffer significant disk space leakage. Orphaned temporary-table files are removed during postmaster start, so the mere act of updating to 15.1 is sufficient to clear any leaked temporary-table storage. However, if you suffered any database crashes while using 15.0, and there might have been large tables dropped just before such crashes, it's advisable to check the database directories for files named according to the pattern NNNN . NN . If there is no matching file named just NNNN (without the . NN suffix), these files should be removed manually.",,Crash & corruption,2,core_server,pgsql-bugs,false,1,1,12,6,18,false,false,,,,,1,17679,1
2,20221110,2022-11-10,15.1,1,Fix handling of DEFAULT tokens that appear in a multi-row VALUES clause of an INSERT on an updatable view (Tom Lane) §,"Fix handling of DEFAULT tokens that appear in a multi-row VALUES clause of an INSERT on an updatable view (Tom Lane) § This oversight could lead to cache lookup failed for type errors, or in older branches even to crashes.",,Crash & corruption,2,core_server,pgsql-bugs,false,1,3,98,28,126,true,false,,,,,1,17633,0
3,20221110,2022-11-10,15.1,2,Disallow rules named _RETURN that are not ON SELECT (Tom Lane) §,Disallow rules named _RETURN that are not ON SELECT (Tom Lane) § This avoids confusion between a view's ON SELECT rule and any other rules it may have.,,Other functionality,9,core_server,pgsql-bugs,false,1,1,12,0,12,false,false,,,,,1,17646,0
4,20221110,2022-11-10,15.1,3,Avoid failure in EXPLAIN VERBOSE for a query using SEARCH BREADTH FIRST with constant initial values (Tom Lane) §,Avoid failure in EXPLAIN VERBOSE for a query using SEARCH BREADTH FIRST with constant initial values (Tom Lane) §,,Other functionality,9,core_server,pgsql-bugs,false,1,4,208,1,209,true,false,,,,,1,17644,0
5,20221110,2022-11-10,15.1,4,Prevent use of MERGE on a partitioned table with foreign-table partitions (Álvaro Herrera) §,"Prevent use of MERGE on a partitioned table with foreign-table partitions (Álvaro Herrera) § The case isn't supported, and previously threw an incomprehensible error.",,Extensions & contrib,6,extensions_contrib,unknown_or_internal_not_security,false,1,3,29,0,29,false,false,,,,,0,,
6,20221110,2022-11-10,15.1,5,"Fix construction of per-partition foreign key constraints while doing ALTER TABLE ATTACH PARTITION (Jehan-Guillaume de Rorthais, Álvaro Herrera) § §","Fix construction of per-partition foreign key constraints while doing ALTER TABLE ATTACH PARTITION (Jehan-Guillaume de Rorthais, Álvaro Herrera) § § Previously, incorrect or duplicate constraints could be constructed for the newly-added partition.",,Other functionality,9,core_server,pgsql-hackers,false,1,2,40,10,50,true,false,,,,,0,,
7,20221110,2022-11-10,15.1,6,"Fix planner failure with extended statistics on partitioned or inherited tables (Richard Guo, Justin Pryzby) §","Fix planner failure with extended statistics on partitioned or inherited tables (Richard Guo, Justin Pryzby) § Some cases failed with cache lookup failed for statistics object .",,Wrong results & planner,3,core_server,pgsql-hackers,false,1,3,18,4,22,true,false,,,,,0,,
8,20221110,2022-11-10,15.1,7,"Fix mis-ordering of WAL operations in fast insert path for GIN indexes (Matthias van de Meent, Zhang Mingli) §","Fix mis-ordering of WAL operations in fast insert path for GIN indexes (Matthias van de Meent, Zhang Mingli) § This mistake is not known to have any negative consequences within core PostgreSQL , but it did cause issues for some extensions.",,Replication & recovery,4,core_server,pgsql-hackers,false,1,1,8,5,13,false,false,,,,,0,,
9,20221110,2022-11-10,15.1,8,"Fix bugs in logical decoding when replay starts from a point between the beginning of a transaction and the beginning of its subtransaction (Masahiko Sawada, Kuroda Hayato) § §","Fix bugs in logical decoding when replay starts from a point between the beginning of a transaction and the beginning of its subtransaction (Masahiko Sawada, Kuroda Hayato) § § These errors could lead to assertion failures in debug builds, and otherwise to memory leaks.",,Crash & corruption,2,extensions_contrib,pgsql-hackers,false,1,4,78,0,78,false,false,,,,,0,,
10,20221110,2022-11-10,15.1,9,"Accept interrupts in more places during logical decoding (Amit Kapila, Masahiko Sawada) § §","Accept interrupts in more places during logical decoding (Amit Kapila, Masahiko Sawada) § § This ameliorates problems with slow shutdown of replication workers.",,Replication & recovery,4,replication_recovery,pgsql-bugs,false,1,1,2,0,2,false,false,,,,,1,17580,13
11,20221110,2022-11-10,15.1,10,"Prevent attempts to replicate into a foreign-table partition in replication workers (Shi Yu, Tom Lane) §","Prevent attempts to replicate into a foreign-table partition in replication workers (Shi Yu, Tom Lane) § Although partitioned tables can have foreign tables as partitions, replicating into such a partition isn't currently supported. The logical replication worker process would crash if it was attempted. Now, an error is thrown.",,Crash & corruption,2,replication_recovery,pgsql-hackers,false,1,1,17,3,20,false,false,,,,,0,,
12,20221110,2022-11-10,15.1,11,"Avoid crash after function syntax error in replication workers (Maxim Orlov, Anton Melnikov, Masahiko Sawada, Tom Lane) §","Avoid crash after function syntax error in replication workers (Maxim Orlov, Anton Melnikov, Masahiko Sawada, Tom Lane) § If a syntax error occurred in a SQL-language or PL/pgSQL-language CREATE FUNCTION or DO command executed in a logical replication worker, the worker process would crash with a null pointer dereference or assertion failure.",,Crash & corruption,2,core_server,pgsql-bugs,false,1,1,15,5,20,false,false,,,,,0,,
13,20221110,2022-11-10,15.1,12,"Avoid double call of the shutdown callback of an archiver module (Nathan Bossart, Bharath Rupireddy) §","Avoid double call of the shutdown callback of an archiver module (Nathan Bossart, Bharath Rupireddy) §",,Replication & recovery,4,core_server,pgsql-hackers,false,1,4,33,21,54,true,false,,,,,0,,
14,20221110,2022-11-10,15.1,13,Add plan-time check for attempted access to a table that has no table access method (Tom Lane) §,"Add plan-time check for attempted access to a table that has no table access method (Tom Lane) § This prevents a crash in some catalog-corruption scenarios, for example use of a view whose ON SELECT rule is missing.",,Crash & corruption,2,planner,pgsql-bugs,false,1,1,18,0,18,false,false,,,,,1,17646,0
15,20221110,2022-11-10,15.1,14,Prevent postmaster crash when shared-memory state is corrupted (Tom Lane) §,"Prevent postmaster crash when shared-memory state is corrupted (Tom Lane) § The postmaster process is supposed to survive and initiate a database restart if shared memory becomes corrupted, but one bit of code was being insufficiently cautious about that.",,Crash & corruption,2,core_server,pgsql-hackers,false,1,1,44,12,56,false,false,,,,,0,,
16,20221110,2022-11-10,15.1,15,"In libpq , handle single-row mode correctly when pipelining (Denis Laxalde) §","In libpq , handle single-row mode correctly when pipelining (Denis Laxalde) § The single-row flag was not reset at the correct time if pipeline mode was also active.",,Client tools,5,client_tools,pgsql-hackers,false,1,3,70,7,77,true,false,,,,,0,,
17,20221110,2022-11-10,15.1,16,Fix psql 's exit status when a command-line query is canceled (Peter Eisentraut) §,"Fix psql 's exit status when a command-line query is canceled (Peter Eisentraut) § psql -c query would exit successfully if the query was canceled. Fix it to exit with nonzero status, as in other error cases.",,Client tools,5,client_tools,unknown_or_internal_not_security,false,1,1,1,1,2,false,false,,,,,0,,
18,20221110,2022-11-10,15.1,17,Allow cross-platform tablespace relocation in pg_basebackup (Robert Haas) §,"Allow cross-platform tablespace relocation in pg_basebackup (Robert Haas) § Allow the remote path in --tablespace-mapping to be either a Unix-style or Windows-style absolute path, since the source server could be on a different OS than the local system.",,Replication & recovery,4,core_server,pgsql-hackers,false,1,2,34,20,54,false,false,,,,,0,,
19,20221110,2022-11-10,15.1,18,Fix pg_dump 's failure to dump comments attached to some CHECK constraints (Tom Lane) §,Fix pg_dump 's failure to dump comments attached to some CHECK constraints (Tom Lane) §,,Client tools,5,client_tools,pgsql-bugs,false,1,2,13,6,19,false,false,,,,,1,17675,0
20,20221110,2022-11-10,15.1,19,Fix CREATE DATABASE to allow its oid parameter to exceed 2 31 (Tom Lane) §,Fix CREATE DATABASE to allow its oid parameter to exceed 2 31 (Tom Lane) § This oversight prevented pg_upgrade from succeeding when the source installation contained databases with OIDs larger than that.,,Client tools,5,core_server,pgsql-bugs,false,1,4,37,3,40,false,false,,,,,1,17677,0
21,20221110,2022-11-10,15.1,20,"In pg_stat_statements , fix access to already-freed memory (zhaoqigui) §","In pg_stat_statements , fix access to already-freed memory (zhaoqigui) § This occurred if pg_stat_statements tracked a ROLLBACK command issued via extended query protocol. In debug builds it consistently led to an assertion failure. In production builds there would often be no visible ill effect; but if the freed memory had already been reused, the likely result would be to store garbage for the query string.",,Crash & corruption,2,extensions_contrib,pgsql-bugs,false,1,1,14,2,16,false,false,,,,,1,17663,6
22,20221110,2022-11-10,15.1,21,"Fix incompatibilities with LLVM 15 (Thomas Munro, Andres Freund) §","Fix incompatibilities with LLVM 15 (Thomas Munro, Andres Freund) §",,Build & platform,8,build_platform,pgsql-hackers,false,1,4,113,0,113,false,false,,,,,0,,
23,20221110,2022-11-10,15.1,22,Allow use of __sync_lock_test_and_set() for spinlocks on any machine (Tom Lane) §,"Allow use of __sync_lock_test_and_set() for spinlocks on any machine (Tom Lane) § This eases porting to new machine architectures, at least if you're using a compiler that supports this GCC builtin function.",,Build & platform,8,core_server,pgsql-hackers,false,1,1,44,23,67,false,false,,,,,0,,
24,20221110,2022-11-10,15.1,23,Rename symbol REF to REF_P to avoid compile failure on recent macOS (Tom Lane) §,Rename symbol REF to REF_P to avoid compile failure on recent macOS (Tom Lane) §,,Build & platform,8,core_server,pgsql-hackers,false,1,2,5,5,10,false,false,,,,,0,,
25,20221110,2022-11-10,15.1,24,"Avoid using sprintf , to avoid compile-time deprecation warnings (Tom Lane) §","Avoid using sprintf , to avoid compile-time deprecation warnings (Tom Lane) §",,Build & platform,8,core_server,pgsql-hackers,false,1,1,7,7,14,false,false,,,,,0,,
26,20230209,2023-02-09,15.2,0,libpq can leak memory contents after GSSAPI transport encryption initiation fails (Jacob Champion) §,"libpq can leak memory contents after GSSAPI transport encryption initiation fails (Jacob Champion) § A modified server, or an unauthenticated man-in-the-middle, can send a not-zero-terminated error message during setup of GSSAPI (Kerberos) transport encryption. libpq will then copy that string, as well as following bytes in application memory up to the next zero byte, to its error report. Depending on what the calling application does with the error report, this could result in disclosure of application memory contents. There is also a small probability of a crash due to reading beyond the end of memory. Fix by properly zero-terminating the server message. (CVE-2022-41862)",CVE-2022-41862,Security (CVE),0,client_tools,unknown_or_internal_security,false,1,1,2,0,2,false,false,1,1,3.7,LOW,0,,
27,20230209,2023-02-09,15.2,1,"Fix calculation of which GENERATED columns need to be updated in child tables during an UPDATE on a partitioned table or inheritance tree (Amit Langote, Tom Lane) § §","Fix calculation of which GENERATED columns need to be updated in child tables during an UPDATE on a partitioned table or inheritance tree (Amit Langote, Tom Lane) § § This fixes failure to update GENERATED columns that do not exist in the parent table, or that have different dependencies than are in the parent column's generation expression.",,Other functionality,9,core_server,pgsql-hackers,false,1,4,50,17,67,true,false,,,,,0,,
28,20230209,2023-02-09,15.2,2,Fix possible failure of MERGE to compute GENERATED columns (Dean Rasheed) §,"Fix possible failure of MERGE to compute GENERATED columns (Dean Rasheed) § When the first row-level action of the MERGE was an UPDATE , any subsequent INSERT actions would fail to compute GENERATED columns that were deemed unnecessary to compute for the UPDATE action (due to not depending on any of the UPDATE target columns).",,Other functionality,9,core_server,pgsql-bugs,false,1,3,37,2,39,true,false,,,,,1,17759,5
29,20230209,2023-02-09,15.2,3,Fix MERGE's check for unreachable WHEN clauses (Dean Rasheed) §,"Fix MERGE's check for unreachable WHEN clauses (Dean Rasheed) § A WHEN clause following an unconditional WHEN clause should be rejected as unreachable, but this case was not always detected.",,Other functionality,9,core_server,pgsql-hackers,false,1,3,5,5,10,true,false,,,,,0,,
30,20230209,2023-02-09,15.2,4,Fix MERGE's rule-detection test (Dean Rasheed) §,Fix MERGE's rule-detection test (Dean Rasheed) § MERGE is not supported on tables with rules; but it also failed on tables that once had rules but no longer do.,,Other functionality,9,core_server,pgsql-hackers,false,1,1,2,1,3,false,false,,,,,0,,
31,20230209,2023-02-09,15.2,5,"In MERGE, don't count a DO NOTHING action as a processed tuple (Álvaro Herrera) §","In MERGE, don't count a DO NOTHING action as a processed tuple (Álvaro Herrera) § This makes the code's behavior match the documentation.",,Other functionality,9,core_server,unknown_or_internal_not_security,false,1,1,1,1,2,false,false,,,,,0,,
32,20230209,2023-02-09,15.2,6,Allow a WITH RECURSIVE ... CYCLE CTE to access its output column (Tom Lane) §,Allow a WITH RECURSIVE ... CYCLE CTE to access its output column (Tom Lane) § A reference to the SET column from within the CTE would fail with cache lookup failed for type 0 .,,Other functionality,9,core_server,pgsql-bugs,false,1,3,129,73,202,true,false,,,,,1,17723,0
33,20230209,2023-02-09,15.2,7,Fix handling of pending inserts when doing a bulk insertion to a foreign table (Etsuro Fujita) § §,"Fix handling of pending inserts when doing a bulk insertion to a foreign table (Etsuro Fujita) § § In some cases pending insertions were not flushed to the FDW soon enough, leading to logical inconsistencies, for example BEFORE ROW triggers not seeing rows they should be able to see.",,Other functionality,9,core_server,pgsql-hackers,false,1,5,22,29,51,false,false,,,,,0,,
34,20230209,2023-02-09,15.2,8,Allow REPLICA IDENTITY to be set on an index that's not (yet) valid (Tom Lane) §,"Allow REPLICA IDENTITY to be set on an index that's not (yet) valid (Tom Lane) § When pg_dump dumps a partitioned index that's marked REPLICA IDENTITY , it generates a command sequence that applies REPLICA IDENTITY before the partitioned index has been marked valid, causing restore to fail. There seems no very good reason to prohibit doing it in that order, so allow it. The marking will have no effect anyway until the index becomes valid.",,Client tools,5,core_server,pgsql-bugs,false,1,4,81,45,126,true,false,,,,,1,17756,1
35,20230209,2023-02-09,15.2,9,Fix handling of DEFAULT markers in rules that perform an INSERT from a multi-row VALUES list (Dean Rasheed) §,"Fix handling of DEFAULT markers in rules that perform an INSERT from a multi-row VALUES list (Dean Rasheed) § In some cases a DEFAULT marker would not get replaced with the proper default-value expression, leading to an unrecognized node type error.",,Other functionality,9,core_server,pgsql-hackers,false,1,3,104,55,159,true,false,,,,,0,,
36,20230209,2023-02-09,15.2,10,"Reject uses of undefined variables in jsonpath existence checks (Alexander Korotkov, David G. Johnston) §","Reject uses of undefined variables in jsonpath existence checks (Alexander Korotkov, David G. Johnston) § While jsonpath match operators threw an error for an undefined variable in the path pattern, the existence operators silently treated it as a match.",,Other functionality,9,core_server,pgsql-bugs,false,1,3,46,2,48,true,false,,,,,0,,
37,20230209,2023-02-09,15.2,11,"Fix jsonb subscripting to cope with toasted subscript values (Tom Lane, David G. Johnston) §","Fix jsonb subscripting to cope with toasted subscript values (Tom Lane, David G. Johnston) § Using a text value fetched directly from a table as a jsonb subscript was likely to fail. Fetches would usually not find any matching element. Assignments could store the value with a garbage key, although keys long enough to cause that problem are probably rare in the field.",,Other functionality,9,core_server,pgsql-bugs,false,1,5,90,18,108,true,false,,,,,0,,
38,20230209,2023-02-09,15.2,12,Fix edge-case data corruption in parallel hash joins (Dmitry Astapov) §,"Fix edge-case data corruption in parallel hash joins (Dmitry Astapov) § If the final chunk of a large tuple being written out to a temporary file was exactly 32760 bytes, it would be corrupted due to a fencepost bug. The query would typically fail later with corrupted-data symptoms.",,Crash & corruption,2,core_server,pgsql-bugs,false,1,1,3,2,5,false,false,,,,,1,17619,127
39,20230209,2023-02-09,15.2,13,Honor non-default settings of checkpoint_completion_target (Bharath Rupireddy) §,"Honor non-default settings of checkpoint_completion_target (Bharath Rupireddy) § Internal state was not updated after a change in checkpoint_completion_target , possibly resulting in performing checkpoint I/O faster or slower than desired, especially if that setting was changed on-the-fly.",,Replication & recovery,4,core_server,pgsql-hackers,false,1,1,1,1,2,false,false,,,,,0,,
40,20230209,2023-02-09,15.2,14,Log the correct ending timestamp in recovery_target_xid mode (Tom Lane) §,"Log the correct ending timestamp in recovery_target_xid mode (Tom Lane) § When ending recovery based on the recovery_target_xid setting with recovery_target_inclusive = off , we printed an incorrect timestamp (always 2000-01-01) in the recovery stopping before ... transaction log message.",,Replication & recovery,4,replication_recovery,pgsql-hackers,false,1,1,7,2,9,false,false,,,,,0,,
41,20230209,2023-02-09,15.2,15,Improve error reporting for some buffered file read failures (Peter Eisentraut) §,"Improve error reporting for some buffered file read failures (Peter Eisentraut) § Correctly report a short read, giving the numbers of bytes desired and actually read, instead of reporting an irrelevant error code. Most places got this right already, but some recently-written replication logic did not.",,Replication & recovery,4,replication_recovery,pgsql-hackers,false,1,2,21,15,36,false,false,,,,,0,,
42,20230209,2023-02-09,15.2,16,Remove arbitrary limit on number of elements in int2vector and oidvector (Tom Lane) §,"Remove arbitrary limit on number of elements in int2vector and oidvector (Tom Lane) § The input functions for these types previously rejected more than 100 elements. With the introduction of the logical replication column list feature, it's necessary to accept int2vector s having up to 1600 columns, otherwise long column lists cause logical-replication failures.",,Replication & recovery,4,core_server,pgsql-hackers,false,1,2,22,29,51,false,false,,,,,0,,
43,20230209,2023-02-09,15.2,17,"In extended query protocol, avoid an immediate commit after ANALYZE if we're running a pipeline (Tom Lane) §","In extended query protocol, avoid an immediate commit after ANALYZE if we're running a pipeline (Tom Lane) § If there's not been an explicit BEGIN TRANSACTION, ANALYZE would take it on itself to commit, which should not happen within a pipelined series of commands.",,Other functionality,9,core_server,pgsql-bugs,false,1,5,45,16,61,false,false,,,,,1,17434,137
44,20230209,2023-02-09,15.2,18,Reject cancel request packets having the wrong length (Andrey Borodin) §,"Reject cancel request packets having the wrong length (Andrey Borodin) § The server would process a cancel request even if its length word was too small. This led to reading beyond the end of the allocated buffer. In theory that could cause a segfault, but it seems quite unlikely to happen in practice, since the buffer would have to be very close to the end of memory. The more likely outcome was a bogus log message about wrong backend PID or cancel code. Complain about the wrong length, instead.",,Crash & corruption,2,core_server,unknown_or_internal_not_security,false,1,1,7,0,7,false,false,,,,,0,,
45,20230209,2023-02-09,15.2,19,"Fix planner preprocessing oversights for window function run-condition expressions (Richard Guo, David Rowley) §","Fix planner preprocessing oversights for window function run-condition expressions (Richard Guo, David Rowley) § This could lead to planner errors such as WindowFunc not found in subplan target lists .",,Wrong results & planner,3,planner,pgsql-bugs,false,1,2,12,0,12,false,false,,,,,1,17709,1
46,20230209,2023-02-09,15.2,20,Fix possible dangling-pointer access during execution of window function run-condition expressions (David Rowley) §,"Fix possible dangling-pointer access during execution of window function run-condition expressions (David Rowley) § In practice, because the run-condition optimization is only applied to certain window functions that happen to all return int8 , this only manifested as a problem on 32-bit builds.",,Other functionality,9,core_server,pgsql-hackers,false,1,2,32,0,32,false,false,,,,,0,,
47,20230209,2023-02-09,15.2,21,Add recursion and looping defenses in subquery pullup (Tom Lane) §,"Add recursion and looping defenses in subquery pullup (Tom Lane) § A contrived query can result in deep recursion and unreasonable amounts of time spent trying to flatten subqueries. A proper fix for that seems unduly invasive for a back-patch, but we can at least add stack depth checks and an interrupt check to allow the query to be cancelled.",,Other functionality,9,planner,pgsql-hackers,false,1,1,12,0,12,false,false,,,,,0,,
48,20230209,2023-02-09,15.2,22,Fix planner issues when combining Memoize nodes with partitionwise joins or parameterized nestloops (Richard Guo) § §,"Fix planner issues when combining Memoize nodes with partitionwise joins or parameterized nestloops (Richard Guo) § § These errors could lead to not using Memoize in contexts where it would be useful, or possibly to wrong query plans.",,Wrong results & planner,3,planner,pgsql-hackers,false,1,5,63,3,66,true,false,,,,,0,,
49,20230209,2023-02-09,15.2,23,Fix partitionwise-join code to tolerate failure to produce a plan for each partition (Tom Lane) §,Fix partitionwise-join code to tolerate failure to produce a plan for each partition (Tom Lane) § This could result in could not devise a query plan for the given query errors.,,Other functionality,9,planner,pgsql-hackers,false,1,1,14,2,16,false,false,,,,,0,,
50,20230209,2023-02-09,15.2,24,Limit the amount of cleanup work done by get_actual_variable_range (Simon Riggs) §,"Limit the amount of cleanup work done by get_actual_variable_range (Simon Riggs) § Planner runs occurring just after deletion of a large number of tuples appearing at the end of an index could expend significant amounts of work setting the killed bits for those index entries. Limit the amount of work done in any one query by giving up on this process after examining 100 heap pages. All the cleanup will still happen eventually, but without so large a performance hiccup.",,Wrong results & planner,3,core_server,pgsql-hackers,false,1,1,40,5,45,false,false,,,,,0,,
51,20230209,2023-02-09,15.2,25,Prevent the statistics machinery from getting confused when a relation's relkind changes (Andres Freund) §,Prevent the statistics machinery from getting confused when a relation's relkind changes (Andres Freund) § Converting a table to a view could lead to crashes or assertion failures.,,Crash & corruption,2,core_server,pgsql-hackers,false,1,1,7,0,7,false,false,,,,,0,,
52,20230209,2023-02-09,15.2,26,Fix under-parenthesized display of AT TIME ZONE constructs (Tom Lane) §,Fix under-parenthesized display of AT TIME ZONE constructs (Tom Lane) § This could result in dump/restore failures for rules or views in which an argument of AT TIME ZONE is itself an expression.,,Other functionality,9,core_server,pgsql-bugs,false,1,3,20,17,37,true,false,,,,,0,,
53,20230209,2023-02-09,15.2,27,"Prevent clobbering of cached parsetrees for utility statements in SQL functions (Tom Lane, Daniel Gustafsson) §","Prevent clobbering of cached parsetrees for utility statements in SQL functions (Tom Lane, Daniel Gustafsson) § If a SQL-language function executes the same utility command more than once within a single calling query, it could crash or report strange errors such as unrecognized node type .",,Crash & corruption,2,core_server,pgsql-bugs,false,1,1,1,1,2,false,false,,,,,1,17702,0
54,20230209,2023-02-09,15.2,28,Ensure that execution of full-text-search queries can be cancelled while they are performing phrase matches (Tom Lane) §,Ensure that execution of full-text-search queries can be cancelled while they are performing phrase matches (Tom Lane) §,,Other functionality,9,core_server,unknown_or_internal_not_security,false,1,4,60,21,81,false,false,,,,,0,,
55,20230209,2023-02-09,15.2,29,Fix memory leak in hashing strings with nondeterministic collations (Jeff Davis) §,Fix memory leak in hashing strings with nondeterministic collations (Jeff Davis) §,,Crash & corruption,2,core_server,unknown_or_internal_not_security,false,1,2,4,0,4,false,false,,,,,0,,
56,20230209,2023-02-09,15.2,30,Fix deadlock between DROP DATABASE and logical replication worker process (Hou Zhijie) §,"Fix deadlock between DROP DATABASE and logical replication worker process (Hou Zhijie) § This was caused by an ill-advised choice to block interrupts while creating a logical replication slot in the worker. In version 15 that could lead to an undetected deadlock. In version 14, no deadlock has been observed, but it's still a bad idea to block interrupts while waiting for network I/O.",,Crash & corruption,2,replication_recovery,pgsql-bugs,false,1,2,7,10,17,true,false,,,,,0,,
57,20230209,2023-02-09,15.2,31,Clean up the libpq connection object after a failed replication connection attempt (Andres Freund) §,"Clean up the libpq connection object after a failed replication connection attempt (Andres Freund) § The previous coding leaked the connection object. In background code paths that's pretty harmless because the calling process will give up and exit. But in commands such as CREATE SUBSCRIPTION, such a failure resulted in a small session-lifespan memory leak.",,Crash & corruption,2,replication_recovery,pgsql-hackers,false,1,3,32,13,45,true,false,,,,,0,,
58,20230209,2023-02-09,15.2,32,"In hot-standby servers, reduce processing effort for tracking XIDs known to be active on the primary (Simon Riggs, Michail Nikolaev) §","In hot-standby servers, reduce processing effort for tracking XIDs known to be active on the primary (Simon Riggs, Michail Nikolaev) § Insufficiently-aggressive cleanup of the KnownAssignedXids array could lead to poor performance, particularly when max_connections is set to a large value on the standby.",,Replication & recovery,4,core_server,unknown_or_internal_not_security,false,1,3,110,30,140,false,false,,,,,0,,
59,20230209,2023-02-09,15.2,33,Ignore invalidated logical-replication slots while determining oldest catalog xmin (Sirisha Chamarthi) §,"Ignore invalidated logical-replication slots while determining oldest catalog xmin (Sirisha Chamarthi) § A replication slot could prevent cleanup of dead tuples in the system catalogs even after it becomes invalidated due to exceeding max_slot_wal_keep_size . Thus, failure of a replication consumer could lead to indefinitely-large catalog bloat.",,Replication & recovery,4,replication_recovery,pgsql-hackers,false,1,2,10,0,10,false,false,,,,,0,,
60,20230209,2023-02-09,15.2,34,"In logical decoding, notify the remote node when a transaction is detected to have crashed (Hou Zhijie) §","In logical decoding, notify the remote node when a transaction is detected to have crashed (Hou Zhijie) § After a server restart, we'll re-stream the changes for transactions occurring shortly before the restart. Some of these transactions probably never completed; when we realize that one didn't we throw away the relevant decoding state locally, but we neglected to tell the subscriber about it. That led to the subscriber keeping useless streaming files until it's next restarted.",,Crash & corruption,2,replication_recovery,pgsql-hackers,false,1,1,4,0,4,false,false,,,,,0,,
61,20230209,2023-02-09,15.2,35,Fix uninitialized-memory usage in logical decoding (Masahiko Sawada) §,"Fix uninitialized-memory usage in logical decoding (Masahiko Sawada) § In certain cases, resumption of logical decoding could try to re-use XID data that had already been freed, leading to unpredictable behavior.",,Replication & recovery,4,replication_recovery,pgsql-hackers,false,1,1,7,0,7,false,false,,,,,0,,
62,20230209,2023-02-09,15.2,36,Acquire spinlock while updating shared state during logical decoding context creation (Masahiko Sawada) §,"Acquire spinlock while updating shared state during logical decoding context creation (Masahiko Sawada) § We neglected to acquire the appropriate lock while updating data about two-phase transactions, potentially allowing other processes to see inconsistent data.",,Replication & recovery,4,replication_recovery,pgsql-hackers,false,1,1,2,0,2,false,false,,,,,0,,
63,20230209,2023-02-09,15.2,37,Fix pgoutput replication plug-in to not send columns not listed in a table's replication column list (Hou Zhijie) §,"Fix pgoutput replication plug-in to not send columns not listed in a table's replication column list (Hou Zhijie) § UPDATE and DELETE events did not pay attention to the configured column list, thus sending more data than expected. This did not cause a problem when the receiver is our built-in logical replication code, but it might confuse other receivers, and in any case it wasted network bandwidth.",,Replication & recovery,4,replication_recovery,pgsql-bugs,false,1,4,42,6,48,true,false,,,,,0,,
64,20230209,2023-02-09,15.2,38,Avoid rare failed to acquire cleanup lock panic during WAL replay of hash-index page split operations (Robert Haas) §,Avoid rare failed to acquire cleanup lock panic during WAL replay of hash-index page split operations (Robert Haas) §,,Crash & corruption,2,core_server,pgsql-hackers,false,1,2,9,6,15,false,false,,,,,0,,
65,20230209,2023-02-09,15.2,39,Advance a heap page's LSN when setting its all-visible bit during WAL replay (Jeff Davis) §,"Advance a heap page's LSN when setting its all-visible bit during WAL replay (Jeff Davis) § Failure to do this left the page possibly different on standby servers than the primary, and violated some other expectations about when the LSN changes. This seems only a theoretical hazard so far as PostgreSQL itself is concerned, but it could upset third-party tools.",,Replication & recovery,4,core_server,pgsql-hackers,false,1,1,4,2,6,false,false,,,,,0,,
66,20230209,2023-02-09,15.2,40,Fix int64_div_fast_to_numeric() to work for a wider range of inputs (Dean Rasheed) §,"Fix int64_div_fast_to_numeric() to work for a wider range of inputs (Dean Rasheed) § This function misbehaved with some values of its second argument. No such usages exist in core PostgreSQL , but it's clearly a hazard for external modules, so repair.",,Other functionality,9,core_server,unknown_or_internal_not_security,false,1,1,46,27,73,false,false,,,,,0,,
67,20230209,2023-02-09,15.2,41,Fix latent buffer-overrun problem in WaitEventSet logic (Thomas Munro) §,"Fix latent buffer-overrun problem in WaitEventSet logic (Thomas Munro) § The epoll -based and kqueue -based implementations could ask the kernel for too many events if the size of their internal buffer was different from the size of the caller's output buffer. That case is not known to occur in released PostgreSQL versions, but this error is a hazard for external modules and future bug fixes.",,Other functionality,9,core_server,pgsql-hackers,false,1,1,3,2,5,false,false,,,,,0,,
68,20230209,2023-02-09,15.2,42,Avoid nominally-undefined behavior when accessing shared memory in 32-bit builds (Andres Freund) §,"Avoid nominally-undefined behavior when accessing shared memory in 32-bit builds (Andres Freund) § clang's undefined-behavior sanitizer complained about use of a pointer that was less aligned than it should be. It's very unlikely that this would cause a problem in non-debug builds, but it's worth fixing for testing purposes.",,Build & platform,8,core_server,pgsql-hackers,false,1,1,14,10,24,false,false,,,,,0,,
69,20230209,2023-02-09,15.2,43,Fix assertion failure in BRIN minmax-multi opclasses (Tomas Vondra) §,"Fix assertion failure in BRIN minmax-multi opclasses (Tomas Vondra) § The assertion was overly strict, so this mistake was harmless in non-assert builds.",,Crash & corruption,2,core_server,pgsql-hackers,false,1,1,5,1,6,false,false,,,,,0,,
70,20230209,2023-02-09,15.2,44,Remove faulty assertion in useless-RESULT-RTE optimization logic (Tom Lane) §,Remove faulty assertion in useless-RESULT-RTE optimization logic (Tom Lane) §,,Crash & corruption,2,planner,pgsql-bugs,false,1,3,39,15,54,true,false,,,,,1,17700,1
71,20230209,2023-02-09,15.2,45,Fix copy-and-paste errors in cache-lookup-failure messages for ACL checks (Justin Pryzby) §,"Fix copy-and-paste errors in cache-lookup-failure messages for ACL checks (Justin Pryzby) § In principle these errors should never be reached. But if they are, some of them reported the wrong type of object.",,Other functionality,9,core_server,unknown_or_internal_not_security,false,1,1,3,3,6,false,false,,,,,0,,
72,20230209,2023-02-09,15.2,46,Fix possible corruption of very large tablespace map files in pg_basebackup (Antonin Houska) §,Fix possible corruption of very large tablespace map files in pg_basebackup (Antonin Houska) §,,Crash & corruption,2,core_server,pgsql-hackers,false,1,1,1,0,1,false,false,,,,,0,,
73,20230209,2023-02-09,15.2,47,Avoid harmless warning from pg_dump in --if-exists mode (Tom Lane) §,"Avoid harmless warning from pg_dump in --if-exists mode (Tom Lane) § If the public schema has a non-default owner then use of pg_dump 's --if-exists option resulted in a warning message warning: could not find where to insert IF EXISTS in statement ""-- *not* dropping schema, since initdb creates it"" . The dump output was okay, though.",,Client tools,5,client_tools,pgsql-bugs,false,1,1,7,2,9,false,false,,,,,1,17753,2
74,20230209,2023-02-09,15.2,48,Fix psql 's \sf and \ef commands to handle SQL-language functions that have SQL -standard function bodies (Tom Lane) §,Fix psql 's \sf and \ef commands to handle SQL-language functions that have SQL -standard function bodies (Tom Lane) § These commands misidentified the start of the function body when it used new-style syntax.,,Client tools,5,client_tools,pgsql-bugs,false,1,4,94,26,120,true,false,,,,,0,,
75,20230209,2023-02-09,15.2,49,Fix tab completion of ALTER FUNCTION/PROCEDURE/ROUTINE ... SET SCHEMA (Dean Rasheed) §,Fix tab completion of ALTER FUNCTION/PROCEDURE/ROUTINE ... SET SCHEMA (Dean Rasheed) §,,Other functionality,9,client_tools,pgsql-hackers,false,1,1,3,2,5,false,false,,,,,0,,
76,20230209,2023-02-09,15.2,50,Update contrib/pageinspect to mark its disk-accessing functions as PARALLEL RESTRICTED (Tom Lane) §,"Update contrib/pageinspect to mark its disk-accessing functions as PARALLEL RESTRICTED (Tom Lane) § This avoids possible failure if one of these functions is used to examine a temporary table, since a session's temporary tables are not accessible from parallel workers.",,Extensions & contrib,6,extensions_contrib,pgsql-hackers,false,1,4,32,2,34,false,false,,,,,0,,
77,20230209,2023-02-09,15.2,51,Fix contrib/seg to not crash or print garbage if an input number has more than 127 digits (Tom Lane) §,Fix contrib/seg to not crash or print garbage if an input number has more than 127 digits (Tom Lane) §,,Crash & corruption,2,extensions_contrib,pgsql-bugs,false,1,4,33,7,40,false,false,,,,,1,17725,1
78,20230209,2023-02-09,15.2,52,Fix build on Microsoft Visual Studio 2013 (Tom Lane) §,"Fix build on Microsoft Visual Studio 2013 (Tom Lane) § A previous patch supposed that all platforms of interest have snprintf() , but MSVC 2013 isn't quite there yet. Revert to using sprintf() on that platform.",,Extensions & contrib,6,core_server,pgsql-bugs,false,1,1,10,0,10,false,false,,,,,1,17681,1
79,20230209,2023-02-09,15.2,53,Fix compile failure in building PL/Perl with MSVC when using Strawberry Perl (Andrew Dunstan) §,Fix compile failure in building PL/Perl with MSVC when using Strawberry Perl (Andrew Dunstan) §,,Extensions & contrib,6,extensions_contrib,unknown_or_internal_not_security,false,1,1,2,0,2,false,false,,,,,0,,
80,20230209,2023-02-09,15.2,54,Fix mismatch of PL/Perl built with MSVC versus a Perl library built with gcc (Andrew Dunstan) §,Fix mismatch of PL/Perl built with MSVC versus a Perl library built with gcc (Andrew Dunstan) § Such combinations could previously fail with loadable library and perl binaries are mismatched errors.,,Extensions & contrib,6,build_platform,pgsql-hackers,false,1,1,3,0,3,false,false,,,,,0,,
81,20230209,2023-02-09,15.2,55,Suppress compiler warnings from Perl's header files (Andres Freund) §,"Suppress compiler warnings from Perl's header files (Andres Freund) § Our preferred compiler options provoke warnings about constructs appearing in recent versions of Perl's header files. When using gcc , we can suppress these warnings with a pragma.",,Build & platform,8,core_server,pgsql-hackers,false,1,2,37,0,37,false,false,,,,,0,,
82,20230209,2023-02-09,15.2,56,Fix pg_waldump to build on compilers that don't discard unused static-inline functions (Tom Lane) §,Fix pg_waldump to build on compilers that don't discard unused static-inline functions (Tom Lane) §,,Replication & recovery,4,core_server,unknown_or_internal_not_security,false,1,2,4,0,4,false,false,,,,,0,,
83,20230511,2023-05-11,15.3,0,Prevent CREATE SCHEMA from defeating changes in search_path (Alexander Lakhin) § §,"Prevent CREATE SCHEMA from defeating changes in search_path (Alexander Lakhin) § § Within a CREATE SCHEMA command, objects in the prevailing search_path , as well as those in the newly-created schema, would be visible even within a called function or script that attempted to set a secure search_path . This could allow any user having permission to create a schema to hijack the privileges of a security definer function or extension script. The PostgreSQL Project thanks Alexander Lakhin for reporting this problem. (CVE-2023-2454)",CVE-2023-2454,Security (CVE),0,extensions_contrib,unknown_or_internal_security,false,1,1,0,1,1,false,false,1,1,7.2,HIGH,0,,
84,20230511,2023-05-11,15.3,1,"Enforce row-level security policies correctly after inlining a set-returning function (Stephen Frost, Tom Lane) §","Enforce row-level security policies correctly after inlining a set-returning function (Stephen Frost, Tom Lane) § If a set-returning SQL-language function refers to a table having row-level security policies, and it can be inlined into a calling query, those RLS policies would not get enforced properly in some cases involving re-using a cached plan under a different role. This could allow a user to see or modify rows that should have been invisible. The PostgreSQL Project thanks Wolfgang Walther for reporting this problem. (CVE-2023-2455)",CVE-2023-2455,Security (CVE),0,planner,unknown_or_internal_security,false,1,3,54,0,54,true,false,1,1,4.2,MEDIUM,0,,
85,20230511,2023-05-11,15.3,2,"Fix potential corruption of the template (source) database after CREATE DATABASE with the STRATEGY WAL_LOG option (Nathan Bossart, Ryo Matsumura) §","Fix potential corruption of the template (source) database after CREATE DATABASE with the STRATEGY WAL_LOG option (Nathan Bossart, Ryo Matsumura) § Improper buffer handling created a risk that any later modification of the template's pg_class catalog would be lost.",,Crash & corruption,2,core_server,pgsql-hackers,false,1,3,47,1,48,true,false,,,,,0,,
86,20230511,2023-05-11,15.3,3,Fix memory leakage and unnecessary disk reads during CREATE DATABASE with the STRATEGY WAL_LOG option (Andres Freund) §,Fix memory leakage and unnecessary disk reads during CREATE DATABASE with the STRATEGY WAL_LOG option (Andres Freund) §,,Crash & corruption,2,core_server,pgsql-hackers,false,1,1,4,3,7,false,false,,,,,0,,
87,20230511,2023-05-11,15.3,4,Avoid crash when the new schema name is omitted in CREATE SCHEMA (Michael Paquier) §,"Avoid crash when the new schema name is omitted in CREATE SCHEMA (Michael Paquier) § The SQL standard allows writing CREATE SCHEMA AUTHORIZATION owner_name , with the schema name defaulting to owner_name . However some code paths expected the schema name to be present and would fail.",,Crash & corruption,2,core_server,pgsql-bugs,false,1,6,192,22,214,true,false,,,,,1,17909,1
88,20230511,2023-05-11,15.3,5,Fix various planner failures with MERGE commands (Tom Lane) § §,Fix various planner failures with MERGE commands (Tom Lane) § § Planning could fail with errors like variable not found in subplan target list or PlaceHolderVar found where not expected .,,Wrong results & planner,3,planner,pgsql-bugs,false,1,3,45,3,48,true,false,,,,,0,,
89,20230511,2023-05-11,15.3,6,Fix the row count reported by MERGE for some corner cases (Dean Rasheed) § §,"Fix the row count reported by MERGE for some corner cases (Dean Rasheed) § § The row count reported in the command tag counted rows that actually hadn't been modified due to a BEFORE ROW trigger returning NULL. This is inconsistent with what happens in plain UPDATE or DELETE, so change it to not count such rows. Also, avoid counting a row twice when MERGE moves it into a different partition of a partitioned table.",,Other functionality,9,core_server,pgsql-bugs,false,1,3,34,4,38,true,false,,,,,1,17809,15
90,20230511,2023-05-11,15.3,7,"Fix MERGE problems with concurrent updates (Dean Rasheed, Álvaro Herrera) § §","Fix MERGE problems with concurrent updates (Dean Rasheed, Álvaro Herrera) § § Some cases misbehaved if a row to be updated or deleted by MERGE had just been updated by a concurrent transaction. This could lead to a crash, or the wrong merge action being executed, or no action at all.",,Crash & corruption,2,core_server,pgsql-bugs,false,1,8,636,174,810,true,false,,,,,2,17792,1
91,20230511,2023-05-11,15.3,8,Add support for decompiling MERGE commands (Álvaro Herrera) §,"Add support for decompiling MERGE commands (Álvaro Herrera) § This was overlooked when MERGE was added, but it's essential support for MERGE in new-style SQL functions.",,Build & platform,8,core_server,pgsql-hackers,false,1,3,262,0,262,true,false,,,,,0,,
92,20230511,2023-05-11,15.3,9,Fix enabling/disabling of foreign-key triggers in partitioned tables (Tom Lane) §,"Fix enabling/disabling of foreign-key triggers in partitioned tables (Tom Lane) § ALTER TABLE ... ENABLE/DISABLE TRIGGER failed if applied to a partitioned table's foreign-key enforcement triggers, because it tried to locate the clone triggers for the partitions by name, and they do not have the same name. Locate them by parent-trigger OID instead.",,Other functionality,9,core_server,pgsql-bugs,false,1,6,76,12,88,true,false,,,,,1,17817,3
93,20230511,2023-05-11,15.3,10,Disallow altering composite types that are stored in indexes (Tom Lane) §,"Disallow altering composite types that are stored in indexes (Tom Lane) § ALTER TYPE disallows non-binary-compatible modifications of composite types if they are stored in any table columns. (Perhaps that will be allowed someday, but it hasn't happened yet; the locking implications of rewriting many tables are daunting.) We overlooked the possibility that an index might contain a composite type that doesn't also appear in its table.",,Other functionality,9,core_server,pgsql-bugs,false,1,3,67,10,77,true,false,,,,,1,17872,0
94,20230511,2023-05-11,15.3,11,Disallow system columns as elements of foreign keys (Tom Lane) §,"Disallow system columns as elements of foreign keys (Tom Lane) § Since the removal of OID as a system column, there is no plausible use-case for this, and various bits of code no longer support it. Disallow it rather than trying to fix all the cases.",,Other functionality,9,core_server,pgsql-bugs,false,1,3,23,10,33,true,false,,,,,1,17877,2
95,20230511,2023-05-11,15.3,12,Ensure that COPY TO from an RLS-enabled parent table does not copy any rows from child tables (Antonin Houska) §,"Ensure that COPY TO from an RLS-enabled parent table does not copy any rows from child tables (Antonin Houska) § The documentation is quite clear that COPY TO copies rows from only the named table, not any inheritance children it may have. However, if row-level security was enabled on the table then this stopped being true.",,Other functionality,9,core_server,pgsql-hackers,false,1,4,77,3,80,true,false,,,,,0,,
96,20230511,2023-05-11,15.3,13,Avoid possible crash when array_position() or array_positions() is passed an empty array (Tom Lane) §,Avoid possible crash when array_position() or array_positions() is passed an empty array (Tom Lane) §,,Crash & corruption,2,core_server,pgsql-bugs,false,1,1,12,4,16,false,false,,,,,1,17920,0
97,20230511,2023-05-11,15.3,14,Fix possible out-of-bounds fetch in to_char() (Tom Lane) §,Fix possible out-of-bounds fetch in to_char() (Tom Lane) § With bad luck this could have resulted in a server crash.,,Security hardening (no CVE),1,core_server,pgsql-bugs,false,1,3,16,2,18,true,false,,,,,1,17839,0
98,20230511,2023-05-11,15.3,15,Avoid buffer overread in translate() function (Daniil Anisimov) §,"Avoid buffer overread in translate() function (Daniil Anisimov) § When using the deletion feature, the function might fetch the byte just after the input string, creating a small risk of crash.",,Security hardening (no CVE),1,core_server,pgsql-bugs,false,1,3,14,5,19,true,false,,,,,1,17816,0
99,20230511,2023-05-11,15.3,16,Adjust text-search-related character classification logic to correctly detect whether the prevailing locale is C (Jeff Davis) §,Adjust text-search-related character classification logic to correctly detect whether the prevailing locale is C (Jeff Davis) § This code got confused if the database's default collation uses ICU.,,Build & platform,8,core_server,pgsql-bugs,false,1,8,16,42,58,false,false,,,,,0,,
100,20230511,2023-05-11,15.3,17,Avoid possible crash on empty input for type interval (Tom Lane) §,Avoid possible crash on empty input for type interval (Tom Lane) §,,Crash & corruption,2,core_server,pgsql-bugs,false,1,3,9,1,10,true,false,,,,,1,17788,0
101,20230511,2023-05-11,15.3,18,Re-allow exponential notation in ISO-8601 interval fields (Tom Lane) §,"Re-allow exponential notation in ISO-8601 interval fields (Tom Lane) § Interval input like P0.1e10D isn't officially sanctioned by ISO-8601, but we accepted it for a long time before version 15, so re-allow it.",,Extensions & contrib,6,core_server,pgsql-bugs,false,1,3,37,38,75,true,false,,,,,1,17795,5
102,20230511,2023-05-11,15.3,19,Fix error cursor setting for parse errors in JSON string literals (Tom Lane) §,"Fix error cursor setting for parse errors in JSON string literals (Tom Lane) § Most cases in which a syntax error is detected in a string literal within a JSON value failed to set the error cursor appropriately. This led at least to an unhelpful error message (pointing to the token before the string, rather than the actual trouble spot), and could even result in a crash in v14 and later.",,Crash & corruption,2,core_server,pgsql-hackers,false,1,4,78,59,137,true,false,,,,,0,,
103,20230511,2023-05-11,15.3,20,Fix data corruption due to vacuum_defer_cleanup_age being larger than the current 64-bit xid (Andres Freund) §,"Fix data corruption due to vacuum_defer_cleanup_age being larger than the current 64-bit xid (Andres Freund) § In v14 and later with non-default settings of vacuum_defer_cleanup_age , it was possible to compute a very large vacuum cleanup horizon xid, leading to vacuum removing rows that are still live. v12 and v13 have a lesser form of the same problem affecting only GiST indexes, which could lead to index pages getting recycled too early.",,Crash & corruption,2,core_server,pgsql-hackers,false,1,1,73,12,85,false,false,,,,,0,,
104,20230511,2023-05-11,15.3,21,Fix parser's failure to detect some cases of improperly-nested aggregates (Tom Lane) §,Fix parser's failure to detect some cases of improperly-nested aggregates (Tom Lane) § This oversight could lead to executor failures for queries that should have been rejected as invalid.,,Crash & corruption,2,core_server,pgsql-bugs,false,1,3,10,2,12,true,false,,,,,1,17835,0
105,20230511,2023-05-11,15.3,22,Fix data structure corruption during parsing of serial SEQUENCE NAME options (David Rowley) §,Fix data structure corruption during parsing of serial SEQUENCE NAME options (David Rowley) § This can lead to trouble if an event trigger captures the corrupted parse tree.,,Crash & corruption,2,core_server,pgsql-bugs,false,1,1,3,0,3,false,false,,,,,1,17879,0
106,20230511,2023-05-11,15.3,23,Correctly update plan nodes' parallel-safety markings when moving initplans from one node to another (Tom Lane) §,Correctly update plan nodes' parallel-safety markings when moving initplans from one node to another (Tom Lane) § This planner oversight could lead to subplan was not initialized errors at runtime.,,Wrong results & planner,3,planner,pgsql-hackers,false,1,4,22,10,32,false,false,,,,,0,,
107,20230511,2023-05-11,15.3,24,Avoid failure with PlaceHolderVars in extended-statistics code (Tom Lane) §,Avoid failure with PlaceHolderVars in extended-statistics code (Tom Lane) § Use of dependency-type extended statistics could fail with PlaceHolderVar found where not expected .,,Other functionality,9,planner,pgsql-bugs,false,1,1,3,25,28,false,false,,,,,0,,
108,20230511,2023-05-11,15.3,25,Fix incorrect tests for whether a qual clause applied to a subquery can be transformed into a window aggregate run condition within the subquery (David Rowley) §,"Fix incorrect tests for whether a qual clause applied to a subquery can be transformed into a window aggregate run condition within the subquery (David Rowley) § A SubPlan within such a clause would cause assertion failures or incorrect answers, as would some other unusual cases.",,Crash & corruption,2,planner,pgsql-bugs,false,1,3,161,84,245,true,false,,,,,1,17826,8
109,20230511,2023-05-11,15.3,26,Disable the inverse-transition optimization for window aggregates when the call contains sub-SELECTs (David Rowley) §,"Disable the inverse-transition optimization for window aggregates when the call contains sub-SELECTs (David Rowley) § This optimization requires that the aggregate's argument expressions have repeatable results, which might not hold for a sub-SELECT.",,Other functionality,9,core_server,pgsql-bugs,false,1,1,10,1,11,false,false,,,,,1,17777,7
110,20230511,2023-05-11,15.3,27,"Fix oversights in execution of nested ARRAY[] constructs (Alexander Lakhin, Tom Lane) §","Fix oversights in execution of nested ARRAY[] constructs (Alexander Lakhin, Tom Lane) § Correctly detect overflow of the total space needed for the result array, avoiding a possible crash due to undersized output allocation. Also ensure that any trailing padding space in the result array is zeroed; while leaving garbage there is harmless for most purposes, it can result in odd behavior later.",,Crash & corruption,2,core_server,pgsql-bugs,false,1,2,11,8,19,false,false,,,,,1,17858,5
111,20230511,2023-05-11,15.3,28,Prevent crash when updating a field within an array-of-domain-over-composite-type column (Dmitry Dolgov) §,Prevent crash when updating a field within an array-of-domain-over-composite-type column (Dmitry Dolgov) §,,Crash & corruption,2,core_server,pgsql-bugs,false,1,3,21,2,23,true,false,,,,,1,17897,1
112,20230511,2023-05-11,15.3,29,Fix partition pruning logic for partitioning on boolean columns (David Rowley) §,"Fix partition pruning logic for partitioning on boolean columns (David Rowley) § Pruning with a condition like boolcol IS NOT TRUE was done incorrectly, leading to possibly not returning rows in which boolcol is NULL. Also, the rather unlikely case of partitioning on NOT boolcol was handled incorrectly.",,Wrong results & planner,3,core_server,pgsql-hackers,false,1,3,288,31,319,true,false,,,,,0,,
113,20230511,2023-05-11,15.3,30,"Fix race condition in per-batch cleanup during parallel hash join (Thomas Munro, Melanie Plageman) §","Fix race condition in per-batch cleanup during parallel hash join (Thomas Munro, Melanie Plageman) § A crash was possible given unlucky timing and parallel_leader_participation = off (which is not the default).",,Crash & corruption,2,core_server,unknown_or_internal_not_security,false,1,3,74,33,107,false,false,,,,,0,,
114,20230511,2023-05-11,15.3,31,Recalculate GENERATED columns after an EvalPlanQual check (Tom Lane) §,"Recalculate GENERATED columns after an EvalPlanQual check (Tom Lane) § In READ COMMITTED isolation mode, the effects of a row update might need to get reapplied to a newer version of the row than the query found originally. If so, we need to recompute any GENERATED columns, in case they depend on columns that were changed by the concurrent update.",,Other functionality,9,core_server,pgsql-bugs,false,1,8,280,207,487,true,false,,,,,1,17823,0
115,20230511,2023-05-11,15.3,32,Fix memory leak in Memoize plan execution (David Rowley) §,Fix memory leak in Memoize plan execution (David Rowley) §,,Crash & corruption,2,core_server,pgsql-bugs,false,1,1,8,1,9,false,false,,,,,1,17844,5
116,20230511,2023-05-11,15.3,33,Fix buffer refcount leak when using batched inserts for a foreign table included in a partitioned tree (Alexander Pyhalov) §,Fix buffer refcount leak when using batched inserts for a foreign table included in a partitioned tree (Alexander Pyhalov) §,,Other functionality,9,extensions_contrib,pgsql-hackers,false,1,3,48,2,50,false,false,,,,,0,,
117,20230511,2023-05-11,15.3,34,Restore support for sub-millisecond vacuum_cost_delay settings (Thomas Munro) §,Restore support for sub-millisecond vacuum_cost_delay settings (Thomas Munro) §,,Other functionality,9,core_server,pgsql-hackers,false,1,1,13,5,18,false,false,,,,,0,,
118,20230511,2023-05-11,15.3,35,Don't balance vacuum cost delay when a table has a per-relation vacuum_cost_delay setting of zero (Masahiko Sawada) §,"Don't balance vacuum cost delay when a table has a per-relation vacuum_cost_delay setting of zero (Masahiko Sawada) § Delay balancing is supposed to be disabled whenever autovacuum is processing a table with a per-relation vacuum_cost_delay setting, but this was done only for positive settings, not zero.",,Other functionality,9,core_server,pgsql-hackers,false,1,1,1,1,2,false,false,,,,,0,,
119,20230511,2023-05-11,15.3,36,Fix corner-case crashes when columns have been added to the end of a view (Tom Lane) §,Fix corner-case crashes when columns have been added to the end of a view (Tom Lane) §,,Crash & corruption,2,core_server,pgsql-bugs,false,1,4,77,13,90,true,false,,,,,1,17811,8
120,20230511,2023-05-11,15.3,37,"Repair rare failure of MULTIEXPR_SUBLINK subplans in partitioned updates (Andres Freund, Tom Lane) §","Repair rare failure of MULTIEXPR_SUBLINK subplans in partitioned updates (Andres Freund, Tom Lane) § Use of the syntax INSERT ... ON CONFLICT DO UPDATE SET (c1, ...) = (SELECT ...) with a partitioned target table could result in failure if any child table is dissimilar from the parent (for example, different physical column order). This typically manifested as failure of consistency checks in the executor; but a crash or incorrect data updates are also possible.",,Crash & corruption,2,core_server,pgsql-bugs,false,1,5,332,134,466,true,false,,,,,1,17800,7
121,20230511,2023-05-11,15.3,38,Fix handling of DEFAULT markers within a multi-row INSERT ... VALUES query on a view that has a DO ALSO INSERT ... SELECT rule (Dean Rasheed) §,Fix handling of DEFAULT markers within a multi-row INSERT ... VALUES query on a view that has a DO ALSO INSERT ... SELECT rule (Dean Rasheed) § Such cases typically failed with unrecognized node type errors or assertion failures.,,Crash & corruption,2,core_server,pgsql-bugs,false,1,4,65,7,72,true,false,,,,,1,17803,2
122,20230511,2023-05-11,15.3,39,"Support references to OLD and NEW within subqueries in rule actions (Dean Rasheed, Tom Lane) §","Support references to OLD and NEW within subqueries in rule actions (Dean Rasheed, Tom Lane) § Such references are really lateral references, but the server could crash if the subquery wasn't explicitly marked with LATERAL . Arrange to do that implicitly when necessary.",,Crash & corruption,2,core_server,pgsql-bugs,false,1,3,60,4,64,true,false,,,,,1,17803,2
123,20230511,2023-05-11,15.3,40,"When decompiling a rule or SQL function body containing INSERT/ UPDATE/ DELETE within WITH, take care to print the correct alias for the target table (Tom Lane) §","When decompiling a rule or SQL function body containing INSERT/ UPDATE/ DELETE within WITH, take care to print the correct alias for the target table (Tom Lane) §",,Build & platform,8,core_server,pgsql-hackers,false,1,3,130,84,214,true,false,,,,,0,,
124,20230511,2023-05-11,15.3,41,Fix glitches in SERIALIZABLE READ ONLY optimization (Thomas Munro) § §,Fix glitches in SERIALIZABLE READ ONLY optimization (Thomas Munro) § § Transactions already marked as doomed confused the safe-snapshot optimization for SERIALIZABLE READ ONLY transactions. The optimization was unnecessarily skipped in some cases. In other cases an assertion failure occurred (but there was no problem in non-assert builds).,,Crash & corruption,2,core_server,pgsql-bugs,false,1,1,31,18,49,false,false,,,,,1,17368,418
125,20230511,2023-05-11,15.3,42,Avoid leaking cache callback slots in the pgoutput logical decoding plugin (Shi Yu) §,Avoid leaking cache callback slots in the pgoutput logical decoding plugin (Shi Yu) § Multiple cycles of starting up and shutting down the plugin within a single session would eventually lead to an out of relcache_callback_list slots error.,,Replication & recovery,4,replication_recovery,pgsql-hackers,false,1,1,22,4,26,false,false,,,,,0,,
126,20230511,2023-05-11,15.3,43,Avoid unnecessary calls to custom validators for index operator class options (Alexander Korotkov) §,Avoid unnecessary calls to custom validators for index operator class options (Alexander Korotkov) § This change fixes some cases where an unexpected error was thrown.,,Other functionality,9,core_server,pgsql-bugs,false,1,1,3,2,5,false,false,,,,,1,17847,38
127,20230511,2023-05-11,15.3,44,Avoid useless work while scanning a multi-column BRIN index with multiple scan keys (Tomas Vondra) §,"Avoid useless work while scanning a multi-column BRIN index with multiple scan keys (Tomas Vondra) § The existing code effectively considered only the last scan key while deciding whether a range matched, thus usually scanning more of the index than it needed to.",,Other functionality,9,core_server,pgsql-hackers,false,1,1,7,0,7,false,false,,,,,0,,
128,20230511,2023-05-11,15.3,45,Fix netmask handling in BRIN inet_minmax_multi_ops opclass (Tomas Vondra) §,"Fix netmask handling in BRIN inet_minmax_multi_ops opclass (Tomas Vondra) § This error triggered an assertion failure in assert-enabled builds, but is mostly harmless in production builds.",,Crash & corruption,2,core_server,pgsql-bugs,false,1,3,15,2,17,true,false,,,,,1,17774,42
129,20230511,2023-05-11,15.3,46,Fix dereference of dangling pointer during buffering build of a GiST index (Alexander Lakhin) §,"Fix dereference of dangling pointer during buffering build of a GiST index (Alexander Lakhin) § This error seems to usually be harmless in production builds, as the fetched value is noncritical; but in principle it could cause a server crash.",,Crash & corruption,2,core_server,pgsql-bugs,false,1,1,13,4,17,false,false,,,,,1,17874,1
130,20230511,2023-05-11,15.3,47,"Ignore dropped columns and generated columns during logical replication of an update or delete action (Onder Kalaci, Shi Yu) § §","Ignore dropped columns and generated columns during logical replication of an update or delete action (Onder Kalaci, Shi Yu) § § Replication with the REPLICA IDENTITY FULL option failed if the table contained such columns.",,Replication & recovery,4,core_server,pgsql-hackers,false,1,2,16,5,21,true,false,,,,,0,,
131,20230511,2023-05-11,15.3,48,Correct the name of the wait event for SLRU buffer I/O for commit timestamps (Alexander Lakhin) §,"Correct the name of the wait event for SLRU buffer I/O for commit timestamps (Alexander Lakhin) § This wait event is named CommitTsBuffer according to the documentation, but the code had it as CommitTSBuffer . Change the code to match the documentation, as that way is more consistent with the naming of related wait events.",,Other functionality,9,core_server,pgsql-hackers,false,1,1,1,1,2,false,false,,,,,0,,
132,20230511,2023-05-11,15.3,49,Re-activate reporting of wait event SLRUFlushSync (Thomas Munro) §,Re-activate reporting of wait event SLRUFlushSync (Thomas Munro) § Reporting of this type of wait was accidentally removed in code refactoring.,,Other functionality,9,replication_recovery,pgsql-hackers,false,1,1,2,0,2,false,false,,,,,0,,
133,20230511,2023-05-11,15.3,50,Avoid possible underflow when calculating how many WAL segments to keep (Kyotaro Horiguchi) §,Avoid possible underflow when calculating how many WAL segments to keep (Kyotaro Horiguchi) § This could result in not honoring wal_keep_size accurately.,,Replication & recovery,4,replication_recovery,pgsql-bugs,false,1,1,1,1,2,false,false,,,,,1,17903,8
134,20230511,2023-05-11,15.3,51,Disable startup progress reporting overhead in standby mode (Bharath Rupireddy) §,"Disable startup progress reporting overhead in standby mode (Bharath Rupireddy) § In standby mode, we don't actually report progress of recovery, but we were doing work to track it anyway.",,Replication & recovery,4,core_server,pgsql-hackers,false,1,3,51,6,57,false,false,,,,,0,,
135,20230511,2023-05-11,15.3,52,"Support RSA-PSS certificates with SCRAM-SHA-256 channel binding (Jacob Champion, Heikki Linnakangas) §","Support RSA-PSS certificates with SCRAM-SHA-256 channel binding (Jacob Champion, Heikki Linnakangas) § This feature requires building with OpenSSL 1.1.1 or newer. Both the server and libpq are affected.",,Client tools,5,build_platform,pgsql-bugs,false,1,15,148,11,159,true,false,,,,,1,17760,21
136,20230511,2023-05-11,15.3,53,Avoid race condition with process ID tracking on Windows (Thomas Munro) § § §,"Avoid race condition with process ID tracking on Windows (Thomas Munro) § § § The operating system could recycle a PID before the postmaster observed that that child process was gone. This could lead to tracking more than one child with the same PID, resulting in confusion.",,Crash & corruption,2,core_server,pgsql-hackers,false,1,1,0,5,5,false,false,,,,,0,,
137,20230511,2023-05-11,15.3,54,Fix list_copy_head() to work correctly on an empty List (David Rowley) §,"Fix list_copy_head() to work correctly on an empty List (David Rowley) § This case is not known to be reached by any core PostgreSQL code, but extensions might rely on it working.",,Other functionality,9,core_server,pgsql-hackers,false,1,1,3,3,6,false,false,,,,,0,,
138,20230511,2023-05-11,15.3,55,Add missing cases to SPI_result_code_string() (Dean Rasheed) §,Add missing cases to SPI_result_code_string() (Dean Rasheed) §,,Other functionality,9,core_server,pgsql-hackers,false,1,3,14,0,14,false,false,,,,,0,,
139,20230511,2023-05-11,15.3,56,Fix erroneous Valgrind markings in AllocSetRealloc() (Karina Litskevich) §,"Fix erroneous Valgrind markings in AllocSetRealloc() (Karina Litskevich) § In the unusual case where the size of a large (>8kB) palloc chunk is decreased, a Valgrind-aware build would mismark the defined-ness state of the memory released from the chunk, possibly causing incorrect results during Valgrind testing.",,Wrong results & planner,3,core_server,pgsql-hackers,false,1,1,33,20,53,false,false,,,,,0,,
140,20230511,2023-05-11,15.3,57,Fix assertion failure for MERGE into a partitioned table with row-level security enabled (Dean Rasheed) §,Fix assertion failure for MERGE into a partitioned table with row-level security enabled (Dean Rasheed) §,,Crash & corruption,2,core_server,pgsql-hackers,false,1,3,31,3,34,true,false,,,,,0,,
141,20230511,2023-05-11,15.3,58,Avoid assertion failure when decoding a transactional logical replication message (Tomas Vondra) §,Avoid assertion failure when decoding a transactional logical replication message (Tomas Vondra) §,,Crash & corruption,2,replication_recovery,pgsql-hackers,false,1,2,22,2,24,false,false,,,,,0,,
142,20230511,2023-05-11,15.3,59,Avoid locale sensitivity when processing regular expression escapes (Jeff Davis) §,"Avoid locale sensitivity when processing regular expression escapes (Jeff Davis) § A backslash followed by a non-ASCII character could sometimes cause an assertion failure, depending on the prevailing locale.",,Crash & corruption,2,core_server,pgsql-bugs,false,1,1,10,3,13,false,false,,,,,0,,
143,20230511,2023-05-11,15.3,60,Avoid trying to write an empty WAL record in log_newpage_range() when the last few pages in the specified range are empty (Matthias van de Meent) §,"Avoid trying to write an empty WAL record in log_newpage_range() when the last few pages in the specified range are empty (Matthias van de Meent) § It is not entirely clear whether this case is reachable in released branches, but if it is then an assertion failure could occur.",,Crash & corruption,2,replication_recovery,pgsql-hackers,false,1,1,4,0,4,false,false,,,,,0,,
144,20230511,2023-05-11,15.3,61,"Fix session-lifespan memory leakage in plpgsql DO blocks that use cast expressions (Ajit Awekar, Tom Lane) §","Fix session-lifespan memory leakage in plpgsql DO blocks that use cast expressions (Ajit Awekar, Tom Lane) §",,Crash & corruption,2,extensions_contrib,pgsql-hackers,false,1,2,65,30,95,false,false,,,,,0,,
145,20230511,2023-05-11,15.3,62,Tighten array dimensionality checks when converting Perl list structures to multi-dimensional SQL arrays (Tom Lane) §,"Tighten array dimensionality checks when converting Perl list structures to multi-dimensional SQL arrays (Tom Lane) § plperl could misbehave when the nesting of sub-lists is inconsistent so that the data does not represent a rectangular array of values. Such cases now produce errors, but previously they could result in a crash or garbage output.",,Crash & corruption,2,extensions_contrib,pgsql-bugs,false,1,3,119,23,142,false,false,,,,,1,17912,0
146,20230511,2023-05-11,15.3,63,Tighten array dimensionality checks when converting Python list structures to multi-dimensional SQL arrays (Tom Lane) § §,"Tighten array dimensionality checks when converting Python list structures to multi-dimensional SQL arrays (Tom Lane) § § plpython could misbehave when dealing with empty sub-lists, or when the nesting of sub-lists is inconsistent so that the data does not represent a rectangular array of values. The former should result in an empty output array, and the latter in an error. But some cases resulted in a crash, and others in unexpected output.",,Crash & corruption,2,extensions_contrib,pgsql-bugs,false,1,3,212,121,333,false,false,,,,,1,17912,0
147,20230511,2023-05-11,15.3,64,Fix unwinding of exception stack in plpython (Xing Guo) §,"Fix unwinding of exception stack in plpython (Xing Guo) § Some rare failure cases could return without cleaning up the PG_TRY exception stack, risking a crash if another error was raised before the next stack level was unwound.",,Crash & corruption,2,extensions_contrib,pgsql-hackers,false,1,1,36,18,54,false,false,,,,,0,,
148,20230511,2023-05-11,15.3,65,Fix inconsistent GSS-encryption error handling in libpq 's PQconnectPoll() (Michael Paquier) §,"Fix inconsistent GSS-encryption error handling in libpq 's PQconnectPoll() (Michael Paquier) § With gssencmode set to require , the connection was not marked dead after a GSS initialization failure. Make it fail immediately, as the equivalent case for TLS encryption has long done.",,Client tools,5,client_tools,pgsql-hackers,false,1,1,14,9,23,false,false,,,,,0,,
149,20230511,2023-05-11,15.3,66,Fix possible data corruption in ecpg programs built with the -C ORACLE option (Kyotaro Horiguchi) §,"Fix possible data corruption in ecpg programs built with the -C ORACLE option (Kyotaro Horiguchi) § When ecpg_get_data() is called with varcharsize set to zero, it could write a terminating zero character into the last byte of the preceding field, truncating the data in that field.",,Crash & corruption,2,client_tools,pgsql-hackers,false,1,5,310,127,437,false,false,,,,,0,,
150,20230511,2023-05-11,15.3,67,Fix pg_dump so that partitioned tables that are hash-partitioned on an enum-type column can be restored successfully (Tom Lane) §,"Fix pg_dump so that partitioned tables that are hash-partitioned on an enum-type column can be restored successfully (Tom Lane) § Since the hash codes for enum values depend on the OIDs assigned to the enum, they are typically different after a dump and restore, meaning that rows often need to go into a different partition than they were in originally. Users can work around that by specifying the --load-via-partition-root option; but since there is very little chance of success without that, teach pg_dump to apply it automatically to such tables. Also, fix pg_restore to not try to TRUNCATE target tables before restoring into them when --load-via-partition-root mode is used. This avoids a hazard of deadlocks and lost data.",,Crash & corruption,2,client_tools,pgsql-hackers,false,1,8,288,52,340,false,false,,,,,0,,
151,20230511,2023-05-11,15.3,68,"Correctly detect non-seekable files on Windows (Juan José Santamaría Flecha, Michael Paquier, Daniel Watzinger) § §","Correctly detect non-seekable files on Windows (Juan José Santamaría Flecha, Michael Paquier, Daniel Watzinger) § § This bug led to misbehavior when pg_dump writes to a pipe or pg_restore reads from one.",,Client tools,5,core_server,pgsql-hackers,false,1,8,166,22,188,false,false,,,,,0,,
152,20230511,2023-05-11,15.3,69,"In pgbench 's prepared mode, prepare all the commands in a pipeline before starting the pipeline (Álvaro Herrera) §","In pgbench 's prepared mode, prepare all the commands in a pipeline before starting the pipeline (Álvaro Herrera) § This avoids a failure when a pgbench script tries to start a serializable transaction inside a pipeline.",,Client tools,5,client_tools,unknown_or_internal_not_security,false,1,2,127,51,178,false,false,,,,,0,,
153,20230511,2023-05-11,15.3,70,"In contrib/amcheck 's heap checking code, deal correctly with tuples having zero xmin or xmax (Robert Haas) § §","In contrib/amcheck 's heap checking code, deal correctly with tuples having zero xmin or xmax (Robert Haas) § §",,Extensions & contrib,6,extensions_contrib,pgsql-hackers,false,1,1,1,2,3,false,false,,,,,0,,
154,20230511,2023-05-11,15.3,71,"In contrib/amcheck , deal sanely with xids that appear to be before epoch zero (Andres Freund) §","In contrib/amcheck , deal sanely with xids that appear to be before epoch zero (Andres Freund) § In cases of corruption we might see a wrapped-around 32-bit xid that appears to be before the first xid epoch. Promoting such a value to 64-bit form produced a value far in the future, resulting in wrong reports. Return FirstNormalFullTransactionId in such cases so that things work reasonably sanely.",,Crash & corruption,2,extensions_contrib,pgsql-hackers,false,1,2,48,13,61,false,false,,,,,0,,
155,20230511,2023-05-11,15.3,72,"In contrib/basebackup_to_shell , properly detect failure to open a pipe (Robert Haas) §","In contrib/basebackup_to_shell , properly detect failure to open a pipe (Robert Haas) §",,Extensions & contrib,6,extensions_contrib,unknown_or_internal_not_security,false,1,1,5,0,5,false,false,,,,,0,,
156,20230511,2023-05-11,15.3,73,"In contrib/hstore_plpython , avoid crashing if the Python value to be transformed isn't a mapping (Dmitry Dolgov, Tom Lane) §","In contrib/hstore_plpython , avoid crashing if the Python value to be transformed isn't a mapping (Dmitry Dolgov, Tom Lane) § This should give an error, but Python 3 changed some APIs in a way that caused the check to misbehave, allowing a crash to ensue.",,Crash & corruption,2,extensions_contrib,pgsql-bugs,false,1,3,29,1,30,false,false,,,,,1,17908,2
157,20230511,2023-05-11,15.3,74,"Require the siglen option of a GiST index on an ltree column, if specified, to be a multiple of 4 (Alexander Korotkov) §","Require the siglen option of a GiST index on an ltree column, if specified, to be a multiple of 4 (Alexander Korotkov) § Other values result in misaligned accesses to index content, which is harmless on Intel-compatible hardware but can cause a crash on some other architectures.",,Crash & corruption,2,extensions_contrib,pgsql-bugs,false,1,4,27,4,31,false,false,,,,,1,17847,38
158,20230511,2023-05-11,15.3,75,"In contrib/pageinspect , add defenses against incorrect input for the gist_page_items() function (Dmitry Koval) §","In contrib/pageinspect , add defenses against incorrect input for the gist_page_items() function (Dmitry Koval) §",,Extensions & contrib,6,extensions_contrib,pgsql-bugs,false,1,5,62,56,118,false,false,,,,,1,17815,1
159,20230511,2023-05-11,15.3,76,Fix misbehavior in contrib/pg_trgm with an unsatisfiable regular expression (Tom Lane) §,"Fix misbehavior in contrib/pg_trgm with an unsatisfiable regular expression (Tom Lane) § A regex such as $foo is legal but unsatisfiable; the regex compiler recognizes that and produces an empty NFA graph. Attempting to optimize such a graph into a pg_trgm GIN or GiST index qualification resulted in accessing off the end of a work array, possibly leading to crashes.",,Crash & corruption,2,extensions_contrib,pgsql-bugs,false,1,3,25,10,35,false,false,,,,,1,17830,0
160,20230511,2023-05-11,15.3,77,"Fix handling of escape sequences in contrib/postgres_fdw 's application_name parameter (Kyotaro Horiguchi, Michael Paquier) §","Fix handling of escape sequences in contrib/postgres_fdw 's application_name parameter (Kyotaro Horiguchi, Michael Paquier) § The code to expand these could fail if executed in a background process, as for example during auto-analyze of a foreign table.",,Extensions & contrib,6,extensions_contrib,pgsql-bugs,false,1,1,18,4,22,false,false,,,,,1,17789,8
161,20230511,2023-05-11,15.3,78,"In contrib/pg_walinspect , limit memory usage of pg_get_wal_records_info() (Bharath Rupireddy) §","In contrib/pg_walinspect , limit memory usage of pg_get_wal_records_info() (Bharath Rupireddy) §",,Extensions & contrib,6,extensions_contrib,pgsql-hackers,false,1,1,53,5,58,false,false,,,,,0,,
162,20230511,2023-05-11,15.3,79,Use the --strip-unneeded option when stripping static libraries with GNU-compatible strip (Tom Lane) §,"Use the --strip-unneeded option when stripping static libraries with GNU-compatible strip (Tom Lane) § Previously, make install-strip used the -x option in this case. This change avoids misbehavior of llvm-strip , and gives slightly smaller output as well.",,Build & platform,8,build_platform,pgsql-bugs,false,1,3,3,3,6,false,false,,,,,1,17898,5
163,20230511,2023-05-11,15.3,80,"Stop recommending auto-download of DTD files for building the documentation, and indeed disable it (Aleksander Alekseev, Peter Eisentraut, Tom Lane) §","Stop recommending auto-download of DTD files for building the documentation, and indeed disable it (Aleksander Alekseev, Peter Eisentraut, Tom Lane) § It appears no longer possible to build the SGML documentation without a local installation of the DocBook DTD files. Formerly xsltproc could download those files on-the-fly from sourceforge.net; but sourceforge.net now permits only HTTPS access, and no common version of xsltproc supports that. Hence, remove the bits of our documentation suggesting that that's possible or useful, and instead add xsltproc 's --nonet option to the build recipes.",,Build & platform,8,docs,pgsql-hackers,false,1,4,70,36,106,false,true,,,,,0,,
164,20230511,2023-05-11,15.3,81,"When running TAP tests in PGXS builds, use a saner location for the temporary portlock directory (Peter Eisentraut) §","When running TAP tests in PGXS builds, use a saner location for the temporary portlock directory (Peter Eisentraut) § Place it under tmp_check in the build directory. With the previous coding, a PGXS build would try to place it in the installation directory, which is not necessarily writable.",,Build & platform,8,other,pgsql-hackers,false,1,1,1,1,2,false,false,,,,,0,,
165,20230810,2023-08-10,15.4,0,"Disallow substituting a schema or owner name into an extension script if the name contains a quote, backslash, or dollar sign (Noah Misch) §","Disallow substituting a schema or owner name into an extension script if the name contains a quote, backslash, or dollar sign (Noah Misch) § This restriction guards against SQL-injection hazards for trusted extensions. The PostgreSQL Project thanks Micah Gates, Valerie Woolard, Tim Carey-Smith, and Christoph Berg for reporting this problem. (CVE-2023-39417)",CVE-2023-39417,Security (CVE),0,core_server,unknown_or_internal_security,false,1,7,79,15,94,true,false,1,1,7.5,HIGH,0,,
166,20230810,2023-08-10,15.4,1,Fix MERGE to enforce row security policies properly (Dean Rasheed) §,"Fix MERGE to enforce row security policies properly (Dean Rasheed) § When MERGE performs an UPDATE action, it should enforce any UPDATE or SELECT RLS policies defined on the target table, to be consistent with the way that a plain UPDATE with a WHERE clause works. Instead it was enforcing INSERT RLS policies for both INSERT and UPDATE actions. In addition, when MERGE performs a DO NOTHING action, it applied the target table's DELETE RLS policies to existing rows, even though those rows are not being deleted. While it's not a security problem, this could result in unwanted errors. The PostgreSQL Project thanks Dean Rasheed for reporting this problem. (CVE-2023-39418)",CVE-2023-39418,Security (CVE),0,core_server,unknown_or_internal_security,false,1,4,152,50,202,true,false,1,1,3.1,LOW,0,,
167,20230810,2023-08-10,15.4,2,"Fix confusion between empty (no rows) ranges and all-NULL ranges in BRIN indexes, as well as incorrect merging of all-NULL summaries (Tomas Vondra) § §","Fix confusion between empty (no rows) ranges and all-NULL ranges in BRIN indexes, as well as incorrect merging of all-NULL summaries (Tomas Vondra) § § Each of these oversights could result in forgetting that a BRIN index range contains any NULL values, potentially allowing subsequent queries that should return NULL values to miss doing so. This fix will not in itself correct faulty BRIN entries. It's recommended to REINDEX any BRIN indexes that may be used to search for nulls.",,Other functionality,9,core_server,pgsql-hackers,false,1,5,134,8,142,true,false,,,,,0,,
168,20230810,2023-08-10,15.4,3,Avoid leaving a corrupted database behind when DROP DATABASE is interrupted (Andres Freund) §,"Avoid leaving a corrupted database behind when DROP DATABASE is interrupted (Andres Freund) § If DROP DATABASE was interrupted after it had already begun taking irreversible steps, the target database remained accessible (because the removal of its pg_database row would roll back), but it would have corrupt contents. Fix by marking the database as inaccessible before we begin to perform irreversible operations. A failure after that will leave the database still partially present, but nothing can be done with it except to issue another DROP DATABASE.",,Crash & corruption,2,client_tools,pgsql-hackers,false,1,20,421,28,449,true,false,,,,,0,,
169,20230810,2023-08-10,15.4,4,Ensure that partitioned indexes are correctly marked as valid or not at creation (Michael Paquier) §,"Ensure that partitioned indexes are correctly marked as valid or not at creation (Michael Paquier) § If a new partitioned index matches an existing but invalid index on one of the partitions, the partitioned index could end up being marked valid prematurely. This could lead to misbehavior or assertion failures in subsequent queries on the partitioned table.",,Crash & corruption,2,core_server,pgsql-bugs,false,1,3,85,7,92,true,false,,,,,1,17997,5
170,20230810,2023-08-10,15.4,5,Ignore invalid child indexes when matching partitioned indexes to child indexes during ALTER TABLE ATTACH PARTITION (Michael Paquier) §,"Ignore invalid child indexes when matching partitioned indexes to child indexes during ALTER TABLE ATTACH PARTITION (Michael Paquier) § Such an index will now be ignored, and a new child index created instead.",,Other functionality,9,core_server,unknown_or_internal_not_security,false,1,3,58,2,60,true,false,,,,,0,,
171,20230810,2023-08-10,15.4,6,Fix possible failure when marking a partitioned index valid after all of its partitions have been attached (Michael Paquier) §,Fix possible failure when marking a partitioned index valid after all of its partitions have been attached (Michael Paquier) § The update of the index's pg_index entry could use stale data for other columns. One reported symptom is an attempted to update invisible tuple error.,,Other functionality,9,core_server,pgsql-hackers,false,1,3,117,4,121,true,false,,,,,0,,
172,20230810,2023-08-10,15.4,7,"Fix ALTER EXTENSION SET SCHEMA to complain if the extension contains any objects outside the extension's schema (Michael Paquier, Heikki Linnakangas) §","Fix ALTER EXTENSION SET SCHEMA to complain if the extension contains any objects outside the extension's schema (Michael Paquier, Heikki Linnakangas) § Erroring out if the extension contains objects in multiple schemas was always intended; but the check was mis-coded so that it would fail to detect some cases, leading to surprising behavior.",,Other functionality,9,core_server,pgsql-hackers,false,1,3,79,7,86,true,false,,,,,0,,
173,20230810,2023-08-10,15.4,8,Fix tracking of tables' access method dependencies (Michael Paquier) §,"Fix tracking of tables' access method dependencies (Michael Paquier) § ALTER TABLE ... SET ACCESS METHOD failed to update relevant pg_depend entries when changing a table's access method. When using non-built-in access methods, this creates a risk that an access method could be dropped even though tables still depend on it. This fix corrects the logic in ALTER TABLE, but it will not adjust any already-missing pg_depend entries.",,Other functionality,9,core_server,pgsql-bugs,false,1,3,76,0,76,true,false,,,,,1,18000,3
174,20230810,2023-08-10,15.4,9,Don't use partial unique indexes for uniqueness proofs in the planner (David Rowley) §,"Don't use partial unique indexes for uniqueness proofs in the planner (David Rowley) § This could give rise to incorrect plans, since the presumed uniqueness of rows read from a table might not hold if the index in question isn't used to scan the table.",,Wrong results & planner,3,planner,pgsql-bugs,false,1,4,36,8,44,true,false,,,,,1,17975,5
175,20230810,2023-08-10,15.4,10,Don't Memoize lateral joins with volatile join conditions (Richard Guo) §,Don't Memoize lateral joins with volatile join conditions (Richard Guo) § Applying Memoize to a sub-plan that contains volatile filter conditions is likely to lead to wrong answers. The check to avoid doing this missed some cases that can arise when using LATERAL .,,Wrong results & planner,3,planner,pgsql-hackers,false,1,1,17,0,17,false,false,,,,,0,,
176,20230810,2023-08-10,15.4,11,Avoid producing incorrect plans for foreign joins with pseudoconstant join clauses (Etsuro Fujita) §,"Avoid producing incorrect plans for foreign joins with pseudoconstant join clauses (Etsuro Fujita) § The planner currently lacks support for attaching pseudoconstant join clauses to a pushed-down remote join, so disable generation of remote joins in such cases. (A better solution will require ABI-breaking changes of planner data structures, so it will have to wait for a future major release.)",,Wrong results & planner,3,planner,pgsql-hackers,false,1,5,78,2,80,false,false,,,,,0,,
177,20230810,2023-08-10,15.4,12,Correctly handle sub-SELECTs in RLS policy expressions and security-barrier views when expanding rule actions (Tom Lane) §,Correctly handle sub-SELECTs in RLS policy expressions and security-barrier views when expanding rule actions (Tom Lane) §,,Other functionality,9,core_server,pgsql-bugs,false,1,3,52,1,53,true,false,,,,,1,17972,0
178,20230810,2023-08-10,15.4,13,Fix race conditions in conflict detection for SERIALIZABLE isolation mode (Thomas Munro) § § §,"Fix race conditions in conflict detection for SERIALIZABLE isolation mode (Thomas Munro) § § § Conflicts could be missed when using bitmap heap scans, when using GIN indexes, and when examining an initially-empty btree index. All these cases could lead to serializability failures due to improperly allowing conflicting transactions to commit.",,Crash & corruption,2,core_server,pgsql-bugs,false,1,2,10,3,13,false,false,,,,,1,17949,36
179,20230810,2023-08-10,15.4,14,Fix misbehavior of EvalPlanQual checks with inherited or partitioned target tables (Tom Lane) §,Fix misbehavior of EvalPlanQual checks with inherited or partitioned target tables (Tom Lane) § This oversight could lead to update or delete actions in READ COMMITTED isolation mode getting performed when they should have been skipped because of a conflicting concurrent update.,,Other functionality,9,core_server,pgsql-hackers,false,1,7,240,41,281,true,false,,,,,0,,
180,20230810,2023-08-10,15.4,15,Fix hash join with an inner-side hash key that contains Params coming from an outer nested loop (Tom Lane) §,"Fix hash join with an inner-side hash key that contains Params coming from an outer nested loop (Tom Lane) § When rescanning the join after the values of such Params have changed, we must rebuild the hash table, but neglected to do so. This could result in missing join output rows.",,Other functionality,9,planner,pgsql-bugs,false,1,3,60,1,61,true,false,,,,,1,17985,0
181,20230810,2023-08-10,15.4,16,Fix intermittent failures when trying to update a field of a composite column (Tom Lane) §,"Fix intermittent failures when trying to update a field of a composite column (Tom Lane) § If the overall value of the composite column is wide enough to require out-of-line toasting, then an unluckily-timed cache flush could cause errors or server crashes.",,Crash & corruption,2,core_server,pgsql-bugs,false,1,3,31,12,43,true,false,,,,,1,17994,5
182,20230810,2023-08-10,15.4,17,Prevent query-lifespan memory leaks in some UPDATE queries with triggers (Tomas Vondra) § §,Prevent query-lifespan memory leaks in some UPDATE queries with triggers (Tomas Vondra) § §,,Crash & corruption,2,core_server,pgsql-hackers,false,1,1,32,1,33,false,false,,,,,0,,
183,20230810,2023-08-10,15.4,18,"Prevent query-lifespan memory leaks when an Incremental Sort plan node is rescanned (James Coleman, Laurenz Albe, Tom Lane) §","Prevent query-lifespan memory leaks when an Incremental Sort plan node is rescanned (James Coleman, Laurenz Albe, Tom Lane) §",,Crash & corruption,2,core_server,pgsql-bugs,false,1,1,0,7,7,false,false,,,,,0,,
184,20230810,2023-08-10,15.4,19,Accept fractional seconds in the input to jsonpath 's datetime() method (Tom Lane) §,Accept fractional seconds in the input to jsonpath 's datetime() method (Tom Lane) §,,Other functionality,9,core_server,pgsql-bugs,false,1,3,31,4,35,true,false,,,,,0,,
185,20230810,2023-08-10,15.4,20,Prevent stack-overflow crashes with very complex text search patterns (Tom Lane) §,Prevent stack-overflow crashes with very complex text search patterns (Tom Lane) §,,Crash & corruption,2,core_server,pgsql-bugs,false,1,1,15,0,15,false,false,,,,,1,17995,0
186,20230810,2023-08-10,15.4,21,Allow tokens up to 10240 bytes long in pg_hba.conf and pg_ident.conf (Tom Lane) §,Allow tokens up to 10240 bytes long in pg_hba.conf and pg_ident.conf (Tom Lane) § The previous limit of 256 bytes has been found insufficient for some use-cases.,,Other functionality,9,core_server,pgsql-hackers,false,1,1,26,48,74,false,false,,,,,0,,
187,20230810,2023-08-10,15.4,22,"Ensure that all existing placeholders are checked for matches when an extension declares its GUC prefix to be reserved (Karina Litskevich, Ekaterina Sokolova) §","Ensure that all existing placeholders are checked for matches when an extension declares its GUC prefix to be reserved (Karina Litskevich, Ekaterina Sokolova) § Faulty loop logic could cause some entries to be skipped.",,Other functionality,9,core_server,pgsql-hackers,false,1,1,1,0,1,false,false,,,,,0,,
188,20230810,2023-08-10,15.4,23,Fix mishandling of C++ out-of-memory conditions (Heikki Linnakangas) §,"Fix mishandling of C++ out-of-memory conditions (Heikki Linnakangas) § If JIT is in use, running out of memory in a C++ new call would lead to a PostgreSQL FATAL error, instead of the expected C++ exception.",,Build & platform,8,core_server,pgsql-hackers,false,1,1,2,0,2,false,false,,,,,0,,
189,20230810,2023-08-10,15.4,24,Fix rare null-pointer crash in plancache.c (Tom Lane) §,Fix rare null-pointer crash in plancache.c (Tom Lane) §,,Crash & corruption,2,core_server,pgsql-hackers,false,1,1,3,1,4,false,false,,,,,0,,
190,20230810,2023-08-10,15.4,25,Avoid leaking a stats entry for a subscription when it is dropped (Masahiko Sawada) §,Avoid leaking a stats entry for a subscription when it is dropped (Masahiko Sawada) §,,Replication & recovery,4,core_server,pgsql-hackers,false,1,2,26,6,32,true,false,,,,,0,,
191,20230810,2023-08-10,15.4,26,Avoid losing track of possibly-useful shared memory segments when a page free results in coalescing ranges of free space (Dongming Liu) §,"Avoid losing track of possibly-useful shared memory segments when a page free results in coalescing ranges of free space (Dongming Liu) § Ensure that the segment is moved into the appropriate bin for its new amount of free space, so that it will be found by subsequent searches.",,Other functionality,9,core_server,pgsql-hackers,false,1,1,43,22,65,false,false,,,,,0,,
192,20230810,2023-08-10,15.4,27,Allow VACUUM to continue after detecting certain types of b-tree index corruption (Peter Geoghegan) § §,"Allow VACUUM to continue after detecting certain types of b-tree index corruption (Peter Geoghegan) § § If an invalid sibling-page link is detected, log the issue and press on, rather than throwing an error as before. Nothing short of REINDEX will fix the broken index, but preventing VACUUM from completing until that is done risks making matters far worse.",,Crash & corruption,2,core_server,pgsql-hackers,false,1,1,16,7,23,false,false,,,,,0,,
193,20230810,2023-08-10,15.4,28,Ensure that WrapLimitsVacuumLock is released after VACUUM detects invalid data in pg_database . datfrozenxid or pg_database . datminmxid (Andres Freund) §,"Ensure that WrapLimitsVacuumLock is released after VACUUM detects invalid data in pg_database . datfrozenxid or pg_database . datminmxid (Andres Freund) § Failure to release this lock could lead to a deadlock later, although the lock would be cleaned up if the session exits or encounters some other error.",,Crash & corruption,2,core_server,pgsql-hackers,false,1,1,4,0,4,false,false,,,,,0,,
194,20230810,2023-08-10,15.4,29,"Avoid double replay of prepared transactions during crash recovery (suyu.cmj, Michael Paquier) § §","Avoid double replay of prepared transactions during crash recovery (suyu.cmj, Michael Paquier) § § After a crash partway through a checkpoint with some two-phase transaction state data already flushed to disk by this checkpoint, crash recovery could attempt to replay the prepared transaction(s) twice, leading to a fatal error such as lock is already held in the startup process.",,Crash & corruption,2,replication_recovery,pgsql-bugs,false,1,1,5,5,10,false,false,,,,,0,,
195,20230810,2023-08-10,15.4,30,"Ensure that a newly created, but still empty table is fsync 'ed at the next checkpoint (Heikki Linnakangas) §","Ensure that a newly created, but still empty table is fsync 'ed at the next checkpoint (Heikki Linnakangas) § Without this, if there is an operating system crash causing the empty file to disappear, subsequent operations on the table might fail with could not open file errors.",,Crash & corruption,2,core_server,pgsql-hackers,false,1,1,3,0,3,false,false,,,,,0,,
196,20230810,2023-08-10,15.4,31,Ensure that creation of the init fork of an unlogged index is WAL-logged (Heikki Linnakangas) §,"Ensure that creation of the init fork of an unlogged index is WAL-logged (Heikki Linnakangas) § While an unlogged index's main data fork is not WAL-logged, its init fork should be, to ensure that we have a consistent state to restore the index to after a crash. This step was missed if the init fork contains no data, which is a case not used by any standard index AM; but perhaps some extension behaves that way.",,Crash & corruption,2,core_server,pgsql-hackers,false,1,1,2,0,2,false,false,,,,,0,,
197,20230810,2023-08-10,15.4,32,Silence bogus missing contrecord errors (Thomas Munro) §,Silence bogus missing contrecord errors (Thomas Munro) § Treat this case as plain end-of-WAL to avoid logging inaccurate complaints from pg_waldump and walsender .,,Replication & recovery,4,replication_recovery,pgsql-hackers,false,1,1,4,8,12,false,false,,,,,0,,
198,20230810,2023-08-10,15.4,33,Fix overly strict assertion in jsonpath code (David Rowley) §,Fix overly strict assertion in jsonpath code (David Rowley) § This assertion failed if a query applied the .type() operator to a like_regex result. There was no bug in non-assert builds.,,Crash & corruption,2,core_server,pgsql-bugs,false,1,1,2,1,3,false,false,,,,,1,18035,7
199,20230810,2023-08-10,15.4,34,Avoid assertion failure when processing an empty statement via the extended query protocol in an already-aborted transaction (Tom Lane) §,Avoid assertion failure when processing an empty statement via the extended query protocol in an already-aborted transaction (Tom Lane) §,,Crash & corruption,2,core_server,pgsql-bugs,false,1,3,22,1,23,true,false,,,,,1,17983,2
200,20230810,2023-08-10,15.4,35,Avoid assertion failure when the stats_fetch_consistency setting is changed intra-transaction (Kyotaro Horiguchi) §,Avoid assertion failure when the stats_fetch_consistency setting is changed intra-transaction (Kyotaro Horiguchi) §,,Crash & corruption,2,core_server,pgsql-bugs,false,1,6,118,4,122,true,false,,,,,1,17804,77
201,20230810,2023-08-10,15.4,36,"Fix contrib/fuzzystrmatch 's Soundex difference() function to handle empty input sanely (Alexander Lakhin, Tom Lane) §","Fix contrib/fuzzystrmatch 's Soundex difference() function to handle empty input sanely (Alexander Lakhin, Tom Lane) § An input string containing no alphabetic characters resulted in unpredictable output.",,Extensions & contrib,6,extensions_contrib,pgsql-bugs,false,1,3,15,7,22,false,false,,,,,1,17935,0
202,20230810,2023-08-10,15.4,37,Tighten whitespace checks in contrib/hstore input (Evan Jones) §,"Tighten whitespace checks in contrib/hstore input (Evan Jones) § In some cases, characters would be falsely recognized as whitespace and hence discarded.",,Extensions & contrib,6,extensions_contrib,pgsql-hackers,false,1,5,69,5,74,false,false,,,,,0,,
203,20230810,2023-08-10,15.4,38,"Disallow oversize input arrays with contrib/intarray 's gist__int_ops index opclass (Ankit Kumar Pandey, Alexander Lakhin) §","Disallow oversize input arrays with contrib/intarray 's gist__int_ops index opclass (Ankit Kumar Pandey, Alexander Lakhin) § Previously this code would report a NOTICE but press on anyway, creating an invalid index entry that presents a risk of crashes when the index is read.",,Crash & corruption,2,extensions_contrib,pgsql-bugs,false,1,3,12,4,16,false,false,,,,,1,17888,70
204,20230810,2023-08-10,15.4,39,"Avoid useless double decompression of GiST index entries in contrib/intarray (Konstantin Knizhnik, Matthias van de Meent, Tom Lane) §","Avoid useless double decompression of GiST index entries in contrib/intarray (Konstantin Knizhnik, Matthias van de Meent, Tom Lane) §",,Extensions & contrib,6,extensions_contrib,pgsql-hackers,false,1,1,0,3,3,false,false,,,,,0,,
205,20230810,2023-08-10,15.4,40,"Fix contrib/pageinspect 's gist_page_items() function to work when there are included index columns (Alexander Lakhin, Michael Paquier) §","Fix contrib/pageinspect 's gist_page_items() function to work when there are included index columns (Alexander Lakhin, Michael Paquier) § Previously, if the index has included columns, gist_page_items() would fail to display those values on index leaf pages, or crash outright on non-leaf pages.",,Crash & corruption,2,extensions_contrib,pgsql-bugs,false,1,6,178,31,209,false,false,,,,,1,17884,45
206,20230810,2023-08-10,15.4,41,"In psql , ignore the PSQL_WATCH_PAGER environment variable when stdin/stdout are not a terminal (Tom Lane) §","In psql , ignore the PSQL_WATCH_PAGER environment variable when stdin/stdout are not a terminal (Tom Lane) § This corresponds to the treatment of PSQL_PAGER in commands besides \watch.",,Client tools,5,client_tools,pgsql-hackers,false,1,2,26,19,45,false,false,,,,,0,,
207,20230810,2023-08-10,15.4,42,Fix pg_dump to correctly handle new-style SQL-language functions whose bodies require parse-time dependencies on unique indexes (Tom Lane) §,"Fix pg_dump to correctly handle new-style SQL-language functions whose bodies require parse-time dependencies on unique indexes (Tom Lane) § Such cases can arise from GROUP BY and ON CONFLICT clauses, for example. The function must then be postponed until after the unique index in the dump output, but pg_dump did not do that and instead printed a warning about could not resolve dependency loop .",,Client tools,5,client_tools,pgsql-hackers,false,1,4,89,1,90,false,false,,,,,0,,
208,20230810,2023-08-10,15.4,43,Improve pg_dump 's display of details about dependency-loop problems (Tom Lane) §,Improve pg_dump 's display of details about dependency-loop problems (Tom Lane) §,,Client tools,5,client_tools,pgsql-hackers,false,1,1,4,4,8,false,false,,,,,0,,
209,20230810,2023-08-10,15.4,44,Avoid crash in pgbench with an empty pipeline and prepared mode (Álvaro Herrera) §,Avoid crash in pgbench with an empty pipeline and prepared mode (Álvaro Herrera) §,,Crash & corruption,2,client_tools,pgsql-hackers,false,1,2,28,18,46,false,false,,,,,0,,
210,20230810,2023-08-10,15.4,45,Ensure that pg_index . indisreplident is kept up-to-date in relation cache entries (Shruthi Gowda) §,"Ensure that pg_index . indisreplident is kept up-to-date in relation cache entries (Shruthi Gowda) § This value could be stale in some cases. There is no core code that relies on the relation cache's copy, so this is only a latent bug as far as Postgres itself is concerned; but there may be extensions for which it is a live bug.",,Other functionality,9,core_server,pgsql-hackers,false,1,1,1,0,1,false,false,,,,,0,,
211,20230810,2023-08-10,15.4,46,Fix make_etags script to work with non-Exuberant ctags (Masahiko Sawada) §,Fix make_etags script to work with non-Exuberant ctags (Masahiko Sawada) §,,Other functionality,9,build_platform,pgsql-hackers,false,1,1,4,5,9,false,false,,,,,0,,
212,20231109,2023-11-09,15.5,0,"Fix handling of unknown-type arguments in DISTINCT ""any"" aggregate functions (Tom Lane) §","Fix handling of unknown-type arguments in DISTINCT ""any"" aggregate functions (Tom Lane) § This error led to a text -type value being interpreted as an unknown -type value (that is, a zero-terminated string) at runtime. This could result in disclosure of server memory following the text value. The PostgreSQL Project thanks Jingzhou Fu for reporting this problem. (CVE-2023-5868)",CVE-2023-5868,Security (CVE),0,core_server,unknown_or_internal_security,false,2,3,33,12,45,true,false,1,1,4.3,MEDIUM,0,,
213,20231109,2023-11-09,15.5,1,Detect integer overflow while computing new array dimensions (Tom Lane) §,"Detect integer overflow while computing new array dimensions (Tom Lane) § When assigning new elements to array subscripts that are outside the current array bounds, an undetected integer overflow could occur in edge cases. Memory stomps that are potentially exploitable for arbitrary code execution are possible, and so is disclosure of server memory. The PostgreSQL Project thanks Pedro Gallegos for reporting this problem. (CVE-2023-5869)",CVE-2023-5869,Security (CVE),0,core_server,unknown_or_internal_security,false,2,5,110,24,134,true,false,1,1,8.8,HIGH,0,,
214,20231109,2023-11-09,15.5,2,"Prevent the pg_signal_backend role from signalling background workers and autovacuum processes (Noah Misch, Jelte Fennema-Nio) § §","Prevent the pg_signal_backend role from signalling background workers and autovacuum processes (Noah Misch, Jelte Fennema-Nio) § § The documentation says that pg_signal_backend cannot issue signals to superuser-owned processes. It was able to signal these background processes, though, because they advertise a role OID of zero. Treat that as indicating superuser ownership. The security implications of cancelling one of these process types are fairly small so far as the core code goes (we'll just start another one), but extensions might add background workers that are more vulnerable. Also ensure that the is_superuser parameter is set correctly in such processes. No specific security consequences are known for that oversight, but it might be significant for some extensions. The PostgreSQL Project thanks Hemanth Sandrana and Mahendrakar Srinivasarao for reporting this problem. (CVE-2023-5870)",CVE-2023-5870,Security (CVE),0,core_server,unknown_or_internal_security,false,2,3,40,2,42,true,false,1,1,2.2,LOW,0,,
215,20231109,2023-11-09,15.5,3,Fix misbehavior during recursive page split in GiST index build (Heikki Linnakangas) §,"Fix misbehavior during recursive page split in GiST index build (Heikki Linnakangas) § Fix a case where the location of a page downlink was incorrectly tracked, and introduce some logic to allow recovering from such situations rather than silently doing the wrong thing. This error could result in incorrect answers from subsequent index searches. It may be advisable to reindex all GiST indexes after installing this update.",,Wrong results & planner,3,extensions_contrib,pgsql-bugs,false,2,3,226,80,306,false,false,,,,,1,18129,4
216,20231109,2023-11-09,15.5,4,Prevent de-duplication of btree index entries for interval columns (Noah Misch) §,"Prevent de-duplication of btree index entries for interval columns (Noah Misch) § There are interval values that are distinguishable but compare equal, for example 24:00:00 and 1 day . This breaks assumptions made by btree de-duplication, so interval columns need to be excluded from de-duplication. This oversight can cause incorrect results from index-only scans. Moreover, after updating amcheck will report an error for almost all such indexes. Users should reindex any btree indexes on interval columns.",,Wrong results & planner,3,core_server,pgsql-hackers,false,2,5,16,6,22,true,false,,,,,0,,
217,20231109,2023-11-09,15.5,5,Process date values more sanely in BRIN datetime_minmax_multi_ops indexes (Tomas Vondra) §,"Process date values more sanely in BRIN datetime_minmax_multi_ops indexes (Tomas Vondra) § The distance calculation for dates was backward, causing poor decisions about which entries to merge. The index still produces correct results, but is much less efficient than it should be. Reindexing BRIN minmax_multi indexes on date columns is advisable.",,Other functionality,9,core_server,pgsql-hackers,false,2,3,44,1,45,true,false,,,,,0,,
218,20231109,2023-11-09,15.5,6,Process large timestamp and timestamptz values more sanely in BRIN datetime_minmax_multi_ops indexes (Tomas Vondra) § §,"Process large timestamp and timestamptz values more sanely in BRIN datetime_minmax_multi_ops indexes (Tomas Vondra) § § Infinities were mistakenly treated as having distance zero rather than a large distance from other values, causing poor decisions about which entries to merge. Also, finite-but-very-large values (near the endpoints of the representable timestamp range) could result in internal overflows, again causing poor decisions. The index still produces correct results, but is much less efficient than it should be. Reindexing BRIN minmax_multi indexes on timestamp and timestamptz columns is advisable if the column contains, or has contained, infinities or large finite values.",,Other functionality,9,core_server,pgsql-hackers,false,2,3,96,6,102,true,false,,,,,0,,
219,20231109,2023-11-09,15.5,7,Avoid calculation overflows in BRIN interval_minmax_multi_ops indexes with extreme interval values (Tomas Vondra) §,Avoid calculation overflows in BRIN interval_minmax_multi_ops indexes with extreme interval values (Tomas Vondra) § This bug might have caused unexpected failures while trying to insert large interval values into such an index.,,Other functionality,9,core_server,pgsql-hackers,false,2,3,54,29,83,true,false,,,,,0,,
220,20231109,2023-11-09,15.5,8,Fix partition step generation and runtime partition pruning for hash-partitioned tables with multiple partition keys (David Rowley) § §,Fix partition step generation and runtime partition pruning for hash-partitioned tables with multiple partition keys (David Rowley) § § Some cases involving an IS NULL condition on one of the partition keys could result in a crash.,,Crash & corruption,2,core_server,pgsql-hackers,false,2,3,69,27,96,true,false,,,,,0,,
221,20231109,2023-11-09,15.5,9,Fix inconsistent rechecking of concurrently-updated rows during MERGE (Dean Rasheed) §,"Fix inconsistent rechecking of concurrently-updated rows during MERGE (Dean Rasheed) § In READ COMMITTED mode, an update that finds that its target row was just updated by a concurrent transaction will recheck the query's WHERE conditions on the updated row. MERGE failed to ensure that the proper rows of other joined tables were used during this recheck, possibly resulting in incorrect decisions about whether the newly-updated row should be updated again by MERGE.",,Other functionality,9,core_server,pgsql-bugs,false,2,10,237,38,275,true,false,,,,,1,18103,20
222,20231109,2023-11-09,15.5,10,"Correctly identify the target table in an inherited UPDATE/ DELETE/ MERGE even when the parent table is excluded by constraints (Amit Langote, Tom Lane) §","Correctly identify the target table in an inherited UPDATE/ DELETE/ MERGE even when the parent table is excluded by constraints (Amit Langote, Tom Lane) § If the initially-named table is excluded by constraints, but not all its inheritance descendants are, the first non-excluded descendant was identified as the primary target table. This would lead to firing statement-level triggers associated with that table, rather than the initially-named table as should happen. In v16, the same oversight could also lead to invalid perminfoindex 0 in RTE with relid NNNN errors.",,Other functionality,9,planner,pgsql-bugs,false,2,1,2,1,3,false,false,,,,,1,18147,19
223,20231109,2023-11-09,15.5,11,Fix edge case in btree mark/restore processing of ScalarArrayOpExpr clauses (Peter Geoghegan) §,"Fix edge case in btree mark/restore processing of ScalarArrayOpExpr clauses (Peter Geoghegan) § When restoring an indexscan to a previously marked position, the code could miss required setup steps if the scan had advanced exactly to the end of the matches for a ScalarArrayOpExpr (that is, an indexcol = ANY(ARRAY[]) ) clause. This could result in missing some rows that should have been fetched.",,Other functionality,9,core_server,pgsql-hackers,false,2,3,19,1,20,false,false,,,,,0,,
224,20231109,2023-11-09,15.5,12,"Fix intra-query memory leak in Memoize execution (Orlov Aleksej, David Rowley) §","Fix intra-query memory leak in Memoize execution (Orlov Aleksej, David Rowley) §",,Crash & corruption,2,core_server,pgsql-hackers,false,2,1,22,3,25,false,false,,,,,0,,
225,20231109,2023-11-09,15.5,13,Fix intra-query memory leak when a set-returning function repeatedly returns zero rows (Tom Lane) §,Fix intra-query memory leak when a set-returning function repeatedly returns zero rows (Tom Lane) §,,Crash & corruption,2,core_server,pgsql-bugs,false,2,1,17,9,26,false,false,,,,,1,18172,1
226,20231109,2023-11-09,15.5,14,Don't crash if cursor_to_xmlschema() is applied to a non-data-returning Portal (Boyu Yang) §,Don't crash if cursor_to_xmlschema() is applied to a non-data-returning Portal (Boyu Yang) §,,Crash & corruption,2,core_server,pgsql-hackers,false,2,2,17,0,17,false,false,,,,,0,,
227,20231109,2023-11-09,15.5,15,Throw the intended error if pgrowlocks() is applied to a partitioned table (David Rowley) §,"Throw the intended error if pgrowlocks() is applied to a partitioned table (David Rowley) § Previously, a not-on-point complaint only heap AM is supported would be raised.",,Other functionality,9,extensions_contrib,pgsql-hackers,false,2,1,4,4,8,false,false,,,,,0,,
228,20231109,2023-11-09,15.5,16,Handle invalid indexes more cleanly in assorted SQL functions (Noah Misch) §,"Handle invalid indexes more cleanly in assorted SQL functions (Noah Misch) § Report an error if pgstatindex() , pgstatginindex() , pgstathashindex() , or pgstattuple() is applied to an invalid index. If brin_desummarize_range() , brin_summarize_new_values() , brin_summarize_range() , or gin_clean_pending_list() is applied to an invalid index, do nothing except to report a debug-level message. Formerly these functions attempted to process the index, and might fail in strange ways depending on what the failed CREATE INDEX had left behind.",,Extensions & contrib,6,core_server,pgsql-hackers,false,2,4,74,9,83,false,false,,,,,0,,
229,20231109,2023-11-09,15.5,17,Fix pg_stat_reset_single_table_counters() to do the right thing for a shared catalog (Masahiro Ikeda) §,Fix pg_stat_reset_single_table_counters() to do the right thing for a shared catalog (Masahiro Ikeda) § Previously the reset would be ineffective.,,Other functionality,9,core_server,pgsql-hackers,false,1,3,83,2,85,true,false,,,,,0,,
230,20231109,2023-11-09,15.5,18,Avoid premature memory allocation failure with long inputs to to_tsvector() (Tom Lane) §,Avoid premature memory allocation failure with long inputs to to_tsvector() (Tom Lane) §,,Other functionality,9,core_server,pgsql-bugs,false,2,1,2,0,2,false,false,,,,,1,18080,21
231,20231109,2023-11-09,15.5,19,Fix over-allocation of the constructed tsvector in tsvectorrecv() (Denis Erokhin) §,"Fix over-allocation of the constructed tsvector in tsvectorrecv() (Denis Erokhin) § If the incoming vector includes position data, the binary receive function left wasted space (roughly equal to the size of the position data) in the finished tsvector . In extreme cases this could lead to maximum total lexeme length exceeded failures for vectors that were under the length limit when emitted. In any case it could lead to wasted space on-disk.",,Other functionality,9,core_server,pgsql-hackers,false,2,1,2,2,4,false,false,,,,,0,,
232,20231109,2023-11-09,15.5,20,Fix incorrect coding in gtsvector_picksplit() (Alexander Lakhin) §,Fix incorrect coding in gtsvector_picksplit() (Alexander Lakhin) § This could lead to poor page-split decisions in GiST indexes on tsvector columns.,,Other functionality,9,core_server,pgsql-bugs,false,1,1,2,2,4,false,false,,,,,1,17950,98
233,20231109,2023-11-09,15.5,21,Improve checks for corrupt PGLZ compressed data (Flavien Guedez) §,Improve checks for corrupt PGLZ compressed data (Flavien Guedez) §,,Crash & corruption,2,core_server,pgsql-bugs,false,2,1,8,4,12,false,false,,,,,0,,
234,20231109,2023-11-09,15.5,22,"In COPY FROM, fail cleanly when an unsupported encoding conversion is needed (Tom Lane) §","In COPY FROM, fail cleanly when an unsupported encoding conversion is needed (Tom Lane) § Recent refactoring accidentally removed the intended error check for this, such that it ended in cache lookup failed for function 0 instead of a useful error message.",,Other functionality,9,core_server,unknown_or_internal_not_security,false,2,1,6,0,6,false,false,,,,,0,,
235,20231109,2023-11-09,15.5,23,"Avoid crash in EXPLAIN if a parameter marked to be displayed by EXPLAIN has a NULL boot-time value (Xing Guo, Aleksander Alekseev, Tom Lane) §","Avoid crash in EXPLAIN if a parameter marked to be displayed by EXPLAIN has a NULL boot-time value (Xing Guo, Aleksander Alekseev, Tom Lane) § No built-in parameter fits this description, but an extension could define such a parameter.",,Crash & corruption,2,core_server,pgsql-hackers,false,2,2,23,3,26,false,false,,,,,0,,
236,20231109,2023-11-09,15.5,24,Ensure we have a snapshot while dropping ON COMMIT DROP temp tables (Tom Lane) §,Ensure we have a snapshot while dropping ON COMMIT DROP temp tables (Tom Lane) § This prevents possible misbehavior if any catalog entries for the temp tables have fields wide enough to require toasting (such as a very complex CHECK condition).,,Other functionality,9,core_server,pgsql-bugs,false,2,3,44,0,44,true,false,,,,,0,,
237,20231109,2023-11-09,15.5,25,Avoid improper response to shutdown signals in child processes just forked by system() (Nathan Bossart) §,"Avoid improper response to shutdown signals in child processes just forked by system() (Nathan Bossart) § This fix avoids a race condition in which a child process that has been forked off by system() , but hasn't yet exec'd the intended child program, might receive and act on a signal intended for the parent server process. That would lead to duplicate cleanup actions being performed, which will not end well.",,Crash & corruption,2,core_server,pgsql-hackers,false,2,5,62,1,63,false,false,,,,,0,,
238,20231109,2023-11-09,15.5,26,Cope with torn reads of pg_control in frontend programs (Thomas Munro) §,"Cope with torn reads of pg_control in frontend programs (Thomas Munro) § On some file systems, reading pg_control may not be an atomic action when the server concurrently writes that file. This is detectable via a bad CRC. Retry a few times to see if the file becomes valid before we report error.",,Other functionality,9,core_server,pgsql-hackers,false,2,1,30,0,30,false,false,,,,,0,,
239,20231109,2023-11-09,15.5,27,Avoid torn reads of pg_control in relevant SQL functions (Thomas Munro) §,"Avoid torn reads of pg_control in relevant SQL functions (Thomas Munro) § Acquire the appropriate lock before reading pg_control , to ensure we get a consistent view of that file.",,Other functionality,9,core_server,pgsql-hackers,false,2,1,9,0,9,false,false,,,,,0,,
240,20231109,2023-11-09,15.5,28,Avoid integer overflow when computing size of backend activity string array (Jakub Wartak) §,"Avoid integer overflow when computing size of backend activity string array (Jakub Wartak) § On 64-bit machines we will allow values of track_activity_query_size large enough to cause 32-bit overflow when multiplied by the allowed number of connections. The code actually allocating the per-backend local array was careless about this though, and allocated the array incorrectly.",,Other functionality,9,core_server,pgsql-hackers,false,2,1,2,1,3,false,false,,,,,0,,
241,20231109,2023-11-09,15.5,29,Fix briefly showing inconsistent progress statistics for ANALYZE on inherited tables (Heikki Linnakangas) §,Fix briefly showing inconsistent progress statistics for ANALYZE on inherited tables (Heikki Linnakangas) § The block-level counters should be reset to zero at the same time we update the current-relation field.,,Other functionality,9,core_server,pgsql-hackers,false,2,1,19,2,21,false,false,,,,,0,,
242,20231109,2023-11-09,15.5,30,Fix the background writer to report any WAL writes it makes to the statistics counters (Nazir Bilal Yavuz) §,Fix the background writer to report any WAL writes it makes to the statistics counters (Nazir Bilal Yavuz) §,,Replication & recovery,4,core_server,pgsql-hackers,false,2,1,1,0,1,false,false,,,,,0,,
243,20231109,2023-11-09,15.5,31,"Fix confusion about forced-flush behavior in pgstat_report_wal() (Ryoga Yoshida, Michael Paquier) §","Fix confusion about forced-flush behavior in pgstat_report_wal() (Ryoga Yoshida, Michael Paquier) § This could result in some statistics about WAL I/O being forgotten in a shutdown.",,Replication & recovery,4,core_server,pgsql-hackers,false,2,1,14,2,16,false,false,,,,,0,,
244,20231109,2023-11-09,15.5,32,"Track the dependencies of cached CALL statements, and re-plan them when needed (Tom Lane) §","Track the dependencies of cached CALL statements, and re-plan them when needed (Tom Lane) § DDL commands, such as replacement of a function that has been inlined into a CALL argument, can create the need to re-plan a CALL that has been cached by PL/pgSQL. That was not happening, leading to misbehavior or strange errors such as cache lookup failed .",,Other functionality,9,extensions_contrib,pgsql-bugs,false,2,3,106,2,108,false,false,,,,,1,18131,3
245,20231109,2023-11-09,15.5,33,Avoid a possible pfree-a-NULL-pointer crash after an error in OpenSSL connection setup (Sergey Shinderuk) §,Avoid a possible pfree-a-NULL-pointer crash after an error in OpenSSL connection setup (Sergey Shinderuk) §,,Crash & corruption,2,core_server,pgsql-hackers,false,2,1,17,8,25,false,false,,,,,0,,
246,20231109,2023-11-09,15.5,34,Track nesting depth correctly when inspecting RECORD -type Vars from outer query levels (Richard Guo) §,"Track nesting depth correctly when inspecting RECORD -type Vars from outer query levels (Richard Guo) § This oversight could lead to assertion failures, core dumps, or bogus varno errors.",,Crash & corruption,2,core_server,pgsql-bugs,false,2,4,119,20,139,true,false,,,,,1,18077,16
247,20231109,2023-11-09,15.5,35,Track hash function and negator function dependencies of ScalarArrayOpExpr plan nodes (David Rowley) §,"Track hash function and negator function dependencies of ScalarArrayOpExpr plan nodes (David Rowley) § In most cases this oversight was harmless, since these functions would be unlikely to disappear while the node's original operator remains present.",,Other functionality,9,planner,pgsql-hackers,false,2,1,2,2,4,false,false,,,,,0,,
248,20231109,2023-11-09,15.5,36,Fix error-handling bug in RECORD type cache management (Thomas Munro) §,Fix error-handling bug in RECORD type cache management (Thomas Munro) § An out-of-memory error occurring at just the wrong point could leave behind inconsistent state that would lead to an infinite loop.,,Crash & corruption,2,core_server,pgsql-bugs,false,2,2,28,21,49,false,false,,,,,0,,
249,20231109,2023-11-09,15.5,37,Fix assertion failure when logical decoding is retried in the same session after an error (Hou Zhijie) §,Fix assertion failure when logical decoding is retried in the same session after an error (Hou Zhijie) §,,Crash & corruption,2,replication_recovery,pgsql-bugs,false,1,1,16,4,20,false,false,,,,,1,18055,29
250,20231109,2023-11-09,15.5,38,Treat out-of-memory failures as fatal while reading WAL (Michael Paquier) §,"Treat out-of-memory failures as fatal while reading WAL (Michael Paquier) § Previously this would be treated as a bogus-data condition, leading to the conclusion that we'd reached the end of WAL, which is incorrect and could lead to inconsistent WAL replay.",,Replication & recovery,4,replication_recovery,pgsql-hackers,false,2,1,8,39,47,false,false,,,,,0,,
251,20231109,2023-11-09,15.5,39,"Fix possible recovery failure due to trying to allocate memory based on a bogus WAL record length field (Thomas Munro, Michael Paquier) § §","Fix possible recovery failure due to trying to allocate memory based on a bogus WAL record length field (Thomas Munro, Michael Paquier) § §",,Replication & recovery,4,replication_recovery,pgsql-bugs,false,2,2,24,0,24,true,false,,,,,1,17928,134
252,20231109,2023-11-09,15.5,40,"Fix race condition in database dropping that could lead to the autovacuum launcher getting stuck (Andres Freund, Will Mortensen, Jacob Speidel) §","Fix race condition in database dropping that could lead to the autovacuum launcher getting stuck (Andres Freund, Will Mortensen, Jacob Speidel) § The race could lead to a statistics entry for the removed database remaining present, confusing the launcher's selection of which database to process.",,Crash & corruption,2,core_server,pgsql-bugs,false,1,2,74,57,131,false,false,,,,,1,17973,82
253,20231109,2023-11-09,15.5,41,Fix datatype size confusion in logical tape management (Ranier Vilela) §,"Fix datatype size confusion in logical tape management (Ranier Vilela) § Integer overflow was possible on platforms where long is wider than int, although it would take a multiple-terabyte temporary file to cause a problem.",,Other functionality,9,core_server,pgsql-hackers,false,1,1,1,1,2,false,false,,,,,0,,
254,20231109,2023-11-09,15.5,42,Avoid unintended close of syslogger process's stdin (Heikki Linnakangas) §,Avoid unintended close of syslogger process's stdin (Heikki Linnakangas) §,,Other functionality,9,core_server,pgsql-hackers,false,1,1,11,8,19,false,false,,,,,0,,
255,20231109,2023-11-09,15.5,43,Avoid doing plan cache revalidation of utility statements that do not receive interesting processing during parse analysis (Tom Lane) §,"Avoid doing plan cache revalidation of utility statements that do not receive interesting processing during parse analysis (Tom Lane) § Aside from saving a few cycles, this prevents failure after a cache invalidation for statements that must not set a snapshot, such as SET TRANSACTION ISOLATION LEVEL.",,Other functionality,9,core_server,pgsql-bugs,false,1,5,108,49,157,false,false,,,,,1,18059,7
256,20231109,2023-11-09,15.5,44,Keep by-reference attmissingval values in a long-lived context while they are being used (Andrew Dunstan) §,Keep by-reference attmissingval values in a long-lived context while they are being used (Andrew Dunstan) § This avoids possible use of dangling pointers when a tuple slot outlives the tuple descriptor with which its value was constructed.,,Replication & recovery,4,core_server,pgsql-bugs,false,1,2,90,1,91,false,false,,,,,1,17994,5
257,20231109,2023-11-09,15.5,45,Recalculate the effective value of search_path after ALTER ROLE (Jeff Davis) § §,"Recalculate the effective value of search_path after ALTER ROLE (Jeff Davis) § § This ensures that after renaming a role, the meaning of the special string $user is re-determined.",,Other functionality,9,tests,pgsql-bugs,false,1,3,0,157,157,true,false,,,,,0,,
258,20231109,2023-11-09,15.5,46,Fix could not duplicate handle error occurring on Windows when min_dynamic_shared_memory is set above zero (Thomas Munro) §,Fix could not duplicate handle error occurring on Windows when min_dynamic_shared_memory is set above zero (Thomas Munro) §,,Build & platform,8,core_server,pgsql-bugs,false,2,1,6,4,10,false,false,,,,,1,18165,1
259,20231109,2023-11-09,15.5,47,Fix order of operations in GenericXLogFinish (Jeff Davis) §,"Fix order of operations in GenericXLogFinish (Jeff Davis) § This code violated the conditions required for crash safety by writing WAL before marking changed buffers dirty. No core code uses this function, but extensions do ( contrib/bloom does, for example).",,Crash & corruption,2,replication_recovery,pgsql-hackers,false,2,1,26,30,56,false,false,,,,,0,,
260,20231109,2023-11-09,15.5,48,Remove incorrect assertion in PL/Python exception handling (Alexander Lakhin) §,Remove incorrect assertion in PL/Python exception handling (Alexander Lakhin) §,,Crash & corruption,2,extensions_contrib,pgsql-bugs,false,2,4,37,3,40,false,false,,,,,1,18070,24
261,20231109,2023-11-09,15.5,49,Fix assertion failure in pg_dump when it's asked to dump the pg_catalog schema (Peter Eisentraut) § §,Fix assertion failure in pg_dump when it's asked to dump the pg_catalog schema (Peter Eisentraut) § §,,Crash & corruption,2,client_tools,pgsql-bugs,false,1,1,1,1,2,false,false,,,,,0,,
262,20231109,2023-11-09,15.5,50,"Fix pg_restore so that selective restores will include both table-level and column-level ACLs for selected tables (Euler Taveira, Tom Lane) §","Fix pg_restore so that selective restores will include both table-level and column-level ACLs for selected tables (Euler Taveira, Tom Lane) § Formerly, only the table-level ACL would get restored if both types were present.",,Client tools,5,client_tools,pgsql-bugs,false,2,2,27,7,34,false,false,,,,,0,,
263,20231109,2023-11-09,15.5,51,"Add logic to pg_upgrade to check for use of abstime , reltime , and tinterval data types (Álvaro Herrera) § §","Add logic to pg_upgrade to check for use of abstime , reltime , and tinterval data types (Álvaro Herrera) § § These obsolete data types were removed in PostgreSQL version 12, so check to make sure they aren't present in an older database before claiming it can be upgraded.",,Client tools,5,client_tools,pgsql-hackers,false,2,1,50,1,51,false,false,,,,,0,,
264,20231109,2023-11-09,15.5,52,Avoid generating invalid temporary slot names in pg_basebackup (Jelte Fennema) §,Avoid generating invalid temporary slot names in pg_basebackup (Jelte Fennema) § This has only been seen to occur when the server connection runs through pgbouncer .,,Replication & recovery,4,replication_recovery,pgsql-hackers,false,1,1,2,1,3,false,false,,,,,0,,
265,20231109,2023-11-09,15.5,53,Avoid false too many client connections errors in pgbench on Windows (Noah Misch) §,Avoid false too many client connections errors in pgbench on Windows (Noah Misch) §,,Client tools,5,client_tools,pgsql-hackers,false,2,2,49,7,56,false,false,,,,,0,,
266,20231109,2023-11-09,15.5,54,"In contrib/amcheck , do not report interrupted page deletion as corruption (Noah Misch) §","In contrib/amcheck , do not report interrupted page deletion as corruption (Noah Misch) § This fix prevents false-positive reports of the first child of leftmost target page is not leftmost of its level , block NNNN is not leftmost or left link/right link pair in index XXXX not in agreement . They appeared if amcheck ran after an unfinished btree index page deletion and before VACUUM had cleaned things up.",,Crash & corruption,2,extensions_contrib,pgsql-hackers,false,2,4,163,4,167,false,false,,,,,0,,
267,20231109,2023-11-09,15.5,55,"Fix failure of contrib/btree_gin indexes on interval columns, when an indexscan using the < or <= operator is performed (Dean Rasheed) §","Fix failure of contrib/btree_gin indexes on interval columns, when an indexscan using the < or <= operator is performed (Dean Rasheed) § Such an indexscan failed to return all the entries it should.",,Extensions & contrib,6,extensions_contrib,pgsql-hackers,false,2,3,17,9,26,false,false,,,,,0,,
268,20231109,2023-11-09,15.5,56,"Add support for LLVM 16 and 17 (Thomas Munro, Dmitry Dolgov) § § §","Add support for LLVM 16 and 17 (Thomas Munro, Dmitry Dolgov) § § §",,Build & platform,8,core_server,pgsql-hackers,false,2,2,37,0,37,false,false,,,,,0,,
269,20231109,2023-11-09,15.5,57,Suppress assorted build-time warnings on recent macOS (Tom Lane) § §,"Suppress assorted build-time warnings on recent macOS (Tom Lane) § § Xcode 15 (released with macOS Sonoma ) changed the linker's behavior in a way that causes many duplicate-library warnings while building PostgreSQL . These were harmless, but they're annoying so avoid citing the same libraries twice. Also remove use of the -multiply_defined suppress linker switch, which apparently has been a no-op for a long time, and is now actively complained of.",,Build & platform,8,other,pgsql-hackers,false,2,1,17,9,26,false,false,,,,,0,,
270,20231109,2023-11-09,15.5,58,"When building contrib/unaccent 's rules file, fall back to using python if --with-python was not given and make variable PYTHON was not set (Japin Li) §","When building contrib/unaccent 's rules file, fall back to using python if --with-python was not given and make variable PYTHON was not set (Japin Li) §",,Extensions & contrib,6,extensions_contrib,pgsql-hackers,false,2,1,3,1,4,false,false,,,,,0,,
271,20231109,2023-11-09,15.5,59,Remove PHOT (Phoenix Islands Time) from the default timezone abbreviations list (Tom Lane) §,"Remove PHOT (Phoenix Islands Time) from the default timezone abbreviations list (Tom Lane) § Presence of this abbreviation in the default list can cause failures on recent Debian and Ubuntu releases, as they no longer install the underlying tzdb entry by default. Since this is a made-up abbreviation for a zone with a total human population of about two dozen, it seems unlikely that anyone will miss it. If someone does, they can put it back via a custom abbreviations file.",,Other functionality,9,core_server,pgsql-hackers,false,2,2,1,2,3,false,false,,,,,0,,
272,20240208,2024-02-08,15.6,0,Tighten security restrictions within REFRESH MATERIALIZED VIEW CONCURRENTLY (Heikki Linnakangas) § §,"Tighten security restrictions within REFRESH MATERIALIZED VIEW CONCURRENTLY (Heikki Linnakangas) § § One step of a concurrent refresh command was run under weak security restrictions. If a materialized view's owner could persuade a superuser or other high-privileged user to perform a concurrent refresh on that view, the view's owner could control code executed with the privileges of the user running REFRESH. Fix things so that all user-determined code is run as the view's owner, as expected. The only known exploit for this error does not work in PostgreSQL 16.0 and later, so it may be that v16 is not vulnerable in practice. The PostgreSQL Project thanks Pedro Gallegos for reporting this problem. (CVE-2024-0985)",CVE-2024-0985,Security (CVE),0,core_server,unknown_or_internal_security,false,2,3,38,2,40,true,false,1,1,8.0,HIGH,0,,
273,20240208,2024-02-08,15.6,1,"Fix memory leak when performing JIT inlining (Andres Freund, Daniel Gustafsson) §","Fix memory leak when performing JIT inlining (Andres Freund, Daniel Gustafsson) § There have been multiple reports of backend processes suffering out-of-memory conditions after sufficiently many JIT compilations. This fix should resolve that.",,Crash & corruption,2,core_server,pgsql-bugs,false,2,6,234,94,328,false,false,,,,,0,,
274,20240208,2024-02-08,15.6,2,"When dequeueing from an LWLock, avoid needing to search the list of waiting processes (Andres Freund) §","When dequeueing from an LWLock, avoid needing to search the list of waiting processes (Andres Freund) § This fixes O(N^2) behavior when the list of waiters is long. In some use-cases this results in substantial throughput improvements.",,Performance,7,core_server,pgsql-hackers,false,1,5,42,27,69,false,false,,,,,0,,
275,20240208,2024-02-08,15.6,3,Avoid generating incorrect partitioned-join plans (Richard Guo) §,"Avoid generating incorrect partitioned-join plans (Richard Guo) § Some uncommon situations involving lateral references could create incorrect plans. Affected queries could produce wrong answers, or odd failures such as variable not found in subplan target list , or executor crashes.",,Crash & corruption,2,planner,pgsql-hackers,false,2,3,390,0,390,true,false,,,,,0,,
276,20240208,2024-02-08,15.6,4,Fix incorrect wrapping of subquery output expressions in PlaceHolderVars (Tom Lane) §,Fix incorrect wrapping of subquery output expressions in PlaceHolderVars (Tom Lane) § This fixes incorrect results when a subquery is underneath an outer join and has an output column that laterally references something outside the outer join's scope. The output column might not appear as NULL when it should do so due to the action of the outer join.,,Wrong results & planner,3,planner,pgsql-bugs,false,2,3,46,2,48,true,false,,,,,1,18284,0
277,20240208,2024-02-08,15.6,5,Fix misprocessing of window function run conditions (Richard Guo) §,Fix misprocessing of window function run conditions (Richard Guo) § This oversight could lead to WindowFunc not found in subplan target lists errors.,,Other functionality,9,core_server,pgsql-bugs,false,2,3,41,0,41,true,false,,,,,1,18277,2
278,20240208,2024-02-08,15.6,6,Skip inappropriate actions when MERGE causes a cross-partition update (Dean Rasheed) §,"Skip inappropriate actions when MERGE causes a cross-partition update (Dean Rasheed) § When executing a MERGE UPDATE action on a partitioned table, if the UPDATE is turned into a DELETE and INSERT due to changing a partition key column, skip firing AFTER UPDATE ROW triggers, as well as other post-update actions such as RLS checks. These actions would typically fail, which is why a regular UPDATE doesn't do them in such cases; MERGE shouldn't either.",,Other functionality,9,core_server,pgsql-hackers,false,2,3,97,0,97,true,false,,,,,0,,
279,20240208,2024-02-08,15.6,7,Cope with BEFORE ROW DELETE triggers in cross-partition MERGE updates (Dean Rasheed) §,"Cope with BEFORE ROW DELETE triggers in cross-partition MERGE updates (Dean Rasheed) § If such a trigger attempted to prevent the update by returning NULL, MERGE would suffer an error or assertion failure.",,Crash & corruption,2,core_server,pgsql-bugs,false,2,3,167,8,175,true,false,,,,,1,18238,12
280,20240208,2024-02-08,15.6,8,"Prevent access to a no-longer-pinned buffer in BEFORE ROW UPDATE triggers (Alexander Lakhin, Tom Lane) §","Prevent access to a no-longer-pinned buffer in BEFORE ROW UPDATE triggers (Alexander Lakhin, Tom Lane) § If the tuple being updated had just been updated and moved to another page by another session, there was a narrow window where we would attempt to fetch data from the new tuple version without any pin on its buffer. In principle this could result in garbage data appearing in non-updated columns of the proposed new tuple. The odds of problems in practice seem rather low, however.",,Other functionality,9,core_server,pgsql-bugs,false,2,1,23,5,28,false,false,,,,,1,17798,331
281,20240208,2024-02-08,15.6,9,"Avoid requesting an oversize shared-memory area in parallel hash join (Thomas Munro, Andrei Lepikhov, Alexander Korotkov) § §","Avoid requesting an oversize shared-memory area in parallel hash join (Thomas Munro, Andrei Lepikhov, Alexander Korotkov) § § The limiting value was too large, allowing invalid DSA memory alloc request size errors to occur with sufficiently large expected hash table sizes.",,Other functionality,9,core_server,pgsql-bugs,false,2,1,1,0,1,false,false,,,,,0,,
282,20240208,2024-02-08,15.6,10,Avoid assertion failures in heap_update() and heap_delete() when a tuple to be updated by a foreign-key enforcement trigger fails the extra visibility crosscheck (Alexander Lakhin) §,Avoid assertion failures in heap_update() and heap_delete() when a tuple to be updated by a foreign-key enforcement trigger fails the extra visibility crosscheck (Alexander Lakhin) § This error had no impact in non-assert builds.,,Crash & corruption,2,core_server,pgsql-bugs,false,2,4,64,20,84,true,false,,,,,1,17893,230
283,20240208,2024-02-08,15.6,11,Fix overly tight assertion about false_positive_rate parameter of BRIN bloom operator classes (Alexander Lakhin) §,"Fix overly tight assertion about false_positive_rate parameter of BRIN bloom operator classes (Alexander Lakhin) § This error had no impact in non-assert builds, either.",,Crash & corruption,2,core_server,pgsql-bugs,false,2,1,1,2,3,false,false,,,,,1,17969,150
284,20240208,2024-02-08,15.6,12,Fix possible failure during ALTER TABLE ADD COLUMN on a complex inheritance tree (Tender Wang) §,"Fix possible failure during ALTER TABLE ADD COLUMN on a complex inheritance tree (Tender Wang) § If a grandchild table would inherit the new column via multiple intermediate parents, the command failed with tuple already updated by self .",,Other functionality,9,core_server,pgsql-bugs,false,2,3,30,0,30,true,false,,,,,1,18297,8
285,20240208,2024-02-08,15.6,13,"Fix problems with duplicate token names in ALTER TEXT SEARCH CONFIGURATION ... MAPPING commands (Tender Wang, Michael Paquier) §","Fix problems with duplicate token names in ALTER TEXT SEARCH CONFIGURATION ... MAPPING commands (Tender Wang, Michael Paquier) §",,Other functionality,9,core_server,pgsql-bugs,false,2,4,132,30,162,true,false,,,,,1,18310,3
286,20240208,2024-02-08,15.6,14,Properly lock the associated table during DROP STATISTICS (Tomas Vondra) §,Properly lock the associated table during DROP STATISTICS (Tomas Vondra) § Failure to acquire the lock could result in tuple concurrently deleted errors if the DROP executes concurrently with ANALYZE.,,Other functionality,9,core_server,pgsql-hackers,false,2,1,15,8,23,false,false,,,,,0,,
287,20240208,2024-02-08,15.6,15,Fix function volatility checking for GENERATED and DEFAULT expressions (Tom Lane) §,"Fix function volatility checking for GENERATED and DEFAULT expressions (Tom Lane) § These places could fail to detect insertion of a volatile function default-argument expression, or decide that a polymorphic function is volatile although it is actually immutable on the datatype of interest. This could lead to improperly rejecting or accepting a GENERATED clause, or to mistakenly applying the constant-default-value optimization in ALTER TABLE ADD COLUMN.",,Other functionality,9,core_server,pgsql-bugs,false,2,10,141,56,197,true,false,,,,,1,18097,69
288,20240208,2024-02-08,15.6,16,Detect that a new catalog cache entry became stale while detoasting its fields (Tom Lane) § §,"Detect that a new catalog cache entry became stale while detoasting its fields (Tom Lane) § § We expand any out-of-line fields in a catalog tuple before inserting it into the catalog caches. That involves database access which might cause invalidation of catalog cache entries — but the new entry isn't in the cache yet, so we would miss noticing that it should get invalidated. The result is a race condition in which an already-stale cache entry could get made, and then persist indefinitely. This would lead to hard-to-predict misbehavior. Fix by rechecking the tuple's visibility after detoasting.",,Crash & corruption,2,core_server,pgsql-hackers,false,2,1,95,95,190,false,false,,,,,0,,
289,20240208,2024-02-08,15.6,17,Fix edge-case integer overflow detection bug on some platforms (Dean Rasheed) §,"Fix edge-case integer overflow detection bug on some platforms (Dean Rasheed) § Computing 0 - INT64_MIN should result in an overflow error, and did on most platforms. However, platforms with neither integer overflow builtins nor 128-bit integers would fail to spot the overflow, instead returning INT64_MIN .",,Other functionality,9,core_server,pgsql-hackers,false,2,3,8,1,9,true,false,,,,,0,,
290,20240208,2024-02-08,15.6,18,Detect Julian-date overflow when adding or subtracting an interval to/from a timestamp (Tom Lane) §,Detect Julian-date overflow when adding or subtracting an interval to/from a timestamp (Tom Lane) § Some cases that should cause an out-of-range error produced an incorrect result instead.,,Wrong results & planner,3,core_server,pgsql-bugs,false,2,3,29,4,33,true,false,,,,,1,18313,0
291,20240208,2024-02-08,15.6,19,Add more checks for overflow in interval_mul() and interval_div() (Dean Rasheed) §,Add more checks for overflow in interval_mul() and interval_div() (Dean Rasheed) § Some cases that should cause an out-of-range error produced an incorrect result instead.,,Wrong results & planner,3,core_server,pgsql-bugs,false,2,3,80,44,124,true,false,,,,,1,18200,3
292,20240208,2024-02-08,15.6,20,Ensure cached statistics are discarded after a change to stats_fetch_consistency (Shinya Kato) §,"Ensure cached statistics are discarded after a change to stats_fetch_consistency (Shinya Kato) § In some code paths, it was possible for stale statistics to be returned.",,Other functionality,9,core_server,pgsql-hackers,false,2,1,3,0,3,false,false,,,,,0,,
293,20240208,2024-02-08,15.6,21,Make the pg_file_settings view check validity of unapplied values for settings with backend or superuser-backend context (Tom Lane) §,Make the pg_file_settings view check validity of unapplied values for settings with backend or superuser-backend context (Tom Lane) § Invalid values were not noted in the view as intended. This escaped detection because there are very few settings in these groups.,,Other functionality,9,core_server,pgsql-hackers,false,2,1,8,1,9,false,false,,,,,0,,
294,20240208,2024-02-08,15.6,22,Match collation too when matching an existing index to a new partitioned index (Peter Eisentraut) §,"Match collation too when matching an existing index to a new partitioned index (Peter Eisentraut) § Previously we could accept an index that has a different collation from the corresponding element of the partition key, possibly leading to misbehavior.",,Other functionality,9,core_server,pgsql-hackers,false,2,1,4,1,5,false,false,,,,,0,,
295,20240208,2024-02-08,15.6,23,Avoid failure if a child index is dropped concurrently with REINDEX INDEX on a partitioned index (Fei Changhong) § §,Avoid failure if a child index is dropped concurrently with REINDEX INDEX on a partitioned index (Fei Changhong) § §,,Other functionality,9,core_server,pgsql-hackers,false,2,1,18,1,19,false,false,,,,,0,,
296,20240208,2024-02-08,15.6,24,"Fix insufficient locking when cleaning up an incomplete split of a GIN index's internal page (Fei Changhong, Heikki Linnakangas) §","Fix insufficient locking when cleaning up an incomplete split of a GIN index's internal page (Fei Changhong, Heikki Linnakangas) § The code tried to do this with shared rather than exclusive lock on the buffer. This could lead to index corruption if two processes attempted the cleanup concurrently.",,Crash & corruption,2,core_server,pgsql-bugs,false,2,7,418,20,438,true,false,,,,,0,,
297,20240208,2024-02-08,15.6,25,Avoid premature release of buffer pin in GIN index insertion (Tom Lane) §,"Avoid premature release of buffer pin in GIN index insertion (Tom Lane) § If an index root page split occurs concurrently with our own insertion, the code could fail with buffer NNNN is not owned by resource owner .",,Other functionality,9,core_server,pgsql-bugs,false,2,1,5,1,6,false,false,,,,,0,,
298,20240208,2024-02-08,15.6,26,Avoid failure with partitioned SP-GiST indexes (Tom Lane) §,Avoid failure with partitioned SP-GiST indexes (Tom Lane) § Trying to use an index of this kind could lead to No such file or directory errors.,,Other functionality,9,core_server,pgsql-bugs,false,2,3,77,11,88,true,false,,,,,1,18256,0
299,20240208,2024-02-08,15.6,27,Fix ownership change reporting for large objects (Tom Lane) §,"Fix ownership change reporting for large objects (Tom Lane) § A no-op ALTER LARGE OBJECT OWNER command (that is, one selecting the existing owner) passed the wrong class ID to the PostAlterHook , probably confusing any extension using that hook.",,Other functionality,9,core_server,pgsql-hackers,false,2,9,54,55,109,true,false,,,,,0,,
300,20240208,2024-02-08,15.6,28,Fix reporting of I/O timing data in EXPLAIN (BUFFERS) (Michael Paquier) §,"Fix reporting of I/O timing data in EXPLAIN (BUFFERS) (Michael Paquier) § The numbers labeled as shared/local actually refer only to shared buffers, so change that label to shared .",,Other functionality,9,core_server,pgsql-hackers,false,2,1,1,1,2,false,false,,,,,0,,
301,20240208,2024-02-08,15.6,29,Ensure durability of CREATE DATABASE (Noah Misch) § §,"Ensure durability of CREATE DATABASE (Noah Misch) § § If an operating system crash occurred during or shortly after CREATE DATABASE, recovery could fail, or subsequent connections to the new database could fail. If a base backup was taken in that window, similar problems could be observed when trying to use the backup. The symptom would be that the database directory, PG_VERSION file, or pg_filenode.map file was missing or empty.",,Crash & corruption,2,core_server,pgsql-bugs,false,2,2,9,0,9,false,false,,,,,0,,
302,20240208,2024-02-08,15.6,30,Add more LOG messages when starting and ending recovery from a backup (Andres Freund) §,Add more LOG messages when starting and ending recovery from a backup (Andres Freund) § This change provides additional information in the postmaster log that may be useful for diagnosing recovery problems.,,Replication & recovery,4,replication_recovery,pgsql-hackers,false,2,1,34,0,34,false,false,,,,,0,,
303,20240208,2024-02-08,15.6,31,Prevent standby servers from incorrectly processing dead index tuples during subtransactions (Fei Changhong) §,"Prevent standby servers from incorrectly processing dead index tuples during subtransactions (Fei Changhong) § The startedInRecovery flag was not correctly set for a subtransaction. This affects only processing of dead index tuples. It could allow a query in a subtransaction to ignore index entries that it should return (if they are already dead on the primary server, but not dead to the standby transaction), or to prematurely mark index entries as dead that are not yet dead on the primary. It is not clear that the latter case has any serious consequences, but it's not the intended behavior.",,Replication & recovery,4,replication_recovery,pgsql-bugs,false,2,1,1,0,1,false,false,,,,,1,18241,1
304,20240208,2024-02-08,15.6,32,Fix integer overflow hazard in checking whether a record will fit into the WAL decoding buffer (Thomas Munro) §,Fix integer overflow hazard in checking whether a record will fit into the WAL decoding buffer (Thomas Munro) § This bug appears to be only latent except when running a 32-bit PostgreSQL build on a 64-bit platform.,,Replication & recovery,4,replication_recovery,pgsql-hackers,false,2,1,37,9,46,false,false,,,,,0,,
305,20240208,2024-02-08,15.6,33,"Fix deadlock between a logical replication apply worker, its tablesync worker, and a session process trying to alter the subscription (Shlok Kyal) §","Fix deadlock between a logical replication apply worker, its tablesync worker, and a session process trying to alter the subscription (Shlok Kyal) § One edge of the deadlock loop did not involve a lock wait, so the deadlock went undetected and would persist until manual intervention.",,Crash & corruption,2,replication_recovery,pgsql-hackers,false,2,1,15,5,20,false,false,,,,,0,,
306,20240208,2024-02-08,15.6,34,Ensure that column default values are correctly transmitted by the pgoutput logical replication plugin (Nikhil Benesch) §,"Ensure that column default values are correctly transmitted by the pgoutput logical replication plugin (Nikhil Benesch) § ALTER TABLE ADD COLUMN with a constant default value for the new column avoids rewriting existing tuples, instead expecting that reading code will insert the correct default into a tuple that lacks that column. If replication was subsequently initiated on the table, pgoutput would transmit NULL instead of the correct default for such a column, causing incorrect replication on the subscriber.",,Replication & recovery,4,replication_recovery,pgsql-hackers,false,2,2,55,2,57,true,false,,,,,0,,
307,20240208,2024-02-08,15.6,35,Fix failure of logical replication's initial sync for a table with no columns (Vignesh C) §,Fix failure of logical replication's initial sync for a table with no columns (Vignesh C) § This case generated an improperly-formatted COPY command.,,Replication & recovery,4,replication_recovery,pgsql-bugs,false,2,2,34,11,45,true,false,,,,,1,18203,4
308,20240208,2024-02-08,15.6,36,Prevent examining system catalogs with the wrong snapshot during logical decoding (Fei Changhong) §,"Prevent examining system catalogs with the wrong snapshot during logical decoding (Fei Changhong) § If decoding begins partway through a transaction that modifies system catalogs, the decoder may not recognize that, causing it to fail to treat that transaction as in-progress for catalog lookups. This fix deals with the case that a top-level transaction is already marked as containing catalog changes, but its subtransaction(s) are not.",,Replication & recovery,4,extensions_contrib,pgsql-bugs,false,1,3,65,4,69,false,false,,,,,1,18280,19
309,20240208,2024-02-08,15.6,37,"Return the correct status code when a new client disconnects without responding to the server's password challenge (Liu Lang, Tom Lane) §","Return the correct status code when a new client disconnects without responding to the server's password challenge (Liu Lang, Tom Lane) § In some cases we'd treat this as a loggable error, which was not the intention and tends to create log spam, since common clients like psql frequently do this. It may also confuse extensions that use ClientAuthentication_hook .",,Client tools,5,core_server,pgsql-bugs,false,2,1,5,7,12,false,false,,,,,0,,
310,20240208,2024-02-08,15.6,38,"Fix incompatibility with OpenSSL 3.2 (Tristan Partin, Bo Andreson) §","Fix incompatibility with OpenSSL 3.2 (Tristan Partin, Bo Andreson) § Use the BIO app_data field for our private storage, instead of assuming it's okay to use the data field. This mistake didn't cause problems before, but with 3.2 it leads to crashes and complaints about double frees.",,Crash & corruption,2,build_platform,pgsql-hackers,false,2,8,11,27,38,true,false,,,,,0,,
311,20240208,2024-02-08,15.6,39,Be more wary about OpenSSL not setting errno on error (Tom Lane) §,"Be more wary about OpenSSL not setting errno on error (Tom Lane) § If errno isn't set, assume the cause of the reported failure is read EOF. This fixes rare cases of strange error reports like could not accept SSL connection: Success .",,Extensions & contrib,6,core_server,pgsql-hackers,false,2,4,45,14,59,false,false,,,,,0,,
312,20240208,2024-02-08,15.6,40,Fix file descriptor leakage when a foreign data wrapper's ForeignAsyncRequest function fails (Heikki Linnakangas) §,Fix file descriptor leakage when a foreign data wrapper's ForeignAsyncRequest function fails (Heikki Linnakangas) §,,Other functionality,9,extensions_contrib,pgsql-bugs,false,2,3,50,29,79,false,false,,,,,1,17828,259
313,20240208,2024-02-08,15.6,41,"Report ENOMEM errors from file-related system calls as ERRCODE_OUT_OF_MEMORY , not ERRCODE_INTERNAL_ERROR (Alexander Kuzmenkov) §","Report ENOMEM errors from file-related system calls as ERRCODE_OUT_OF_MEMORY , not ERRCODE_INTERNAL_ERROR (Alexander Kuzmenkov) §",,Other functionality,9,core_server,pgsql-hackers,false,2,1,4,0,4,false,false,,,,,0,,
314,20240208,2024-02-08,15.6,42,"In PL/pgSQL , support SQL commands that are CREATE FUNCTION/ CREATE PROCEDURE with SQL-standard bodies (Tom Lane) §","In PL/pgSQL , support SQL commands that are CREATE FUNCTION/ CREATE PROCEDURE with SQL-standard bodies (Tom Lane) § Previously, such cases failed with parsing errors due to the semicolon(s) appearing in the function body.",,Other functionality,9,extensions_contrib,pgsql-bugs,false,2,5,122,11,133,false,false,,,,,0,,
315,20240208,2024-02-08,15.6,43,Fix libpq 's handling of errors in pipelines (Álvaro Herrera) § §,"Fix libpq 's handling of errors in pipelines (Álvaro Herrera) § § The pipeline state could get out of sync if an error is returned for reasons other than a query problem (for example, if the connection is lost). Potentially this would lead to a busy-loop in the calling application.",,Client tools,5,client_tools,pgsql-bugs,false,2,1,3,1,4,false,false,,,,,1,17948,193
316,20240208,2024-02-08,15.6,44,Make libpq 's PQsendFlushRequest() function flush the client output buffer under the same rules as other PQsend functions (Jelte Fennema-Nio) §,"Make libpq 's PQsendFlushRequest() function flush the client output buffer under the same rules as other PQsend functions (Jelte Fennema-Nio) § In pipeline mode, it may still be necessary to call PQflush() as well; but this change removes some inconsistency.",,Client tools,5,client_tools,pgsql-hackers,false,2,1,8,0,8,false,false,,,,,0,,
317,20240208,2024-02-08,15.6,45,"Avoid race condition when libpq initializes OpenSSL support concurrently in two different threads (Willi Mann, Michael Paquier) §","Avoid race condition when libpq initializes OpenSSL support concurrently in two different threads (Willi Mann, Michael Paquier) §",,Crash & corruption,2,client_tools,pgsql-hackers,false,2,1,42,22,64,false,false,,,,,0,,
318,20240208,2024-02-08,15.6,46,Fix timing-dependent failure in GSSAPI data transmission (Tom Lane) §,"Fix timing-dependent failure in GSSAPI data transmission (Tom Lane) § When using GSSAPI encryption in non-blocking mode, libpq sometimes failed with GSSAPI caller failed to retransmit all data needing to be retried .",,Client tools,5,client_tools,pgsql-bugs,false,2,3,56,60,116,false,false,,,,,1,18210,1
319,20240208,2024-02-08,15.6,47,"In pg_dump , don't dump RLS policies or security labels for extension member objects (Tom Lane, Jacob Champion) § §","In pg_dump , don't dump RLS policies or security labels for extension member objects (Tom Lane, Jacob Champion) § § Previously, commands would be included in the dump to set these properties, which is really incorrect since they should be considered as internal affairs of the extension. Moreover, the restoring user might not have adequate privilege to set them, and indeed the dumping user might not have enough privilege to dump them (since dumping RLS policies requires acquiring lock on their table).",,Client tools,5,tests,pgsql-bugs,false,2,1,1,1,2,true,false,,,,,0,,
320,20240208,2024-02-08,15.6,48,"In pg_dump , don't dump an extended statistics object if its underlying table isn't being dumped (Rian McGuire, Tom Lane) §","In pg_dump , don't dump an extended statistics object if its underlying table isn't being dumped (Rian McGuire, Tom Lane) § This conforms to the behavior for other dependent objects such as indexes.",,Client tools,5,client_tools,pgsql-hackers,false,2,3,32,6,38,false,false,,,,,0,,
321,20240208,2024-02-08,15.6,49,Make it an error for a pgbench script to end with an open pipeline (Anthonin Bonnefoy) §,"Make it an error for a pgbench script to end with an open pipeline (Anthonin Bonnefoy) § Previously, pgbench would behave oddly if a \startpipeline command lacked a matching \endpipeline. This seems like a scripting mistake rather than a case that pgbench needs to handle nicely, so throw an error.",,Client tools,5,client_tools,pgsql-hackers,false,2,2,41,2,43,false,false,,,,,0,,
322,20240208,2024-02-08,15.6,50,"Fix crash in contrib/intarray if an array with an element equal to INT_MAX is inserted into a gist__int_ops index (Alexander Lakhin, Tom Lane) §","Fix crash in contrib/intarray if an array with an element equal to INT_MAX is inserted into a gist__int_ops index (Alexander Lakhin, Tom Lane) §",,Crash & corruption,2,extensions_contrib,pgsql-bugs,false,2,4,27,22,49,false,false,,,,,1,18273,1
323,20240208,2024-02-08,15.6,51,"Report a better error when contrib/pageinspect 's hash_bitmap_info() function is applied to a partitioned hash index (Alexander Lakhin, Michael Paquier) §","Report a better error when contrib/pageinspect 's hash_bitmap_info() function is applied to a partitioned hash index (Alexander Lakhin, Michael Paquier) §",,Extensions & contrib,6,extensions_contrib,pgsql-bugs,false,2,3,14,2,16,false,false,,,,,1,18246,6
324,20240208,2024-02-08,15.6,52,Report a better error when contrib/pgstattuple 's pgstathashindex() function is applied to a partitioned hash index (Alexander Lakhin) §,Report a better error when contrib/pgstattuple 's pgstathashindex() function is applied to a partitioned hash index (Alexander Lakhin) §,,Extensions & contrib,6,extensions_contrib,pgsql-bugs,false,2,3,11,7,18,false,false,,,,,1,18246,6
325,20240208,2024-02-08,15.6,53,"On Windows, suppress autorun options when launching subprocesses in pg_ctl and pg_regress (Kyotaro Horiguchi) § §","On Windows, suppress autorun options when launching subprocesses in pg_ctl and pg_regress (Kyotaro Horiguchi) § § When launching a child process via cmd.exe , pass the /D flag to prevent executing any autorun commands specified in the registry. This avoids possibly-surprising side effects.",,Client tools,5,tests,pgsql-hackers,false,2,1,1,1,2,true,false,,,,,0,,
326,20240208,2024-02-08,15.6,54,Move is_valid_ascii() from mb/pg_wchar.h to utils/ascii.h (Jubilee Young) §,"Move is_valid_ascii() from mb/pg_wchar.h to utils/ascii.h (Jubilee Young) § This change avoids the need to include <simd.h> in pg_wchar.h , which was causing problems for some third-party code.",,Other functionality,9,core_server,pgsql-hackers,false,2,3,69,69,138,false,false,,,,,0,,
327,20240208,2024-02-08,15.6,55,Fix compilation failures with libxml2 version 2.12.0 and later (Tom Lane) §,Fix compilation failures with libxml2 version 2.12.0 and later (Tom Lane) §,,Build & platform,8,core_server,pgsql-hackers,false,2,2,12,4,16,false,false,,,,,0,,
328,20240208,2024-02-08,15.6,56,Fix compilation failure of WAL_DEBUG code on Windows (Bharath Rupireddy) §,Fix compilation failure of WAL_DEBUG code on Windows (Bharath Rupireddy) §,,Build & platform,8,replication_recovery,pgsql-hackers,false,2,1,4,2,6,false,false,,,,,0,,
329,20240208,2024-02-08,15.6,57,"Suppress compiler warnings from Python's header files (Peter Eisentraut, Tom Lane) §","Suppress compiler warnings from Python's header files (Peter Eisentraut, Tom Lane) § Our preferred compiler options provoke warnings about constructs appearing in recent versions of Python's header files. When using gcc , we can suppress these warnings with a pragma.",,Build & platform,8,extensions_contrib,pgsql-hackers,false,2,1,1,1,2,false,false,,,,,0,,
330,20240208,2024-02-08,15.6,58,Avoid deprecation warning when compiling with LLVM 18 (Thomas Munro) §,Avoid deprecation warning when compiling with LLVM 18 (Thomas Munro) §,,Build & platform,8,core_server,pgsql-hackers,false,2,1,4,1,5,false,false,,,,,0,,
331,20240509,2024-05-09,15.7,0,Restrict visibility of pg_stats_ext and pg_stats_ext_exprs entries to the table owner (Nathan Bossart) §,"Restrict visibility of pg_stats_ext and pg_stats_ext_exprs entries to the table owner (Nathan Bossart) § These views failed to hide statistics for expressions that involve columns the accessing user does not have permission to read. View columns such as most_common_vals might expose security-relevant data. The potential interactions here are not fully clear, so in the interest of erring on the side of safety, make rows in these views visible only to the owner of the associated table. The PostgreSQL Project thanks Lukas Fittl for reporting this problem. (CVE-2024-4317) By itself, this fix will only fix the behavior in newly initdb'd database clusters. If you wish to apply this change in an existing cluster, you will need to do the following: Find the SQL script fix-CVE-2024-4317.sql in the share directory of the PostgreSQL installation (typically located someplace like /usr/share/postgresql/ ). Be sure to use the script appropriate to your PostgreSQL major version. If you do not see this file, either your version is not vulnerable (only v14–v16 are affected) or your minor version is too old to have the fix. In each database of the cluster, run the fix-CVE-2024-4317.sql script as superuser. In psql this would look like \i /usr/share/postgresql/fix-CVE-2024-4317.sql (adjust the file path as appropriate). Any error probably indicates that you've used the wrong script version. It will not hurt to run the script more than once. Do not forget to include the template0 and template1 databases, or the vulnerability will still exist in databases you create later. To fix template0 , you'll need to temporarily make it accept connections. Do that with ALTER DATABASE template0 WITH ALLOW_CONNECTIONS true; and then after fixing template0 , undo it with ALTER DATABASE template0 WITH ALLOW_CONNECTIONS false;",CVE-2024-4317,Security (CVE),0,core_server,unknown_or_internal_security,false,2,7,81,17,98,true,false,1,1,3.1,LOW,0,,
332,20240509,2024-05-09,15.7,1,Fix INSERT from multiple VALUES rows into a target column that is a domain over an array or composite type (Tom Lane) §,"Fix INSERT from multiple VALUES rows into a target column that is a domain over an array or composite type (Tom Lane) § Such cases would either fail with surprising complaints about mismatched datatypes, or insert unexpected coercions that could lead to odd results.",,Other functionality,9,core_server,pgsql-bugs,false,2,5,227,11,238,true,false,,,,,1,18393,0
333,20240509,2024-05-09,15.7,2,Require SELECT privilege on the target table for MERGE with a DO NOTHING clause (Álvaro Herrera) §,"Require SELECT privilege on the target table for MERGE with a DO NOTHING clause (Álvaro Herrera) § SELECT privilege would be required in all practical cases anyway, but require it even if the query reads no columns of the target table. This avoids an edge case in which MERGE would require no privileges whatever, which seems undesirable even when it's a do-nothing command.",,Other functionality,9,core_server,pgsql-hackers,false,2,3,27,1,28,true,false,,,,,0,,
334,20240509,2024-05-09,15.7,3,Fix handling of self-modified tuples in MERGE (Dean Rasheed) §,"Fix handling of self-modified tuples in MERGE (Dean Rasheed) § Throw an error if a target row joins to more than one source row, as required by the SQL standard. (The previous coding could silently ignore this condition if a concurrent update was involved.) Also, throw a non-misleading error if a target row is already updated by a later command in the current transaction, thanks to a BEFORE trigger or a volatile function used in the query.",,Other functionality,9,core_server,pgsql-hackers,false,2,5,106,8,114,true,false,,,,,0,,
335,20240509,2024-05-09,15.7,4,Fix incorrect pruning of NULL partition when a table is partitioned on a boolean column and the query has a boolean IS NOT clause (David Rowley) §,"Fix incorrect pruning of NULL partition when a table is partitioned on a boolean column and the query has a boolean IS NOT clause (David Rowley) § A NULL value satisfies a clause such as boolcol IS NOT FALSE , so pruning away a partition containing NULLs yielded incorrect answers.",,Wrong results & planner,3,core_server,pgsql-bugs,false,2,3,187,2,189,true,false,,,,,1,18344,4
336,20240509,2024-05-09,15.7,5,Make ALTER FOREIGN TABLE SET SCHEMA move any owned sequences into the new schema (Tom Lane) §,"Make ALTER FOREIGN TABLE SET SCHEMA move any owned sequences into the new schema (Tom Lane) § Moving a regular table to a new schema causes any sequences owned by the table to be moved to that schema too (along with indexes and constraints). This was overlooked for foreign tables, however.",,Other functionality,9,core_server,pgsql-bugs,false,2,3,24,22,46,true,false,,,,,1,18407,1
337,20240509,2024-05-09,15.7,6,Make ALTER TABLE ... ADD COLUMN create identity/serial sequences with the same persistence as their owning tables (Peter Eisentraut) §,"Make ALTER TABLE ... ADD COLUMN create identity/serial sequences with the same persistence as their owning tables (Peter Eisentraut) § CREATE UNLOGGED TABLE will make any owned sequences be unlogged too. ALTER TABLE missed that consideration, so that an added identity column would have a logged sequence, which seems pointless.",,Other functionality,9,core_server,pgsql-hackers,false,2,3,100,1,101,true,false,,,,,0,,
338,20240509,2024-05-09,15.7,7,Improve ALTER TABLE ... ALTER COLUMN TYPE's error message when there is a dependent function or publication (Tom Lane) § §,Improve ALTER TABLE ... ALTER COLUMN TYPE's error message when there is a dependent function or publication (Tom Lane) § §,,Replication & recovery,4,core_server,pgsql-bugs,false,2,1,16,0,16,false,false,,,,,1,18449,1
339,20240509,2024-05-09,15.7,8,"In CREATE DATABASE, recognize strategy keywords case-insensitively for consistency with other options (Tomas Vondra) §","In CREATE DATABASE, recognize strategy keywords case-insensitively for consistency with other options (Tomas Vondra) §",,Other functionality,9,client_tools,pgsql-hackers,false,2,3,14,4,18,false,false,,,,,0,,
340,20240509,2024-05-09,15.7,9,Fix EXPLAIN's counting of heap pages accessed by a bitmap heap scan (Melanie Plageman) §,"Fix EXPLAIN's counting of heap pages accessed by a bitmap heap scan (Melanie Plageman) § Previously, heap pages that contain no visible tuples were not counted; but it seems more consistent to count all pages returned by the bitmap index scan.",,Other functionality,9,core_server,pgsql-hackers,false,2,2,8,6,14,true,false,,,,,0,,
341,20240509,2024-05-09,15.7,10,Fix EXPLAIN's output for subplans in MERGE (Dean Rasheed) §,Fix EXPLAIN's output for subplans in MERGE (Dean Rasheed) § EXPLAIN would sometimes fail to properly display subplan Params referencing variables in other parts of the plan tree.,,Other functionality,9,core_server,pgsql-hackers,false,2,3,79,9,88,true,false,,,,,0,,
342,20240509,2024-05-09,15.7,11,Avoid deadlock during removal of orphaned temporary tables (Mikhail Zhilin) §,"Avoid deadlock during removal of orphaned temporary tables (Mikhail Zhilin) § If the session that creates a temporary table crashes without removing the table, autovacuum will eventually try to remove the orphaned table. However, an incoming session that's been assigned the same temporary namespace will do that too. If a temporary table has a dependency (such as an owned sequence) then a deadlock could result between these two cleanup attempts.",,Crash & corruption,2,core_server,pgsql-bugs,false,2,3,60,1,61,false,false,,,,,0,,
343,20240509,2024-05-09,15.7,12,Avoid race condition while examining per-relation frozen-XID values (Noah Misch) §,Avoid race condition while examining per-relation frozen-XID values (Noah Misch) § VACUUM's computation of per-database frozen-XID values from per-relation values could get confused by a concurrent update of those values by another VACUUM.,,Crash & corruption,2,core_server,pgsql-hackers,false,2,1,16,12,28,false,false,,,,,0,,
344,20240509,2024-05-09,15.7,13,Fix buffer usage reporting for parallel vacuuming (Anthonin Bonnefoy) §,Fix buffer usage reporting for parallel vacuuming (Anthonin Bonnefoy) § Buffer accesses performed by parallel workers were not getting counted in the statistics reported in VERBOSE mode.,,Other functionality,9,core_server,pgsql-hackers,false,2,1,11,13,24,false,false,,,,,0,,
345,20240509,2024-05-09,15.7,14,Disallow converting a table to a view within an outer SQL command that is using that table (Tom Lane) §,Disallow converting a table to a view within an outer SQL command that is using that table (Tom Lane) § This avoids possible crashes.,,Crash & corruption,2,core_server,unknown_or_internal_not_security,false,1,1,6,0,6,false,false,,,,,0,,
346,20240509,2024-05-09,15.7,15,Ensure that join conditions generated from equivalence classes are applied at the correct plan level (Tom Lane) §,"Ensure that join conditions generated from equivalence classes are applied at the correct plan level (Tom Lane) § In versions before PostgreSQL 16, it was possible for generated conditions to be evaluated below outer joins when they should be evaluated above (after) the outer join, leading to incorrect query results. All versions have a similar hazard when considering joins to UNION ALL trees that have constant outputs for the join column in some SELECT arms.",,Wrong results & planner,3,planner,pgsql-bugs,false,2,2,34,7,41,false,false,,,,,1,18429,4
347,20240509,2024-05-09,15.7,16,Prevent potentially-incorrect optimization of some window functions (David Rowley) §,"Prevent potentially-incorrect optimization of some window functions (David Rowley) § Disable run condition optimization of ntile() and count() with non-constant arguments. This avoids possible misbehavior with sub-selects, typically leading to errors like WindowFunc not found in subplan target lists .",,Other functionality,9,core_server,pgsql-bugs,false,2,4,67,24,91,true,false,,,,,1,18170,9
348,20240509,2024-05-09,15.7,17,Avoid unnecessary use of moving-aggregate mode with a non-moving window frame (Vallimaharajan G) §,"Avoid unnecessary use of moving-aggregate mode with a non-moving window frame (Vallimaharajan G) § When a plain aggregate is used as a window function, and the window frame start is specified as UNBOUNDED PRECEDING , the frame's head cannot move so we do not need to use the special (and more expensive) moving-aggregate mode. This optimization was intended all along, but due to a coding error it never triggered.",,Other functionality,9,core_server,pgsql-hackers,false,2,1,4,4,8,false,false,,,,,0,,
349,20240509,2024-05-09,15.7,18,Avoid use of already-freed data while planning partition-wise joins under GEQO (Tom Lane) §,Avoid use of already-freed data while planning partition-wise joins under GEQO (Tom Lane) § This would typically end in a crash or unexpected error message.,,Crash & corruption,2,planner,pgsql-bugs,false,2,1,7,2,9,false,false,,,,,1,18360,0
350,20240509,2024-05-09,15.7,19,"Avoid freeing still-in-use data in Memoize (Tender Wang, Andrei Lepikhov) §","Avoid freeing still-in-use data in Memoize (Tender Wang, Andrei Lepikhov) § In production builds this error frequently didn't cause any problems, as the freed data would most likely not get overwritten before it was used.",,Other functionality,9,core_server,pgsql-bugs,false,2,3,63,6,69,true,false,,,,,0,,
351,20240509,2024-05-09,15.7,20,Fix incorrectly-reported statistics kind codes in requested statistics kind X is not yet built error messages (David Rowley) §,Fix incorrectly-reported statistics kind codes in requested statistics kind X is not yet built error messages (David Rowley) §,,Other functionality,9,planner,pgsql-bugs,false,2,2,2,2,4,false,false,,,,,1,18375,1
352,20240509,2024-05-09,15.7,21,Be more careful with RECORD -returning functions in FROM (Tom Lane) § §,"Be more careful with RECORD -returning functions in FROM (Tom Lane) § § The output columns of such a function call must be defined by an AS clause that specifies the column names and data types. If the actual function output value doesn't match that, an error is supposed to be thrown at runtime. However, some code paths would examine the actual value prematurely, and potentially issue strange errors or suffer assertion failures if it doesn't match expectations.",,Crash & corruption,2,core_server,pgsql-bugs,false,2,7,41,13,54,true,false,,,,,1,18422,10
353,20240509,2024-05-09,15.7,22,Fix confusion about the return rowtype of SQL-language procedures (Tom Lane) §,Fix confusion about the return rowtype of SQL-language procedures (Tom Lane) § A procedure implemented in SQL language that returns a single composite-type column would cause an assertion failure or core dump.,,Crash & corruption,2,core_server,pgsql-bugs,false,2,6,36,4,40,true,false,,,,,0,,
354,20240509,2024-05-09,15.7,23,Add protective stack depth checks to some recursive functions (Egor Chindyaskin) §,Add protective stack depth checks to some recursive functions (Egor Chindyaskin) §,,Other functionality,9,core_server,pgsql-hackers,false,2,1,0,3,3,false,false,,,,,0,,
355,20240509,2024-05-09,15.7,24,Fix mis-rounding and overflow hazards in date_bin() (Moaaz Assali) §,"Fix mis-rounding and overflow hazards in date_bin() (Moaaz Assali) § In the case where the source timestamp is before the origin timestamp and their difference is already an exact multiple of the stride, the code incorrectly subtracted the stride anyway. Also, detect some integer-overflow cases that would have produced incorrect results.",,Wrong results & planner,3,core_server,pgsql-hackers,false,2,5,97,19,116,true,false,,,,,0,,
356,20240509,2024-05-09,15.7,25,Detect integer overflow when adding or subtracting an interval to/from a timestamp (Joseph Koshakow) §,Detect integer overflow when adding or subtracting an interval to/from a timestamp (Joseph Koshakow) § Some cases that should cause an out-of-range error produced an incorrect result instead.,,Wrong results & planner,3,core_server,pgsql-hackers,false,2,3,22,4,26,true,false,,,,,0,,
357,20240509,2024-05-09,15.7,26,Avoid race condition in pg_get_expr() (Tom Lane) §,"Avoid race condition in pg_get_expr() (Tom Lane) § If the relation referenced by the argument is dropped concurrently, the function's intention is to return NULL, but sometimes it failed instead.",,Crash & corruption,2,core_server,pgsql-hackers,false,2,1,33,35,68,false,false,,,,,0,,
358,20240509,2024-05-09,15.7,27,Fix detection of old transaction IDs in XID status functions (Karina Litskevich) §,"Fix detection of old transaction IDs in XID status functions (Karina Litskevich) § Transaction IDs more than 2 31 transactions in the past could be misidentified as recent, leading to misbehavior of pg_xact_status() or txid_status() .",,Other functionality,9,core_server,pgsql-bugs,false,2,1,19,11,30,false,false,,,,,1,18212,76
359,20240509,2024-05-09,15.7,28,Ensure that a table's freespace map won't return a page that's past the end of the table (Ronan Dunklau) §,"Ensure that a table's freespace map won't return a page that's past the end of the table (Ronan Dunklau) § Because the freespace map isn't WAL-logged, this was possible in edge cases involving an OS crash, a replica promote, or a PITR restore. The result would be a could not read block error.",,Crash & corruption,2,core_server,pgsql-bugs,false,2,4,112,20,132,true,false,,,,,0,,
360,20240509,2024-05-09,15.7,29,Fix file descriptor leakage when an error is thrown while waiting in WaitEventSetWait (Etsuro Fujita) §,Fix file descriptor leakage when an error is thrown while waiting in WaitEventSetWait (Etsuro Fujita) §,,Other functionality,9,core_server,pgsql-hackers,false,2,1,38,32,70,false,false,,,,,0,,
361,20240509,2024-05-09,15.7,30,Avoid corrupting exception stack if an FDW implements async append but doesn't configure any wait conditions for the Append plan node to wait for (Alexander Pyhalov) §,Avoid corrupting exception stack if an FDW implements async append but doesn't configure any wait conditions for the Append plan node to wait for (Alexander Pyhalov) §,,Crash & corruption,2,core_server,pgsql-hackers,false,2,2,25,24,49,false,false,,,,,0,,
362,20240509,2024-05-09,15.7,31,Throw an error if an index is accessed while it is being reindexed (Tom Lane) §,"Throw an error if an index is accessed while it is being reindexed (Tom Lane) § Previously this was just an assertion check, but promote it into a regular runtime error. This will provide a more on-point error message when reindexing a user-defined index expression that attempts to access its own table.",,Crash & corruption,2,core_server,pgsql-bugs,false,2,2,15,8,23,false,false,,,,,1,18363,0
363,20240509,2024-05-09,15.7,32,Ensure that index-only scans on name columns return a fully-padded value (David Rowley) §,"Ensure that index-only scans on name columns return a fully-padded value (David Rowley) § The value physically stored in the index is truncated, and previously a pointer to that value was returned to callers. This provoked complaints when testing under valgrind. In theory it could result in crashes, though none have been reported.",,Crash & corruption,2,core_server,pgsql-bugs,false,2,5,141,9,150,true,false,,,,,1,17855,408
364,20240509,2024-05-09,15.7,33,Fix race condition in deciding whether a table sync operation is needed in logical replication (Vignesh C) §,"Fix race condition in deciding whether a table sync operation is needed in logical replication (Vignesh C) § An invalidation event arriving while a subscriber identifies which tables need to be synced would be forgotten about, so that any tables newly in need of syncing might not get processed in a timely fashion.",,Crash & corruption,2,replication_recovery,pgsql-hackers,false,2,2,22,4,26,false,false,,,,,0,,
365,20240509,2024-05-09,15.7,34,Fix crash with DSM allocations larger than 4GB (Heikki Linnakangas) §,Fix crash with DSM allocations larger than 4GB (Heikki Linnakangas) §,,Crash & corruption,2,core_server,pgsql-bugs,false,2,1,1,1,2,false,false,,,,,1,18341,0
366,20240509,2024-05-09,15.7,35,Disconnect if a new server session's client socket cannot be put into non-blocking mode (Heikki Linnakangas) §,"Disconnect if a new server session's client socket cannot be put into non-blocking mode (Heikki Linnakangas) § It was once theoretically possible for us to operate with a socket that's in blocking mode; but that hasn't worked fully in a long time, so fail at connection start rather than misbehave later.",,Other functionality,9,core_server,pgsql-hackers,false,2,1,1,5,6,false,false,,,,,0,,
367,20240509,2024-05-09,15.7,36,"Fix inadequate error reporting with OpenSSL 3.0.0 and later (Heikki Linnakangas, Tom Lane) §","Fix inadequate error reporting with OpenSSL 3.0.0 and later (Heikki Linnakangas, Tom Lane) § System-reported errors passed through by OpenSSL were reported with a numeric error code rather than anything readable.",,Build & platform,8,client_tools,pgsql-hackers,false,2,2,36,6,42,false,false,,,,,0,,
368,20240509,2024-05-09,15.7,37,Avoid concurrent calls to bindtextdomain() in libpq and ecpglib (Tom Lane) § §,"Avoid concurrent calls to bindtextdomain() in libpq and ecpglib (Tom Lane) § § Although GNU gettext 's implementation seems to be fine with concurrent calls, the version available on Windows is not.",,Client tools,5,client_tools,pgsql-bugs,false,2,2,52,26,78,false,false,,,,,1,18312,14
369,20240509,2024-05-09,15.7,38,Fix crash in ecpg 's preprocessor if the program tries to redefine a macro that was defined on the preprocessor command line (Tom Lane) § § §,Fix crash in ecpg 's preprocessor if the program tries to redefine a macro that was defined on the preprocessor command line (Tom Lane) § § §,,Crash & corruption,2,client_tools,pgsql-hackers,false,2,12,289,80,369,false,false,,,,,0,,
370,20240509,2024-05-09,15.7,39,"In ecpg , avoid issuing false unsupported feature will be passed to server warnings (Tom Lane) §","In ecpg , avoid issuing false unsupported feature will be passed to server warnings (Tom Lane) §",,Client tools,5,client_tools,unknown_or_internal_not_security,false,2,1,18,19,37,false,false,,,,,0,,
371,20240509,2024-05-09,15.7,40,Ensure that the string result of ecpg 's intoasc() function is correctly zero-terminated (Oleg Tselebrovskiy) §,Ensure that the string result of ecpg 's intoasc() function is correctly zero-terminated (Oleg Tselebrovskiy) §,,Client tools,5,client_tools,pgsql-hackers,false,2,9,70,2,72,false,false,,,,,0,,
372,20240509,2024-05-09,15.7,41,"In psql , avoid leaking a query result after the query is cancelled (Tom Lane) §","In psql , avoid leaking a query result after the query is cancelled (Tom Lane) § This happened only when cancelling a non-last query in a query string made with \; separators.",,Client tools,5,client_tools,unknown_or_internal_not_security,false,2,1,2,0,2,false,false,,,,,0,,
373,20240509,2024-05-09,15.7,42,"Fix pg_dumpall so that role comments, if present, will be dumped regardless of the setting of --no-role-passwords (Daniel Gustafsson, Álvaro Herrera) §","Fix pg_dumpall so that role comments, if present, will be dumped regardless of the setting of --no-role-passwords (Daniel Gustafsson, Álvaro Herrera) §",,Client tools,5,client_tools,unknown_or_internal_not_security,false,2,1,10,7,17,false,false,,,,,0,,
374,20240509,2024-05-09,15.7,43,"Skip files named .DS_Store in pg_basebackup , pg_checksums , and pg_rewind (Daniel Gustafsson) §","Skip files named .DS_Store in pg_basebackup , pg_checksums , and pg_rewind (Daniel Gustafsson) § This avoids problems on macOS, where the Finder may create such files.",,Replication & recovery,4,replication_recovery,pgsql-bugs,false,2,9,47,4,51,false,false,,,,,0,,
375,20240509,2024-05-09,15.7,44,"Fix PL/pgSQL 's parsing of single-line comments ( -- -style comments) following expressions (Erik Wienhold, Tom Lane) §","Fix PL/pgSQL 's parsing of single-line comments ( -- -style comments) following expressions (Erik Wienhold, Tom Lane) § This mistake caused parse errors if such a comment followed a WHEN expression in a PL/pgSQL CASE statement.",,Other functionality,9,extensions_contrib,pgsql-hackers,false,2,7,76,36,112,true,false,,,,,0,,
376,20240509,2024-05-09,15.7,45,"In contrib/amcheck , don't report false match failures due to short- versus long-header values (Andrey Borodin, Michael Zhilin) § §","In contrib/amcheck , don't report false match failures due to short- versus long-header values (Andrey Borodin, Michael Zhilin) § § A variable-length datum in a heap tuple or index tuple could have either a short or a long header, depending on compression parameters that applied when it was made. Treat these cases as equivalent rather than complaining if there's a difference.",,Extensions & contrib,6,extensions_contrib,unknown_or_internal_not_security,false,2,3,55,5,60,false,false,,,,,0,,
377,20240509,2024-05-09,15.7,46,Fix bugs in BRIN output functions (Tomas Vondra) §,"Fix bugs in BRIN output functions (Tomas Vondra) § These output functions are only used for displaying index entries in contrib/pageinspect , so the errors are of limited practical concern.",,Extensions & contrib,6,core_server,pgsql-hackers,false,2,2,2,2,4,false,false,,,,,0,,
378,20240509,2024-05-09,15.7,47,"In contrib/postgres_fdw , avoid emitting requests to sort by a constant (David Rowley) §","In contrib/postgres_fdw , avoid emitting requests to sort by a constant (David Rowley) § This could occur in cases involving UNION ALL with constant-emitting subqueries. Sorting by a constant is useless of course, but it also risks being misinterpreted by the remote server, leading to ORDER BY position N is not in select list errors.",,Extensions & contrib,6,extensions_contrib,pgsql-bugs,false,2,3,114,36,150,false,false,,,,,1,18381,3
379,20240509,2024-05-09,15.7,48,Make contrib/postgres_fdw set the remote session's time zone to GMT not UTC (Tom Lane) §,"Make contrib/postgres_fdw set the remote session's time zone to GMT not UTC (Tom Lane) § This should have the same results for practical purposes. However, GMT is recognized by hard-wired code in the server, while UTC is looked up in the timezone database. So the old code could fail in the unlikely event that the remote server's timezone database is missing entries.",,Extensions & contrib,6,extensions_contrib,pgsql-hackers,false,2,1,5,3,8,false,false,,,,,0,,
380,20240509,2024-05-09,15.7,49,"In contrib/xml2 , avoid use of library functions that have been deprecated in recent versions of libxml2 (Dmitry Koval) §","In contrib/xml2 , avoid use of library functions that have been deprecated in recent versions of libxml2 (Dmitry Koval) §",,Extensions & contrib,6,extensions_contrib,pgsql-bugs,false,2,2,12,9,21,false,false,,,,,1,18274,10
381,20240509,2024-05-09,15.7,50,"Fix incompatibility with LLVM 18 (Thomas Munro, Dmitry Dolgov) §","Fix incompatibility with LLVM 18 (Thomas Munro, Dmitry Dolgov) §",,Build & platform,8,core_server,pgsql-hackers,false,2,1,5,2,7,false,false,,,,,0,,
382,20240509,2024-05-09,15.7,51,"Allow make check to work with the musl C library (Thomas Munro, Bruce Momjian, Tom Lane) §","Allow make check to work with the musl C library (Thomas Munro, Bruce Momjian, Tom Lane) §",,Other functionality,9,core_server,pgsql-bugs,false,2,1,31,4,35,false,false,,,,,0,,
383,20240808,2024-08-08,15.8,0,Prevent unauthorized code execution during pg_dump (Masahiko Sawada) §,"Prevent unauthorized code execution during pg_dump (Masahiko Sawada) § An attacker able to create and drop non-temporary objects could inject SQL code that would be executed by a concurrent pg_dump session with the privileges of the role running pg_dump (which is often a superuser). The attack involves replacing a sequence or similar object with a view or foreign table that will execute malicious code. To prevent this, introduce a new server parameter restrict_nonsystem_relation_kind that can disable expansion of non-builtin views as well as access to foreign tables, and teach pg_dump to set it when available. Note that the attack is prevented only if both pg_dump and the server it is dumping from are new enough to have this fix. The PostgreSQL Project thanks Noah Misch for reporting this problem. (CVE-2024-7348)",CVE-2024-7348,Security (CVE),0,core_server,unknown_or_internal_security,false,2,15,255,1,256,true,false,1,1,8.8,HIGH,0,,
384,20240808,2024-08-08,15.8,1,Prevent infinite loop in VACUUM (Melanie Plageman) §,"Prevent infinite loop in VACUUM (Melanie Plageman) § After a disconnected standby server with an old running transaction reconnected to the primary, it was possible for VACUUM on the primary to get confused about which tuples are removable, resulting in an infinite loop.",,Crash & corruption,2,core_server,pgsql-bugs,false,2,2,29,8,37,false,false,,,,,0,,
385,20240808,2024-08-08,15.8,2,"Fix failure after attaching a table as a partition, if the table had previously had inheritance children (Álvaro Herrera) §","Fix failure after attaching a table as a partition, if the table had previously had inheritance children (Álvaro Herrera) §",,Other functionality,9,core_server,pgsql-bugs,false,2,3,24,1,25,true,false,,,,,1,18550,1
386,20240808,2024-08-08,15.8,3,"Fix ALTER TABLE DETACH PARTITION for cases involving inconsistent index-based constraints (Álvaro Herrera, Tender Wang) § §","Fix ALTER TABLE DETACH PARTITION for cases involving inconsistent index-based constraints (Álvaro Herrera, Tender Wang) § § When a partitioned table has an index that is not associated with a constraint, but a partition has an equivalent index that is, then detaching the partition would misbehave, leaving the ex-partition's constraint with an incorrect coninhcount value. This would cause trouble during any further manipulations of that constraint.",,Other functionality,9,tests,pgsql-bugs,false,2,2,4,2,6,true,false,,,,,1,18500,33
387,20240808,2024-08-08,15.8,4,Fix partition pruning setup during ALTER TABLE DETACH PARTITION CONCURRENTLY (Álvaro Herrera) § §,"Fix partition pruning setup during ALTER TABLE DETACH PARTITION CONCURRENTLY (Álvaro Herrera) § § The executor assumed that no partition could be detached between planning and execution of a query on a partitioned table. This is no longer true since the introduction of DETACH PARTITION 's CONCURRENTLY option, making it possible for query execution to fail transiently when that is used.",,Wrong results & planner,3,core_server,pgsql-bugs,false,2,1,60,50,110,false,false,,,,,1,18377,98
388,20240808,2024-08-08,15.8,5,Correctly update a partitioned table's pg_class . reltuples field to zero after its last child partition is dropped (Noah Misch) §,"Correctly update a partitioned table's pg_class . reltuples field to zero after its last child partition is dropped (Noah Misch) § The first ANALYZE on such a partitioned table must update relhassubclass as well, and that caused the reltuples update to be lost.",,Other functionality,9,core_server,pgsql-hackers,false,2,3,82,1,83,true,false,,,,,0,,
389,20240808,2024-08-08,15.8,6,Fix handling of polymorphic output arguments for procedures (Tom Lane) § §,"Fix handling of polymorphic output arguments for procedures (Tom Lane) § § The SQL CALL statement did not resolve the correct data types for such arguments, leading to errors such as cannot display a value of type anyelement , or even outright crashes. (But CALL in PL/pgSQL worked correctly.)",,Crash & corruption,2,tests,pgsql-bugs,false,2,2,26,0,26,true,false,,,,,1,18463,1
390,20240808,2024-08-08,15.8,7,Fix behavior of stable functions called from a CALL statement's argument list (Tom Lane) §,"Fix behavior of stable functions called from a CALL statement's argument list (Tom Lane) § If the CALL is within an atomic context (e.g. there's an outer transaction block), such functions were passed the wrong snapshot, causing them to see stale values of rows modified since the start of the outer transaction.",,Other functionality,9,extensions_contrib,pgsql-hackers,false,2,4,130,14,144,false,false,,,,,0,,
391,20240808,2024-08-08,15.8,8,Detect integer overflow in money calculations (Joseph Koshakow) §,"Detect integer overflow in money calculations (Joseph Koshakow) § None of the arithmetic functions for the money type checked for overflow before, so they would silently give wrong answers for overflowing cases.",,Wrong results & planner,3,core_server,pgsql-bugs,false,2,3,124,80,204,true,false,,,,,1,18240,35
392,20240808,2024-08-08,15.8,9,Fix over-aggressive clamping of the scale argument in round(numeric) and trunc(numeric) (Dean Rasheed) §,"Fix over-aggressive clamping of the scale argument in round(numeric) and trunc(numeric) (Dean Rasheed) § These functions clamped their scale argument to +/-2000, but there are valid use-cases for it to be larger; the functions returned incorrect results in such cases. Instead clamp to the actual allowed range of type numeric .",,Wrong results & planner,3,core_server,pgsql-hackers,false,2,3,157,13,170,true,false,,,,,0,,
393,20240808,2024-08-08,15.8,10,Fix result for pg_size_pretty() when applied to the smallest possible bigint value (Joseph Koshakow) §,Fix result for pg_size_pretty() when applied to the smallest possible bigint value (Joseph Koshakow) §,,Other functionality,9,core_server,pgsql-hackers,false,2,3,18,2,20,true,false,,,,,0,,
394,20240808,2024-08-08,15.8,11,Prevent pg_sequence_last_value() from failing on unlogged sequences on standby servers and on temporary sequences of other sessions (Nathan Bossart) §,Prevent pg_sequence_last_value() from failing on unlogged sequences on standby servers and on temporary sequences of other sessions (Nathan Bossart) § Make it return NULL in these cases instead of throwing an error.,,Replication & recovery,4,core_server,pgsql-hackers,false,2,3,56,13,69,true,false,,,,,0,,
395,20240808,2024-08-08,15.8,12,Fix parsing of ignored operators in websearch_to_tsquery() (Tom Lane) §,"Fix parsing of ignored operators in websearch_to_tsquery() (Tom Lane) § Per the manual, punctuation in the input of websearch_to_tsquery() is ignored except for the special cases of dashes and quotes. However, parentheses and a few other characters appearing immediately before an or could cause or to be treated as a data word, rather than as an OR operator as expected.",,Other functionality,9,core_server,pgsql-bugs,false,2,3,19,13,32,true,false,,,,,1,18479,21
396,20240808,2024-08-08,15.8,13,Detect another integer overflow case while computing new array dimensions (Joseph Koshakow) §,"Detect another integer overflow case while computing new array dimensions (Joseph Koshakow) § Reject applying array dimensions [-2147483648:2147483647] to an empty array. This is closely related to CVE-2023-5869, but appears harmless since the array still ends up empty.",CVE-2023-5869,Security (CVE),0,core_server,pgsql-hackers,false,2,3,14,1,15,true,false,1,1,8.8,HIGH,0,,
397,20240808,2024-08-08,15.8,14,Detect another case of a new catalog cache entry becoming stale while detoasting its fields (Noah Misch) §,"Detect another case of a new catalog cache entry becoming stale while detoasting its fields (Noah Misch) § An in-place update occurring while we expand out-of-line fields in a catalog tuple could be missed, leading to a catalog cache entry that lacks the in-place change but is not known to be stale. This is only possible in the pg_database catalog, so the effects are narrow, but misbehavior is possible.",,Other functionality,9,core_server,pgsql-hackers,false,2,3,64,3,67,false,false,,,,,0,,
398,20240808,2024-08-08,15.8,15,Correctly check updatability of view columns targeted by INSERT ... DEFAULT (Tom Lane) §,"Correctly check updatability of view columns targeted by INSERT ... DEFAULT (Tom Lane) § If such a column is non-updatable, we should give an error reporting that. But the check was missed and then later code would report an unhelpful error such as attribute number N not found in view targetlist .",,Other functionality,9,core_server,pgsql-bugs,false,2,3,25,14,39,true,false,,,,,1,18546,0
399,20240808,2024-08-08,15.8,16,Avoid reporting an unhelpful internal error for incorrect recursive queries (Tom Lane) §,"Avoid reporting an unhelpful internal error for incorrect recursive queries (Tom Lane) § Rearrange the order of error checks so that we throw an on-point error when a WITH RECURSIVE query does not have a self-reference within the second arm of the UNION , but does have one self-reference in some other place such as ORDER BY .",,Build & platform,8,core_server,pgsql-bugs,false,2,3,102,20,122,true,false,,,,,1,18536,1
400,20240808,2024-08-08,15.8,17,Lock owned sequences during ALTER TABLE SET LOGGED|UNLOGGED (Noah Misch) §,"Lock owned sequences during ALTER TABLE SET LOGGED|UNLOGGED (Noah Misch) § These commands change the persistence of a table's owned sequences along with the table, but they failed to acquire lock on the sequences while doing so. This could result in losing the effects of concurrent nextval() calls.",,Other functionality,9,core_server,pgsql-hackers,false,2,1,7,0,7,false,false,,,,,0,,
401,20240808,2024-08-08,15.8,18,Don't throw an error if a queued AFTER trigger no longer exists (Tom Lane) §,"Don't throw an error if a queued AFTER trigger no longer exists (Tom Lane) § It's possible for a transaction to execute an operation that queues a deferred AFTER trigger for later execution, and then to drop the trigger before that happens. Formerly this led to weird errors such as could not find trigger NNNN . It seems better to silently do nothing if the trigger no longer exists at the time when it would have been executed.",,Other functionality,9,core_server,pgsql-bugs,false,2,3,32,5,37,true,false,,,,,1,18517,0
402,20240808,2024-08-08,15.8,19,Fix failure to remove pg_init_privs entries for column-level privileges when their table is dropped (Tom Lane) §,"Fix failure to remove pg_init_privs entries for column-level privileges when their table is dropped (Tom Lane) § If an extension grants some column-level privileges on a table it creates, relevant catalog entries would remain behind after the extension is dropped. This was harmless until/unless the table's OID was re-used for another relation, when it could interfere with what pg_dump dumps for that relation.",,Client tools,5,core_server,unknown_or_internal_not_security,false,2,3,27,6,33,true,false,,,,,0,,
403,20240808,2024-08-08,15.8,20,Fix selection of an arbiter index for ON CONFLICT when the desired index has expressions or predicates (Tom Lane) §,"Fix selection of an arbiter index for ON CONFLICT when the desired index has expressions or predicates (Tom Lane) § If a query using ON CONFLICT accesses the target table through an updatable view, it could fail with there is no unique or exclusion constraint matching the ON CONFLICT specification , even though a matching index does exist.",,Other functionality,9,planner,pgsql-bugs,false,2,3,27,1,28,true,false,,,,,1,18502,0
404,20240808,2024-08-08,15.8,21,Refuse to modify a temporary table of another session with ALTER TABLE (Tom Lane) §,"Refuse to modify a temporary table of another session with ALTER TABLE (Tom Lane) § Permissions checks normally would prevent this case from arising, but it is possible to reach it by altering a parent table whose child is another session's temporary table. Throw an error if we discover that such a child table belongs to another session.",,Other functionality,9,core_server,pgsql-bugs,false,2,1,47,13,60,false,false,,,,,1,18492,4
405,20240808,2024-08-08,15.8,22,Fix handling of extended statistics on expressions in CREATE TABLE LIKE STATISTICS (Tom Lane) §,Fix handling of extended statistics on expressions in CREATE TABLE LIKE STATISTICS (Tom Lane) § The CREATE command failed to adjust column references in statistics expressions to the possibly-different column numbering of the new table. This resulted in invalid statistics objects that would cause problems later. A typical scenario where renumbering columns is needed is when the source table contains some dropped columns.,,Other functionality,9,core_server,pgsql-bugs,false,2,3,86,73,159,true,false,,,,,1,18468,7
406,20240808,2024-08-08,15.8,23,Fix failure to recalculate sub-queries generated from MIN() or MAX() aggregates (Tom Lane) §,"Fix failure to recalculate sub-queries generated from MIN() or MAX() aggregates (Tom Lane) § In some cases the aggregate result computed at one row of the outer query could be re-used for later rows when it should not be. This has only been seen to happen when the outer query uses DISTINCT that is implemented with hash aggregation, but other cases may exist.",,Other functionality,9,planner,pgsql-bugs,false,2,5,107,29,136,true,false,,,,,1,18465,4
407,20240808,2024-08-08,15.8,24,Avoid crashing when a JIT-inlined backend function throws an error (Tom Lane) §,"Avoid crashing when a JIT-inlined backend function throws an error (Tom Lane) § The error state can include pointers into the dynamically loaded module holding the JIT-compiled code (for error location strings). In some code paths the module could get unloaded before the error report is processed, leading to SIGSEGV when the location strings are accessed.",,Crash & corruption,2,core_server,pgsql-hackers,false,2,1,17,1,18,false,false,,,,,0,,
408,20240808,2024-08-08,15.8,25,"Cope with behavioral changes in libxml2 version 2.13.x (Erik Wienhold, Tom Lane) §","Cope with behavioral changes in libxml2 version 2.13.x (Erik Wienhold, Tom Lane) § Notably, we now suppress chunk is not well balanced errors from libxml2 , unless that is the only reported error. This is to make error reports consistent between 2.13.x and earlier libxml2 versions. In earlier versions, that message was almost always redundant or outright incorrect, so 2.13.x substantially reduced the number of cases in which it's reported.",,Other functionality,9,tests,pgsql-hackers,false,2,4,0,68,68,true,false,,,,,0,,
409,20240808,2024-08-08,15.8,26,Fix handling of subtransactions of prepared transactions when starting a hot standby server (Heikki Linnakangas) §,"Fix handling of subtransactions of prepared transactions when starting a hot standby server (Heikki Linnakangas) § When starting a standby's replay at a shutdown checkpoint WAL record, transactions that had been prepared but not yet committed on the primary are correctly understood as being still in progress. But subtransactions of a prepared transaction (created by savepoints or PL/pgSQL exception blocks) were not accounted for and would be treated as aborted. That led to inconsistency if the prepared transaction was later committed.",,Replication & recovery,4,core_server,pgsql-hackers,false,2,7,85,17,102,true,false,,,,,0,,
410,20240808,2024-08-08,15.8,27,Prevent incorrect initialization of logical replication slots (Masahiko Sawada) §,"Prevent incorrect initialization of logical replication slots (Masahiko Sawada) § In some cases a replication slot's start point within the WAL stream could be set to a point within a transaction, leading to assertion failures or incorrect decoding results.",,Crash & corruption,2,extensions_contrib,pgsql-bugs,false,2,7,122,10,132,false,false,,,,,0,,
411,20240808,2024-08-08,15.8,28,Avoid can only drop stats once error during replication slot creation and drop (Floris Van Nee) §,Avoid can only drop stats once error during replication slot creation and drop (Floris Van Nee) §,,Replication & recovery,4,core_server,pgsql-bugs,false,2,2,14,2,16,false,false,,,,,1,17947,376
412,20240808,2024-08-08,15.8,29,Fix resource leakage in logical replication WAL sender (Hou Zhijie) §,Fix resource leakage in logical replication WAL sender (Hou Zhijie) § The walsender process leaked memory when publishing changes to a partitioned table whose partitions have row types physically different from the partitioned table's.,,Replication & recovery,4,replication_recovery,pgsql-bugs,false,2,1,10,0,10,false,false,,,,,0,,
413,20240808,2024-08-08,15.8,30,Avoid memory leakage after servicing a notify or sinval interrupt (Tom Lane) §,"Avoid memory leakage after servicing a notify or sinval interrupt (Tom Lane) § The processing functions for these events could switch the current memory context to TopMemoryContext, resulting in session-lifespan leakage of any data allocated before the incorrect setting gets replaced. There were observable leaks associated with (at least) encoding conversion of incoming queries and parameters attached to Bind messages.",,Crash & corruption,2,core_server,pgsql-bugs,false,2,2,17,1,18,false,false,,,,,1,18512,15
414,20240808,2024-08-08,15.8,31,Prevent leakage of reference counts for the shared memory block used for statistics (Anthonin Bonnefoy) §,"Prevent leakage of reference counts for the shared memory block used for statistics (Anthonin Bonnefoy) § A new backend process attaching to the statistics shared memory incremented its reference count, but failed to decrement the count when exiting. After 2 32 sessions had been created, the reference count would overflow to zero, causing failures in all subsequent backend process starts.",,Other functionality,9,core_server,pgsql-hackers,false,2,1,8,0,8,false,false,,,,,0,,
415,20240808,2024-08-08,15.8,32,Prevent deadlocks and assertion failures during truncation of the multixact SLRU log (Heikki Linnakangas) §,Prevent deadlocks and assertion failures during truncation of the multixact SLRU log (Heikki Linnakangas) § A process trying to delete SLRU segments could deadlock with the checkpointer process.,,Crash & corruption,2,replication_recovery,pgsql-hackers,false,2,2,11,0,11,false,false,,,,,0,,
416,20240808,2024-08-08,15.8,33,Avoid possibly missing end-of-input events on Windows sockets (Thomas Munro) §,"Avoid possibly missing end-of-input events on Windows sockets (Thomas Munro) § Windows reports an FD_CLOSE event only once after the remote end of the connection disconnects. With unlucky timing, we could miss that report and wait indefinitely, or at least until a timeout elapsed, expecting more input.",,Build & platform,8,core_server,pgsql-hackers,false,2,1,32,0,32,false,false,,,,,0,,
417,20240808,2024-08-08,15.8,34,Fix buffer overread in JSON parse error reports for incomplete byte sequences (Jacob Champion) §,"Fix buffer overread in JSON parse error reports for incomplete byte sequences (Jacob Champion) § It was possible to walk off the end of the input buffer by a few bytes when the last bytes comprise an incomplete multi-byte character. While usually harmless, in principle this could cause a crash.",,Security hardening (no CVE),1,core_server,pgsql-hackers,false,2,1,3,2,5,false,false,,,,,0,,
418,20240808,2024-08-08,15.8,35,Disable creation of stateful TLS session tickets by OpenSSL (Daniel Gustafsson) § § §,Disable creation of stateful TLS session tickets by OpenSSL (Daniel Gustafsson) § § § This avoids possible failures with clients that think receipt of a session ticket means that TLS session resumption is supported.,,Build & platform,8,core_server,pgsql-hackers,false,2,1,3,3,6,false,false,,,,,0,,
419,20240808,2024-08-08,15.8,36,"When replanning a PL/pgSQL simple expression , check it's still simple (Tom Lane) §","When replanning a PL/pgSQL simple expression , check it's still simple (Tom Lane) § Certain fairly-artificial cases, such as dropping a referenced function and recreating it as an aggregate, could lead to surprising failures such as unexpected plan node type .",,Other functionality,9,extensions_contrib,pgsql-bugs,false,2,3,138,56,194,false,false,,,,,1,18497,7
420,20240808,2024-08-08,15.8,37,Fix incompatibility between PL/Perl and Perl 5.40 (Andrew Dunstan) §,Fix incompatibility between PL/Perl and Perl 5.40 (Andrew Dunstan) §,,Extensions & contrib,6,build_platform,pgsql-hackers,false,1,2,0,2,2,false,false,,,,,0,,
421,20240808,2024-08-08,15.8,38,Fix recursive RECORD -returning PL/Python functions (Tom Lane) §,"Fix recursive RECORD -returning PL/Python functions (Tom Lane) § If we recurse to a new call of the same function that passes a different column definition list ( AS clause), it would fail because the inner call would overwrite the outer call's idea of what rowtype to return.",,Extensions & contrib,6,extensions_contrib,pgsql-hackers,false,2,3,42,16,58,false,false,,,,,0,,
422,20240808,2024-08-08,15.8,39,Don't corrupt PL/Python 's TD dictionary during a recursive trigger call (Tom Lane) §,"Don't corrupt PL/Python 's TD dictionary during a recursive trigger call (Tom Lane) § If a PL/Python -language trigger caused another one to be invoked, the TD dictionary created for the inner one would overwrite the outer one's TD dictionary.",,Crash & corruption,2,extensions_contrib,pgsql-bugs,false,2,5,80,3,83,false,false,,,,,1,18456,4
423,20240808,2024-08-08,15.8,40,"Fix PL/Tcl 's reporting of invalid list syntax in the result of a function returning tuple (Erik Wienhold, Tom Lane) §","Fix PL/Tcl 's reporting of invalid list syntax in the result of a function returning tuple (Erik Wienhold, Tom Lane) § Such a case could result in a crash, or in emission of misleading context information that actually refers to the previous Tcl error.",,Crash & corruption,2,extensions_contrib,pgsql-hackers,false,2,3,28,2,30,false,false,,,,,0,,
424,20240808,2024-08-08,15.8,41,Avoid non-thread-safe usage of strerror() in libpq (Peter Eisentraut) §,Avoid non-thread-safe usage of strerror() in libpq (Peter Eisentraut) § Certain error messages returned by OpenSSL could become garbled in multi-threaded applications.,,Client tools,5,client_tools,pgsql-hackers,false,2,2,11,9,20,false,false,,,,,0,,
425,20240808,2024-08-08,15.8,42,Avoid memory leak within pg_dump during a binary upgrade (Daniel Gustafsson) §,Avoid memory leak within pg_dump during a binary upgrade (Daniel Gustafsson) §,,Crash & corruption,2,client_tools,pgsql-hackers,false,2,1,2,2,4,false,false,,,,,0,,
426,20240808,2024-08-08,15.8,43,Ensure that pg_restore -l reports dependent TOC entries correctly (Tom Lane) §,"Ensure that pg_restore -l reports dependent TOC entries correctly (Tom Lane) § If -l was specified together with selective-restore options such as -n or -N , dependent TOC entries such as comments would be omitted from the listing, even when an actual restore would have selected them.",,Client tools,5,client_tools,pgsql-hackers,false,2,1,4,1,5,false,false,,,,,0,,
427,20240808,2024-08-08,15.8,44,Avoid cursor can only scan forward error in contrib/postgres_fdw (Etsuro Fujita) §,Avoid cursor can only scan forward error in contrib/postgres_fdw (Etsuro Fujita) § This error could occur if the remote server is v15 or later and a foreign table is mapped to a non-trivial remote view.,,Extensions & contrib,6,extensions_contrib,pgsql-bugs,false,2,3,85,5,90,false,false,,,,,1,17889,470
428,20240808,2024-08-08,15.8,45,"In contrib/postgres_fdw , do not send FETCH FIRST WITH TIES clauses to the remote server (Japin Li) §","In contrib/postgres_fdw , do not send FETCH FIRST WITH TIES clauses to the remote server (Japin Li) § The remote server might not implement this clause, or might interpret it differently than we would locally, so don't risk attempting remote execution.",,Extensions & contrib,6,extensions_contrib,pgsql-bugs,false,2,3,40,0,40,false,false,,,,,1,18467,23
429,20240808,2024-08-08,15.8,46,Avoid clashing with system-provided <regex.h> headers (Thomas Munro) §,Avoid clashing with system-provided <regex.h> headers (Thomas Munro) § This fixes a compilation failure on macOS version 15 and up.,,Build & platform,8,core_server,pgsql-hackers,false,2,2,95,9,104,false,false,,,,,0,,
430,20240808,2024-08-08,15.8,47,Fix otherwise-harmless assertion failure in Memoize cost estimation (David Rowley) §,Fix otherwise-harmless assertion failure in Memoize cost estimation (David Rowley) §,,Crash & corruption,2,planner,pgsql-hackers,false,2,1,1,1,2,false,false,,,,,0,,
431,20240808,2024-08-08,15.8,48,Fix otherwise-harmless assertion failures in REINDEX CONCURRENTLY applied to an SP-GiST index (Tom Lane) §,Fix otherwise-harmless assertion failures in REINDEX CONCURRENTLY applied to an SP-GiST index (Tom Lane) §,,Crash & corruption,2,core_server,pgsql-bugs,false,2,3,27,5,32,false,false,,,,,1,18499,10
432,20241114,2024-11-14,15.9,0,Ensure cached plans are marked as dependent on the calling role when RLS applies to a non-top-level table reference (Nathan Bossart) §,"Ensure cached plans are marked as dependent on the calling role when RLS applies to a non-top-level table reference (Nathan Bossart) § If a CTE, subquery, sublink, security invoker view, or coercion projection in a query references a table with row-level security policies, we neglected to mark the resulting plan as potentially dependent on which role is executing it. This could lead to later query executions in the same session using the wrong plan, and then returning or hiding rows that should have been hidden or returned instead. The PostgreSQL Project thanks Wolfgang Walther for reporting this problem. (CVE-2024-10976)",CVE-2024-10976,Security (CVE),0,core_server,unknown_or_internal_security,false,3,5,226,6,232,true,false,1,1,4.2,MEDIUM,0,,
433,20241114,2024-11-14,15.9,1,Make libpq discard error messages received during SSL or GSS protocol negotiation (Jacob Champion) §,"Make libpq discard error messages received during SSL or GSS protocol negotiation (Jacob Champion) § An error message received before encryption negotiation is completed might have been injected by a man-in-the-middle, rather than being real server output. Reporting it opens the door to various security hazards; for example, the message might spoof a query result that a careless user could mistake for correct output. The best answer seems to be to discard such data and rely only on libpq 's own report of the connection failure. The PostgreSQL Project thanks Jacob Champion for reporting this problem. (CVE-2024-10977)",CVE-2024-10977,Security (CVE),0,client_tools,unknown_or_internal_security,false,3,3,22,35,57,false,false,1,1,3.1,LOW,0,,
434,20241114,2024-11-14,15.9,2,Fix unintended interactions between SET SESSION AUTHORIZATION and SET ROLE (Tom Lane) § §,"Fix unintended interactions between SET SESSION AUTHORIZATION and SET ROLE (Tom Lane) § § The SQL standard mandates that SET SESSION AUTHORIZATION have a side-effect of doing SET ROLE NONE. Our implementation of that was flawed, creating more interaction between the two settings than intended. Notably, rolling back a transaction that had done SET SESSION AUTHORIZATION would revert ROLE to NONE even if that had not been the previous state, so that the effective user ID might now be different from what it had been before the transaction. Transiently setting session_authorization in a function SET clause had a similar effect. A related bug was that if a parallel worker inspected current_setting('role') , it saw none even when it should see something else. The PostgreSQL Project thanks Tom Lane for reporting this problem. (CVE-2024-10978)",CVE-2024-10978,Security (CVE),0,core_server,unknown_or_internal_security,false,3,1,18,1,19,false,false,1,1,4.2,MEDIUM,0,,
435,20241114,2024-11-14,15.9,3,"Prevent trusted PL/Perl code from changing environment variables (Andrew Dunstan, Noah Misch) § § §","Prevent trusted PL/Perl code from changing environment variables (Andrew Dunstan, Noah Misch) § § § The ability to manipulate process environment variables such as PATH gives an attacker opportunities to execute arbitrary code. Therefore, trusted PLs must not offer the ability to do that. To fix plperl , replace %ENV with a tied hash that rejects any modification attempt with a warning. Untrusted plperlu retains the ability to change the environment. The PostgreSQL Project thanks Coby Abrams for reporting this problem. (CVE-2024-10979)",CVE-2024-10979,Security (CVE),0,extensions_contrib,unknown_or_internal_security,false,3,2,5,0,5,false,false,1,1,8.8,HIGH,0,,
436,20241114,2024-11-14,15.9,4,"Fix updates of catalog state for foreign-key constraints when attaching or detaching table partitions (Jehan-Guillaume de Rorthais, Tender Wang, Álvaro Herrera) § §","Fix updates of catalog state for foreign-key constraints when attaching or detaching table partitions (Jehan-Guillaume de Rorthais, Tender Wang, Álvaro Herrera) § § If the referenced table is partitioned, then different catalog entries are needed for a referencing table that is stand-alone versus one that is a partition. ATTACH/DETACH PARTITION commands failed to perform this conversion correctly. In particular, after DETACH the now stand-alone table would be missing foreign-key enforcement triggers, which could result in the table later containing rows that fail the foreign-key constraint. A subsequent re- ATTACH could fail with surprising errors, too. The way to fix this is to do ALTER TABLE DROP CONSTRAINT on the now stand-alone table for each faulty constraint, and then re-add the constraint. If re-adding the constraint fails, then some erroneous data has crept in. You will need to manually re-establish consistency between the referencing and referenced tables, then re-add the constraint. This query can be used to identify broken constraints and construct the commands needed to recreate them: SELECT conrelid::pg_catalog.regclass AS ""constrained table"", conname AS constraint, confrelid::pg_catalog.regclass AS ""references"", pg_catalog.format('ALTER TABLE %s DROP CONSTRAINT %I;', conrelid::pg_catalog.regclass, conname) AS ""drop"", pg_catalog.format('ALTER TABLE %s ADD CONSTRAINT %I %s;', conrelid::pg_catalog.regclass, conname, pg_catalog.pg_get_constraintdef(oid)) AS ""add"" FROM pg_catalog.pg_constraint c WHERE contype = 'f' AND conparentid = 0 AND (SELECT count(*) FROM pg_catalog.pg_constraint c2 WHERE c2.conparentid = c.oid) <> ((SELECT count(*) FROM pg_catalog.pg_inherits i WHERE (i.inhparent = c.conrelid OR i.inhparent = c.confrelid) AND EXISTS (SELECT 1 FROM pg_catalog.pg_partitioned_table WHERE partrelid = i.inhparent)) + CASE WHEN pg_catalog.pg_partition_root(conrelid) = confrelid THEN (SELECT count(*) FROM pg_catalog.pg_partition_tree(confrelid) WHERE level = 1) ELSE 0 END); Since it is possible that one or more of the ADD CONSTRAINT steps will fail, you should save the query's output in a file and then attempt to perform each step.",,Other functionality,9,core_server,pgsql-bugs,false,3,3,27,30,57,true,false,,,,,1,18541,24
437,20241114,2024-11-14,15.9,5,"Avoid possible crashes and could not open relation errors in queries on a partitioned table occurring concurrently with a DETACH CONCURRENTLY and immediate drop of a partition (Álvaro Herrera, Kuntal Gosh) § §","Avoid possible crashes and could not open relation errors in queries on a partitioned table occurring concurrently with a DETACH CONCURRENTLY and immediate drop of a partition (Álvaro Herrera, Kuntal Gosh) § §",,Crash & corruption,2,planner,pgsql-bugs,false,2,1,11,2,13,false,false,,,,,1,18559,13
438,20241114,2024-11-14,15.9,6,Disallow ALTER TABLE ATTACH PARTITION if the table to be attached has a foreign key referencing the partitioned table (Álvaro Herrera) § §,"Disallow ALTER TABLE ATTACH PARTITION if the table to be attached has a foreign key referencing the partitioned table (Álvaro Herrera) § § This arrangement is not supported, and other ways of creating it already fail.",,Other functionality,9,core_server,pgsql-bugs,false,2,3,51,0,51,true,false,,,,,1,18541,24
439,20241114,2024-11-14,15.9,7,"Don't use partitionwise joins or grouping if the query's collation for the key column doesn't match the partition key's collation (Jian He, Webbo Han) § §","Don't use partitionwise joins or grouping if the query's collation for the key column doesn't match the partition key's collation (Jian He, Webbo Han) § § Such plans could produce incorrect results.",,Wrong results & planner,3,planner,pgsql-bugs,false,3,3,324,2,326,true,false,,,,,1,18568,94
440,20241114,2024-11-14,15.9,8,"Fix possible could not find pathkey item to sort error when the output of a UNION ALL member query needs to be sorted, and the sort column is an expression (Andrei Lepikhov, Tom Lane) §","Fix possible could not find pathkey item to sort error when the output of a UNION ALL member query needs to be sorted, and the sort column is an expression (Andrei Lepikhov, Tom Lane) §",,Other functionality,9,planner,pgsql-bugs,false,3,3,71,38,109,true,false,,,,,1,18652,3
441,20241114,2024-11-14,15.9,9,Allow cancellation of the second stage of index build for large hash indexes (Pavel Borisov) §,Allow cancellation of the second stage of index build for large hash indexes (Pavel Borisov) §,,Build & platform,8,core_server,pgsql-bugs,false,2,1,3,0,3,false,false,,,,,1,18616,0
442,20241114,2024-11-14,15.9,10,"Fix assertion failure or confusing error message for COPY ( query ) TO ... , when the query is rewritten by a DO INSTEAD NOTIFY rule (Tender Wang, Tom Lane) §","Fix assertion failure or confusing error message for COPY ( query ) TO ... , when the query is rewritten by a DO INSTEAD NOTIFY rule (Tender Wang, Tom Lane) §",,Crash & corruption,2,core_server,pgsql-bugs,false,3,3,17,5,22,true,false,,,,,1,18664,1
443,20241114,2024-11-14,15.9,11,Fix detection of skewed data during parallel hash join (Thomas Munro) §,"Fix detection of skewed data during parallel hash join (Thomas Munro) § After repartitioning the inner side of a hash join because one partition has accumulated too many tuples, we check to see if all the partition's tuples went into the same child partition, which suggests that they all have the same hash value and further repartitioning cannot improve matters. This check malfunctioned in some cases, allowing repeated futile repartitioning which would eventually end in a resource-exhaustion error.",,Other functionality,9,core_server,pgsql-bugs,false,3,1,12,5,17,false,false,,,,,1,18349,244
444,20241114,2024-11-14,15.9,12,Fix race condition in committing a serializable transaction (Heikki Linnakangas) §,Fix race condition in committing a serializable transaction (Heikki Linnakangas) § Mis-processing of a recently committed transaction could lead to an assertion failure or a could not access status of transaction error.,,Crash & corruption,2,core_server,pgsql-bugs,false,3,1,9,4,13,false,false,,,,,1,18658,5
445,20241114,2024-11-14,15.9,13,Fix race condition in COMMIT PREPARED that resulted in orphaned 2PC files (wuchengwen) §,"Fix race condition in COMMIT PREPARED that resulted in orphaned 2PC files (wuchengwen) § A concurrent PREPARE TRANSACTION could cause COMMIT PREPARED to not remove the on-disk two-phase state file for the completed transaction. There was no immediate ill effect, but a subsequent crash-and-recovery could fail with could not access status of transaction , requiring manual removal of the orphaned file to restore service.",,Crash & corruption,2,replication_recovery,pgsql-hackers,false,3,1,8,1,9,false,false,,,,,0,,
446,20241114,2024-11-14,15.9,14,Avoid invalid memory accesses after skipping an invalid toast index during VACUUM FULL (Tender Wang) §,"Avoid invalid memory accesses after skipping an invalid toast index during VACUUM FULL (Tender Wang) § A list tracking yet-to-be-rebuilt indexes was not properly updated in this code path, risking assertion failures or crashes later on.",,Crash & corruption,2,core_server,pgsql-bugs,false,3,1,8,0,8,false,false,,,,,1,18630,2
447,20241114,2024-11-14,15.9,15,Fix ways in which an in place catalog update could be lost (Noah Misch) § § § § § § §,"Fix ways in which an in place catalog update could be lost (Noah Misch) § § § § § § § Normal row updates write a new version of the row to preserve rollback-ability of the transaction. However, certain system catalog updates are intentionally non-transactional and are done with an in-place update of the row. These patches fix race conditions that could cause the effects of an in-place update to be lost. As an example, it was possible to forget having set pg_class . relhasindex to true, preventing updates of the new index and thus causing index corruption.",,Crash & corruption,2,core_server,pgsql-hackers,false,3,1,2,4,6,false,false,,,,,0,,
448,20241114,2024-11-14,15.9,16,Reset catalog caches at end of recovery (Noah Misch) §,Reset catalog caches at end of recovery (Noah Misch) § This prevents scenarios wherein an in-place catalog update could be lost due to using stale data from a catalog cache.,,Crash & corruption,2,core_server,pgsql-hackers,false,3,3,67,0,67,false,false,,,,,0,,
449,20241114,2024-11-14,15.9,17,"Avoid using parallel query while holding off interrupts (Francesco Degrassi, Noah Misch, Tom Lane) § §","Avoid using parallel query while holding off interrupts (Francesco Degrassi, Noah Misch, Tom Lane) § § This situation cannot arise normally, but it can be reached with test scenarios such as using a SQL-language function as B-tree support (which would be far too slow for production usage). If it did occur it would result in an indefinite wait.",,Performance,7,replication_recovery,pgsql-bugs,false,3,3,23,11,34,false,false,,,,,0,,
450,20241114,2024-11-14,15.9,18,Report the active query ID for statistics purposes at the start of processing of Bind and Execute protocol messages (Sami Imseih) §,Report the active query ID for statistics purposes at the start of processing of Bind and Execute protocol messages (Sami Imseih) § This allows more of the work done in extended query protocol to be attributed to the correct query.,,Other functionality,9,core_server,pgsql-hackers,false,2,4,42,4,46,false,false,,,,,0,,
451,20241114,2024-11-14,15.9,19,"Guard against stack overflow in libxml2 with too-deeply-nested XML input (Tom Lane, with hat tip to Nick Wellnhofer) §","Guard against stack overflow in libxml2 with too-deeply-nested XML input (Tom Lane, with hat tip to Nick Wellnhofer) § Use xmlXPathCtxtCompile() rather than xmlXPathCompile() , because the latter fails to protect itself against recursion-to-stack-overflow in libxml2 releases before 2.13.4.",,Crash & corruption,2,core_server,pgsql-bugs,false,2,2,17,5,22,false,false,,,,,1,18617,2
452,20241114,2024-11-14,15.9,20,Do not ignore a concurrent REINDEX CONCURRENTLY that is working on an index with predicates or expressions (Michail Nikolaev) §,"Do not ignore a concurrent REINDEX CONCURRENTLY that is working on an index with predicates or expressions (Michail Nikolaev) § Normally, REINDEX CONCURRENTLY does not need to wait for other REINDEX CONCURRENTLY operations on other tables. However, this optimization is not applied if the other REINDEX CONCURRENTLY is processing an index with predicates or expressions, on the chance that such expressions contain user-defined code that accesses other tables. Careless coding created a race condition such that that rule was not applied uniformly, possibly allowing inconsistent behavior.",,Crash & corruption,2,core_server,pgsql-hackers,false,2,5,92,3,95,true,false,,,,,0,,
453,20241114,2024-11-14,15.9,21,"Fix failed to find plan for subquery/CTE errors in EXPLAIN (Richard Guo, Tom Lane) § §","Fix failed to find plan for subquery/CTE errors in EXPLAIN (Richard Guo, Tom Lane) § § This case arose while trying to print references to fields of a RECORD-type output of a subquery when the subquery has been optimized out of the plan altogether (which is possible at least in the case that it has a constant-false WHERE condition). Nothing remains in the plan to identify the original field names, so fall back to printing f N for the N 'th record column. (That's actually the right thing anyway, if the record output arose from a ROW() constructor.)",,Other functionality,9,core_server,pgsql-bugs,false,2,1,5,5,10,false,false,,,,,1,18576,2
454,20241114,2024-11-14,15.9,22,Disallow a USING clause when altering the type of a generated column (Peter Eisentraut) §,"Disallow a USING clause when altering the type of a generated column (Peter Eisentraut) § A generated column already has an expression specifying the column contents, so including USING doesn't make sense.",,Other functionality,9,core_server,pgsql-hackers,false,2,2,14,2,16,true,false,,,,,0,,
455,20241114,2024-11-14,15.9,23,Ignore not-yet-defined Portals in the pg_cursors view (Tom Lane) §,"Ignore not-yet-defined Portals in the pg_cursors view (Tom Lane) § It is possible for user-defined code that inspects this view to be called while a new cursor is being set up, and if that happens a null pointer dereference would ensue. Avoid the problem by defining the view to exclude incompletely-set-up cursors.",,Other functionality,9,core_server,pgsql-bugs,false,3,1,3,0,3,false,false,,,,,0,,
456,20241114,2024-11-14,15.9,24,Prevent mis-encoding of trailing junk after numeric literal error messages (Karina Litskevich) §,"Prevent mis-encoding of trailing junk after numeric literal error messages (Karina Litskevich) § We do not allow identifiers to appear immediately following numeric literals (there must be some whitespace between). If a multibyte character immediately followed a numeric literal, the syntax error message about it included only the first byte of that character, causing bad-encoding problems both in the report to the client and in the postmaster log file.",,Other functionality,9,client_tools,pgsql-hackers,false,2,4,74,62,136,true,false,,,,,0,,
457,20241114,2024-11-14,15.9,25,"Avoid unexpected table_index_fetch_tuple call during logical decoding error while decoding a transaction involving insertion of a column default value (Takeshi Ideriha, Hou Zhijie) § §","Avoid unexpected table_index_fetch_tuple call during logical decoding error while decoding a transaction involving insertion of a column default value (Takeshi Ideriha, Hou Zhijie) § §",,Replication & recovery,4,extensions_contrib,pgsql-bugs,false,3,4,45,44,89,false,false,,,,,1,18641,9
458,20241114,2024-11-14,15.9,26,Reduce memory consumption of logical decoding (Masahiko Sawada) §,"Reduce memory consumption of logical decoding (Masahiko Sawada) § Use a smaller default block size to store tuple data received during logical replication. This reduces memory wastage, which has been reported to be severe while processing long-running transactions, even leading to out-of-memory failures.",,Replication & recovery,4,replication_recovery,pgsql-hackers,false,3,1,11,6,17,false,false,,,,,0,,
459,20241114,2024-11-14,15.9,27,Re-disable sending of stateless (TLSv1.2) session tickets (Daniel Gustafsson) §,"Re-disable sending of stateless (TLSv1.2) session tickets (Daniel Gustafsson) § A previous change to prevent sending of stateful (TLSv1.3) session tickets accidentally re-enabled sending of stateless ones. Thus, while we intended to prevent clients from thinking that TLS session resumption is supported, some still did.",,Other functionality,9,core_server,pgsql-bugs,false,2,1,1,2,3,false,false,,,,,0,,
460,20241114,2024-11-14,15.9,28,Avoid wrong tuple length failure when dropping a database with many ACL (permission) entries (Ayush Tiwari) § §,Avoid wrong tuple length failure when dropping a database with many ACL (permission) entries (Ayush Tiwari) § §,,Other functionality,9,core_server,pgsql-hackers,false,2,1,3,1,4,false,false,,,,,0,,
461,20241114,2024-11-14,15.9,29,Allow adjusting the session_authorization and role settings in parallel workers (Tom Lane) §,"Allow adjusting the session_authorization and role settings in parallel workers (Tom Lane) § Our code intends to allow modifiable server settings to be set by function SET clauses, but not otherwise within a parallel worker. SET clauses failed for these two settings, though.",,Other functionality,9,core_server,pgsql-hackers,false,2,5,85,19,104,true,false,,,,,0,,
462,20241114,2024-11-14,15.9,30,"Fix behavior of stable functions called from a CALL statement's argument list, when the CALL is within a PL/pgSQL EXCEPTION block (Tom Lane) §","Fix behavior of stable functions called from a CALL statement's argument list, when the CALL is within a PL/pgSQL EXCEPTION block (Tom Lane) § As with a similar fix in our previous quarterly releases, this case allowed such functions to be passed the wrong snapshot, causing them to see stale values of rows modified since the start of the outer transaction.",,Other functionality,9,extensions_contrib,pgsql-bugs,false,3,3,47,4,51,false,false,,,,,1,18656,1
463,20241114,2024-11-14,15.9,31,Fix cache lookup failed for function errors in edge cases in PL/pgSQL's CALL (Tom Lane) §,Fix cache lookup failed for function errors in edge cases in PL/pgSQL's CALL (Tom Lane) §,,Other functionality,9,extensions_contrib,pgsql-bugs,false,2,2,16,12,28,false,false,,,,,1,18574,0
464,20241114,2024-11-14,15.9,32,Fix thread safety of our fallback (non-OpenSSL) MD5 implementation on big-endian hardware (Heikki Linnakangas) §,"Fix thread safety of our fallback (non-OpenSSL) MD5 implementation on big-endian hardware (Heikki Linnakangas) § Thread safety is not currently a concern in the server, but it is for libpq.",,Client tools,5,core_server,pgsql-hackers,false,2,1,1,4,5,false,false,,,,,0,,
465,20241114,2024-11-14,15.9,33,Parse libpq 's keepalives connection option in the same way as other integer-valued options (Yuto Sasaki) §,"Parse libpq 's keepalives connection option in the same way as other integer-valued options (Yuto Sasaki) § The coding used here rejected trailing whitespace in the option value, unlike other cases. This turns out to be problematic in ecpg 's usage, for example.",,Client tools,5,client_tools,pgsql-hackers,false,3,1,4,4,8,false,false,,,,,0,,
466,20241114,2024-11-14,15.9,34,Avoid use of pnstrdup() in ecpglib (Jacob Champion) §,"Avoid use of pnstrdup() in ecpglib (Jacob Champion) § That function will call exit() on out-of-memory, which is undesirable in a library. The calling code already handles allocation failures properly.",,Other functionality,9,client_tools,pgsql-hackers,false,2,1,21,2,23,false,false,,,,,0,,
467,20241114,2024-11-14,15.9,35,"In ecpglib , fix out-of-bounds read when parsing incorrect datetime input (Bruce Momjian, Pavel Nekrasov) §","In ecpglib , fix out-of-bounds read when parsing incorrect datetime input (Bruce Momjian, Pavel Nekrasov) § It was possible to try to read the location just before the start of a constant array. Real-world consequences seem minimal, though.",,Security hardening (no CVE),1,client_tools,pgsql-bugs,false,3,5,109,48,157,false,false,,,,,1,18614,40
468,20241114,2024-11-14,15.9,36,Fix pg_dump 's handling of identity sequences that have persistence different from their owning table's persistence (Tom Lane) §,"Fix pg_dump 's handling of identity sequences that have persistence different from their owning table's persistence (Tom Lane) § Since v15, it's been possible to set an identity sequence to be LOGGED when its owning table is UNLOGGED or vice versa. However, pg_dump 's method for recreating that situation failed in binary-upgrade mode, causing pg_upgrade to fail when such sequences are present. Fix by introducing a new option for ADD/ALTER COLUMN GENERATED AS IDENTITY to allow the sequence's persistence to be set correctly at creation. Note that this means a dump from a database containing such a sequence will only load into a server of this minor version or newer.",,Client tools,5,core_server,pgsql-bugs,false,2,7,112,41,153,true,false,,,,,1,18618,2
469,20241114,2024-11-14,15.9,37,Include the source timeline history in pg_rewind 's debug output (Heikki Linnakangas) §,"Include the source timeline history in pg_rewind 's debug output (Heikki Linnakangas) § This was the intention to begin with, but a coding error caused the source history to always print as empty.",,Replication & recovery,4,replication_recovery,pgsql-bugs,false,2,1,2,4,6,false,false,,,,,1,18575,1
470,20241114,2024-11-14,15.9,38,"Fix misbehavior with junction points on Windows, particularly in pg_rewind (Alexandra Wang) § § § §","Fix misbehavior with junction points on Windows, particularly in pg_rewind (Alexandra Wang) § § § § This entailed back-patching previous fixes by Thomas Munro, Peter Eisentraut, Alexander Lakhin, and Juan José Santamaría Flecha. Those changes were originally not back-patched out of caution, but they have been in use in later branches for long enough to deem them safe.",,Replication & recovery,4,core_server,pgsql-hackers,false,1,1,27,1,28,false,false,,,,,0,,
471,20241114,2024-11-14,15.9,39,"Avoid trying to reindex temporary tables and indexes in vacuumdb and in parallel reindexdb (VaibhaveS, Michael Paquier, Fujii Masao, Nathan Bossart) § § §","Avoid trying to reindex temporary tables and indexes in vacuumdb and in parallel reindexdb (VaibhaveS, Michael Paquier, Fujii Masao, Nathan Bossart) § § § Reindexing other sessions' temporary tables cannot work, but the check to skip them was missing in some code paths, leading to unwanted failures.",,Client tools,5,client_tools,pgsql-bugs,false,3,1,2,1,3,false,false,,,,,0,,
472,20241114,2024-11-14,15.9,40,"Allow inspection of sequence relations in relevant functions of contrib/pageinspect and contrib/pgstattuple (Nathan Bossart, Ayush Vatsa) § §","Allow inspection of sequence relations in relevant functions of contrib/pageinspect and contrib/pgstattuple (Nathan Bossart, Ayush Vatsa) § § This had been allowed in the past, but it got broken during the introduction of non-default access methods for tables.",,Extensions & contrib,6,extensions_contrib,pgsql-hackers,false,2,2,5,3,8,false,false,,,,,0,,
473,20241114,2024-11-14,15.9,41,"Fix incorrect LLVM-generated code on ARM64 platforms (Thomas Munro, Anthonin Bonnefoy) §","Fix incorrect LLVM-generated code on ARM64 platforms (Thomas Munro, Anthonin Bonnefoy) § When using JIT compilation on ARM platforms, the generated code could not support relocation distances exceeding 32 bits, allowing unlucky placement of generated code to cause server crashes on large-memory systems.",,Crash & corruption,2,core_server,pgsql-hackers,false,3,11,985,2,987,false,false,,,,,0,,
474,20241114,2024-11-14,15.9,42,"Fix a few places that assumed that process start time (represented as a time_t ) will fit into a long value (Max Johnson, Nathan Bossart) §","Fix a few places that assumed that process start time (represented as a time_t ) will fit into a long value (Max Johnson, Nathan Bossart) § On platforms where long is 32 bits (notably Windows), this coding would fail after Y2038. Most of the failures appear only cosmetic, but notably pg_ctl start would hang.",,Crash & corruption,2,core_server,pgsql-hackers,false,3,6,10,10,20,false,false,,,,,0,,
475,20241114,2024-11-14,15.9,43,Fix building with Strawberry Perl on Windows (Andrew Dunstan) §,Fix building with Strawberry Perl on Windows (Andrew Dunstan) §,,Build & platform,8,build_platform,unknown_or_internal_not_security,false,2,1,4,1,5,false,false,,,,,0,,
476,20241114,2024-11-14,15.9,44,"Prevent missing declaration for inet_pton compiler warning or error when building with MinGW (Thomas Munro, Andrew Dunstan) §","Prevent missing declaration for inet_pton compiler warning or error when building with MinGW (Thomas Munro, Andrew Dunstan) §",,Build & platform,8,core_server,pgsql-hackers,false,1,1,4,2,6,false,false,,,,,0,,
477,20241121,2024-11-21,15.10,0,Repair ABI break for extensions that work with struct ResultRelInfo (Tom Lane) §,"Repair ABI break for extensions that work with struct ResultRelInfo (Tom Lane) § Last week's minor releases unintentionally broke binary compatibility with timescaledb and several other extensions. Restore the affected structure to its previous size, so that such extensions need not be rebuilt.",,Other functionality,9,core_server,pgsql-hackers,true,3,1,3,3,6,false,false,,,,,0,,
478,20241121,2024-11-21,15.10,1,"Restore functionality of ALTER {ROLE|DATABASE} SET role (Tom Lane, Noah Misch) §","Restore functionality of ALTER {ROLE|DATABASE} SET role (Tom Lane, Noah Misch) § The fix for CVE-2024-10978 accidentally caused settings for role to not be applied if they come from non-interactive sources, including previous ALTER {ROLE|DATABASE} commands and the PGOPTIONS environment variable.",CVE-2024-10978,Security (CVE),0,core_server,pgsql-bugs,true,3,6,90,3,93,true,false,1,1,4.2,MEDIUM,0,,
479,20241121,2024-11-21,15.10,2,Fix cases where a logical replication slot's restart_lsn could go backwards (Masahiko Sawada) §,"Fix cases where a logical replication slot's restart_lsn could go backwards (Masahiko Sawada) § Previously, restarting logical replication could sometimes cause the slot's restart point to be recomputed as an older value than had previously been advertised in pg_replication_slots . This is bad, since for example WAL files might have been removed on the basis of the later restart_lsn value, in which case replication would fail to restart.",,Replication & recovery,4,replication_recovery,pgsql-bugs,true,3,1,3,1,4,false,false,,,,,0,,
480,20241121,2024-11-21,15.10,3,"Avoid deleting still-needed WAL files during pg_rewind (Polina Bungina, Alexander Kukushkin) §","Avoid deleting still-needed WAL files during pg_rewind (Polina Bungina, Alexander Kukushkin) § Previously, in unlucky cases, it was possible for pg_rewind to remove important WAL files from the rewound demoted primary. In particular this happens if those files have been marked for archival (i.e., their .ready files were created) but not yet archived. Then the newly promoted node no longer has such files because of them having been recycled, but likely they are needed for recovery in the demoted node. If pg_rewind removes them, recovery is not possible anymore.",,Replication & recovery,4,replication_recovery,pgsql-bugs,true,3,7,169,7,176,false,false,,,,,0,,
481,20241121,2024-11-21,15.10,4,"Fix race conditions associated with dropping shared statistics entries (Kyotaro Horiguchi, Michael Paquier) §","Fix race conditions associated with dropping shared statistics entries (Kyotaro Horiguchi, Michael Paquier) § These bugs could lead to loss of statistics data, assertion failures, or can only drop stats once errors.",,Crash & corruption,2,core_server,pgsql-bugs,true,3,2,54,5,59,false,false,,,,,1,17947,376
482,20241121,2024-11-21,15.10,5,"Count index scans in contrib/bloom indexes in the statistics views, such as the pg_stat_user_indexes . idx_scan counter (Masahiro Ikeda) §","Count index scans in contrib/bloom indexes in the statistics views, such as the pg_stat_user_indexes . idx_scan counter (Masahiro Ikeda) §",,Extensions & contrib,6,extensions_contrib,pgsql-hackers,true,3,1,2,0,2,false,false,,,,,0,,
483,20241121,2024-11-21,15.10,6,Fix crash when checking to see if an index's opclass options have changed (Alexander Korotkov) §,Fix crash when checking to see if an index's opclass options have changed (Alexander Korotkov) § Some forms of ALTER TABLE would fail if the table has an index with non-default operator class options.,,Crash & corruption,2,extensions_contrib,pgsql-bugs,true,3,3,16,2,18,false,false,,,,,1,18692,5
484,20241121,2024-11-21,15.10,7,Avoid assertion failure caused by disconnected NFA sub-graphs in regular expression parsing (Tom Lane) §,Avoid assertion failure caused by disconnected NFA sub-graphs in regular expression parsing (Tom Lane) § This bug does not appear to have any visible consequences in non-assert builds.,,Crash & corruption,2,core_server,pgsql-bugs,true,3,6,79,1,80,true,false,,,,,1,18708,1
485,20250213,2025-02-13,15.11,0,"Harden PQescapeString and allied functions against invalidly-encoded input strings (Andres Freund, Noah Misch) § § § § § §","Harden PQescapeString and allied functions against invalidly-encoded input strings (Andres Freund, Noah Misch) § § § § § § Data-quoting functions supplied by libpq now fully check the encoding validity of their input. If invalid characters are detected, they report an error if possible. For the ones that lack an error return convention, the output string is adjusted to ensure that the server will report invalid encoding and no intervening processing will be fooled by bytes that might happen to match single quote, backslash, etc. The purpose of this change is to guard against SQL-injection attacks that are possible if one of these functions is used to quote crafted input. There is no hazard when the resulting string is sent directly to a PostgreSQL server (which would check its encoding anyway), but there is a risk when it is passed through psql or other client-side code. Historically such code has not carefully vetted encoding, and in many cases it's not clear what it should do if it did detect such a problem. This fix is effective only if the data-quoting function, the server, and any intermediate processing agree on the character encoding that's being used. Applications that insert untrusted input into SQL commands should take special care to ensure that that's true. Applications and drivers that quote untrusted input without using these libpq functions may be at risk of similar problems. They should first confirm the data is valid in the encoding expected by the server. The PostgreSQL Project thanks Stephen Fewer for reporting this problem. (CVE-2025-1094)",CVE-2025-1094,Security (CVE),0,client_tools,unknown_or_internal_security,false,3,1,14,5,19,false,false,1,1,8.1,HIGH,0,,
486,20250213,2025-02-13,15.11,1,Exclude parallel workers from connection privilege checks and limits (Tom Lane) §,"Exclude parallel workers from connection privilege checks and limits (Tom Lane) § Do not check datallowconn , rolcanlogin , and ACL_CONNECT privileges when starting a parallel worker, instead assuming that it's enough for the leader process to have passed similar checks originally. This avoids, for example, unexpected failures of parallelized queries when the leader is running as a role that lacks login privilege. In the same vein, enforce ReservedConnections , datconnlimit , and rolconnlimit limits only against regular backends, and count only regular backends while checking if the limits were already reached. Those limits are meant to prevent excessive consumption of process slots for regular backends --- but parallel workers and other special processes have their own pools of process slots with their own limit checks.",,Other functionality,9,core_server,pgsql-hackers,false,3,11,80,92,172,true,false,,,,,0,,
487,20250213,2025-02-13,15.11,2,Fix possible re-use of stale results in window aggregates (David Rowley) §,Fix possible re-use of stale results in window aggregates (David Rowley) § A window aggregate with a run condition optimization and a pass-by-reference result type might incorrectly return the result from the previous partition instead of performing a fresh calculation.,,Other functionality,9,core_server,pgsql-bugs,false,3,3,34,18,52,true,false,,,,,0,,
488,20250213,2025-02-13,15.11,3,Keep TransactionXmin in sync with MyProc->xmin (Heikki Linnakangas) §,Keep TransactionXmin in sync with MyProc->xmin (Heikki Linnakangas) § This oversight could permit a process to try to access data that had already been vacuumed away. One known consequence is transient could not access status of transaction errors.,,Other functionality,9,core_server,pgsql-hackers,false,3,1,2,2,4,false,false,,,,,0,,
489,20250213,2025-02-13,15.11,4,Fix race condition that could cause failure to add a newly-inserted catalog entry to a catalog cache list (Heikki Linnakangas) §,"Fix race condition that could cause failure to add a newly-inserted catalog entry to a catalog cache list (Heikki Linnakangas) § This could result, for example, in failure to use a newly-created function within an existing session.",,Crash & corruption,2,core_server,pgsql-hackers,false,3,6,252,83,335,true,false,,,,,0,,
490,20250213,2025-02-13,15.11,5,Prevent possible catalog corruption when a system catalog is vacuumed concurrently with an update (Noah Misch) §,Prevent possible catalog corruption when a system catalog is vacuumed concurrently with an update (Noah Misch) §,,Crash & corruption,2,core_server,pgsql-bugs,false,3,5,77,93,170,false,false,,,,,1,17821,695
491,20250213,2025-02-13,15.11,6,Fix data corruption when relation truncation fails (Thomas Munro) § § §,"Fix data corruption when relation truncation fails (Thomas Munro) § § § The filesystem calls needed to perform relation truncation could fail, leaving inconsistent state on disk (for example, effectively reviving deleted data). We can't really prevent that, but we can recover by dint of making such failures into PANICs, so that consistency is restored by replaying from WAL up to just before the attempted truncation. This isn't a hugely desirable behavior, but such failures are rare enough that it seems an acceptable solution.",,Crash & corruption,2,core_server,pgsql-bugs,false,3,6,89,33,122,false,false,,,,,2,18426,254
492,20250213,2025-02-13,15.11,7,Prevent checkpoints from starting during relation truncation (Robert Haas) §,"Prevent checkpoints from starting during relation truncation (Robert Haas) § This avoids a race condition wherein the modified file might not get fsync'd before completing the checkpoint, creating a risk of data corruption if the operating system crashes soon after.",,Crash & corruption,2,core_server,pgsql-bugs,false,3,1,20,7,27,false,false,,,,,1,18146,426
493,20250213,2025-02-13,15.11,8,Use rename() not link() / unlink() to rename files (Nathan Bossart) §,"Use rename() not link() / unlink() to rename files (Nathan Bossart) § The previous coding was intended to assure that the operation could not accidentally overwrite an existing file. However a failure could leave two links to the same file in existence, confusing subsequent operations and creating a risk of data corruption. In practice we do not use this functionality in places where the target filename could already exist, so it seems better to give up the no-overwrite guarantee to remove the multiple-link hazard.",,Crash & corruption,2,replication_recovery,pgsql-hackers,false,1,3,11,21,32,false,false,,,,,0,,
494,20250213,2025-02-13,15.11,9,Avoid possibly losing an update of pg_database . datfrozenxid when VACUUM runs concurrently with a REASSIGN OWNED that changes that database's owner (Kirill Reshke) §,Avoid possibly losing an update of pg_database . datfrozenxid when VACUUM runs concurrently with a REASSIGN OWNED that changes that database's owner (Kirill Reshke) §,,Other functionality,9,core_server,pgsql-hackers,false,3,5,51,2,53,true,false,,,,,0,,
495,20250213,2025-02-13,15.11,10,Fix incorrect tg_updatedcols values passed to AFTER UPDATE triggers (Tom Lane) §,"Fix incorrect tg_updatedcols values passed to AFTER UPDATE triggers (Tom Lane) § In some cases the tg_updatedcols bitmap could describe the set of columns updated by an earlier command in the same transaction, fooling the trigger into doing the wrong thing. Also, prevent memory bloat caused by making too many copies of the tg_updatedcols bitmap.",,Other functionality,9,extensions_contrib,pgsql-hackers,false,3,3,118,10,128,false,false,,,,,0,,
496,20250213,2025-02-13,15.11,11,Fix detach of a partition that has its own foreign-key constraint referencing a partitioned table (Amul Sul) §,"Fix detach of a partition that has its own foreign-key constraint referencing a partitioned table (Amul Sul) § In common cases, foreign keys are defined on a partitioned table's top level; but if instead one is defined on a partition and references a partitioned table, and the referencing partition is detached, the relevant pg_constraint entries were updated incorrectly. This led to errors like could not find ON INSERT check triggers of foreign key constraint .",,Other functionality,9,core_server,pgsql-hackers,false,3,3,39,2,41,true,false,,,,,0,,
497,20250213,2025-02-13,15.11,12,Fix mis-processing of to_timestamp 's FF n format codes (Tom Lane) §,"Fix mis-processing of to_timestamp 's FF n format codes (Tom Lane) § An integer format code immediately preceding FF n would consume all available digits, leaving none for FF n .",,Other functionality,9,core_server,pgsql-bugs,false,3,3,25,13,38,true,false,,,,,0,,
498,20250213,2025-02-13,15.11,13,"When deparsing an XMLTABLE() expression, ensure that XML namespace names are double-quoted when necessary (Dean Rasheed) §","When deparsing an XMLTABLE() expression, ensure that XML namespace names are double-quoted when necessary (Dean Rasheed) §",,Other functionality,9,core_server,pgsql-hackers,false,3,5,26,13,39,true,false,,,,,0,,
499,20250213,2025-02-13,15.11,14,Include the ldapscheme option in pg_hba_file_rules() output (Laurenz Albe) § §,Include the ldapscheme option in pg_hba_file_rules() output (Laurenz Albe) § §,,Other functionality,9,core_server,pgsql-bugs,false,3,1,2,2,4,false,false,,,,,1,18769,1
500,20250213,2025-02-13,15.11,15,Don't merge UNION operations if their column collations aren't consistent (Tom Lane) §,"Don't merge UNION operations if their column collations aren't consistent (Tom Lane) § Previously we ignored collations when deciding if it's safe to merge UNION steps into a single N-way UNION operation. This was arguably valid before the introduction of nondeterministic collations, but it's not anymore, since the collation in use can affect the definition of uniqueness.",,Other functionality,9,planner,pgsql-hackers,false,3,1,12,12,24,false,false,,,,,0,,
501,20250213,2025-02-13,15.11,16,Fix missed expression processing for partition pruning steps (Tom Lane) §,"Fix missed expression processing for partition pruning steps (Tom Lane) § This oversight could lead to unrecognized node type errors, and perhaps other problems, in queries accessing partitioned tables.",,Wrong results & planner,3,planner,pgsql-bugs,false,3,3,56,0,56,true,false,,,,,1,18778,1
502,20250213,2025-02-13,15.11,17,Allow dshash tables to grow past 1GB (Matthias van de Meent) §,Allow dshash tables to grow past 1GB (Matthias van de Meent) § This avoids errors like invalid DSA memory alloc request size . The case can occur for example in transactions that process several million tables.,,Other functionality,9,core_server,pgsql-hackers,false,3,1,4,2,6,false,false,,,,,0,,
503,20250213,2025-02-13,15.11,18,"Avoid possible integer overflow in bringetbitmap() (James Hunter, Evgeniy Gorbanyov) §","Avoid possible integer overflow in bringetbitmap() (James Hunter, Evgeniy Gorbanyov) § Since the result is only used for statistical purposes, the effects of this error were mostly cosmetic.",,Other functionality,9,core_server,pgsql-hackers,false,3,1,1,1,2,false,false,,,,,0,,
504,20250213,2025-02-13,15.11,19,"Prevent streaming standby servers from looping infinitely when reading a WAL record that crosses pages (Kyotaro Horiguchi, Alexander Kukushkin) §","Prevent streaming standby servers from looping infinitely when reading a WAL record that crosses pages (Kyotaro Horiguchi, Alexander Kukushkin) § This would happen when the record's continuation is on a page that needs to be read from a different WAL source.",,Replication & recovery,4,replication_recovery,pgsql-hackers,false,3,3,162,6,168,true,false,,,,,0,,
505,20250213,2025-02-13,15.11,20,Fix unintended promotion of FATAL errors to PANIC during early process startup (Noah Misch) §,Fix unintended promotion of FATAL errors to PANIC during early process startup (Noah Misch) § This fixes some unlikely cases that would result in PANIC: proc_exit() called in child process .,,Crash & corruption,2,core_server,pgsql-hackers,false,3,4,6,4,10,false,false,,,,,0,,
506,20250213,2025-02-13,15.11,21,Fix cases where an operator family member operator or support procedure could become a dangling reference (Tom Lane) § §,"Fix cases where an operator family member operator or support procedure could become a dangling reference (Tom Lane) § § In some cases a data type could be dropped while references to its OID still remain in pg_amop or pg_amproc . While that caused no immediate issues, an attempt to drop the owning operator family would fail, and pg_dump would produce bogus output when dumping the operator family. This fix causes creation and modification of operator families/classes to add needed dependency entries so that dropping a data type will also drop any dependent operator family elements. That does not help vulnerable pre-existing operator families, though, so a band-aid has also been added to DROP OPERATOR FAMILY to prevent failure when dropping a family that has dangling members.",,Client tools,5,core_server,pgsql-bugs,false,3,2,102,0,102,false,false,,,,,0,,
507,20250213,2025-02-13,15.11,22,"Fix multiple memory leaks in logical decoding output (Vignesh C, Masahiko Sawada, Boyu Yang) § § §","Fix multiple memory leaks in logical decoding output (Vignesh C, Masahiko Sawada, Boyu Yang) § § §",,Crash & corruption,2,replication_recovery,pgsql-hackers,false,3,1,2,2,4,false,false,,,,,0,,
508,20250213,2025-02-13,15.11,23,"Avoid low-probability crash on out-of-memory, due to missing check for failure return from malloc() (Karina Litskevich) §","Avoid low-probability crash on out-of-memory, due to missing check for failure return from malloc() (Karina Litskevich) §",,Crash & corruption,2,core_server,pgsql-hackers,false,1,1,5,0,5,false,false,,,,,0,,
509,20250213,2025-02-13,15.11,24,Avoid integer overflow while testing wal_skip_threshold condition (Tom Lane) §,"Avoid integer overflow while testing wal_skip_threshold condition (Tom Lane) § A transaction that created a very large relation could mistakenly decide to ensure durability by copying the relation into WAL instead of fsync'ing it, thereby negating the point of wal_skip_threshold . (This only matters when wal_level is set to minimal , else a WAL copy is required anyway.)",,Replication & recovery,4,core_server,pgsql-hackers,false,3,1,2,2,4,false,false,,,,,0,,
510,20250213,2025-02-13,15.11,25,Fix unsafe order of operations during cache lookups (Noah Misch) §,Fix unsafe order of operations during cache lookups (Noah Misch) § The only known consequence was a usually-harmless you don't own a lock of type ExclusiveLock warning during GRANT TABLESPACE.,,Other functionality,9,core_server,pgsql-bugs,false,3,3,21,5,26,true,false,,,,,0,,
511,20250213,2025-02-13,15.11,26,Fix possible failed to resolve name failures when using JIT on older ARM platforms (Thomas Munro) §,Fix possible failed to resolve name failures when using JIT on older ARM platforms (Thomas Munro) § This could occur as a consequence of inconsistency about the default setting of -moutline-atomics between gcc and clang. At least Debian and Ubuntu are known to ship gcc and clang compilers that target armv8-a but differ on the use of outline atomics by default.,,Build & platform,8,build_platform,pgsql-bugs,false,3,2,112,0,112,false,false,,,,,1,18610,72
512,20250213,2025-02-13,15.11,27,Fix handling of Windows junction points that are not of PostgreSQL origin (Thomas Munro) § §,"Fix handling of Windows junction points that are not of PostgreSQL origin (Thomas Munro) § § Previously, initdb would fail if the path to the data directory included junction points whose expansion isn't in drive absolute format, or whose expansion points to another junction point.",,Client tools,5,core_server,pgsql-bugs,false,1,1,14,3,17,false,false,,,,,0,,
513,20250213,2025-02-13,15.11,28,Fix assertion failure in WITH RECURSIVE ... UNION queries (David Rowley) §,Fix assertion failure in WITH RECURSIVE ... UNION queries (David Rowley) §,,Crash & corruption,2,core_server,pgsql-hackers,false,3,3,28,2,30,true,false,,,,,0,,
514,20250213,2025-02-13,15.11,29,"Avoid assertion failure in rule deparsing if a set operation leaf query contains set operations (Man Zeng, Tom Lane) §","Avoid assertion failure in rule deparsing if a set operation leaf query contains set operations (Man Zeng, Tom Lane) §",,Crash & corruption,2,core_server,pgsql-hackers,false,3,1,9,3,12,false,false,,,,,0,,
515,20250213,2025-02-13,15.11,30,Avoid edge-case assertion failure in parallel query startup (Tom Lane) §,Avoid edge-case assertion failure in parallel query startup (Tom Lane) §,,Crash & corruption,2,core_server,pgsql-hackers,false,3,19,49,73,122,false,false,,,,,0,,
516,20250213,2025-02-13,15.11,31,Fix assertion failure at shutdown when writing out the statistics file (Michael Paquier) §,Fix assertion failure at shutdown when writing out the statistics file (Michael Paquier) §,,Crash & corruption,2,extensions_contrib,pgsql-hackers,false,3,2,69,2,71,false,false,,,,,0,,
517,20250213,2025-02-13,15.11,32,"In NULLIF() , avoid passing a read-write expanded object pointer to the data type's equality function (Tom Lane) §","In NULLIF() , avoid passing a read-write expanded object pointer to the data type's equality function (Tom Lane) § The equality function could modify or delete the object if it's given a read-write pointer, which would be bad if we decide to return it as the NULLIF() result. There is probably no problem with any built-in equality function, but it's easy to demonstrate a failure with one coded in PL/pgSQL.",,Other functionality,9,core_server,pgsql-bugs,false,3,6,64,5,69,true,false,,,,,1,18722,2
518,20250213,2025-02-13,15.11,33,Ensure that expression preprocessing is applied to a default null value in INSERT (Tom Lane) §,"Ensure that expression preprocessing is applied to a default null value in INSERT (Tom Lane) § If the target column is of a domain type, the planner must insert a coerce-to-domain step not just a null constant, and this expression missed going through some required processing steps. There is no known consequence with domains based on core data types, but in theory an error could occur with domains based on extension types.",,Wrong results & planner,3,core_server,pgsql-hackers,false,3,6,92,78,170,false,false,,,,,0,,
519,20250213,2025-02-13,15.11,34,"Repair memory leaks in PL/Python (Mat Arye, Tom Lane) §","Repair memory leaks in PL/Python (Mat Arye, Tom Lane) § Repeated use of PLyPlan.execute or plpy.cursor resulted in memory leakage for the duration of the calling PL/Python function.",,Crash & corruption,2,extensions_contrib,pgsql-hackers,false,3,4,49,64,113,false,false,,,,,0,,
520,20250213,2025-02-13,15.11,35,Fix PL/Tcl to compile with Tcl 9 (Peter Eisentraut) §,Fix PL/Tcl to compile with Tcl 9 (Peter Eisentraut) §,,Extensions & contrib,6,extensions_contrib,pgsql-hackers,false,3,1,10,6,16,false,false,,,,,0,,
521,20250213,2025-02-13,15.11,36,"In the ecpg preprocessor, fix possible misprocessing of cursors that reference out-of-scope variables (Tom Lane) §","In the ecpg preprocessor, fix possible misprocessing of cursors that reference out-of-scope variables (Tom Lane) §",,Client tools,5,client_tools,unknown_or_internal_not_security,false,3,1,29,33,62,false,false,,,,,0,,
522,20250213,2025-02-13,15.11,37,"In ecpg , fix compile-time warnings about unsupported use of COPY ... FROM STDIN (Ryo Kanbayashi) §","In ecpg , fix compile-time warnings about unsupported use of COPY ... FROM STDIN (Ryo Kanbayashi) § Previously, the intended warning was not issued due to a typo.",,Client tools,5,client_tools,pgsql-hackers,false,3,1,1,1,2,false,false,,,,,0,,
523,20250213,2025-02-13,15.11,38,Fix psql to safely handle file path names that are encoded in SJIS (Tom Lane) §,"Fix psql to safely handle file path names that are encoded in SJIS (Tom Lane) § Some two-byte characters in SJIS have a second byte that is equal to ASCII backslash ( \ ). These characters were corrupted by path name normalization, preventing access to files whose names include such characters.",,Crash & corruption,2,core_server,pgsql-bugs,false,3,4,97,19,116,false,false,,,,,1,18735,55
524,20250213,2025-02-13,15.11,39,"Fix use of wrong version of pqsignal() in pgbench and psql (Fujii Masao, Tom Lane) §","Fix use of wrong version of pqsignal() in pgbench and psql (Fujii Masao, Tom Lane) § This error could lead to misbehavior when using the -T option in pgbench or the \watch command in psql , due to interrupted system calls not being resumed as expected.",,Client tools,5,core_server,pgsql-hackers,false,3,3,19,2,21,false,false,,,,,0,,
525,20250213,2025-02-13,15.11,40,Fix misexecution of some nested \if constructs in pgbench (Michail Nikolaev) §,Fix misexecution of some nested \if constructs in pgbench (Michail Nikolaev) § An \if command appearing within a false (not-being-executed) \if branch was incorrectly treated the same as \elif.,,Client tools,5,client_tools,pgsql-hackers,false,3,2,59,7,66,false,false,,,,,0,,
526,20250213,2025-02-13,15.11,41,"In pgbench , fix possible misdisplay of progress messages during table initialization (Yushi Ogiwara, Tatsuo Ishii, Fujii Masao) § §","In pgbench , fix possible misdisplay of progress messages during table initialization (Yushi Ogiwara, Tatsuo Ishii, Fujii Masao) § §",,Client tools,5,client_tools,pgsql-hackers,false,3,1,20,10,30,false,false,,,,,0,,
527,20250213,2025-02-13,15.11,42,"Make pg_controldata more robust against corrupted pg_control files (Ilyasov Ian, Anton Voloshin) §","Make pg_controldata more robust against corrupted pg_control files (Ilyasov Ian, Anton Voloshin) § Since pg_controldata will attempt to print the contents of pg_control even if the CRC check fails, it must take care not to misbehave for invalid field values. This patch fixes some issues triggered by invalid timestamps and apparently-negative WAL segment sizes.",,Crash & corruption,2,client_tools,unknown_or_internal_not_security,false,3,1,18,7,25,false,false,,,,,0,,
528,20250213,2025-02-13,15.11,43,Fix possible crash in pg_dump with identity sequences attached to tables that are extension members (Tom Lane) §,Fix possible crash in pg_dump with identity sequences attached to tables that are extension members (Tom Lane) §,,Crash & corruption,2,client_tools,pgsql-bugs,false,3,2,27,17,44,false,false,,,,,0,,
529,20250213,2025-02-13,15.11,44,"Fix pg_basebackup to correctly handle pg_wal.tar files exceeding 2GB on Windows (Davinder Singh, Thomas Munro) § §","Fix pg_basebackup to correctly handle pg_wal.tar files exceeding 2GB on Windows (Davinder Singh, Thomas Munro) § §",,Replication & recovery,4,replication_recovery,pgsql-hackers,false,3,3,3,3,6,false,false,,,,,0,,
530,20250213,2025-02-13,15.11,45,Update configuration probes that determine the compiler switches needed to access ARM CRC instructions (Tom Lane) §,"Update configuration probes that determine the compiler switches needed to access ARM CRC instructions (Tom Lane) § On ARM platforms where the baseline CPU target lacks CRC instructions, we need to supply a -march switch to persuade the compiler to compile such instructions. Recent versions of gcc reject the value we were trying, leading to silently falling back to software CRC.",,Build & platform,8,build_platform,pgsql-bugs,false,3,3,58,4,62,false,false,,,,,0,,
531,20250213,2025-02-13,15.11,46,"During configure , if a C23 compiler is detected, try asking for C17 (Thomas Munro) §","During configure , if a C23 compiler is detected, try asking for C17 (Thomas Munro) § PostgreSQL versions before v16 will not compile under C23 rules. If the chosen compiler defaults to C23 or later, try adding a -std=gnu17 switch to change that. (If this won't work for your compiler, manually specify CFLAGS with a suitable switch.)",,Build & platform,8,build_platform,pgsql-bugs,false,1,2,97,0,97,false,false,,,,,0,,
532,20250220,2025-02-20,15.12,0,"Improve behavior of libpq 's quoting functions (Andres Freund, Tom Lane) § § §","Improve behavior of libpq 's quoting functions (Andres Freund, Tom Lane) § § § The changes made for CVE-2025-1094 had one serious oversight: PQescapeLiteral() and PQescapeIdentifier() failed to honor their string length parameter, instead always reading to the input string's trailing null. This resulted in including unwanted text in the output, if the caller intended to truncate the string via the length parameter. With very bad luck it could cause a crash due to reading off the end of memory. In addition, modify all these quoting functions so that when invalid encoding is detected, an invalid sequence is substituted for just the first byte of the presumed character, not all of it. This reduces the risk of problems if a calling application performs additional processing on the quoted string.",CVE-2025-1094,Security (CVE),0,client_tools,pgsql-hackers,true,3,1,7,5,12,false,false,1,1,8.1,HIGH,0,,
533,20250508,2025-05-08,15.13,0,"Avoid one-byte buffer overread when examining invalidly-encoded strings that are claimed to be in GB18030 encoding (Noah Misch, Andres Freund) § §","Avoid one-byte buffer overread when examining invalidly-encoded strings that are claimed to be in GB18030 encoding (Noah Misch, Andres Freund) § § While unlikely, a SIGSEGV crash could occur if an incomplete multibyte character appeared at the end of memory. This was possible both in the server and in libpq -using applications. (CVE-2025-4207)",CVE-2025-4207,Security (CVE),0,tests,unknown_or_internal_security,false,3,1,82,80,162,true,false,1,1,5.9,MEDIUM,0,,
534,20250508,2025-05-08,15.13,1,Handle self-referential foreign keys on partitioned tables correctly (Álvaro Herrera) §,"Handle self-referential foreign keys on partitioned tables correctly (Álvaro Herrera) § Creating or attaching partitions failed to make the required catalog entries for a foreign-key constraint, if the table referenced by the constraint was the same partitioned table. This resulted in failure to enforce the constraint fully. To fix this, you should drop and recreate any self-referential foreign keys on partitioned tables, if partitions have been created or attached since the constraint was created. Bear in mind that violating rows might already be present, in which case recreating the constraint will fail, and you'll need to fix up those rows before trying again.",,Other functionality,9,core_server,pgsql-bugs,false,3,4,107,73,180,true,false,,,,,1,18156,567
535,20250508,2025-05-08,15.13,2,Avoid data loss when merging compressed BRIN summaries in brin_bloom_union() (Tomas Vondra) §,"Avoid data loss when merging compressed BRIN summaries in brin_bloom_union() (Tomas Vondra) § The code failed to account for decompression results not being identical to the input objects, which would result in failure to add some of the data to the merged summary, leading to missed rows in index searches. This mistake was present back to v14 where BRIN bloom indexes were introduced, but this code path was only rarely reached then. It's substantially more likely to be hit in v17 because parallel index builds now use the code.",,Crash & corruption,2,core_server,pgsql-bugs,false,3,1,11,0,11,false,false,,,,,1,18855,8
536,20250508,2025-05-08,15.13,3,"Fix unexpected attribute has wrong type errors in UPDATE, DELETE, and MERGE queries that use whole-row table references to views or functions in FROM (Tom Lane) § § §","Fix unexpected attribute has wrong type errors in UPDATE, DELETE, and MERGE queries that use whole-row table references to views or functions in FROM (Tom Lane) § § §",,Other functionality,9,core_server,pgsql-bugs,false,3,4,140,5,145,true,false,,,,,0,,
537,20250508,2025-05-08,15.13,4,Fix MERGE into a partitioned table with DO NOTHING actions (Tender Wang) §,Fix MERGE into a partitioned table with DO NOTHING actions (Tender Wang) § Some cases failed with unknown action in MERGE WHEN clause errors.,,Other functionality,9,core_server,pgsql-bugs,false,3,4,34,2,36,true,false,,,,,1,18871,1
538,20250508,2025-05-08,15.13,5,Prevent failure in INSERT commands when the table has a GENERATED column of a domain data type and the domain's constraints disallow null values (Jian He) §,Prevent failure in INSERT commands when the table has a GENERATED column of a domain data type and the domain's constraints disallow null values (Jian He) § Constraint failure was reported even if the generation expression produced a perfectly okay result.,,Other functionality,9,planner,pgsql-hackers,false,3,6,90,27,117,true,false,,,,,0,,
539,20250508,2025-05-08,15.13,6,Correctly process references to outer CTE names that appear within a WITH clause attached to an INSERT/ UPDATE/ DELETE/ MERGE command that's inside WITH (Tom Lane) §,"Correctly process references to outer CTE names that appear within a WITH clause attached to an INSERT/ UPDATE/ DELETE/ MERGE command that's inside WITH (Tom Lane) § The parser failed to detect disallowed recursion cases, nor did it account for such references when sorting CTEs into a usable order.",,Other functionality,9,core_server,pgsql-bugs,false,3,3,124,43,167,true,false,,,,,1,18878,1
540,20250508,2025-05-08,15.13,7,"Fix ARRAY( subquery ) and ARRAY[ expression, ... ] constructs to produce sane results when the input is of type int2vector or oidvector (Tom Lane) §","Fix ARRAY( subquery ) and ARRAY[ expression, ... ] constructs to produce sane results when the input is of type int2vector or oidvector (Tom Lane) § This patch restores the behavior that existed before PostgreSQL 9.5: the result is of type int2vector[] or oidvector[] .",,Other functionality,9,core_server,pgsql-bugs,false,3,4,166,8,174,true,false,,,,,1,18840,1
541,20250508,2025-05-08,15.13,8,Fix possible erroneous reports of invalid affixes while parsing Ispell dictionaries (Jacob Brazeal) §,Fix possible erroneous reports of invalid affixes while parsing Ispell dictionaries (Jacob Brazeal) §,,Other functionality,9,core_server,pgsql-hackers,false,3,1,4,0,4,false,false,,,,,0,,
542,20250508,2025-05-08,15.13,9,"Fix ALTER TABLE ADD COLUMN to correctly handle the case of a domain type that has a default (Jian He, Tom Lane, Tender Wang) § §","Fix ALTER TABLE ADD COLUMN to correctly handle the case of a domain type that has a default (Jian He, Tom Lane, Tender Wang) § § If a domain type has a default, adding a column of that type (without any explicit DEFAULT clause) failed to install the domain's default value in existing rows, instead leaving the new column null.",,Other functionality,9,core_server,pgsql-hackers,false,3,3,18,2,20,true,false,,,,,0,,
543,20250508,2025-05-08,15.13,10,Repair misbehavior when there are duplicate column names in a foreign key constraint's ON DELETE SET DEFAULT or SET NULL action (Tom Lane) §,Repair misbehavior when there are duplicate column names in a foreign key constraint's ON DELETE SET DEFAULT or SET NULL action (Tom Lane) §,,Other functionality,9,core_server,pgsql-bugs,false,3,4,34,10,44,true,false,,,,,1,18879,1
544,20250508,2025-05-08,15.13,11,Improve the error message for disallowed attempts to alter the properties of a foreign key constraint (Álvaro Herrera) §,Improve the error message for disallowed attempts to alter the properties of a foreign key constraint (Álvaro Herrera) §,,Other functionality,9,core_server,pgsql-hackers,false,3,5,17,9,26,true,false,,,,,0,,
545,20250508,2025-05-08,15.13,12,Avoid error when resetting the relhassubclass flag of a temporary table that's marked ON COMMIT DELETE ROWS (Noah Misch) §,Avoid error when resetting the relhassubclass flag of a temporary table that's marked ON COMMIT DELETE ROWS (Noah Misch) §,,Other functionality,9,core_server,pgsql-bugs,false,3,4,65,0,65,true,false,,,,,0,,
546,20250508,2025-05-08,15.13,13,Fix planner's failure to identify more than one hashable ScalarArrayOpExpr subexpression within a top-level expression (David Geier) §,"Fix planner's failure to identify more than one hashable ScalarArrayOpExpr subexpression within a top-level expression (David Geier) § This resulted in unnecessarily-inefficient execution of any additional subexpressions that could have been processed with a hash table (that is, IN , NOT IN , or = ANY clauses with all-constant right-hand sides).",,Wrong results & planner,3,planner,pgsql-hackers,false,3,1,2,2,4,false,false,,,,,0,,
547,20250508,2025-05-08,15.13,14,Disable skip fetch optimization in bitmap heap scan (Matthias van de Meent) §,Disable skip fetch optimization in bitmap heap scan (Matthias van de Meent) § It turns out that this optimization can result in returning dead tuples when a concurrent vacuum marks a page all-visible.,,Other functionality,9,core_server,pgsql-hackers,false,3,5,13,133,146,false,false,,,,,0,,
548,20250508,2025-05-08,15.13,15,"Fix performance issues in GIN index search startup when there are many search keys (Tom Lane, Vinod Sridharan) § §","Fix performance issues in GIN index search startup when there are many search keys (Tom Lane, Vinod Sridharan) § § An indexable clause with many keys (for example, jsonbcol ?| array[...] with tens of thousands of array elements) took O(N 2 ) time to start up, and was uncancelable for that interval too.",,Performance,7,extensions_contrib,pgsql-bugs,false,3,3,64,5,69,false,false,,,,,1,18831,1
549,20250508,2025-05-08,15.13,16,"Detect missing support procedures in a BRIN index operator class, and report an error instead of crashing (Álvaro Herrera) §","Detect missing support procedures in a BRIN index operator class, and report an error instead of crashing (Álvaro Herrera) §",,Crash & corruption,2,core_server,pgsql-bugs,false,3,3,28,41,69,false,false,,,,,0,,
550,20250508,2025-05-08,15.13,17,Respond to interrupts (such as query cancel) while waiting for asynchronous subplans of an Append plan node (Heikki Linnakangas) §,"Respond to interrupts (such as query cancel) while waiting for asynchronous subplans of an Append plan node (Heikki Linnakangas) § Previously, nothing would happen until one of the subplans becomes ready.",,Other functionality,9,core_server,pgsql-hackers,false,3,1,25,3,28,false,false,,,,,0,,
551,20250508,2025-05-08,15.13,18,"Fix race condition in handling of synchronous_standby_names immediately after startup (Melnikov Maksim, Michael Paquier) §","Fix race condition in handling of synchronous_standby_names immediately after startup (Melnikov Maksim, Michael Paquier) § For a short period after system startup, backends might fail to wait for synchronous commit even though synchronous_standby_names is enabled.",,Crash & corruption,2,replication_recovery,pgsql-hackers,false,3,3,104,22,126,false,false,,,,,0,,
552,20250508,2025-05-08,15.13,19,"Fix pg_strtof() to not crash with null endptr (Alexander Lakhin, Tom Lane) §","Fix pg_strtof() to not crash with null endptr (Alexander Lakhin, Tom Lane) §",,Crash & corruption,2,core_server,pgsql-hackers,false,3,1,7,3,10,false,false,,,,,0,,
553,20250508,2025-05-08,15.13,20,Avoid crash when a Snowball stemmer encounters an out-of-memory condition (Maksim Korotkov) §,Avoid crash when a Snowball stemmer encounters an out-of-memory condition (Maksim Korotkov) §,,Crash & corruption,2,core_server,pgsql-hackers,false,3,61,4970,4578,9548,false,false,,,,,0,,
554,20250508,2025-05-08,15.13,21,Prevent over-advancement of catalog xmin in fast forward mode of logical decoding (Zhijie Hou) §,Prevent over-advancement of catalog xmin in fast forward mode of logical decoding (Zhijie Hou) § This mistake could allow deleted catalog entries to be vacuumed away even though they were still potentially needed by the WAL-reading process.,,Replication & recovery,4,extensions_contrib,pgsql-hackers,false,3,3,71,12,83,false,false,,,,,0,,
555,20250508,2025-05-08,15.13,22,"Avoid data loss when DDL operations that don't take a strong lock affect tables that are being logically replicated (Shlok Kyal, Hayato Kuroda) § §","Avoid data loss when DDL operations that don't take a strong lock affect tables that are being logically replicated (Shlok Kyal, Hayato Kuroda) § § The catalog changes caused by the DDL command were not reflected into WAL-decoding processes, allowing them to decode subsequent changes using stale catalog data, probably resulting in data corruption.",,Crash & corruption,2,extensions_contrib,pgsql-hackers,false,3,4,2,2,4,false,false,,,,,0,,
556,20250508,2025-05-08,15.13,23,Avoid duplicate snapshot creation in logical replication index lookups (Heikki Linnakangas) § §,Avoid duplicate snapshot creation in logical replication index lookups (Heikki Linnakangas) § §,,Replication & recovery,4,core_server,pgsql-hackers,false,3,1,2,2,4,false,false,,,,,0,,
557,20250508,2025-05-08,15.13,24,Fix wrong checkpoint details in error message about incorrect recovery timeline choice (David Steele) §,"Fix wrong checkpoint details in error message about incorrect recovery timeline choice (David Steele) § If the requested recovery timeline is not reachable, the reported checkpoint and timeline should be the values read from the backup_label, if there is one. This message previously reported values from the control file, which is correct when recovering from the control file without a backup_label, but not when there is a backup_label.",,Replication & recovery,4,replication_recovery,pgsql-hackers,false,3,1,3,3,6,false,false,,,,,0,,
558,20250508,2025-05-08,15.13,25,Fix assertion failure in snapshot building (Masahiko Sawada) §,Fix assertion failure in snapshot building (Masahiko Sawada) §,,Crash & corruption,2,replication_recovery,pgsql-bugs,false,1,1,5,1,6,false,false,,,,,1,17695,222
559,20250508,2025-05-08,15.13,26,Remove incorrect assertion in pgstat_report_stat() (Michael Paquier) §,Remove incorrect assertion in pgstat_report_stat() (Michael Paquier) §,,Crash & corruption,2,core_server,pgsql-hackers,false,3,1,0,3,3,false,false,,,,,0,,
560,20250508,2025-05-08,15.13,27,Fix overly-strict assertion in gistFindCorrectParent() (Heikki Linnakangas) §,Fix overly-strict assertion in gistFindCorrectParent() (Heikki Linnakangas) §,,Crash & corruption,2,core_server,pgsql-bugs,false,3,1,12,5,17,false,false,,,,,1,18396,383
561,20250508,2025-05-08,15.13,28,Fix rare assertion failure in standby servers when the primary is restarted (Heikki Linnakangas) §,Fix rare assertion failure in standby servers when the primary is restarted (Heikki Linnakangas) §,,Crash & corruption,2,core_server,pgsql-hackers,false,3,1,24,0,24,false,false,,,,,0,,
562,20250508,2025-05-08,15.13,29,"In PL/pgSQL, avoid unexpected plan node type error when a scrollable cursor is defined on a simple SELECT expression query (Andrei Lepikhov) §","In PL/pgSQL, avoid unexpected plan node type error when a scrollable cursor is defined on a simple SELECT expression query (Andrei Lepikhov) §",,Other functionality,9,extensions_contrib,pgsql-bugs,false,3,3,30,5,35,false,false,,,,,1,18859,1
563,20250508,2025-05-08,15.13,30,Don't try to drop individual index partitions in pg_dump 's --clean mode (Jian He) §,"Don't try to drop individual index partitions in pg_dump 's --clean mode (Jian He) § The server rejects such DROP commands. That has no real consequences, since the partitions will go away anyway in the subsequent DROPs of either their parent tables or their partitioned index. However, the error reported for the attempted drop causes problems when restoring in --single-transaction mode.",,Client tools,5,client_tools,pgsql-hackers,false,3,1,20,6,26,false,false,,,,,0,,
564,20250508,2025-05-08,15.13,31,"In pg_dumpall , avoid emitting invalid role GRANT commands if pg_auth_members contains invalid role OIDs (Tom Lane) §","In pg_dumpall , avoid emitting invalid role GRANT commands if pg_auth_members contains invalid role OIDs (Tom Lane) § Instead, print a warning and skip the entry. This copes better with catalog corruption that has been seen to occur in back branches as a result of race conditions between GRANT and DROP ROLE.",,Crash & corruption,2,client_tools,pgsql-bugs,false,3,1,57,9,66,false,false,,,,,0,,
565,20250508,2025-05-08,15.13,32,"In pg_amcheck and pg_upgrade , use the correct function to free allocations made by libpq (Michael Paquier, Ranier Vilela) §","In pg_amcheck and pg_upgrade , use the correct function to free allocations made by libpq (Michael Paquier, Ranier Vilela) § These oversights could result in crashes in certain Windows build configurations, such as a debug build of libpq used by a non-debug build of the calling application.",,Crash & corruption,2,client_tools,pgsql-hackers,false,3,1,9,6,15,false,false,,,,,0,,
566,20250508,2025-05-08,15.13,33,Allow contrib/dblink queries to be interrupted by query cancel (Noah Misch) § §,Allow contrib/dblink queries to be interrupted by query cancel (Noah Misch) § § This change back-patches a v17-era fix. It prevents possible hangs in CREATE DATABASE and DROP DATABASE due to failure to detect deadlocks.,,Crash & corruption,2,core_server,pgsql-hackers,false,2,3,144,17,161,false,false,,,,,0,,
567,20250508,2025-05-08,15.13,34,Avoid crashing with corrupt input data in contrib/pageinspect 's heap_page_items() (Dmitry Kovalenko) §,Avoid crashing with corrupt input data in contrib/pageinspect 's heap_page_items() (Dmitry Kovalenko) §,,Crash & corruption,2,extensions_contrib,pgsql-bugs,false,3,1,27,18,45,false,false,,,,,1,18896,3
568,20250508,2025-05-08,15.13,35,Prevent assertion failure in contrib/pg_freespacemap 's pg_freespacemap() (Tender Wang) §,"Prevent assertion failure in contrib/pg_freespacemap 's pg_freespacemap() (Tender Wang) § Applying pg_freespacemap() to a relation lacking storage (such as a view) caused an assertion failure, although there was no ill effect in non-assert builds. Add an error check to reject that case.",,Crash & corruption,2,extensions_contrib,pgsql-bugs,false,3,1,8,0,8,false,false,,,,,1,18866,2
569,20250508,2025-05-08,15.13,36,"Fix build failure on macOS 15.4 (Tom Lane, Peter Eisentraut) §","Fix build failure on macOS 15.4 (Tom Lane, Peter Eisentraut) § This macOS update broke our configuration probe for strchrnul() .",,Build & platform,8,build_platform,pgsql-hackers,false,3,5,49,24,73,false,false,,,,,0,,
570,20250814,2025-08-14,15.14,0,Tighten security checks in planner estimation functions (Dean Rasheed) §,"Tighten security checks in planner estimation functions (Dean Rasheed) § The fix for CVE-2017-7484, plus followup fixes, intended to prevent leaky functions from being applied to statistics data for columns that the calling user does not have permission to read. Two gaps in that protection have been found. One gap applies to partitioning and inheritance hierarchies where RLS policies on the tables should restrict access to statistics data, but did not. The other gap applies to cases where the query accesses a table via a view, and the view owner has permissions to read the underlying table but the calling user does not have permissions on the view. The view owner's permissions satisfied the security checks, and the leaky function would get applied to the underlying table's statistics before we check the calling user's permissions on the view. This has been fixed by making security checks on views occur at the start of planning. That might cause permissions failures to occur earlier than before. The PostgreSQL Project thanks Dean Rasheed for reporting this problem. (CVE-2025-8713)",CVE-2017-7484;CVE-2025-8713,Security (CVE),0,core_server,unknown_or_internal_security,false,3,12,596,304,900,true,false,2,1,3.1,LOW,0,,
571,20250814,2025-08-14,15.14,1,Prevent pg_dump scripts from being used to attack the user running the restore (Nathan Bossart) §,"Prevent pg_dump scripts from being used to attack the user running the restore (Nathan Bossart) § Since dump/restore operations typically involve running SQL commands as superuser, the target database installation must trust the source server. However, it does not follow that the operating system user who executes psql to perform the restore should have to trust the source server. The risk here is that an attacker who has gained superuser-level control over the source server might be able to cause it to emit text that would be interpreted as psql meta-commands. That would provide shell-level access to the restoring user's own account, independently of access to the target database. To provide a positive guarantee that this can't happen, extend psql with a \restrict command that prevents execution of further meta-commands, and teach pg_dump to issue that before any data coming from the source server. The PostgreSQL Project thanks Martin Rakhmanov, Matthieu Denais, and RyotaK for reporting this problem. (CVE-2025-8714)",CVE-2025-8714,Security (CVE),0,client_tools,unknown_or_internal_security,false,3,22,435,13,448,true,false,1,1,8.8,HIGH,0,,
572,20250814,2025-08-14,15.14,2,Convert newlines to spaces in names included in comments in pg_dump output (Noah Misch) §,"Convert newlines to spaces in names included in comments in pg_dump output (Noah Misch) § Object names containing newlines offered the ability to inject arbitrary SQL commands into the output script. (Without the preceding fix, injection of psql meta-commands would also be possible this way.) CVE-2012-0868 fixed this class of problem at the time, but later work reintroduced several cases. The PostgreSQL Project thanks Noah Misch for reporting this problem. (CVE-2025-8715)",CVE-2012-0868;CVE-2025-8715,Security (CVE),0,client_tools,unknown_or_internal_security,false,3,7,90,40,130,false,false,2,1,8.8,HIGH,0,,
573,20250814,2025-08-14,15.14,3,"Fix incorrect distance calculation in BRIN numeric_minmax_multi_ops support function (Peter Eisentraut, Tom Lane) §","Fix incorrect distance calculation in BRIN numeric_minmax_multi_ops support function (Peter Eisentraut, Tom Lane) § The results were sometimes wrong on 64-bit platforms, and wildly wrong on 32-bit platforms. This did not produce obvious failures because the logic is only used to choose how to merge values into ranges; at worst the index would become inefficient and bloated. Nonetheless it's recommended to reindex any BRIN indexes that use the numeric_minmax_multi_ops operator class.",,Performance,7,core_server,pgsql-hackers,false,3,1,1,1,2,false,false,,,,,0,,
574,20250814,2025-08-14,15.14,4,"Avoid regression in the size of XML input that we will accept (Michael Paquier, Erik Wienhold) § §","Avoid regression in the size of XML input that we will accept (Michael Paquier, Erik Wienhold) § § Our workaround for a bug in early 2.13.x releases of libxml2 made use of a code path that rejects text chunks exceeding 10MB, whereas the previous coding did not. Those early releases are presumably extinct in the wild by now, so revert to the previous coding.",,Other functionality,9,core_server,pgsql-hackers,false,3,1,1,9,10,false,false,,,,,0,,
575,20250814,2025-08-14,15.14,5,Fix MERGE into a plain-inheritance parent table (Dean Rasheed) §,Fix MERGE into a plain-inheritance parent table (Dean Rasheed) § Insertions into such a target table could crash or produce incorrect query results due to failing to handle WITH CHECK OPTION and RETURNING actions.,,Crash & corruption,2,core_server,pgsql-hackers,false,3,3,188,3,191,true,false,,,,,0,,
576,20250814,2025-08-14,15.14,6,Allow tables with statement-level triggers to become partitions or inheritance children (Etsuro Fujita) §,"Allow tables with statement-level triggers to become partitions or inheritance children (Etsuro Fujita) § We do not allow partitions or inheritance child tables to have row-level triggers with transition tables, because an operation on the whole inheritance tree would need to maintain a separate transition table for each such child table. But that problem does not apply for statement-level triggers, because only the parent's statement-level triggers will be fired. The code that checks whether an existing table can become a partition or inheritance child nonetheless rejected both kinds of trigger.",,Other functionality,9,core_server,pgsql-hackers,false,3,3,20,0,20,true,false,,,,,0,,
577,20250814,2025-08-14,15.14,7,Disallow collecting transition tuples from child foreign tables (Etsuro Fujita) §,"Disallow collecting transition tuples from child foreign tables (Etsuro Fujita) § We do not support triggers with transition tables on foreign tables. However, the case of a partition or inheritance child that is a foreign table was overlooked. If the parent has such a trigger, incorrect transition tuples were collected from the foreign child. Instead throw an error, reporting that the case is not supported.",,Other functionality,9,extensions_contrib,pgsql-hackers,false,3,6,295,4,299,false,false,,,,,0,,
578,20250814,2025-08-14,15.14,8,Allow resetting unknown custom parameters with reserved prefixes (Nathan Bossart) §,"Allow resetting unknown custom parameters with reserved prefixes (Nathan Bossart) § Previously, if a parameter setting had been stored using ALTER DATABASE/ROLE/SYSTEM, the stored setting could not be removed if the parameter was unknown but had a reserved prefix. This case could arise if an extension used to have a parameter, but that parameter had been removed in an upgrade.",,Other functionality,9,extensions_contrib,pgsql-bugs,false,3,5,64,5,69,false,false,,,,,1,18964,42
579,20250814,2025-08-14,15.14,9,Fix a potential deadlock during ALTER SUBSCRIPTION ... DROP PUBLICATION (Ajin Cherian) §,Fix a potential deadlock during ALTER SUBSCRIPTION ... DROP PUBLICATION (Ajin Cherian) § Ensure that server processes acquire catalog locks in a consistent order during replication origin drops.,,Crash & corruption,2,core_server,pgsql-hackers,false,3,3,49,8,57,false,false,,,,,0,,
580,20250814,2025-08-14,15.14,10,Shorten the race condition window for creating indexes with conflicting names (Tom Lane) §,"Shorten the race condition window for creating indexes with conflicting names (Tom Lane) § When choosing an auto-generated name for an index, avoid conflicting with not-yet-committed pg_class rows as well as fully-valid ones. This avoids possibly choosing the same name as some concurrent CREATE INDEX did, when that command is still in process of filling its index, or is done but is part of a not-yet-committed transaction. There's still a window for trouble, but it's only as long as the time needed to validate a new index's parameters and insert its pg_class row.",,Crash & corruption,2,core_server,pgsql-bugs,false,3,1,36,2,38,false,false,,,,,1,18959,7
581,20250814,2025-08-14,15.14,11,"Prevent usage of incorrect VACUUM options in some cases where multiple tables are vacuumed in a single command (Nathan Bossart, Michael Paquier) §","Prevent usage of incorrect VACUUM options in some cases where multiple tables are vacuumed in a single command (Nathan Bossart, Michael Paquier) § The TRUNCATE and INDEX_CLEANUP options of one table could be applied to others.",,Other functionality,9,core_server,pgsql-hackers,false,3,1,16,2,18,false,false,,,,,0,,
582,20250814,2025-08-14,15.14,12,Fix processing of character classes within SIMILAR TO regular expressions (Laurenz Albe) § §,"Fix processing of character classes within SIMILAR TO regular expressions (Laurenz Albe) § § The code that translates SIMILAR TO pattern matching expressions to POSIX-style regular expressions did not consider that square brackets can be nested. For example, in a pattern like [[:alpha:]%_] , the code treated the % and _ characters as metacharacters when they should be literals.",,Other functionality,9,tests,pgsql-bugs,false,3,2,8,3,11,true,false,,,,,0,,
583,20250814,2025-08-14,15.14,13,"When deparsing queries, always add parentheses around the expression in FETCH FIRST expression ROWS WITH TIES clauses (Heikki Linnakangas) §","When deparsing queries, always add parentheses around the expression in FETCH FIRST expression ROWS WITH TIES clauses (Heikki Linnakangas) § This avoids some cases where the deparsed result wasn't syntactically valid.",,Other functionality,9,tests,pgsql-bugs,false,3,1,1,0,1,true,false,,,,,1,18929,4
584,20250814,2025-08-14,15.14,14,"Limit the checkpointer process's fsync request queue size (Alexander Korotkov, Xuneng Zhou) § §","Limit the checkpointer process's fsync request queue size (Alexander Korotkov, Xuneng Zhou) § § With very large shared_buffers settings, it was possible for the checkpointer to attempt to allocate more than 1GB for fsync requests, leading to failure and an infinite loop. Clamp the queue size to prevent this scenario.",,Crash & corruption,2,core_server,pgsql-hackers,false,3,1,6,3,9,false,false,,,,,0,,
585,20250814,2025-08-14,15.14,15,Avoid infinite wait in logical decoding when reading a partially-written WAL record (Vignesh C) §,"Avoid infinite wait in logical decoding when reading a partially-written WAL record (Vignesh C) § If the server crashes after writing the first part of a WAL record that would span multiple pages, subsequent logical decoding of the WAL stream would wait for data to arrive on the next WAL page. That might never happen if the server is now idle.",,Crash & corruption,2,replication_recovery,pgsql-hackers,false,3,1,15,5,20,false,false,,,,,0,,
586,20250814,2025-08-14,15.14,16,Fix inconsistent quoting of role names in ACL strings (Tom Lane) §,"Fix inconsistent quoting of role names in ACL strings (Tom Lane) § The previous quoting rule was locale-sensitive, which could lead to portability problems when transferring aclitem values across installations. ( pg_dump does not do that, but other tools might.) To ensure consistency, always quote non-ASCII characters in aclitem output; but to preserve backward compatibility, never require that they be quoted during aclitem input.",,Client tools,5,core_server,pgsql-hackers,false,3,3,53,8,61,true,false,,,,,0,,
587,20250814,2025-08-14,15.14,17,Reject equal signs ( = ) in the names of relation options and foreign-data options (Tom Lane) §,"Reject equal signs ( = ) in the names of relation options and foreign-data options (Tom Lane) § There's no evident use-case for option names like this, and allowing them creates ambiguity in the stored representation.",,Other functionality,9,core_server,pgsql-hackers,false,3,4,32,6,38,false,false,,,,,0,,
588,20250814,2025-08-14,15.14,18,Fix potentially-incorrect decompression of LZ4-compressed archive data (Mikhail Gribkov) §,"Fix potentially-incorrect decompression of LZ4-compressed archive data (Mikhail Gribkov) § This error seems to manifest only with not-very-compressible input data, which may explain why it escaped detection.",,Replication & recovery,4,replication_recovery,pgsql-hackers,false,3,3,46,2,48,false,false,,,,,0,,
589,20250814,2025-08-14,15.14,19,Avoid a rare scenario where a btree index scan could mark the wrong index entries as dead (Peter Geoghegan) §,Avoid a rare scenario where a btree index scan could mark the wrong index entries as dead (Peter Geoghegan) §,,Other functionality,9,core_server,pgsql-hackers,false,3,1,20,14,34,false,false,,,,,0,,
590,20250814,2025-08-14,15.14,20,Avoid re-distributing cache invalidation messages from other transactions during logical replication (vignesh C) §,"Avoid re-distributing cache invalidation messages from other transactions during logical replication (vignesh C) § Our previous round of minor releases included a bug fix to ensure that replication receiver processes would respond to cross-process cache invalidation messages, preventing them from using stale catalog data while performing replication updates. However, the fix unintentionally made them also redistribute those messages again, leading to an exponential increase in the number of invalidation messages, which would often end in a memory allocation failure. Fix by not redistributing received messages.",,Replication & recovery,4,replication_recovery,pgsql-bugs,false,3,5,231,45,276,false,false,,,,,2,18942,18
591,20250814,2025-08-14,15.14,21,Avoid premature removal of old WAL during checkpoints (Vitaly Davydov) §,"Avoid premature removal of old WAL during checkpoints (Vitaly Davydov) § If a replication slot's restart point is advanced while a checkpoint is in progress, no-longer-needed WAL segments could get removed too soon, leading to recovery failure if the database crashes immediately afterwards. Fix by keeping them for one additional checkpoint cycle.",,Crash & corruption,2,replication_recovery,unknown_or_internal_not_security,false,3,3,60,9,69,false,false,,,,,0,,
592,20250814,2025-08-14,15.14,22,Never move a replication slot's confirmed-flush position backwards (Shveta Malik) §,"Never move a replication slot's confirmed-flush position backwards (Shveta Malik) § In some cases a replication client could acknowledge an LSN that's past what it has stored persistently, and then perhaps send an older LSN after a restart. We consider this not-a-bug so long as the client did not have anything it needed to do for the WAL between the two points. However, we should not re-send that WAL for fear of data duplication, so make sure we always believe the latest confirmed LSN for a given slot.",,Replication & recovery,4,replication_recovery,pgsql-hackers,false,3,1,21,2,23,false,false,,,,,0,,
593,20250814,2025-08-14,15.14,23,Allow waiting for a transaction on a standby server to be interrupted (Kevin K Biju) §,"Allow waiting for a transaction on a standby server to be interrupted (Kevin K Biju) § Creation of a replication slot on a standby server may require waiting for some active transaction(s) to finish on the primary and then be replayed on the standby. Since that could be an indefinite wait, it's desirable to allow the operation to be cancelled, but there was no check for query cancel in the loop.",,Replication & recovery,4,core_server,pgsql-hackers,false,3,1,6,0,6,false,false,,,,,0,,
594,20250814,2025-08-14,15.14,24,Fix per-relation memory leakage in autovacuum (Tom Lane) §,Fix per-relation memory leakage in autovacuum (Tom Lane) §,,Crash & corruption,2,core_server,pgsql-hackers,false,3,1,32,6,38,false,false,,,,,0,,
595,20250814,2025-08-14,15.14,25,Fix some places that might try to fetch toasted fields of system catalogs without any snapshot (Nathan Bossart) §,Fix some places that might try to fetch toasted fields of system catalogs without any snapshot (Nathan Bossart) § This could result in an assertion failure or cannot fetch toast data without an active snapshot error.,,Crash & corruption,2,core_server,pgsql-bugs,false,3,5,88,0,88,false,false,,,,,2,18309,492
596,20250814,2025-08-14,15.14,26,"Avoid assertion failure during cross-table constraint updates (Tom Lane, Jian He) § §","Avoid assertion failure during cross-table constraint updates (Tom Lane, Jian He) § §",,Crash & corruption,2,core_server,pgsql-bugs,false,3,7,85,0,85,true,false,,,,,1,18970,1
597,20250814,2025-08-14,15.14,27,Remove faulty assertion that a command tag must have been determined by the end of PortalRunMulti() (Álvaro Herrera) §,Remove faulty assertion that a command tag must have been determined by the end of PortalRunMulti() (Álvaro Herrera) § This failed in edge cases such as an empty prepared statement.,,Crash & corruption,2,core_server,pgsql-bugs,false,3,1,8,17,25,false,false,,,,,1,18984,3
598,20250814,2025-08-14,15.14,28,Fix assertion failure in XMLTABLE parsing (Richard Guo) §,Fix assertion failure in XMLTABLE parsing (Richard Guo) §,,Crash & corruption,2,core_server,pgsql-hackers,false,3,5,25,4,29,true,false,,,,,0,,
599,20250814,2025-08-14,15.14,29,Restore the ability to run PL/pgSQL expressions in parallel (Dipesh Dhameliya) §,"Restore the ability to run PL/pgSQL expressions in parallel (Dipesh Dhameliya) § PL/pgSQL's notion of an expression is very broad, encompassing any SQL SELECT query that returns a single column and no more than one row. So there are cases, for example evaluation of an aggregate function, where the query involves significant work and it'd be useful to run it with parallel workers. This used to be possible, but a previous bug fix unintentionally disabled it.",,Other functionality,9,extensions_contrib,pgsql-hackers,false,3,1,5,1,6,false,false,,,,,0,,
600,20250814,2025-08-14,15.14,30,Fix edge-case resource leaks in PL/Python error reporting (Tom Lane) § §,"Fix edge-case resource leaks in PL/Python error reporting (Tom Lane) § § An out-of-memory failure while reporting an error from Python could result in failure to drop reference counts on Python objects, leading to session-lifespan memory leakage.",,Crash & corruption,2,extensions_contrib,pgsql-hackers,false,3,1,133,133,266,false,false,,,,,0,,
601,20250814,2025-08-14,15.14,31,Fix libpq 's PQport() function to never return NULL unless the passed connection is NULL (Daniele Varrazzo) §,"Fix libpq 's PQport() function to never return NULL unless the passed connection is NULL (Daniele Varrazzo) § This is the documented behavior, but recent libpq versions would return NULL in some cases where the user had not provided a port specification. Revert to our historical behavior of returning an empty string in such cases. (v18 and later will return the compiled-in default port number, typically ""5432"" , instead.)",,Client tools,5,client_tools,pgsql-hackers,false,3,2,6,3,9,false,false,,,,,0,,
602,20250814,2025-08-14,15.14,32,"Avoid failure when GSSAPI authentication requires packets larger than 16kB (Jacob Champion, Tom Lane) §","Avoid failure when GSSAPI authentication requires packets larger than 16kB (Jacob Champion, Tom Lane) § Larger authentication packets are needed for Active Directory users who belong to many AD groups. This limitation manifested in connection failures with unintelligible error messages, typically GSSAPI context establishment error: The routine must be called again to complete its function: Unknown error .",,Other functionality,9,client_tools,pgsql-bugs,false,3,2,96,35,131,false,false,,,,,0,,
603,20250814,2025-08-14,15.14,33,Fix timing-dependent failures in SSL and GSSAPI data transmission (Tom Lane) §,"Fix timing-dependent failures in SSL and GSSAPI data transmission (Tom Lane) § When using SSL or GSSAPI encryption in non-blocking mode, libpq sometimes failed with SSL error: bad length or GSSAPI caller failed to retransmit all data needing to be retried .",,Client tools,5,client_tools,pgsql-bugs,false,3,3,33,7,40,false,false,,,,,1,18907,42
604,20250814,2025-08-14,15.14,34,Avoid null-pointer dereference during connection lookup in ecpg applications (Aleksander Alekseev) §,Avoid null-pointer dereference during connection lookup in ecpg applications (Aleksander Alekseev) § The case could occur only if the application has some connections that are named and some that are not.,,Client tools,5,client_tools,pgsql-hackers,false,3,1,6,1,7,false,false,,,,,0,,
605,20250814,2025-08-14,15.14,35,Improve psql 's tab completion for COPY and \copy options (Atsushi Torikoshi) §,"Improve psql 's tab completion for COPY and \copy options (Atsushi Torikoshi) § The same completions were offered for both COPY FROM and COPY TO, although some options are only valid for one case or the other. Distinguish these cases to provide more accurate suggestions.",,Client tools,5,client_tools,pgsql-hackers,false,3,1,22,8,30,false,false,,,,,0,,
606,20250814,2025-08-14,15.14,36,Avoid assertion failure in pgbench when multiple pipeline sync messages are received (Fujii Masao) §,Avoid assertion failure in pgbench when multiple pipeline sync messages are received (Fujii Masao) §,,Crash & corruption,2,client_tools,pgsql-hackers,false,3,1,15,2,17,false,false,,,,,0,,
607,20250814,2025-08-14,15.14,37,Ensure that pg_dump dumps comments on domain constraints in a valid order (Jian He) §,Ensure that pg_dump dumps comments on domain constraints in a valid order (Jian He) § In some cases the comment command could appear before creation of the constraint.,,Client tools,5,client_tools,pgsql-hackers,false,3,3,32,1,33,true,false,,,,,0,,
608,20250814,2025-08-14,15.14,38,"Ensure stable sort ordering in pg_dump for all types of database objects (Noah Misch, Andreas Karlsson) § § §","Ensure stable sort ordering in pg_dump for all types of database objects (Noah Misch, Andreas Karlsson) § § § pg_dump sorts objects by their logical names before performing dependency-driven reordering. This sort did not account for the full unique key identifying certain object types such as rules and constraints, and thus it could produce dissimilar sort orders for logically-identical databases. That made it difficult to compare databases by diff'ing pg_dump output, so improve the logic to ensure stable sort ordering in all cases.",,Client tools,5,client_tools,pgsql-hackers,false,3,6,335,30,365,true,false,,,,,0,,
609,20250814,2025-08-14,15.14,39,"In pg_upgrade , check for inconsistent inherited not-null constraints (Ali Akbar) § § § § § §","In pg_upgrade , check for inconsistent inherited not-null constraints (Ali Akbar) § § § § § § PostgreSQL versions before 18 allow an inherited column not-null constraint to be dropped. However, this results in a schema that cannot be restored, leading to failure in pg_upgrade . Detect such cases during pg_upgrade 's preflight checks to allow users to fix them before initiating the upgrade.",,Client tools,5,client_tools,pgsql-hackers,false,3,1,1,1,2,false,false,,,,,0,,
610,20250814,2025-08-14,15.14,40,"Avoid assertion failure if track_commit_timestamp is enabled during initdb (Hayato Kuroda, Andy Fan) §","Avoid assertion failure if track_commit_timestamp is enabled during initdb (Hayato Kuroda, Andy Fan) §",,Crash & corruption,2,replication_recovery,pgsql-hackers,false,3,2,8,2,10,true,false,,,,,0,,
611,20250814,2025-08-14,15.14,41,Fix pg_waldump to show information about dropped statistics in PREPARE TRANSACTION WAL records (Daniil Davydov) §,Fix pg_waldump to show information about dropped statistics in PREPARE TRANSACTION WAL records (Daniil Davydov) §,,Replication & recovery,4,core_server,pgsql-hackers,false,3,1,2,0,2,false,false,,,,,0,,
612,20250814,2025-08-14,15.14,42,Avoid possible leak of the open connection during contrib/dblink connection establishment (Tom Lane) §,"Avoid possible leak of the open connection during contrib/dblink connection establishment (Tom Lane) § In the rare scenario where we hit out-of-memory while inserting the new connection object into dblink's hashtable, the open connection would be leaked until end of session, leaving an idle session sitting on the remote server.",,Crash & corruption,2,extensions_contrib,pgsql-hackers,false,3,1,38,38,76,false,false,,,,,0,,
613,20250814,2025-08-14,15.14,43,Make contrib/pg_prewarm cope with very large shared_buffers settings (Daria Shanina) §,Make contrib/pg_prewarm cope with very large shared_buffers settings (Daria Shanina) § Autoprewarm failed with a memory allocation error if shared_buffers was larger than about 50 million buffers (400GB).,,Extensions & contrib,6,extensions_contrib,unknown_or_internal_not_security,false,3,1,9,2,11,false,false,,,,,0,,
614,20250814,2025-08-14,15.14,44,"In contrib/pg_stat_statements , avoid leaving gaps in the set of parameter numbers used in a normalized query (Sami Imseih) §","In contrib/pg_stat_statements , avoid leaving gaps in the set of parameter numbers used in a normalized query (Sami Imseih) §",,Extensions & contrib,6,extensions_contrib,pgsql-hackers,false,3,3,40,1,41,false,false,,,,,0,,
615,20250814,2025-08-14,15.14,45,Fix memory leakage in contrib/postgres_fdw 's DirectModify methods (Tom Lane) §,"Fix memory leakage in contrib/postgres_fdw 's DirectModify methods (Tom Lane) § The PGresult holding the results of the remote modify command would be leaked for the rest of the session if the query fails between invocations of the DirectModify methods, which could happen when there's RETURNING data to process.",,Crash & corruption,2,extensions_contrib,pgsql-hackers,false,3,1,35,27,62,false,false,,,,,0,,
616,20250814,2025-08-14,15.14,46,Ensure that directories listed in configure 's --with-includes and --with-libraries options are searched before system-supplied directories (Tom Lane) §,"Ensure that directories listed in configure 's --with-includes and --with-libraries options are searched before system-supplied directories (Tom Lane) § A common reason for using these options is to allow a user-built version of some library to override the system-supplied version. However, that failed to work in some environments because of careless ordering of switches in the commands issued by the makefiles.",,Build & platform,8,build_platform,pgsql-bugs,false,3,12,33,33,66,false,false,,,,,0,,
617,20250814,2025-08-14,15.14,47,"Fix configure 's checks for __cpuid() and __cpuidex() (Lukas Fittl, Michael Paquier) §","Fix configure 's checks for __cpuid() and __cpuidex() (Lukas Fittl, Michael Paquier) § configure failed to detect these Windows-specific functions, so that they would not be used, leading to slower-than-necessary CRC computations since the availability of hardware instructions could not be verified. The practical impact of this error was limited, because production builds for Windows typically do not use the Autoconf toolchain.",,Build & platform,8,build_platform,pgsql-hackers,false,3,3,60,57,117,false,false,,,,,0,,
618,20250814,2025-08-14,15.14,48,Fix build failure with --with-pam option on Solaris-based platforms (Tom Lane) §,"Fix build failure with --with-pam option on Solaris-based platforms (Tom Lane) § Solaris is inconsistent with other Unix platforms about the API for PAM authentication. This manifested as an inconsistent pointer compiler warning, which we never did anything about. But as of GCC 14 it's an error not warning by default, so fix it.",,Build & platform,8,core_server,pgsql-bugs,false,3,2,19,2,21,false,false,,,,,1,18995,0
619,20250814,2025-08-14,15.14,49,"Make our code portable to GNU Hurd (Michael Banck, Christoph Berg, Samuel Thibault) §","Make our code portable to GNU Hurd (Michael Banck, Christoph Berg, Samuel Thibault) § Fix assumptions about IOV_MAX and O_RDONLY that don't hold on Hurd.",,Other functionality,9,core_server,pgsql-hackers,false,3,1,9,3,12,false,false,,,,,0,,
620,20250814,2025-08-14,15.14,50,Make our usage of memset_s() conform strictly to the C11 standard (Tom Lane) §,Make our usage of memset_s() conform strictly to the C11 standard (Tom Lane) § This avoids compile failures on some platforms.,,Build & platform,8,build_platform,pgsql-hackers,false,3,1,1,1,2,false,false,,,,,0,,
621,20250814,2025-08-14,15.14,51,Prevent uninitialized-value compiler warnings in JSONB comparison code (Tom Lane) §,Prevent uninitialized-value compiler warnings in JSONB comparison code (Tom Lane) §,,Build & platform,8,core_server,pgsql-hackers,false,3,1,14,8,22,false,false,,,,,0,,
622,20250814,2025-08-14,15.14,52,Avoid deprecation warnings when building with libxml2 2.14 and later (Michael Paquier) §,Avoid deprecation warnings when building with libxml2 2.14 and later (Michael Paquier) §,,Build & platform,8,extensions_contrib,pgsql-hackers,false,3,1,1,1,2,false,false,,,,,0,,
623,20250814,2025-08-14,15.14,53,Avoid problems when compiling pg_locale.h under C++ (John Naylor) §,"Avoid problems when compiling pg_locale.h under C++ (John Naylor) § PostgreSQL header files generally need to be wrapped in extern ""C"" { ... } in order to be included in extensions written in C++. This failed for pg_locale.h because of its use of libicu headers, but we can work around that by suppressing C++-only declarations in those headers. C++ extensions that want to use libicu 's C++ APIs can do so by including the libicu headers ahead of pg_locale.h .",,Build & platform,8,core_server,pgsql-hackers,false,3,1,2,0,2,false,false,,,,,0,,
624,20251113,2025-11-13,15.15,0,Check for CREATE privileges on the schema in CREATE STATISTICS (Jelte Fennema-Nio) §,"Check for CREATE privileges on the schema in CREATE STATISTICS (Jelte Fennema-Nio) § This omission allowed table owners to create statistics in any schema, potentially leading to unexpected naming conflicts. The PostgreSQL Project thanks Jelte Fennema-Nio for reporting this problem. (CVE-2025-12817)",CVE-2025-12817,Security (CVE),0,core_server,unknown_or_internal_security,false,4,6,90,4,94,true,false,1,1,3.1,LOW,0,,
625,20251113,2025-11-13,15.15,1,Avoid integer overflow in allocation-size calculations within libpq (Jacob Champion) §,"Avoid integer overflow in allocation-size calculations within libpq (Jacob Champion) § Several places in libpq were not sufficiently careful about computing the required size of a memory allocation. Sufficiently large inputs could cause integer overflow, resulting in an undersized buffer, which would then lead to writing past the end of the buffer. The PostgreSQL Project thanks Aleksey Solovev of Positive Technologies for reporting this problem. (CVE-2025-12818)",CVE-2025-12818,Security (CVE),0,client_tools,unknown_or_internal_security,false,4,5,224,33,257,false,false,1,1,5.9,MEDIUM,0,,
626,20251113,2025-11-13,15.15,2,Further fix processing of character classes within SIMILAR TO regular expressions (Laurenz Albe) §,"Further fix processing of character classes within SIMILAR TO regular expressions (Laurenz Albe) § The previous fix for translating SIMILAR TO pattern matching expressions to POSIX-style regular expressions broke a corner case that formerly worked: if there is an escape character right after the opening bracket and then a closing bracket right after the escape sequence (for example [\w] ), the closing bracket was no longer seen as terminating the character class.",,Other functionality,9,core_server,unknown_or_internal_not_security,false,3,3,82,27,109,true,false,,,,,0,,
627,20251113,2025-11-13,15.15,3,Fix parsing of aggregate functions whose arguments contain a sub-select with a FROM reference to a CTE outside the aggregate function (Tom Lane) §,"Fix parsing of aggregate functions whose arguments contain a sub-select with a FROM reference to a CTE outside the aggregate function (Tom Lane) § Such a CTE reference must act like a outer-level column reference when determining the aggregate's semantic level; but it was not being accounted for, leading to obscure planner or executor errors.",,Wrong results & planner,3,core_server,pgsql-bugs,false,3,3,75,1,76,true,false,,,,,1,19055,0
628,20251113,2025-11-13,15.15,4,Fix no relation entry for relid errors in corner cases while estimating SubPlan costs (Richard Guo) §,Fix no relation entry for relid errors in corner cases while estimating SubPlan costs (Richard Guo) §,,Other functionality,9,planner,pgsql-bugs,false,3,3,44,2,46,true,false,,,,,1,19037,4
629,20251113,2025-11-13,15.15,5,Avoid unlikely use-after-free in planner's expansion of partitioned tables (Bernd Reiß) §,Avoid unlikely use-after-free in planner's expansion of partitioned tables (Bernd Reiß) § There was a hazard only when the last live partition was concurrently dropped.,,Crash & corruption,2,planner,pgsql-hackers,false,3,1,3,4,7,false,false,,,,,0,,
630,20251113,2025-11-13,15.15,6,Remove faulty assertion in btree index cleanup (Peter Geoghegan) §,Remove faulty assertion in btree index cleanup (Peter Geoghegan) §,,Crash & corruption,2,core_server,pgsql-bugs,false,4,1,0,1,1,false,false,,,,,1,19082,0
631,20251113,2025-11-13,15.15,7,Fix possible infinite loop in GIN index scans with multiple scan conditions (Tom Lane) §,"Fix possible infinite loop in GIN index scans with multiple scan conditions (Tom Lane) § GIN can handle scan conditions that can reject non-matching entries but are not useful for searching for relevant entries, for example a tsquery clause like !term . But such a condition must not be first in the array of scan conditions. The code failed to ensure that in all cases, with the result that a query having a mix of such conditions with normal conditions might work or not depending on the order in which the conditions were given in the query.",,Crash & corruption,2,extensions_contrib,pgsql-bugs,false,3,3,97,0,97,false,false,,,,,1,19031,1
632,20251113,2025-11-13,15.15,8,Ensure that GIN index scans can be canceled (Tom Lane) §,Ensure that GIN index scans can be canceled (Tom Lane) § Some code paths were capable of running for a long time without checking for interrupts.,,Other functionality,9,core_server,pgsql-bugs,false,3,1,2,2,4,false,false,,,,,1,19031,1
633,20251113,2025-11-13,15.15,9,Ensure that BRIN autosummarization provides a snapshot for index expressions that need one (Álvaro Herrera) § §,"Ensure that BRIN autosummarization provides a snapshot for index expressions that need one (Álvaro Herrera) § § Previously, autosummarization would fail for such indexes, and then leave placeholder index tuples behind, causing the index to bloat over time.",,Other functionality,9,core_server,pgsql-hackers,false,4,1,2,1,3,false,false,,,,,0,,
634,20251113,2025-11-13,15.15,10,Fix integer-overflow hazard in BRIN index scans when the table contains close to 2 32 pages (Sunil S) §,Fix integer-overflow hazard in BRIN index scans when the table contains close to 2 32 pages (Sunil S) § This oversight could result in an infinite loop or scanning of unneeded table pages.,,Crash & corruption,2,core_server,pgsql-hackers,false,4,1,5,5,10,false,false,,,,,0,,
635,20251113,2025-11-13,15.15,11,Fix incorrect zero-extension of stored values in JIT-generated tuple deforming code (David Rowley) §,"Fix incorrect zero-extension of stored values in JIT-generated tuple deforming code (David Rowley) § When not using JIT, the equivalent code does sign-extension not zero-extension, leading to a different Datum representation of small integer data types. This inconsistency was masked in most cases, but it is known to lead to could not find memoization table entry errors when using Memoize plan nodes, and there might be other symptoms.",,Build & platform,8,core_server,pgsql-bugs,false,4,1,1,1,2,false,false,,,,,0,,
636,20251113,2025-11-13,15.15,12,"Fix incorrect logic for caching result-relation information for triggers (David Rowley, Amit Langote) §","Fix incorrect logic for caching result-relation information for triggers (David Rowley, Amit Langote) § In cases where partitions' column sets aren't physically identical to their parent partitioned tables' column sets, this oversight could lead to crashes.",,Crash & corruption,2,core_server,pgsql-bugs,false,4,3,116,7,123,true,false,,,,,0,,
637,20251113,2025-11-13,15.15,13,"Add missing EvalPlanQual rechecks for TID Scan and TID Range Scan plan nodes (Sophie Alpert, David Rowley) § §","Add missing EvalPlanQual rechecks for TID Scan and TID Range Scan plan nodes (Sophie Alpert, David Rowley) § § This omission led to possibly not rechecking a condition on ctid during concurrent-update situations, causing the update's behavior to vary depending on which plan type had been selected.",,Other functionality,9,core_server,pgsql-hackers,false,3,3,37,1,38,true,false,,,,,0,,
638,20251113,2025-11-13,15.15,14,"Fix EvalPlanQual handling of foreign or custom joins that do not have an alternative local-join plan prepared for EPQ (Masahiko Sawada, Etsuro Fujita) §","Fix EvalPlanQual handling of foreign or custom joins that do not have an alternative local-join plan prepared for EPQ (Masahiko Sawada, Etsuro Fujita) § In such cases the foreign or custom access method should be invoked normally, but that did not happen, typically leading to a crash.",,Crash & corruption,2,extensions_contrib,pgsql-bugs,false,4,6,117,7,124,false,false,,,,,0,,
639,20251113,2025-11-13,15.15,15,Avoid duplicating hash partition constraints during DETACH CONCURRENTLY (Haiyang Li) §,"Avoid duplicating hash partition constraints during DETACH CONCURRENTLY (Haiyang Li) § ALTER TABLE DETACH PARTITION CONCURRENTLY was written to add a copy of the partitioning constraint to the now-detached partition. This was misguided, partially because non-concurrent DETACH doesn't do that, but mostly because in the case of hash partitioning the constraint expression contains references to the parent table's OID. That causes problems during dump/restore, or if the parent table is dropped after DETACH . In v19 and later, we'll no longer create any such copied constraints at all. In released branches, to minimize the risk of unforeseen consequences, only skip adding a copied constraint if it is for hash partitioning.",,Other functionality,9,core_server,pgsql-bugs,false,4,3,17,76,93,true,false,,,,,2,19070,9
640,20251113,2025-11-13,15.15,16,"Disallow generated columns in partition keys (Jian He, Ashutosh Bapat) §","Disallow generated columns in partition keys (Jian He, Ashutosh Bapat) § This was already not allowed, but the check missed some cases, such as where the column reference is implicit in a whole-row reference.",,Other functionality,9,core_server,pgsql-hackers,false,4,5,86,40,126,true,false,,,,,0,,
641,20251113,2025-11-13,15.15,17,"Disallow generated columns in COPY ... FROM ... WHERE clauses (Peter Eisentraut, Jian He) §","Disallow generated columns in COPY ... FROM ... WHERE clauses (Peter Eisentraut, Jian He) § Previously, incorrect behavior or an obscure error message resulted from attempting to reference such a column, since generated columns have not yet been computed at the point where WHERE filtering is done.",,Other functionality,9,core_server,pgsql-hackers,false,4,5,59,0,59,true,false,,,,,0,,
642,20251113,2025-11-13,15.15,18,Fix visibility checking for statistics objects in pg_temp (Noah Misch) §,"Fix visibility checking for statistics objects in pg_temp (Noah Misch) § A statistics object located in a temporary schema cannot be named without schema qualification, but pg_statistics_obj_is_visible() missed that memo and could return true regardless. In turn, functions such as pg_describe_object() could fail to schema-qualify the object's name as expected.",,Other functionality,9,core_server,pgsql-hackers,false,4,3,25,0,25,true,false,,,,,0,,
643,20251113,2025-11-13,15.15,19,"Fix pg_event_trigger_dropped_objects() 's reporting of temporary status (Antoine Violin, Tom Lane) § §","Fix pg_event_trigger_dropped_objects() 's reporting of temporary status (Antoine Violin, Tom Lane) § § If a dropped column default, trigger, or RLS policy belongs to a temporary table, report it with is_temporary true.",,Other functionality,9,core_server,pgsql-hackers,false,3,3,244,86,330,true,false,,,,,0,,
644,20251113,2025-11-13,15.15,20,Fix memory leakage in hashed subplans (Haiyang Li) §,Fix memory leakage in hashed subplans (Haiyang Li) § Any memory consumed by the hash functions used for hashing tuples constituted a query-lifespan memory leak. One way that could happen is if the values being hashed require de-toasting.,,Crash & corruption,2,core_server,pgsql-bugs,false,3,2,33,43,76,false,false,,,,,1,19040,8
645,20251113,2025-11-13,15.15,21,Fix minor memory leak during WAL replay of database creation (Nathan Bossart) §,Fix minor memory leak during WAL replay of database creation (Nathan Bossart) §,,Crash & corruption,2,core_server,pgsql-hackers,false,4,1,1,0,1,false,false,,,,,0,,
646,20251113,2025-11-13,15.15,22,Fix corruption of the shared statistics table after out-of-memory failures (Mikhail Kot) §,"Fix corruption of the shared statistics table after out-of-memory failures (Mikhail Kot) § Previously, an out-of-memory failure partway through creating a new hash table entry left a broken entry behind, potentially causing errors in other sessions later.",,Crash & corruption,2,core_server,pgsql-hackers,false,3,2,38,1,39,false,false,,,,,0,,
647,20251113,2025-11-13,15.15,23,Fix concurrent update issue in MERGE (Yugo Nagata) §,"Fix concurrent update issue in MERGE (Yugo Nagata) § When executing a MERGE UPDATE action, if there is more than one concurrent update of the target row, the lock-and-retry code would sometimes incorrectly identify the latest version of the target tuple, leading to incorrect results.",,Wrong results & planner,3,core_server,pgsql-hackers,false,3,4,179,8,187,true,false,,,,,0,,
648,20251113,2025-11-13,15.15,24,Add missing replica identity checks in MERGE and INSERT ... ON CONFLICT DO UPDATE (Zhijie Hou) § § §,"Add missing replica identity checks in MERGE and INSERT ... ON CONFLICT DO UPDATE (Zhijie Hou) § § § If MERGE may require update or delete actions, and the target table publishes updates or deletes, insist that it have a REPLICA IDENTITY defined. Failing to require this can silently break replication. Likewise, INSERT with an UPDATE option must require REPLICA IDENTITY if the target table publishes either inserts or updates.",,Replication & recovery,4,core_server,pgsql-hackers,false,3,3,69,1,70,true,false,,,,,0,,
649,20251113,2025-11-13,15.15,25,Avoid deadlock during DROP SUBSCRIPTION when publisher is on the same server as subscriber (Dilip Kumar) §,Avoid deadlock during DROP SUBSCRIPTION when publisher is on the same server as subscriber (Dilip Kumar) §,,Crash & corruption,2,core_server,pgsql-bugs,false,3,3,42,3,45,true,false,,,,,1,18988,34
650,20251113,2025-11-13,15.15,26,Fix incorrect reporting of replication lag in pg_stat_replication view (Fujii Masao) §,"Fix incorrect reporting of replication lag in pg_stat_replication view (Fujii Masao) § If any standby server's replay LSN stopped advancing, the write_lag and flush_lag columns would eventually stop updating.",,Replication & recovery,4,replication_recovery,pgsql-hackers,false,4,1,33,17,50,false,false,,,,,0,,
651,20251113,2025-11-13,15.15,27,Avoid duplicative log messages about invalid primary_slot_name settings (Fujii Masao) §,Avoid duplicative log messages about invalid primary_slot_name settings (Fujii Masao) §,,Other functionality,9,replication_recovery,pgsql-hackers,false,4,3,70,24,94,false,false,,,,,0,,
652,20251113,2025-11-13,15.15,28,Remove the unfinished slot state file after failing to write a replication slot's state to disk (Michael Paquier) §,"Remove the unfinished slot state file after failing to write a replication slot's state to disk (Michael Paquier) § Previously, a failure such as out-of-disk-space resulted in leaving a temporary state.tmp file behind. That's problematic because it would block all subsequent attempts to write the state, requiring manual intervention to clean up.",,Replication & recovery,4,replication_recovery,pgsql-hackers,false,4,1,7,0,7,false,false,,,,,0,,
653,20251113,2025-11-13,15.15,29,Avoid unwanted WAL receiver shutdown when switching from streaming to archive WAL source (Xuneng Zhou) §,"Avoid unwanted WAL receiver shutdown when switching from streaming to archive WAL source (Xuneng Zhou) § During a timeline change, a standby server's WAL receiver should remain alive, waiting for a new WAL streaming start point. Instead it was repeatedly shutting down and immediately getting restarted, which could confuse status monitoring code.",,Replication & recovery,4,replication_recovery,pgsql-bugs,false,4,4,31,5,36,true,false,,,,,1,19093,8
654,20251113,2025-11-13,15.15,30,Avoid failures in logical replication due to chance collisions of file numbers between regular and temporary tables (Vignesh C) §,"Avoid failures in logical replication due to chance collisions of file numbers between regular and temporary tables (Vignesh C) § This low-probability problem manifested as transient errors like unexpected duplicate for tablespace X , relfilenode Y . contrib/autoprewarm was also affected. A side-effect of the fix is that the SQL function pg_filenode_relation() will now ignore temporary tables.",,Replication & recovery,4,core_server,pgsql-bugs,false,3,7,41,4,45,true,false,,,,,0,,
655,20251113,2025-11-13,15.15,31,"Fix use-after-free issue in the relation synchronization cache maintained by the pgoutput logical decoding plugin (Vignesh C, Masahiko Sawada) §","Fix use-after-free issue in the relation synchronization cache maintained by the pgoutput logical decoding plugin (Vignesh C, Masahiko Sawada) § An error during logical decoding could result in crashes in subsequent logical decoding attempts in the same session. The case is only reachable when pgoutput is invoked via SQL functions.",,Crash & corruption,2,replication_recovery,pgsql-hackers,false,4,1,24,5,29,false,false,,,,,0,,
656,20251113,2025-11-13,15.15,32,Avoid assertion failure when trying to release a replication slot in single-user mode (Hayato Kuroda) §,Avoid assertion failure when trying to release a replication slot in single-user mode (Hayato Kuroda) §,,Crash & corruption,2,replication_recovery,pgsql-hackers,false,3,4,99,2,101,true,false,,,,,0,,
657,20251113,2025-11-13,15.15,33,Fix incorrect printing of messages about failures in checking whether the user has Windows administrator privilege (Bryan Green) §,"Fix incorrect printing of messages about failures in checking whether the user has Windows administrator privilege (Bryan Green) § This code would have crashed or at least printed garbage. No such cases have been reported though, indicating that failure of these system calls is extremely rare.",,Crash & corruption,2,core_server,pgsql-hackers,false,4,3,16,5,21,false,false,,,,,0,,
658,20251113,2025-11-13,15.15,34,Avoid startup failure on macOS and BSD platforms when there is a collision with a pre-existing semaphore set (Tom Lane) §,"Avoid startup failure on macOS and BSD platforms when there is a collision with a pre-existing semaphore set (Tom Lane) § If the pre-existing set has fewer semaphores than we asked for, these platforms return EINVAL not EEXIST as our code expected, resulting in failure to start the database.",,Build & platform,8,core_server,pgsql-hackers,false,3,1,33,13,46,false,false,,,,,0,,
659,20251113,2025-11-13,15.15,35,Fix false memory-context-checking warnings in debug builds on 64-bit Windows (David Rowley) §,Fix false memory-context-checking warnings in debug builds on 64-bit Windows (David Rowley) §,,Build & platform,8,core_server,pgsql-hackers,false,4,1,3,3,6,false,false,,,,,0,,
660,20251113,2025-11-13,15.15,36,Correctly handle GROUP BY DISTINCT in PL/pgSQL assignment statements (Tom Lane) §,"Correctly handle GROUP BY DISTINCT in PL/pgSQL assignment statements (Tom Lane) § The parser failed to record the DISTINCT option in this context, so that the command would act as if it were plain GROUP BY .",,Other functionality,9,core_server,pgsql-hackers,false,4,1,1,0,1,false,false,,,,,0,,
661,20251113,2025-11-13,15.15,37,Avoid leaking memory when handling a SQL error within PL/Python (Tom Lane) §,Avoid leaking memory when handling a SQL error within PL/Python (Tom Lane) § This fixes a session-lifespan memory leak introduced in our previous minor releases.,,Crash & corruption,2,extensions_contrib,pgsql-hackers,false,4,1,21,8,29,false,false,,,,,0,,
662,20251113,2025-11-13,15.15,38,Fix libpq 's trace output of characters with the high bit set (Ran Benita) §,"Fix libpq 's trace output of characters with the high bit set (Ran Benita) § On platforms where char is considered signed, the output included unsightly \xffffff decoration.",,Client tools,5,client_tools,pgsql-bugs,false,3,1,2,2,4,false,false,,,,,0,,
663,20251113,2025-11-13,15.15,39,"Fix libpq 's handling of socket-related errors on Windows within its GSSAPI logic (Ning Wu, Tom Lane) §","Fix libpq 's handling of socket-related errors on Windows within its GSSAPI logic (Ning Wu, Tom Lane) § The code for encrypting/decrypting transmitted data using GSSAPI did not correctly recognize error conditions on the connection socket, since Windows reports those differently than other platforms. This led to failure to make such connections on Windows.",,Client tools,5,client_tools,pgsql-hackers,false,4,1,15,12,27,false,false,,,,,0,,
664,20251113,2025-11-13,15.15,40,"In pg_dump , dump security labels on subscriptions and event triggers (Jian He, Fujii Masao) §","In pg_dump , dump security labels on subscriptions and event triggers (Jian He, Fujii Masao) § Labels on these types of objects were previously missed.",,Replication & recovery,4,client_tools,pgsql-hackers,false,3,2,13,6,19,false,false,,,,,0,,
665,20251113,2025-11-13,15.15,41,"Fix pg_dump 's sorting of default ACLs and foreign key constraints (Kirill Reshke, Álvaro Herrera) § § §","Fix pg_dump 's sorting of default ACLs and foreign key constraints (Kirill Reshke, Álvaro Herrera) § § § Ensure consistent ordering of these database object types, as was already done for other object types.",,Client tools,5,client_tools,pgsql-bugs,false,3,1,2,1,3,false,false,,,,,1,19074,13
666,20251113,2025-11-13,15.15,42,"In pg_dump , label comments for separately-dumped domain constraints with the proper dependency (Noah Misch) §","In pg_dump , label comments for separately-dumped domain constraints with the proper dependency (Noah Misch) § This error could lead to parallel pg_restore attempting to create the comment before the constraint itself has been restored.",,Client tools,5,client_tools,pgsql-hackers,false,3,1,1,1,2,false,false,,,,,0,,
667,20251113,2025-11-13,15.15,43,"In pg_restore , skip comments and security labels for publications and subscriptions that are not being restored (Jian He, Fujii Masao) § §","In pg_restore , skip comments and security labels for publications and subscriptions that are not being restored (Jian He, Fujii Masao) § § Do not emit COMMENT or SECURITY LABEL commands for these objects when --no-publications or --no-subscriptions is specified.",,Replication & recovery,4,client_tools,pgsql-hackers,false,3,1,15,0,15,false,false,,,,,0,,
668,20251113,2025-11-13,15.15,44,"Fix assorted errors in the data compression logic in pg_dump and pg_restore (Daniel Gustafsson, Tom Lane) §","Fix assorted errors in the data compression logic in pg_dump and pg_restore (Daniel Gustafsson, Tom Lane) § Error checking was missing or incorrect in several places, and there were also portability issues that would manifest on big-endian hardware. These problems had been missed because this code is only used to read compressed TOC files within directory-format dumps. pg_dump never produces such a dump; the case can be reached only by manually compressing the TOC file after the fact, which is a supported thing to do but very uncommon.",,Client tools,5,client_tools,pgsql-hackers,false,4,1,9,0,9,false,false,,,,,0,,
669,20251113,2025-11-13,15.15,45,Fix pgbench to error out cleanly if a COPY operation is started (Anthonin Bonnefoy) §,"Fix pgbench to error out cleanly if a COPY operation is started (Anthonin Bonnefoy) § pgbench doesn't intend to support this case, but previously it went into an infinite loop.",,Crash & corruption,2,client_tools,pgsql-hackers,false,4,2,25,0,25,false,false,,,,,0,,
670,20251113,2025-11-13,15.15,46,Fix pgbench 's reporting of multiple errors (Yugo Nagata) §,"Fix pgbench 's reporting of multiple errors (Yugo Nagata) § In cases where two successive PQgetResult calls both fail, pgbench might report the wrong error message.",,Client tools,5,client_tools,pgsql-hackers,false,4,1,3,3,6,false,false,,,,,0,,
671,20251113,2025-11-13,15.15,47,"In pgbench , fix faulty assertion about errors in pipeline mode (Yugo Nagata) §","In pgbench , fix faulty assertion about errors in pipeline mode (Yugo Nagata) §",,Crash & corruption,2,client_tools,pgsql-hackers,false,4,1,8,1,9,false,false,,,,,0,,
672,20251113,2025-11-13,15.15,48,"Ensure that contrib/pg_buffercache functions can be canceled (Satyanarayana Narlapuram, Yuhang Qiu) §","Ensure that contrib/pg_buffercache functions can be canceled (Satyanarayana Narlapuram, Yuhang Qiu) § Some code paths were capable of running for a long time without checking for interrupts.",,Extensions & contrib,6,core_server,pgsql-hackers,false,4,1,4,0,4,false,false,,,,,0,,
673,20251113,2025-11-13,15.15,49,"Fix contrib/pg_prewarm 's privilege checks for indexes (Ayush Vatsa, Nathan Bossart) §","Fix contrib/pg_prewarm 's privilege checks for indexes (Ayush Vatsa, Nathan Bossart) § pg_prewarm() requires SELECT privilege on relations to be prewarmed. However, since indexes have no SQL privileges of their own, this resulted in non-superusers being unable to prewarm indexes. Instead, check for SELECT privilege on the index's table.",,Extensions & contrib,6,extensions_contrib,pgsql-hackers,false,4,1,1,1,2,false,false,,,,,0,,
674,20251113,2025-11-13,15.15,50,Make contrib/pgstattuple more robust about empty or invalid index pages (Nitin Motiani) §,"Make contrib/pgstattuple more robust about empty or invalid index pages (Nitin Motiani) § Count all-zero pages as free space, and ignore pages that are invalid according to a check of the page's special-space size. The code for btree indexes already counted all-zero pages as free, but the hash and gist code would error out, which has been found to be much less user-friendly. Similarly, make all three cases agree on ignoring corrupted pages rather than throwing errors.",,Crash & corruption,2,extensions_contrib,pgsql-hackers,false,4,1,22,10,32,false,false,,,,,0,,
675,20251113,2025-11-13,15.15,51,Harden our read and write barrier macros to satisfy Clang (Thomas Munro) §,"Harden our read and write barrier macros to satisfy Clang (Thomas Munro) § We supposed that __atomic_thread_fence() is a sufficient barrier to prevent the C compiler from re-ordering memory accesses around it, but it appears that that's not true for Clang, allowing it to generate incorrect code for at least RISC-V, MIPS, and LoongArch machines. Add explicit compiler barriers to fix that.",,Build & platform,8,core_server,pgsql-hackers,false,4,1,10,2,12,false,false,,,,,0,,
676,20251113,2025-11-13,15.15,52,Fix building with LLVM version 21 and later (Holger Hoffstätte) §,Fix building with LLVM version 21 and later (Holger Hoffstätte) §,,Build & platform,8,core_server,pgsql-hackers,false,3,1,4,0,4,false,false,,,,,0,,
677,20251113,2025-11-13,15.15,53,Fix PGXS build infrastructure to support building NLS po files for extensions (Ryo Matsumura) §,Fix PGXS build infrastructure to support building NLS po files for extensions (Ryo Matsumura) §,,Build & platform,8,other,pgsql-hackers,false,4,1,5,0,5,false,false,,,,,0,,
678,20260212,2026-02-12,15.16,0,Guard against unexpected dimensions of oidvector / int2vector (Tom Lane) §,"Guard against unexpected dimensions of oidvector / int2vector (Tom Lane) § These data types are expected to be 1-dimensional arrays containing no nulls, but there are cast pathways that permit violating those expectations. Add checks to some functions that were depending on those expectations without verifying them, and could misbehave in consequence. The PostgreSQL Project thanks Altan Birler for reporting this problem. (CVE-2026-2003)",CVE-2026-2003,Security (CVE),0,core_server,unknown_or_internal_security,false,4,8,82,3,85,true,false,1,1,4.3,MEDIUM,0,,
679,20260212,2026-02-12,15.16,1,Harden selectivity estimators against being attached to operators that accept unexpected data types (Tom Lane) § § §,"Harden selectivity estimators against being attached to operators that accept unexpected data types (Tom Lane) § § § contrib/intarray contained a selectivity estimation function that could be abused for arbitrary code execution, because it did not check that its input was of the expected data type. Third-party extensions should check for similar hazards and add defenses using the technique intarray now uses. Since such extension fixes will take time, we now require superuser privilege to attach a non-built-in selectivity estimator to an operator. The PostgreSQL Project thanks Daniel Firer, as part of zeroday.cloud, for reporting this problem. (CVE-2026-2004)",CVE-2026-2004,Security (CVE),0,core_server,unknown_or_internal_security,false,4,6,220,1,221,false,false,1,1,8.8,HIGH,0,,
680,20260212,2026-02-12,15.16,2,Fix buffer overrun in contrib/pgcrypto 's PGP decryption functions (Michael Paquier) §,"Fix buffer overrun in contrib/pgcrypto 's PGP decryption functions (Michael Paquier) § Decrypting a crafted message with an overlength session key caused a buffer overrun, with consequences as bad as arbitrary code execution. The PostgreSQL Project thanks Team Xint Code, as part of zeroday.cloud, for reporting this problem. (CVE-2026-2005)",CVE-2026-2005,Security (CVE),0,extensions_contrib,unknown_or_internal_security,false,4,8,599,3,602,false,false,1,1,8.8,HIGH,0,,
681,20260212,2026-02-12,15.16,3,"Fix inadequate validation of multibyte character lengths (Thomas Munro, Noah Misch) § § § § § §","Fix inadequate validation of multibyte character lengths (Thomas Munro, Noah Misch) § § § § § § Assorted bugs allowed an attacker able to issue crafted SQL to overrun string buffers, with consequences as bad as arbitrary code execution. After these fixes, applications may observe invalid byte sequence for encoding errors when string functions process invalid text that has been stored in the database. The PostgreSQL Project thanks Paul Gerste and Moritz Sanft, as part of zeroday.cloud, for reporting this problem. (CVE-2026-2006)",CVE-2026-2006,Security (CVE),0,extensions_contrib,pgsql-hackers,false,4,3,15,12,27,false,false,1,1,8.8,HIGH,0,,
682,20260212,2026-02-12,15.16,4,Don't allow CTE references in sub-selects to determine semantic levels of aggregate functions (Tom Lane) §,"Don't allow CTE references in sub-selects to determine semantic levels of aggregate functions (Tom Lane) § This change undoes a change made two minor releases ago, instead throwing an error if a sub-select references a CTE that's below the semantic level that standard SQL rules would assign to the aggregate based on contained column references and aggregates. The attempted fix turned out to cause problems of its own, and it's unclear what to do instead. Since sub-selects within aggregates are disallowed altogether by the SQL standard, treating such cases as errors seems sufficient.",,Other functionality,9,core_server,pgsql-bugs,false,4,3,87,42,129,true,false,,,,,2,19055,0
683,20260212,2026-02-12,15.16,5,Fix trigger transition table capture for MERGE in CTE queries (Dean Rasheed) §,"Fix trigger transition table capture for MERGE in CTE queries (Dean Rasheed) § When executing a data-modifying CTE query containing both a MERGE and another DML operation on a table with statement-level AFTER triggers, the transition tables passed to the triggers would not include the rows affected by the MERGE, only those affected by the other operation(s).",,Other functionality,9,core_server,pgsql-bugs,false,4,4,107,57,164,true,false,,,,,1,19380,5
684,20260212,2026-02-12,15.16,6,Fix failure when all children of a partitioned target table of an update or delete have been pruned (Amit Langote) §,"Fix failure when all children of a partitioned target table of an update or delete have been pruned (Amit Langote) § In such cases, the executor could report could not find junk ctid column errors, even though nothing needs to be done.",,Other functionality,9,extensions_contrib,pgsql-bugs,false,4,3,49,3,52,false,false,,,,,1,19099,86
685,20260212,2026-02-12,15.16,7,Allow indexscans on partial hash indexes even when the index's predicate implies the truth of the WHERE clause (Tom Lane) §,"Allow indexscans on partial hash indexes even when the index's predicate implies the truth of the WHERE clause (Tom Lane) § Normally we drop a WHERE clause that is implied by the predicate, since it's pointless to test it; it must hold for every index entry. However that can prevent creation of an indexscan plan if the index is one that requires a WHERE clause on the leading index key, as hash indexes do. Don't drop implied clauses when considering such an index.",,Other functionality,9,planner,pgsql-hackers,false,4,3,44,0,44,true,false,,,,,0,,
686,20260212,2026-02-12,15.16,8,Do not emit WAL for unlogged BRIN indexes (Kirill Reshke) §,"Do not emit WAL for unlogged BRIN indexes (Kirill Reshke) § One seldom-taken code path incorrectly emitted a WAL record relating to a BRIN index even if the index was marked unlogged. Crash recovery would then fail to replay that record, complaining that the file already exists.",,Crash & corruption,2,core_server,pgsql-hackers,false,4,1,5,1,6,false,false,,,,,0,,
687,20260212,2026-02-12,15.16,9,"Prevent truncation of CLOG that is still needed by unread NOTIFY messages (Joel Jacobson, Heikki Linnakangas) § § §","Prevent truncation of CLOG that is still needed by unread NOTIFY messages (Joel Jacobson, Heikki Linnakangas) § § § This fix prevents could not access status of transaction errors when a backend is slow to absorb NOTIFY messages.",,Performance,7,core_server,pgsql-bugs,false,4,1,1,0,1,false,false,,,,,1,18804,274
688,20260212,2026-02-12,15.16,10,"Escalate errors occurring during NOTIFY message processing to FATAL, i.e. close the connection (Heikki Linnakangas) §","Escalate errors occurring during NOTIFY message processing to FATAL, i.e. close the connection (Heikki Linnakangas) § Formerly, if a backend got an error while absorbing a NOTIFY message, it would advance past that message, report the error to the client, and move on. That behavior was fraught with problems though. One big concern is that the client has no good way to know that a notification was lost, and certainly no way to know what was in it. Depending on the application logic, missing a notification could cause the application to get stuck waiting, for example. Also, any remaining messages would not get processed until someone sent a new NOTIFY. Also, if the connection is idle at the time of receiving a NOTIFY signal, any ERROR would be escalated to FATAL anyway, due to unrelated concerns. Therefore, we've chosen to make that happen in all cases, for consistency and to provide a clear signal to the application that it might have missed some notifications.",,Other functionality,9,core_server,pgsql-hackers,false,4,1,21,13,34,false,false,,,,,0,,
689,20260212,2026-02-12,15.16,11,Fix bug in following update chain when locking a tuple (Jasper Smit) §,"Fix bug in following update chain when locking a tuple (Jasper Smit) § This code path neglected to check the xmin of the first new tuple in the update chain, making it possible to lock an unrelated tuple if the original updater aborted and the space was immediately reclaimed by VACUUM and then re-used. That could cause unexpected transaction delays or deadlocks. Errors associated with having identified the wrong tuple have also been observed.",,Crash & corruption,2,core_server,pgsql-hackers,false,4,5,236,16,252,true,false,,,,,0,,
690,20260212,2026-02-12,15.16,12,Fix issues around in-place catalog updates (Noah Misch) § § §,"Fix issues around in-place catalog updates (Noah Misch) § § § Send a nontransactional invalidation message for an in-place update, since such an update will survive transaction rollback. Also ensure that the update is WAL-logged before other sessions can see it. These fixes primarily prevent scenarios in which relations' frozen-XID attributes become inconsistent, possibly allowing premature CLOG truncation and subsequent could not access status of transaction errors.",,Replication & recovery,4,core_server,pgsql-hackers,false,3,13,362,126,488,true,false,,,,,0,,
691,20260212,2026-02-12,15.16,13,Fix potential backend process crash at process exit due to trying to release a lock in an already-unmapped shared memory segment (Rahila Syed) §,Fix potential backend process crash at process exit due to trying to release a lock in an already-unmapped shared memory segment (Rahila Syed) §,,Crash & corruption,2,core_server,pgsql-hackers,false,4,2,15,2,17,false,false,,,,,0,,
692,20260212,2026-02-12,15.16,14,Guard against incorrect truncation of the multixact log after a crash (Heikki Linnakangas) §,Guard against incorrect truncation of the multixact log after a crash (Heikki Linnakangas) §,,Crash & corruption,2,replication_recovery,pgsql-hackers,false,4,1,17,0,17,false,false,,,,,0,,
693,20260212,2026-02-12,15.16,15,Fix possibly mis-encoded result of pg_stat_get_backend_activity() (Chao Li) §,"Fix possibly mis-encoded result of pg_stat_get_backend_activity() (Chao Li) § The shared-memory buffer holding a session's activity string can end with an incomplete multibyte character. Readers are supposed to truncate off any such incomplete character, but this function failed to do so.",,Other functionality,9,core_server,pgsql-hackers,false,4,1,1,1,2,false,false,,,,,0,,
694,20260212,2026-02-12,15.16,16,Guard against recursive memory context logging (Fujii Masao) §,"Guard against recursive memory context logging (Fujii Masao) § A constant flow of signals requesting memory context logging could cause recursive execution of the logging code, which in theory could lead to stack overflow.",,Crash & corruption,2,core_server,pgsql-hackers,false,4,1,40,18,58,false,false,,,,,0,,
695,20260212,2026-02-12,15.16,17,"Fix memory context usage when reinitializing a parallel execution context (Jakub Wartak, Jeevan Chalke) §","Fix memory context usage when reinitializing a parallel execution context (Jakub Wartak, Jeevan Chalke) § This error could result in a crash due to a subsidiary data structure having a shorter lifespan than the parallel context. The problem is not known to be reachable using only core PostgreSQL , but we have reports of trouble in extensions.",,Crash & corruption,2,replication_recovery,pgsql-hackers,false,4,1,7,0,7,false,false,,,,,0,,
696,20260212,2026-02-12,15.16,18,"Set next multixid's offset when creating a new multixid, to remove the wait loop that was needed in corner cases (Andrey Borodin) § §","Set next multixid's offset when creating a new multixid, to remove the wait loop that was needed in corner cases (Andrey Borodin) § § The previous logic could get stuck waiting for an update that would never occur.",,Other functionality,9,replication_recovery,pgsql-hackers,false,4,1,7,2,9,false,false,,,,,0,,
697,20260212,2026-02-12,15.16,19,"Avoid rewriting data-modifying CTEs more than once (Bernice Southey, Dean Rasheed) §","Avoid rewriting data-modifying CTEs more than once (Bernice Southey, Dean Rasheed) § Formerly, when updating an auto-updatable view or a relation with rules, if the original query had any data-modifying CTEs, the rewriter would rewrite those CTEs multiple times due to recursion. This was inefficient and could produce false errors if a CTE included an update of an always-generated column.",,Performance,7,core_server,pgsql-hackers,false,4,3,90,5,95,true,false,,,,,0,,
698,20260212,2026-02-12,15.16,20,Fail recovery if WAL does not exist back to the redo point indicated by the checkpoint record (Nitin Jadhav) §,"Fail recovery if WAL does not exist back to the redo point indicated by the checkpoint record (Nitin Jadhav) § Add an explicit check for this before starting recovery, so that no harm is done and a useful error message is provided. Previously, recovery might crash or corrupt the database in this situation.",,Crash & corruption,2,replication_recovery,pgsql-hackers,false,4,1,10,0,10,false,false,,,,,0,,
699,20260212,2026-02-12,15.16,21,Avoid scribbling on the source query tree during ALTER PUBLICATION (Sunil S) §,"Avoid scribbling on the source query tree during ALTER PUBLICATION (Sunil S) § This error had the visible effect that an event trigger fired for the query would see only the first publish option, even if several had been specified. If such a query were set up as a prepared statement, re-executions would misbehave too.",,Replication & recovery,4,core_server,unknown_or_internal_not_security,false,4,2,11,2,13,false,false,,,,,0,,
700,20260212,2026-02-12,15.16,22,Pass connection options specified in CREATE SUBSCRIPTION ... CONNECTION to the publisher's walsender (Fujii Masao) §,"Pass connection options specified in CREATE SUBSCRIPTION ... CONNECTION to the publisher's walsender (Fujii Masao) § Before this fix, the options connection option (if any) was ignored, thus for example preventing setting custom server parameter values in the walsender session. It was intended for that to work, and it did work before refactoring in PostgreSQL version 15 broke it, so restore the previous behavior.",,Replication & recovery,4,replication_recovery,pgsql-hackers,false,4,1,34,9,43,false,false,,,,,0,,
701,20260212,2026-02-12,15.16,23,Prevent invalidation of newly created or newly synced replication slots (Zhijie Hou) §,"Prevent invalidation of newly created or newly synced replication slots (Zhijie Hou) § A race condition with a concurrent checkpoint could allow WAL to be removed that is needed by the replication slot, causing the slot to immediately get marked invalid.",,Crash & corruption,2,tests,pgsql-hackers,false,4,1,8,2,10,true,false,,,,,0,,
702,20260212,2026-02-12,15.16,24,Fix race condition in computing a replication slot's required xmin (Zhijie Hou) §,Fix race condition in computing a replication slot's required xmin (Zhijie Hou) § This could lead to the error cannot build an initial slot snapshot as oldest safe xid follows snapshot's xmin .,,Crash & corruption,2,replication_recovery,pgsql-hackers,false,4,4,45,10,55,false,false,,,,,0,,
703,20260212,2026-02-12,15.16,25,"During initial synchronization of a logical replication subscription, commit the addition of a pg_replication_origin entry before starting to copy data (Zhijie Hou) §","During initial synchronization of a logical replication subscription, commit the addition of a pg_replication_origin entry before starting to copy data (Zhijie Hou) § Previously, if the copy step failed, the new pg_replication_origin entry would be lost due to transaction rollback. This led to inconsistent state in shared memory.",,Replication & recovery,4,replication_recovery,pgsql-hackers,false,4,3,39,35,74,true,false,,,,,0,,
704,20260212,2026-02-12,15.16,26,Fix possible failure with unexpected data beyond EOF during restart of a streaming replica server (Anthonin Bonnefoy) §,Fix possible failure with unexpected data beyond EOF during restart of a streaming replica server (Anthonin Bonnefoy) §,,Other functionality,9,core_server,pgsql-hackers,false,4,2,13,1,14,false,false,,,,,0,,
705,20260212,2026-02-12,15.16,27,Fix erroneous tracking of column position when parsing partition range bounds (myzhen) §,"Fix erroneous tracking of column position when parsing partition range bounds (myzhen) § This could, for example, lead to the wrong column name being cited in error messages about casting partition bound values to the column's data type.",,Other functionality,9,core_server,pgsql-hackers,false,4,1,3,2,5,false,false,,,,,0,,
706,20260212,2026-02-12,15.16,28,"Fix assorted minor errors in error messages (Man Zeng, Tianchen Zhang) § § §","Fix assorted minor errors in error messages (Man Zeng, Tianchen Zhang) § § § For example, an error report about mismatched timeline number in a backup manifest showed the starting timeline number where it meant to show the ending timeline number.",,Other functionality,9,replication_recovery,pgsql-hackers,false,4,1,1,1,2,false,false,,,,,0,,
707,20260212,2026-02-12,15.16,29,Fix failure to perform function inlining when doing JIT compilation with LLVM version 17 or later (Anthonin Bonnefoy) §,Fix failure to perform function inlining when doing JIT compilation with LLVM version 17 or later (Anthonin Bonnefoy) §,,Build & platform,8,core_server,pgsql-hackers,false,4,1,4,0,4,false,false,,,,,0,,
708,20260212,2026-02-12,15.16,30,Adjust our JIT code to work with LLVM 21 (Holger Hoffstätte) §,Adjust our JIT code to work with LLVM 21 (Holger Hoffstätte) § The previous coding failed to compile on aarch64 machines.,,Build & platform,8,core_server,pgsql-hackers,false,4,1,7,0,7,false,false,,,,,0,,
709,20260212,2026-02-12,15.16,31,Support process title changes on GNU/Hurd (Michael Banck) §,Support process title changes on GNU/Hurd (Michael Banck) §,,Other functionality,9,core_server,pgsql-hackers,false,4,1,2,2,4,false,false,,,,,0,,
710,20260212,2026-02-12,15.16,32,Make pg_resetwal print the updated value when changing OldestXID (Heikki Linnakangas) §,Make pg_resetwal print the updated value when changing OldestXID (Heikki Linnakangas) § It already did that for every other variable it can change.,,Client tools,5,client_tools,pgsql-bugs,false,4,1,4,0,4,false,false,,,,,0,,
711,20260212,2026-02-12,15.16,33,Make pg_resetwal allow setting next multixact xid to 0 or next multixact offset to UINT32_MAX (Maxim Orlov) §,"Make pg_resetwal allow setting next multixact xid to 0 or next multixact offset to UINT32_MAX (Maxim Orlov) § These are valid values, so rejecting them was incorrect. In the worst case, if a pg_upgrade is attempted when exactly at the point of multixact wraparound, the upgrade would fail.",,Client tools,5,client_tools,pgsql-bugs,false,4,2,22,15,37,false,false,,,,,2,18865,232
712,20260212,2026-02-12,15.16,34,"In contrib/amcheck , use the correct snapshot for btree index parent checks (Mihail Nikalayeu) §","In contrib/amcheck , use the correct snapshot for btree index parent checks (Mihail Nikalayeu) § The previous coding caused spurious errors when examining indexes created with CREATE INDEX CONCURRENTLY.",,Extensions & contrib,6,extensions_contrib,pgsql-hackers,false,4,2,5,2,7,false,false,,,,,0,,
713,20260212,2026-02-12,15.16,35,Fix contrib/amcheck to handle half-dead btree index pages correctly (Heikki Linnakangas) §,"Fix contrib/amcheck to handle half-dead btree index pages correctly (Heikki Linnakangas) § amcheck expected such a page to have a parent downlink, but it does not, leading to a false error report about mismatch between parent key and child high key .",,Extensions & contrib,6,extensions_contrib,pgsql-hackers,false,4,3,20,1,21,true,false,,,,,0,,
714,20260212,2026-02-12,15.16,36,Fix contrib/amcheck to handle incomplete btree root page splits correctly (Heikki Linnakangas) §,Fix contrib/amcheck to handle incomplete btree root page splits correctly (Heikki Linnakangas) § amcheck could report a false error about block is not true root .,,Extensions & contrib,6,extensions_contrib,pgsql-hackers,false,4,4,16,2,18,true,false,,,,,0,,
715,20260212,2026-02-12,15.16,37,Fix edge-case integer overflow in contrib/intarray 's selectivity estimator for @@ (Chao Li) §,Fix edge-case integer overflow in contrib/intarray 's selectivity estimator for @@ (Chao Li) § This could cause poor selectivity estimates to be produced for cases involving the maximum integer value.,,Wrong results & planner,3,extensions_contrib,pgsql-hackers,false,4,1,7,2,9,false,false,,,,,0,,
716,20260212,2026-02-12,15.16,38,Fix multibyte-encoding issue in contrib/ltree (Jeff Davis) §,"Fix multibyte-encoding issue in contrib/ltree (Jeff Davis) § The previous coding could pass an incomplete multibyte character to lower() , probably resulting in incorrect behavior.",,Extensions & contrib,6,extensions_contrib,pgsql-hackers,false,4,3,37,18,55,false,false,,,,,0,,
717,20260226,2026-02-26,15.17,0,Fix failure after replaying a multixid truncation record from WAL that was generated by an older minor version (Heikki Linnakangas) §,"Fix failure after replaying a multixid truncation record from WAL that was generated by an older minor version (Heikki Linnakangas) § Erroneous logic for coping with the way that previous versions handled multixid wraparound led to replay failure, with messages like could not access status of transaction . A typical scenario in which this could occur is a standby server of the latest minor version consuming WAL from a primary server of an older version.",,Replication & recovery,4,replication_recovery,unknown_or_internal_not_security,true,4,2,3,10,13,false,false,,,,,0,,
718,20260226,2026-02-26,15.17,1,Avoid incorrect complaint of invalid encoding when substring() is applied to toasted data (Noah Misch) § § §,Avoid incorrect complaint of invalid encoding when substring() is applied to toasted data (Noah Misch) § § § The fix for CVE-2026-2006 was too aggressive and could raise an error about an incomplete character in cases that are actually valid.,CVE-2026-2006,Security (CVE),0,core_server,pgsql-bugs,true,4,1,2,2,4,false,false,1,1,8.8,HIGH,1,19406,1
719,20260226,2026-02-26,15.17,2,Fix pg_stat_get_backend_wait_event() and pg_stat_get_backend_wait_event_type() to report values for auxiliary processes (Heikki Linnakangas) §,"Fix pg_stat_get_backend_wait_event() and pg_stat_get_backend_wait_event_type() to report values for auxiliary processes (Heikki Linnakangas) § Previously these functions returned NULL for auxiliary processes, but that's inconsistent with the pg_stat_activity view.",,Other functionality,9,core_server,pgsql-hackers,true,4,1,16,4,20,false,false,,,,,0,,
720,20260226,2026-02-26,15.17,3,Fix casting a composite-type variable to a domain type when returning its value from a PL/pgSQL function (Tom Lane) §,"Fix casting a composite-type variable to a domain type when returning its value from a PL/pgSQL function (Tom Lane) § If the variable's value is NULL, a cache lookup failed for type 0 error resulted.",,Other functionality,9,extensions_contrib,pgsql-hackers,true,4,3,26,17,43,false,false,,,,,0,,
721,20260226,2026-02-26,15.17,4,Fix potential null pointer dereference in contrib/hstore 's binary input function (Michael Paquier) §,"Fix potential null pointer dereference in contrib/hstore 's binary input function (Michael Paquier) § hstore 's receive function crashed on input containing duplicate keys. hstore values generated by Postgres would never contain duplicate keys, so this mistake has gone unnoticed. The crash could be provoked by malicious or corrupted data.",,Crash & corruption,2,extensions_contrib,unknown_or_internal_not_security,true,4,1,2,1,3,false,false,,,,,0,,
722,20260514,2026-05-14,15.18,0,Prevent unbounded recursion while processing startup packets (Michael Paquier) § §,Prevent unbounded recursion while processing startup packets (Michael Paquier) § § A malicious client could crash the connected backend by alternating rejected SSL and GSS encryption requests indefinitely. The PostgreSQL Project thanks Calif.io (in collaboration with Claude and Anthropic Research) for reporting this problem. (CVE-2026-6479),CVE-2026-6479,Security (CVE),0,core_server,unknown_or_internal_security,false,4,3,107,2,109,true,false,1,1,7.5,HIGH,0,,
723,20260514,2026-05-14,15.18,1,"Fix assorted integer overflows in memory-allocation calculations (Tom Lane, Nathan Bossart, Heikki Linnakangas) § § § § § § § § § §","Fix assorted integer overflows in memory-allocation calculations (Tom Lane, Nathan Bossart, Heikki Linnakangas) § § § § § § § § § § Various places were incautious about the possibility of integer overflow in calculations of how much memory to allocate. Overflow would lead to allocating a too-small buffer which the caller would then write past the end of. This would at least trigger server crashes, and probably could be exploited for arbitrary code execution. In many but by no means all cases, the hazard exists only in 32-bit builds. The PostgreSQL Project thanks Xint Code, Bruce Dang, Sven Klemm, and Pavel Kohout for reporting these problems. (CVE-2026-6473)",CVE-2026-6473,Security (CVE),0,extensions_contrib,pgsql-hackers,false,4,2,2,2,4,false,false,1,1,8.8,HIGH,0,,
724,20260514,2026-05-14,15.18,2,Reject over-length options in ts_headline() (Michael Paquier) §,"Reject over-length options in ts_headline() (Michael Paquier) § The StartSel , StopSel and FragmentDelimiter strings must not exceed 32Kb in length, but this was not checked for. An over-length value would typically crash the server. The PostgreSQL Project thanks Xint Code for reporting this problem. (CVE-2026-6473)",CVE-2026-6473,Security (CVE),0,core_server,unknown_or_internal_security,false,4,3,39,3,42,true,false,1,1,8.8,HIGH,0,,
725,20260514,2026-05-14,15.18,3,Guard against malicious time zone names in timeofday() and pg_strftime() (Tom Lane) § §,"Guard against malicious time zone names in timeofday() and pg_strftime() (Tom Lane) § § A crafted time zone setting could pass % sequences to snprintf() , potentially causing crashes or disclosure of server memory. Another path to similar results was to overflow the limited-size output buffer used by pg_strftime() . The PostgreSQL Project thanks Xint Code for reporting this problem. (CVE-2026-6474)",CVE-2026-6474,Security (CVE),0,core_server,unknown_or_internal_security,false,4,1,9,5,14,false,false,1,1,4.3,MEDIUM,0,,
726,20260514,2026-05-14,15.18,4,"When creating a multirange type, ensure the user has CREATE privilege on the schema specified for the multirange type (Jelte Fennema-Nio) §","When creating a multirange type, ensure the user has CREATE privilege on the schema specified for the multirange type (Jelte Fennema-Nio) § The multirange type can be put into a different schema than its parent range type, but we neglected to apply the required privilege check when doing so. The PostgreSQL Project thanks Jelte Fennema-Nio for reporting this problem. (CVE-2026-6472)",CVE-2026-6472,Security (CVE),0,core_server,unknown_or_internal_security,false,4,3,39,0,39,true,false,1,1,5.4,MEDIUM,0,,
727,20260514,2026-05-14,15.18,5,Use timing-safe string comparisons in authentication code (Michael Paquier) § §,"Use timing-safe string comparisons in authentication code (Michael Paquier) § § Use timingsafe_bcmp() instead of memcmp() or strcmp() when checking passwords, hashes, etc. It is not known whether the data dependency of those functions is usefully exploitable in any of these places, but in the interests of safety, replace them. The PostgreSQL Project thanks Joe Conway for reporting this problem. (CVE-2026-6478)",CVE-2026-6478,Security (CVE),0,core_server,pgsql-hackers,false,4,3,11,9,20,false,false,1,1,6.5,MEDIUM,0,,
728,20260514,2026-05-14,15.18,6,"Mark PQfn() as unsafe, and avoid using it within libpq (Nathan Bossart) §","Mark PQfn() as unsafe, and avoid using it within libpq (Nathan Bossart) § For a non-integral result type, PQfn() is not passed the size of the output buffer, so it cannot check that the data returned by the server will fit. A malicious server could therefore overwrite client memory. This is unfixable without an API change, so mark the function as deprecated. Internally to libpq , use a variant version that can apply the missing check. The PostgreSQL Project thanks Yu Kunpeng and Martin Heistermann for reporting this problem. (CVE-2026-6477)",CVE-2026-6477,Security (CVE),0,client_tools,unknown_or_internal_security,false,4,5,46,12,58,false,false,1,1,8.8,HIGH,0,,
729,20260514,2026-05-14,15.18,7,Prevent path traversal in pg_basebackup and pg_rewind (Michael Paquier) §,"Prevent path traversal in pg_basebackup and pg_rewind (Michael Paquier) § These applications failed to validate output file paths read from their input, so that a malicious source could overwrite any file writable by these applications. Constrain where data can be written by rejecting paths that are absolute or contain parent-directory references. The PostgreSQL Project thanks XlabAI Team of Tencent Xuanwu Lab and Valery Gubanov for reporting this problem. (CVE-2026-6475)",CVE-2026-6475,Security (CVE),0,core_server,unknown_or_internal_security,false,4,5,57,0,57,false,false,1,1,8.8,HIGH,0,,
730,20260514,2026-05-14,15.18,8,Guard against field overflow within contrib/intarray 's query_int type and contrib/ltree 's ltxtquery type (Tom Lane) § §,"Guard against field overflow within contrib/intarray 's query_int type and contrib/ltree 's ltxtquery type (Tom Lane) § § Parsing of these query structures did not check for overflow of 16-bit fields, so that construction of an invalid query tree was possible. This can crash the server when executing the query. The PostgreSQL Project thanks Xint Code for reporting this problem. (CVE-2026-6473)",CVE-2026-6473,Security (CVE),0,extensions_contrib,unknown_or_internal_security,false,4,4,0,29,29,false,false,1,1,8.8,HIGH,0,,
731,20260514,2026-05-14,15.18,9,Guard against overly long values of contrib/ltree 's lquery type (Michael Paquier) §,"Guard against overly long values of contrib/ltree 's lquery type (Michael Paquier) § Values with more than 64K items caused internal overflows, potentially resulting in stack smashes or wrong answers. The PostgreSQL Project thanks Vergissmeinnicht, A1ex, and Jihe Wang for reporting this problem. (CVE-2026-6473)",CVE-2026-6473,Security (CVE),0,extensions_contrib,unknown_or_internal_security,false,4,3,35,2,37,false,false,1,1,8.8,HIGH,0,,
732,20260514,2026-05-14,15.18,10,Prevent SQL injection and buffer overruns in contrib/spi (Nathan Bossart) §,"Prevent SQL injection and buffer overruns in contrib/spi (Nathan Bossart) § check_foreign_key() was insufficiently careful about quoting key values, and also used fixed-length buffers for constructing queries. While this module is only meant as example code, it still shouldn't contain such dangerous errors. The PostgreSQL Project thanks Nikolay Samokhvalov for reporting this problem. (CVE-2026-6637)",CVE-2026-6637,Security (CVE),0,extensions_contrib,unknown_or_internal_security,false,4,1,38,46,84,false,false,1,1,8.8,HIGH,0,,
733,20260514,2026-05-14,15.18,11,Check for nondeterministic collations before assuming that an equality condition on a collatable type implies uniqueness (Richard Guo) § §,"Check for nondeterministic collations before assuming that an equality condition on a collatable type implies uniqueness (Richard Guo) § § Numerous planner optimizations assume that, for example, at most one table row can satisfy WHERE x = 'abc' if there is a unique index on x . However this conclusion is unsafe in general if the index and the WHERE clause have different collations attached. It is safe when both collations are deterministic, because that property essentially requires that equality of two strings means bitwise equality. But nondeterministic collations don't act that way, so that optimizing on the assumption of unique matches can give wrong query answers if either the WHERE clause or the index has a nondeterministic collation.",,Wrong results & planner,3,planner,pgsql-hackers,false,4,6,160,8,168,true,false,,,,,0,,
734,20260514,2026-05-14,15.18,12,"Fix incorrect handling of NEW generated columns in rule actions and rule qualifications (Richard Guo, Dean Rasheed) §","Fix incorrect handling of NEW generated columns in rule actions and rule qualifications (Richard Guo, Dean Rasheed) § Previously, such column references would produce NULL in INSERT cases, or be equivalent to the OLD value in UPDATE cases.",,Other functionality,9,core_server,pgsql-hackers,false,4,5,221,38,259,true,false,,,,,0,,
735,20260514,2026-05-14,15.18,13,Fix spurious generated columns are not supported in COPY FROM WHERE conditions errors (Tom Lane) §,Fix spurious generated columns are not supported in COPY FROM WHERE conditions errors (Tom Lane) § Use of a system column in a COPY FROM WHERE condition could sometimes incorrectly report this error.,,Other functionality,9,core_server,pgsql-hackers,false,4,1,2,1,3,false,false,,,,,0,,
736,20260514,2026-05-14,15.18,14,Correctly report a serialization failure when MERGE encounters a concurrently-updated tuple in repeatable-read or serializable mode (Tender Wang) §,"Correctly report a serialization failure when MERGE encounters a concurrently-updated tuple in repeatable-read or serializable mode (Tender Wang) § Previously, such cases behaved the same as in lower isolation levels.",,Other functionality,9,core_server,pgsql-hackers,false,4,3,40,0,40,true,false,,,,,0,,
737,20260514,2026-05-14,15.18,15,Fix CREATE TABLE ... LIKE ... INCLUDING STATISTICS for cases where the source table has dropped column(s) (Julien Tachoires) §,"Fix CREATE TABLE ... LIKE ... INCLUDING STATISTICS for cases where the source table has dropped column(s) (Julien Tachoires) § In such cases, extended statistics objects could be copied incorrectly, or the command could give an incorrect error.",,Other functionality,9,core_server,pgsql-bugs,false,4,3,63,2,65,true,false,,,,,0,,
738,20260514,2026-05-14,15.18,16,Allow ALTER INDEX ... ATTACH PARTITION to mark the parent index valid if appropriate (Sami Imseih) §,Allow ALTER INDEX ... ATTACH PARTITION to mark the parent index valid if appropriate (Sami Imseih) § There are edge cases in which a partitioned index might remain marked as invalid even when all its leaf indexes are valid. This change provides a mechanism whereby a user can correct such a situation without resorting to manual catalog updates.,,Other functionality,9,core_server,pgsql-hackers,false,4,3,176,1,177,true,false,,,,,0,,
739,20260514,2026-05-14,15.18,17,Fix ALTER FOREIGN DATA WRAPPER to not drop the wrapper object's dependency on its handler function (Jeff Davis) §,Fix ALTER FOREIGN DATA WRAPPER to not drop the wrapper object's dependency on its handler function (Jeff Davis) §,,Other functionality,9,core_server,pgsql-bugs,false,4,3,17,0,17,true,false,,,,,0,,
740,20260514,2026-05-14,15.18,18,Disallow making a composite type be a member of itself via a multirange (Heikki Linnakangas) §,"Disallow making a composite type be a member of itself via a multirange (Heikki Linnakangas) § We already forbade such cases when the intermediate type is a domain, array, composite type, or range; but multiranges were overlooked.",,Other functionality,9,core_server,pgsql-hackers,false,4,3,16,0,16,true,false,,,,,0,,
741,20260514,2026-05-14,15.18,19,Fix datum-image comparisons to be insensitive to sign-extension variations (David Rowley) §,Fix datum-image comparisons to be insensitive to sign-extension variations (David Rowley) § This fixes some situations that previously led to could not find memoization table entry errors or wrong query results.,,Other functionality,9,core_server,pgsql-hackers,false,4,1,43,7,50,false,false,,,,,0,,
742,20260514,2026-05-14,15.18,20,Fix incorrect logic for hashed IN / NOT IN with non-strict equality operator (Chengpeng Yan) §,"Fix incorrect logic for hashed IN / NOT IN with non-strict equality operator (Chengpeng Yan) § The previous coding could crash or give wrong answers. All built-in data types have strict equality operators, so that this issue could only arise with an extension data type.",,Crash & corruption,2,core_server,pgsql-hackers,false,4,4,369,68,437,true,false,,,,,0,,
743,20260514,2026-05-14,15.18,21,Truncate overly-long locale-specific numeric symbols in to_char() (Tom Lane) §,"Truncate overly-long locale-specific numeric symbols in to_char() (Tom Lane) § If a locale specified a currency symbol, thousands separator, or decimal or sign symbol more than 8 bytes long, a buffer overrun was possible. No such locales exist in the real world, and it's impractical for an unprivileged attacker to install a malicious locale definition underneath a Postgres server; but for safety's sake check for overlength symbols and truncate if needed.",,Security hardening (no CVE),1,core_server,pgsql-bugs,false,4,1,43,18,61,false,false,,,,,0,,
744,20260514,2026-05-14,15.18,22,Prevent buffer overruns when parsing an affix file for an Ispell dictionary (Tom Lane) § §,"Prevent buffer overruns when parsing an affix file for an Ispell dictionary (Tom Lane) § § A corrupt or malicious affix file could crash the server. This is not considered a security issue because text search configuration files are presumed trustworthy, but it still seems worth fixing.",,Security hardening (no CVE),1,core_server,pgsql-bugs,false,4,1,24,10,34,false,false,,,,,0,,
745,20260514,2026-05-14,15.18,23,Guard against integer overflow in calculations of frame start and end positions for window aggregates (Richard Guo) §,Guard against integer overflow in calculations of frame start and end positions for window aggregates (Richard Guo) § Very large user-specified offsets (close to INT64_MAX) could result in errors or incorrect query results.,,Other functionality,9,core_server,pgsql-bugs,false,4,3,172,7,179,true,false,,,,,1,19405,55
746,20260514,2026-05-14,15.18,24,Fix incorrect behavior of pg_stat_reset_single_table_counters() on a shared catalog (Chao Li) §,"Fix incorrect behavior of pg_stat_reset_single_table_counters() on a shared catalog (Chao Li) § Such cases had a side-effect of resetting the current database's stat_reset_timestamp , which was unintended.",,Other functionality,9,core_server,pgsql-hackers,false,4,3,29,3,32,true,false,,,,,0,,
747,20260514,2026-05-14,15.18,25,Fix buffer overread when pglz_decompress() receives corrupt input (Andrew Dunstan) §,"Fix buffer overread when pglz_decompress() receives corrupt input (Andrew Dunstan) § It was possible to read a few bytes past the end of the input, which in very unlucky cases might cause a crash.",,Security hardening (no CVE),1,core_server,unknown_or_internal_security,false,4,1,19,8,27,false,false,,,,,0,,
748,20260514,2026-05-14,15.18,26,Ensure that tuplestore data structures are internally consistent even after an error (Tom Lane) §,"Ensure that tuplestore data structures are internally consistent even after an error (Tom Lane) § The code was previously careless about this, which is fine most of the time but is problematic for the tuplestore backing a WITH HOLD cursor. In v15 and before this leads to easily-reproducible crashes; later branches are not known to be vulnerable, but it seems best to preserve consistency in all.",,Crash & corruption,2,core_server,pgsql-bugs,false,4,1,17,3,20,false,false,,,,,1,19438,5
749,20260514,2026-05-14,15.18,27,Fix premature NULL lag reporting in pg_stat_replication (Shinya Kato) §,Fix premature NULL lag reporting in pg_stat_replication (Shinya Kato) § The lag columns frequently read as NULL even while replication activity was happening.,,Replication & recovery,4,replication_recovery,pgsql-hackers,false,4,1,19,16,35,false,false,,,,,0,,
750,20260514,2026-05-14,15.18,28,Avoid rare flush failure when working with non-WAL-logged GiST indexes (Tomas Vondra) §,"Avoid rare flush failure when working with non-WAL-logged GiST indexes (Tomas Vondra) § A non-logged GiST index could nonetheless sometimes produce xlog flush request n/nnnn is not satisfied errors, due to incorrect selection of a fake LSN to represent an insertion point.",,Replication & recovery,4,core_server,pgsql-hackers,false,4,3,18,1,19,false,false,,,,,0,,
751,20260514,2026-05-14,15.18,29,Fix underestimate of required size of DSA page maps for odd-size segments (Paul Bunn) §,Fix underestimate of required size of DSA page maps for odd-size segments (Paul Bunn) § This miscalculation led to out-of-bounds accesses and hence server crashes.,,Security hardening (no CVE),1,core_server,pgsql-hackers,false,4,5,96,0,96,true,false,,,,,0,,
752,20260514,2026-05-14,15.18,30,Fix possible server crash when processing extended statistics on expressions of extension data types (Michael Paquier) §,"Fix possible server crash when processing extended statistics on expressions of extension data types (Michael Paquier) § NULL pointer dereferences were possible if the data type's typanalyze function does not compute any useful statistics. No in-core typanalyze function behaves that way, but extensions could.",,Crash & corruption,2,planner,pgsql-hackers,false,4,2,25,1,26,false,false,,,,,0,,
753,20260514,2026-05-14,15.18,31,"If the startup process fails, properly shut down other child processes before exiting the postmaster (Ayush Tiwari) §","If the startup process fails, properly shut down other child processes before exiting the postmaster (Ayush Tiwari) § The handling of this situation relied on a long-obsolete assumption that no other postmaster children exist while the startup process is running, so that immediate postmaster exit is acceptable. Orphaned children would eventually notice the postmaster's death and exit on their own, but a cleaner shutdown procedure is desirable.",,Other functionality,9,core_server,pgsql-hackers,false,4,1,15,33,48,false,false,,,,,0,,
754,20260514,2026-05-14,15.18,32,Fix race condition between WAL replay of checkpoints and multixact ID creations (Heikki Linnakangas) §,Fix race condition between WAL replay of checkpoints and multixact ID creations (Heikki Linnakangas) § A standby server following WAL from a primary of an older minor version could get into a crash-and-restart loop complaining about could not access status of transaction .,,Crash & corruption,2,replication_recovery,pgsql-hackers,false,4,2,68,19,87,false,false,,,,,0,,
755,20260514,2026-05-14,15.18,33,Prevent indefinite wait in shutdown of a walsender process (Anthonin Bonnefoy) § §,"Prevent indefinite wait in shutdown of a walsender process (Anthonin Bonnefoy) § § At shutdown of a cluster that is publishing logical replication data, the walsender waits for all pending WAL to be written out. But it did not correctly request that to happen, so that in some cases this could become an indefinite wait.",,Replication & recovery,4,replication_recovery,pgsql-hackers,false,4,1,7,1,8,false,false,,,,,0,,
756,20260514,2026-05-14,15.18,34,Ensure that changes to tables' free space maps are persisted during recovery (Alexey Makhmutov) §,"Ensure that changes to tables' free space maps are persisted during recovery (Alexey Makhmutov) § Previously, while WAL replay did update the free space map while replaying operations that should change it, the map page buffer did not get marked dirty if checksums are enabled, so that the changes might never get written out. On a standby server, over time this would result in a map wildly at variance with the table's actual contents. While the map is only used as a hint, this condition could cause significant performance degradation for some period of time after the standby server is promoted to be active, until most of the map has been repaired by updates.",,Replication & recovery,4,core_server,pgsql-hackers,false,4,1,11,1,12,false,false,,,,,0,,
757,20260514,2026-05-14,15.18,35,Fix crashes in some ecpg functions when called without any established connection (Shruthi Gowda) §,Fix crashes in some ecpg functions when called without any established connection (Shruthi Gowda) §,,Crash & corruption,2,client_tools,pgsql-hackers,false,4,10,312,12,324,false,false,,,,,0,,
758,20260514,2026-05-14,15.18,36,"Fix assorted bugs in backup decompression and tar-parsing code (Andrew Dunstan, Tom Lane, Chao Li) § § §","Fix assorted bugs in backup decompression and tar-parsing code (Andrew Dunstan, Tom Lane, Chao Li) § § § The decompression and tar-file reading code used in pg_basebackup and pg_verifybackup mishandled tar-file padding data, could corrupt LZ4-compressed data in edge cases, failed to check for some unusual error conditions, failed to exit after compression/decompression errors (leading to cascading error reports), and leaked memory.",,Crash & corruption,2,client_tools,pgsql-hackers,false,4,3,14,4,18,false,false,,,,,0,,
759,20260514,2026-05-14,15.18,37,"In pg_upgrade , take care to use the correct protocol version when connecting to older source servers (Jacob Champion) §","In pg_upgrade , take care to use the correct protocol version when connecting to older source servers (Jacob Champion) § This could be problematic when attempting to upgrade from a pre-2018 server.",,Client tools,5,client_tools,pgsql-hackers,false,4,5,28,1,29,false,false,,,,,0,,
760,20260514,2026-05-14,15.18,38,"In contrib/basic_archive , allow the archive directory to be missing at startup (Nathan Bossart) §","In contrib/basic_archive , allow the archive directory to be missing at startup (Nathan Bossart) § Previously, the setting of basic_archive.archive_directory was rejected if it didn't point to an existing directory. This is undesirable because archiving will be stuck indefinitely, even if the directory appears later.",,Replication & recovery,4,extensions_contrib,pgsql-bugs,false,4,1,1,14,15,false,false,,,,,0,,
761,20260514,2026-05-14,15.18,39,Fix contrib/ltree to cope when case-folding changes a string's byte length (Jeff Davis) §,"Fix contrib/ltree to cope when case-folding changes a string's byte length (Jeff Davis) § Previously, lquery patterns specifying case-insensitive matching might fail to match labels they should match.",,Extensions & contrib,6,extensions_contrib,pgsql-hackers,false,4,3,60,64,124,false,false,,,,,0,,
762,20260514,2026-05-14,15.18,40,"In contrib/pg_stat_statements , don't leak memory if an error occurs while parsing the pgss_query_texts.stat file (Heikki Linnakangas) §","In contrib/pg_stat_statements , don't leak memory if an error occurs while parsing the pgss_query_texts.stat file (Heikki Linnakangas) §",,Extensions & contrib,6,extensions_contrib,pgsql-bugs,false,4,1,13,9,22,false,false,,,,,0,,
763,20260514,2026-05-14,15.18,41,"In contrib/postgres_fdw , avoid crash due to premature cleanup of a failed connection (Etsuro Fujita) §","In contrib/postgres_fdw , avoid crash due to premature cleanup of a failed connection (Etsuro Fujita) § If a remote connection fails abort cleanup, we can't use it any longer. But delay closing the connection object until end of transaction, because there might still be references to it within data structures such as open cursors.",,Crash & corruption,2,extensions_contrib,pgsql-hackers,false,4,3,133,4,137,false,false,,,,,0,,
764,20260813,2026-08-13,15.19,0,Restrict logical decoding output plugins to the set specified by a new server parameter output_plugin_libraries (Jacob Champion) §,"Restrict logical decoding output plugins to the set specified by a new server parameter output_plugin_libraries (Jacob Champion) § Previously, a replication user could select any loadable library for logical decoding, allowing exploits of various sorts. To allow locking this down without breaking setups that worked before, introduce a whitelist of allowed output plugins. By default, only the output plugins shipped as part of PostgreSQL ( pgoutput and test_decoding ) are included in output_plugin_libraries . Installations that rely on other output plugins must add them after updating the server, for example output_plugin_libraries = 'pgoutput, test_decoding, my_trusted_decoder' Additionally, pg_upgrade --check will fail if the output_plugin_libraries parameter on the new cluster does not permit the plugins of logical replication slots on the old cluster, when migrating from versions 17 and later. Make necessary additions to the new cluster's setting before performing pg_upgrade . The PostgreSQL Project thanks Vladimir Tokarev and Yu Kunpeng for reporting this problem. (CVE-2026-6471)",CVE-2026-6471,Security (CVE),0,client_tools,unknown_or_internal_security,false,4,5,113,113,226,false,false,1,1,7.2,HIGH,0,,
765,20260813,2026-08-13,15.19,1,Fix contrib/pgcrypto 's PGP encryption to detect unsupported ciphers (Daniel Gustafsson) § §,"Fix contrib/pgcrypto 's PGP encryption to detect unsupported ciphers (Daniel Gustafsson) § § Previously, if OpenSSL rejected the requested cipher (for example, because it is running in FIPS mode, or the legacy provider hasn't been loaded), pgcrypto failed to notice the failure and simply XOR'd the non-encrypted block with the plaintext, rendering the encryption trivially breakable. This will typically occur with deprecated or non-FIPS cipher algorithms (cipher-algo=blowfish/bf, twofish, cast5, or 3des). By default, pgcrypto will now fail to decrypt any messages that were affected in this way. To allow retrieval of such data, a new option ignore-cipher-failure has been added to pgp_pub_decrypt() and pgp_sym_decrypt() . Setting ignore-cipher-failure=1 will restore their previous behavior, allowing the faulty encryption wrapper to be stripped off: pgp_sym_decrypt(encrypted_column, any key , 'ignore-cipher-failure=1') Once the affected messages are identified and stripped of their wrappers, they can then be re-encrypted with a modern algorithm. It is important however that the behavior of OpenSSL be the same as it was when the faulty messages were created: if the set of unsupported algorithms is not the same, this approach will not work. See the documentation for ignore-cipher-failure . The PostgreSQL Project thanks Shishir Sharma for reporting this problem. (CVE-2026-14663)",CVE-2026-14663,Security (CVE),0,extensions_contrib,pgsql-bugs,false,4,15,254,13,267,false,false,1,1,6.5,MEDIUM,1,19457,115
766,20260813,2026-08-13,15.19,2,"Fix psql to skip in-line data following a scripted COPY ... FROM STDIN command, even if the COPY fails before sending PGRES_COPY_IN (Tom Lane) § §","Fix psql to skip in-line data following a scripted COPY ... FROM STDIN command, even if the COPY fails before sending PGRES_COPY_IN (Tom Lane) § § Previously, if a COPY command failed at startup (for instance, because the target table doesn't exist) psql would not realize that and would proceed to read the following in-line data as SQL commands. In the best case that's wrong and in the worst case it's a SQL-injection hazard. Teach psql to recognize syntactically-valid COPY ... FROM STDIN commands and to skip data on its own authority if the server doesn't respond with PGRES_COPY_IN . While this fix is unlikely to affect any production SQL scripts, test scripts might intentionally exercise failing COPY ... FROM STDIN commands. Those will need to gain a \. data terminator line after each such command. The PostgreSQL Project thanks Alexander Lakhin for reporting this problem. (CVE-2026-6464)",CVE-2026-6464,Security (CVE),0,client_tools,unknown_or_internal_security,false,4,20,313,57,370,true,false,1,1,8.1,HIGH,0,,
767,20260813,2026-08-13,15.19,3,Cross-check the output row type of a portal running EXECUTE or FETCH (Robert Haas) §,"Cross-check the output row type of a portal running EXECUTE or FETCH (Robert Haas) § EXECUTE and FETCH use two portals: an outer one for the statement itself, and an inner one running the query being executed on its behalf. It was previously possible to make the declared row types of the two portals diverge, leading to server memory disclosure and arbitrary code execution. The PostgreSQL Project thanks Ben Morris (in collaboration with Claude and Anthropic Research) and Peter Geoghegan for reporting this problem. (CVE-2026-16239)",CVE-2026-16239,Security (CVE),0,core_server,unknown_or_internal_security,false,4,1,2,2,4,false,false,1,1,8.8,HIGH,0,,
768,20260813,2026-08-13,15.19,4,Fix buffer overrun with long time zone abbreviation in to_char() (Tom Lane) §,"Fix buffer overrun with long time zone abbreviation in to_char() (Tom Lane) § This can easily crash the server, and exploits leading to arbitrary code execution have been reported. The PostgreSQL Project thanks Hcamael, Amjad Shahzad, Tan Zhen of AntAISecurityLab, Tomer Fichman, Zheng Yu, Amy Burnett (OpenAI Codex Security), Rick de Jager, Heewon Song, Sylvie Mayer, Aleksander Alekseev, and Hillai Ben Sasson for reporting this problem. (CVE-2026-14669)",CVE-2026-14669,Security (CVE),0,core_server,pgsql-hackers,false,4,1,18,3,21,false,false,1,1,8.8,HIGH,0,,
769,20260813,2026-08-13,15.19,5,Fix buffer overrun in regexp match/split functions (Masahiko Sawada) §,"Fix buffer overrun in regexp match/split functions (Masahiko Sawada) § If passed invalidly-encoded data, these functions could write past the end of their conversion buffer. The PostgreSQL Project thanks Francesco Verardi for reporting this problem. (CVE-2026-14664)",CVE-2026-14664,Security (CVE),0,core_server,unknown_or_internal_security,false,4,1,12,11,23,false,false,1,1,8.8,HIGH,0,,
770,20260813,2026-08-13,15.19,6,Harden the ascii() function against invalid input (Michael Paquier) §,"Harden the ascii() function against invalid input (Michael Paquier) § By supplying invalidly-encoded input, this function could be coaxed to read and return a few bytes of data that it shouldn't. In assert-enabled builds, its assertions could be triggered too. The PostgreSQL Project thanks Hcamael for reporting this problem. (CVE-2026-18024)",CVE-2026-18024,Security (CVE),0,core_server,unknown_or_internal_security,false,4,3,51,5,56,true,false,1,1,4.3,MEDIUM,0,,
771,20260813,2026-08-13,15.19,7,Fix multirange type handling in pg_restore_attribute_stats() (OpenAI Security Research Team),"Fix multirange type handling in pg_restore_attribute_stats() (OpenAI Security Research Team) pg_restore_attribute_stats() treated multirange types just like their underlying range type. This works correctly for the bounds histogram, but it was wrong for all the other statistics kinds. The PostgreSQL Project thanks Amy Burnett (OpenAI Codex Security) for reporting this problem. (CVE-2026-16238)",CVE-2026-16238,Security (CVE),0,planner,pgsql-hackers,false,4,4,43,8,51,true,false,1,1,8.8,HIGH,0,,
772,20260813,2026-08-13,15.19,8,Make scalarineqsel() check that a constant it expects to be of type tid actually is (Tom Lane) §,"Make scalarineqsel() check that a constant it expects to be of type tid actually is (Tom Lane) § This expectation will hold for all the built-in operators that use this estimator, but a maliciously-constructed operator could violate it, leading to a crash or server memory disclosure. The PostgreSQL Project thanks Hcamael for reporting this problem. (CVE-2026-14668)",CVE-2026-14668,Security (CVE),0,core_server,unknown_or_internal_security,false,4,1,2,1,3,false,false,1,1,8.1,HIGH,0,,
773,20260813,2026-08-13,15.19,9,Harden tsvector and tsquery code against overly long values (both individual lexemes and total vector/query length) (Tom Lane) § §,"Harden tsvector and tsquery code against overly long values (both individual lexemes and total vector/query length) (Tom Lane) § § The documented limits were not enforced in all code paths. The PostgreSQL Project thanks Yuhang Wu, Zhenpeng Lin, Zheng Yu, and Hcamael for reporting these problems. (CVE-2026-14662)",CVE-2026-14662,Security (CVE),0,core_server,unknown_or_internal_security,false,4,5,126,35,161,false,false,1,1,8.8,HIGH,0,,
774,20260813,2026-08-13,15.19,10,Fix various places that mistakenly assumed they would not have to deal with more than FUNC_MAX_ARGS function arguments (Tom Lane) § §,"Fix various places that mistakenly assumed they would not have to deal with more than FUNC_MAX_ARGS function arguments (Tom Lane) § § Notably, the server's actual limit on the number of arguments to an aggregate function is FUNC_MAX_ARGS - 1 , but the parser failed to enforce that, creating hazards downstream. The PostgreSQL Project thanks Zheng Yu, ylwangtju, and Masahiko Sawada for reporting these problems. (CVE-2026-14679)",CVE-2026-14679,Security (CVE),0,core_server,unknown_or_internal_security,false,4,6,109,13,122,false,false,1,1,8.2,HIGH,0,,
775,20260813,2026-08-13,15.19,11,Reject calls from SQL to functions that take or return type internal (Tom Lane) § §,"Reject calls from SQL to functions that take or return type internal (Tom Lane) § § The existing defenses against doing this have been shown to be insufficient, so add more explicit checks. The PostgreSQL Project thanks Amy Burnett (OpenAI Codex Security) for reporting this problem. (CVE-2026-14680)",CVE-2026-14680,Security (CVE),0,core_server,unknown_or_internal_security,false,4,2,40,0,40,false,false,1,1,8.8,HIGH,0,,
776,20260813,2026-08-13,15.19,12,Preserve the ownership of extended statistics objects when they are rebuilt by ALTER TABLE (Masahiko Sawada) §,"Preserve the ownership of extended statistics objects when they are rebuilt by ALTER TABLE (Masahiko Sawada) § Previously, the role running ALTER TABLE gained ownership of such objects, but that seems inappropriate. The PostgreSQL Project thanks Noah Misch for reporting this problem. (CVE-2026-6469)",CVE-2026-6469,Security (CVE),0,core_server,unknown_or_internal_security,false,4,7,129,42,171,true,false,1,1,3.8,LOW,0,,
777,20260813,2026-08-13,15.19,13,"When deparsing an EXTRACT() function call, quote the field name if needed (Nathan Bossart) §","When deparsing an EXTRACT() function call, quote the field name if needed (Nathan Bossart) § The parser accepts any string literal as a field name in EXTRACT() , deferring validation to execution. If the call is stored and deparsed (for example during pg_dump ), the string body was regurgitated verbatim, allowing SQL injection. The PostgreSQL Project thanks Ben Morris (in collaboration with Claude and Anthropic Research) for reporting this problem. (CVE-2026-15741)",CVE-2026-15741,Security (CVE),0,core_server,unknown_or_internal_security,false,4,1,2,1,3,false,false,1,1,8.8,HIGH,0,,
778,20260813,2026-08-13,15.19,14,Check for USAGE privilege on data types in places that formerly failed to check that (Nathan Bossart) § § §,"Check for USAGE privilege on data types in places that formerly failed to check that (Nathan Bossart) § § § CREATE TYPE AS RANGE did not check, nor did ALTER TABLE OF, nor did commands that create stored expressions. These omissions allowed roles without USAGE privilege to nonetheless create objects depending on the type, possibly blocking the type's owner from changing the type later. The PostgreSQL Project thanks Jingzhou Fu for reporting this problem. (CVE-2026-6470)",CVE-2026-6470,Security (CVE),0,core_server,unknown_or_internal_security,false,4,22,318,9,327,true,false,1,1,4.3,MEDIUM,0,,
779,20260813,2026-08-13,15.19,15,"Invalidate role-dependent cached plans after role changes (Ilya Staroverov, Shinya Kato, Nathan Bossart) §","Invalidate role-dependent cached plans after role changes (Ilya Staroverov, Shinya Kato, Nathan Bossart) § Role membership, role attribute, and database ownership changes may impact the expected behavior of row-level security policies, but previously we'd continue to use cached plans that were made according to the old state of affairs. The PostgreSQL Project thanks Ilya Staroverov and Shinya Kato for reporting this problem. (CVE-2026-14666)",CVE-2026-14666,Security (CVE),0,core_server,unknown_or_internal_security,false,4,3,64,2,66,false,false,1,1,4.2,MEDIUM,0,,
780,20260813,2026-08-13,15.19,16,Reject GSSEncRequest after direct SSL connection (Michael Paquier),"Reject GSSEncRequest after direct SSL connection (Michael Paquier) After establishing a TLS-encrypted connection, the server would still accept a request for GSSAPI encryption. If that succeeded, the connection would proceed using TLS encryption, but it would look like a GSS connection to the pg_hba rules. Thus, a pg_hba policy intending to disallow TLS would not be enforced correctly. The PostgreSQL Project thanks p4p3r for reporting this problem. (CVE-2026-14681)",CVE-2026-14681,Security (CVE),0,core_server,unknown_or_internal_security,false,4,1,7,2,9,false,false,1,1,4.2,MEDIUM,0,,
781,20260813,2026-08-13,15.19,17,Make mock SCRAM authentication secrets more plausible (Nathan Bossart),"Make mock SCRAM authentication secrets more plausible (Nathan Bossart) If a SCRAM login is attempted against a role that doesn't exist or doesn't have a SCRAM secret, we generate a mock secret and carry out the authentication handshake anyway, to avoid revealing these facts to an attacker. But the mock secret was made with a fixed iteration count, which in itself can be an observable response discrepancy. Use the configuration setting scram_iterations instead, to make the mock secret look more like the installation's real secrets. The PostgreSQL Project thanks Radim Marek for reporting this problem. (CVE-2026-14672)",CVE-2026-14672,Security (CVE),0,core_server,unknown_or_internal_security,false,4,2,14,1,15,false,false,1,1,5.3,MEDIUM,0,,
782,20260813,2026-08-13,15.19,18,Fix out-of-bounds writes in ecpg applications caused by invalid bytea data received from the server (Michael Paquier) §,"Fix out-of-bounds writes in ecpg applications caused by invalid bytea data received from the server (Michael Paquier) § ecpg assumed without checking that any bytea value must begin with \x . A broken or malicious server might send a string shorter than 2 bytes, resulting in memory clobber in the application. The PostgreSQL Project thanks ylwangtju for reporting this problem. (CVE-2026-16241)",CVE-2026-16241,Security (CVE),0,client_tools,unknown_or_internal_security,false,4,6,66,5,71,false,false,1,1,3.8,LOW,0,,
783,20260813,2026-08-13,15.19,19,Do not do backquote expansion on the argument of psql 's \unrestrict command (Nathan Bossart) §,"Do not do backquote expansion on the argument of psql 's \unrestrict command (Nathan Bossart) § This oversight in the fix for CVE-2025-8714 allows a malicious server to inject shell commands into plain-text dump output that will be run at restore time on the machine running psql , the exact scenario that CVE-2025-8714 intended to prevent. The PostgreSQL Project thanks Lucas Velgus, Filip Janus, and Daniel Bakker for reporting this problem. (CVE-2026-18408)",CVE-2025-8714;CVE-2026-18408,Security (CVE),0,client_tools,unknown_or_internal_security,false,4,3,20,2,22,false,false,2,2,8.8,HIGH,0,,
784,20260813,2026-08-13,15.19,20,Remove pg_dump 's assumption that pg_proc . protrftypes cannot have more than FUNC_MAX_ARGS entries (Tom Lane) §,"Remove pg_dump 's assumption that pg_proc . protrftypes cannot have more than FUNC_MAX_ARGS entries (Tom Lane) § Since there could be entries for both input and output arguments, it's feasible for this array's length to exceed FUNC_MAX_ARGS (which constrains only input arguments). Even if that were not so, pg_dump cannot assume that the server was built with the same value of FUNC_MAX_ARGS that it has. An overrun would lead to a memory clobber inside pg_dump . The PostgreSQL Project thanks Masahiko Sawada for reporting this problem. (CVE-2026-19385)",CVE-2026-19385,Security (CVE),0,client_tools,unknown_or_internal_security,false,4,5,140,45,185,true,false,1,1,8.8,HIGH,0,,
785,20260813,2026-08-13,15.19,21,Harden PL/Perl against tied Perl arrays and hashes (Tom Lane) §,"Harden PL/Perl against tied Perl arrays and hashes (Tom Lane) § A tied object that doesn't behave like a regular one could lead to memory overwrite, or to constructing a corrupt result array (which would likely cause problems later). The PostgreSQL Project thanks Hcamael for reporting this problem. (CVE-2026-14670)",CVE-2026-14670,Security (CVE),0,extensions_contrib,unknown_or_internal_security,false,4,2,14,3,17,false,false,1,1,8.8,HIGH,0,,
786,20260813,2026-08-13,15.19,22,Fix integer overflows in memory-allocation calculations in PL/Perl and PL/Tcl (Heikki Linnakangas) §,"Fix integer overflows in memory-allocation calculations in PL/Perl and PL/Tcl (Heikki Linnakangas) § This is the same type of problem as CVE-2026-6473, just in a different part of the code, and is fixed in the same way. The PostgreSQL Project thanks the Tulya Project (Team Dhiutsa, Bitecope Technologies Private Ltd) for reporting this problem. (CVE-2026-14677)",CVE-2026-14677;CVE-2026-6473,Security (CVE),0,extensions_contrib,unknown_or_internal_security,false,4,3,24,24,48,false,false,2,2,8.8,HIGH,0,,
787,20260813,2026-08-13,15.19,23,Ensure that contrib/amcheck functions restrict search_path before executing index expressions (Noah Misch) §,"Ensure that contrib/amcheck functions restrict search_path before executing index expressions (Noah Misch) § Because amcheck will run such index expressions as the owner of their tables, a caller could potentially hijack search_path -dependent functions to run arbitrary code as the table owner. By default this is not a vulnerability because only superusers are allowed to call amcheck functions; but if that privilege was granted out, it created a larger hazard than the documentation suggests. The PostgreSQL Project thanks Yuelin Wang and Jacob Brazeal for reporting this problem. (CVE-2026-14673)",CVE-2026-14673,Security (CVE),0,extensions_contrib,unknown_or_internal_security,false,4,4,37,5,42,false,false,1,1,3.8,LOW,0,,
788,20260813,2026-08-13,15.19,24,Fix integer overflows in contrib/fuzzystrmatch 's levenshtein() and levenshtein_less_equal() functions (Nathan Bossart) §,"Fix integer overflows in contrib/fuzzystrmatch 's levenshtein() and levenshtein_less_equal() functions (Nathan Bossart) § Passing large cost values to these functions could cause integer overflows, thereby producing nonsensical results, and even causing out-of-bounds writes in some cases. The PostgreSQL Project thanks Ben Morris (in collaboration with Claude and Anthropic Research) for reporting this problem. (CVE-2026-15742)",CVE-2026-15742,Security (CVE),0,core_server,unknown_or_internal_security,false,4,4,77,43,120,false,false,1,1,8.8,HIGH,0,,
789,20260813,2026-08-13,15.19,25,Fix buffer overrun in contrib/pg_stat_statements (Álvaro Herrera),Fix buffer overrun in contrib/pg_stat_statements (Álvaro Herrera) Query normalization didn't accurately account for the amount of space the normalized string would require. The PostgreSQL Project thanks Sajeeb Lohani (with TrendAI Zero Day Initiative) and Yuelin Wang for reporting this problem. (CVE-2026-14676),CVE-2026-14676,Security (CVE),0,extensions_contrib,pgsql-bugs,false,4,1,16,28,44,false,false,1,1,8.8,HIGH,1,19528,52
790,20260813,2026-08-13,15.19,26,Fix datatype error in contrib/pg_trgm 's GiST picksplit function (Heikki Linnakangas) §,"Fix datatype error in contrib/pg_trgm 's GiST picksplit function (Heikki Linnakangas) § This mistake resulted in reading past the end of the buffer, typically causing bad split decisions; but a crash could ensue if you're very unlucky. The PostgreSQL Project thanks Mehmet D. Ince for reporting this problem. (CVE-2026-14678)",CVE-2026-14678,Security (CVE),0,extensions_contrib,unknown_or_internal_security,false,4,1,2,2,4,false,false,1,1,4.3,MEDIUM,0,,
791,20260813,2026-08-13,15.19,27,Remove the plan cache in contrib/refint (Ayush Tiwari) §,"Remove the plan cache in contrib/refint (Ayush Tiwari) § This caching behavior has several serious bugs, notably that check_foreign_key() embeds the new key values in its cascade-UPDATE queries, so a cached plan reuses the originally-needed values rather than the key values that should be used. The simplest solution is to remove it. The PostgreSQL Project thanks Hcamael for reporting this problem. (CVE-2026-14671)",CVE-2026-14671,Security (CVE),0,extensions_contrib,pgsql-hackers,false,4,3,138,261,399,true,false,1,1,8.8,HIGH,0,,
792,20260813,2026-08-13,15.19,28,Fix self-deadlock when replaying WAL generated by an older minor version (Andrey Borodin) §,Fix self-deadlock when replaying WAL generated by an older minor version (Andrey Borodin) § This error was introduced in the previous set of minor releases. It caused standby servers that were following a primary of an older minor release version to get stuck in some scenarios.,,Crash & corruption,2,replication_recovery,pgsql-bugs,false,2,1,5,2,7,false,false,,,,,1,19490,7
793,20260813,2026-08-13,15.19,29,"Fix mis-handling of asynchronous reads when rescanning an asynchronous Append plan node (Alexander Korotkov, Gleb Kashkin, Etsuro Fujita) §","Fix mis-handling of asynchronous reads when rescanning an asynchronous Append plan node (Alexander Korotkov, Gleb Kashkin, Etsuro Fujita) § When an upper plan node rescans an Append before having read the entire Append output, we need to discard any in-flight requests sent to external servers (by postgres_fdw for example). This was not done correctly in cases where a subplan has parameter changes or is discarded by partition pruning in the next scan. The outcome could be incorrect query results, an infinite loop, or an assertion failure.",,Crash & corruption,2,extensions_contrib,pgsql-hackers,false,4,4,163,33,196,false,false,,,,,0,,
794,20260813,2026-08-13,15.19,30,Fix error in partition pruning for RANGE-partitioned tables (David Rowley) §,"Fix error in partition pruning for RANGE-partitioned tables (David Rowley) § In some cases the DEFAULT partition would be skipped when it should not be, which could lead to rows missing from query results.",,Wrong results & planner,3,core_server,pgsql-hackers,false,4,3,68,8,76,true,false,,,,,0,,
795,20260813,2026-08-13,15.19,31,Fix planner's nullability and strictness checks for value IN ( array ) expressions (Ayush Tiwari) §,"Fix planner's nullability and strictness checks for value IN ( array ) expressions (Ayush Tiwari) § These checks should only succeed if the array operand is known to be non-empty, but that consideration was missed, allowing optimizations to be applied that should not be. This could result in wrong query answers if the array actually was empty.",,Wrong results & planner,3,planner,pgsql-hackers,false,4,1,41,33,74,false,false,,,,,0,,
796,20260813,2026-08-13,15.19,32,"Add missed checks for hashability of equality comparisons on container datatypes (arrays, composites, ranges) (Andrei Lepikhov, Tom Lane) §","Add missed checks for hashability of equality comparisons on container datatypes (arrays, composites, ranges) (Andrei Lepikhov, Tom Lane) § The planner must verify hashability of the container's component type(s) before deciding it can use a hash-based plan type. This step was missed in some places, leading to could not identify a hash function failures at execution.",,Wrong results & planner,3,core_server,pgsql-bugs,false,4,6,102,27,129,false,false,,,,,0,,
797,20260813,2026-08-13,15.19,33,"Fix mis-optimization of COUNT window functions that have an EXCLUDE clause or lack ORDER BY (Chengpeng Yan, David Rowley) §","Fix mis-optimization of COUNT window functions that have an EXCLUDE clause or lack ORDER BY (Chengpeng Yan, David Rowley) § These window functions were treated as monotonic when they should not be, allowing wrong answers to be computed.",,Wrong results & planner,3,core_server,pgsql-bugs,false,4,3,361,9,370,true,false,,,,,1,19533,13
798,20260813,2026-08-13,15.19,34,Fix ALTER COLUMN ... DROP EXPRESSION to work when there are multiple levels of partitions (Alberto Piai) §,Fix ALTER COLUMN ... DROP EXPRESSION to work when there are multiple levels of partitions (Alberto Piai) §,,Other functionality,9,core_server,pgsql-hackers,false,4,3,71,10,81,true,false,,,,,0,,
799,20260813,2026-08-13,15.19,35,Disallow renaming a rule to _RETURN (Tom Lane) §,"Disallow renaming a rule to _RETURN (Tom Lane) § That name is reserved for a view's ON SELECT rule, but ALTER RULE allowed renaming other rules to _RETURN , causing trouble later.",,Other functionality,9,core_server,pgsql-bugs,false,4,3,19,20,39,true,false,,,,,1,19543,1
800,20260813,2026-08-13,15.19,36,Fix use of REINDEX CONCURRENTLY with a deferred uniqueness constraint (Nitin Motiani) §,"Fix use of REINDEX CONCURRENTLY with a deferred uniqueness constraint (Nitin Motiani) § The transient index copy created during REINDEX CONCURRENTLY was incorrectly marked as enforcing immediate uniqueness, causing spurious reports of constraint violation.",,Other functionality,9,core_server,pgsql-hackers,false,4,7,110,2,112,true,false,,,,,0,,
801,20260813,2026-08-13,15.19,37,Fix matching of localized month/day names in to_date() (Heikki Linnakangas) §,Fix matching of localized month/day names in to_date() (Heikki Linnakangas) § The matching logic misbehaved in cases where case-folding changes the byte length of the string.,,Other functionality,9,core_server,pgsql-hackers,false,4,3,150,17,167,true,false,,,,,0,,
802,20260813,2026-08-13,15.19,38,"Fix incorrect NFC recomposition for Hangul U+11A7 (TBASE) (Diego Frias, Michael Paquier) §","Fix incorrect NFC recomposition for Hangul U+11A7 (TBASE) (Diego Frias, Michael Paquier) § This character was treated as a valid T syllable, which it is not, and hence silently swallowed during normalization.",,Other functionality,9,core_server,pgsql-hackers,false,4,3,99,1,100,true,false,,,,,0,,
803,20260813,2026-08-13,15.19,39,Avoid possible truncation of output lexemes in case-insensitive synonym dictionaries (Jeff Davis) §,"Avoid possible truncation of output lexemes in case-insensitive synonym dictionaries (Jeff Davis) § If folding to lower case increased the byte length of a lexeme, it was incorrectly truncated to its original byte length when emitted.",,Other functionality,9,core_server,unknown_or_internal_not_security,false,4,1,1,3,4,false,false,,,,,0,,
804,20260813,2026-08-13,15.19,40,Fix typo in hash_record_extended() (Man Zeng) §,"Fix typo in hash_record_extended() (Man Zeng) § The code failed to initialize the second isnull argument passed to FunctionCallInvoke(). This is harmless for existing in-core extended hash support functions, which will not examine that value. However, extension-provided hash functions could be affected if they inspect PG_ARGISNULL(1) .",,Other functionality,9,core_server,pgsql-hackers,false,4,1,1,1,2,false,false,,,,,0,,
805,20260813,2026-08-13,15.19,41,Prevent satisfies_hash_partition() from crashing with VARIADIC NULL (Robert Haas) §,Prevent satisfies_hash_partition() from crashing with VARIADIC NULL (Robert Haas) §,,Crash & corruption,2,core_server,pgsql-hackers,false,4,3,23,1,24,true,false,,,,,0,,
806,20260813,2026-08-13,15.19,42,Report invalid-weight errors more cleanly and consistently in tsvector_filter() and allied functions (Ewan Young) §,"Report invalid-weight errors more cleanly and consistently in tsvector_filter() and allied functions (Ewan Young) § In particular, report weight characters that are not printable ASCII in octal form ( \ nnn ), as charout() would render them. This avoids possibly producing an invalidly-encoded error message.",,Other functionality,9,core_server,pgsql-hackers,false,4,1,30,57,87,false,false,,,,,0,,
807,20260813,2026-08-13,15.19,43,Fix mishandling of namespace nodes in xpath() (Michael Paquier) § §,Fix mishandling of namespace nodes in xpath() (Michael Paquier) § § This fix avoids an unexpected could not copy node error.,,Other functionality,9,tests,pgsql-bugs,false,4,1,6,0,6,true,false,,,,,0,,
808,20260813,2026-08-13,15.19,44,Treat an undefined jsonpath variable as an error even when no variables are supplied (Andrey Rachitskiy) §,"Treat an undefined jsonpath variable as an error even when no variables are supplied (Andrey Rachitskiy) § The jsonb @? and @@ operators cannot supply any variables to be used in their jsonpath expressions. This code path erroneously treated an unknown jsonpath variable as a JSON null, rather than raising an error as expected. Aside from not being the expected behavior, this mistake could result in unbounded memory consumption.",,Other functionality,9,core_server,pgsql-bugs,false,2,3,19,6,25,true,false,,,,,1,19458,62
809,20260813,2026-08-13,15.19,45,Avoid machine-dependent behavior when dividing the smallest possible money value by -1 (Andrey Rachitskiy) §,Avoid machine-dependent behavior when dividing the smallest possible money value by -1 (Andrey Rachitskiy) §,,Other functionality,9,core_server,pgsql-bugs,false,4,3,28,0,28,true,false,,,,,2,19585,6
810,20260813,2026-08-13,15.19,46,Fix crash after out-of-memory failure partway through creation of a cache entry for a text search dictionary (Tom Lane) §,Fix crash after out-of-memory failure partway through creation of a cache entry for a text search dictionary (Tom Lane) §,,Crash & corruption,2,core_server,pgsql-bugs,false,4,1,21,8,29,false,false,,,,,1,19595,0
811,20260813,2026-08-13,15.19,47,Fix memory-safety bugs in processing of incorrect ispell/hunspell dictionary files (Andrey Rachitskiy) §,Fix memory-safety bugs in processing of incorrect ispell/hunspell dictionary files (Andrey Rachitskiy) §,,Security hardening (no CVE),1,core_server,pgsql-bugs,false,4,1,17,1,18,false,false,,,,,1,19595,0
812,20260813,2026-08-13,15.19,48,"Honor query cancel and vacuum delay during GIN index posting-tree cleanup (Paul Kim, Alexander Korotkov) §","Honor query cancel and vacuum delay during GIN index posting-tree cleanup (Paul Kim, Alexander Korotkov) § The posting tree for a common value can be large, so that this missed check could allow vacuum to run for a long time before noticing an interrupt.",,Other functionality,9,core_server,pgsql-hackers,false,4,1,7,0,7,false,false,,,,,0,,
813,20260813,2026-08-13,15.19,49,Fix possible mis-decoding of index tuples during GiST and SP-GiST index-only scans (Peter Geoghegan) §,"Fix possible mis-decoding of index tuples during GiST and SP-GiST index-only scans (Peter Geoghegan) § This error could lead to emitting corrupted data from an index-only scan plan. The only affected core opclass is GiST's range_ops, and it could only fail if the range column were not the first index column.",,Crash & corruption,2,core_server,pgsql-hackers,false,4,3,124,54,178,true,false,,,,,0,,
814,20260813,2026-08-13,15.19,50,"When creating directories, tolerate concurrent creation of the same directory (Andrew Dunstan, Tom Lane) §","When creating directories, tolerate concurrent creation of the same directory (Andrew Dunstan, Tom Lane) §",,Other functionality,9,core_server,pgsql-hackers,false,4,1,35,14,49,false,false,,,,,0,,
815,20260813,2026-08-13,15.19,51,Prevent creation of dangling object dependencies by acquiring a shared lock on any object being depended on (Bertrand Drouvot) § §,"Prevent creation of dangling object dependencies by acquiring a shared lock on any object being depended on (Bertrand Drouvot) § § The shared lock will conflict with any attempt to drop the depended-on object, eliminating the race condition that formerly existed. For example, if one session drops a schema (that appears empty to it) concurrently with some other session creating a function in that schema, previously both transactions could commit, leaving an invalid function definition behind. Now, one transaction or the other will fail.",,Crash & corruption,2,core_server,pgsql-hackers,false,4,5,379,5,384,true,false,,,,,0,,
816,20260813,2026-08-13,15.19,52,Fix race condition in conflict detection for SERIALIZABLE isolation mode (Peter Geoghegan) §,"Fix race condition in conflict detection for SERIALIZABLE isolation mode (Peter Geoghegan) § A conflict could be missed when examining an initially-empty btree index, allowing failure of serializability due to improperly allowing conflicting transactions to commit.",,Crash & corruption,2,core_server,pgsql-bugs,false,4,1,14,5,19,false,false,,,,,1,17949,36
817,20260813,2026-08-13,15.19,53,Fix race condition in ProcSignalBarrier code (Masahiko Sawada) §,"Fix race condition in ProcSignalBarrier code (Masahiko Sawada) § This error could result in processes getting stuck, typically after reporting still waiting for backend with PID nnnn to accept ProcSignalBarrier .",,Crash & corruption,2,core_server,pgsql-hackers,false,4,1,10,3,13,false,false,,,,,0,,
818,20260813,2026-08-13,15.19,54,Fix race conditions when a set of processes that belong to the same lock group exit at the same time (Vlad Lesin) § §,"Fix race conditions when a set of processes that belong to the same lock group exit at the same time (Vlad Lesin) § § These errors could lead to PANIC aborts, with messages such as latch already owned . The issue does not normally arise in regular parallel query, since the leader won't exit before seeing its workers finish; but some extensions reach the problem.",,Crash & corruption,2,core_server,pgsql-hackers,false,4,1,19,11,30,false,false,,,,,0,,
819,20260813,2026-08-13,15.19,55,Avoid exposing a WAL receiver's full connection string during timeline jumps (Chao Li) §,"Avoid exposing a WAL receiver's full connection string during timeline jumps (Chao Li) § The pg_stat_wal_receiver view should show a sanitized version of the connection string, without sensitive data. But it transiently showed the full string when we re-use an existing WAL receiver.",,Replication & recovery,4,replication_recovery,pgsql-hackers,false,4,2,22,7,29,true,false,,,,,0,,
820,20260813,2026-08-13,15.19,56,"Use run-time checks, not just Asserts, to verify the correct number of columns in tuples received during logical replication (Varik Matevosyan) §","Use run-time checks, not just Asserts, to verify the correct number of columns in tuples received during logical replication (Varik Matevosyan) § A malicious or buggy publisher could send inconsistent numbers of columns. While we could not find a scenario in which this would have serious ill effects, extra caution seems warranted.",,Replication & recovery,4,replication_recovery,pgsql-bugs,false,4,1,19,4,23,false,false,,,,,0,,
821,20260813,2026-08-13,15.19,57,Clean up quoting of string parameters within constructed replication commands (Tom Lane) §,"Clean up quoting of string parameters within constructed replication commands (Tom Lane) § Various places that generate replication commands were not being adequately careful about quoting replication slot names and other parameters that need to be inserted into those commands. This could result in unexpected syntax errors in those commands. In principle, a crafted replication slot name could result in SQL injection; but such a scenario seems very unlikely to occur in practice, since replication operations can only be invoked by highly-privileged users and there is no reason for them to use a slot name coming from an untrustworthy source.",,Security hardening (no CVE),1,replication_recovery,pgsql-hackers,false,4,7,159,73,232,false,false,,,,,0,,
822,20260813,2026-08-13,15.19,58,Fix logical decoding of empty prepared transactions (Masahiko Sawada) §,"Fix logical decoding of empty prepared transactions (Masahiko Sawada) § A prepared transaction that did not cause any decodable updates could result in sending COMMIT/ROLLBACK PREPARED to the output plugin with no preceding PREPARE. For the built-in subscriber this breaks replication, and other plugins will probably not like it either.",,Replication & recovery,4,extensions_contrib,pgsql-bugs,false,4,4,108,4,112,true,false,,,,,1,19556,11
823,20260813,2026-08-13,15.19,59,Fix corruption of unlogged sequences after standby promotion (Fujii Masao) §,"Fix corruption of unlogged sequences after standby promotion (Fujii Masao) § Previously, if an unlogged sequence was created on the primary and replicated to a standby, accessing the sequence after promoting the standby could fail with bad magic number in sequence or related errors.",,Crash & corruption,2,core_server,pgsql-hackers,false,4,6,66,27,93,true,false,,,,,0,,
824,20260813,2026-08-13,15.19,60,Fix cascading standby reconnect failure after archive fallback (Marco Nenciarini) §,Fix cascading standby reconnect failure after archive fallback (Marco Nenciarini) § A cascading standby could fail to reconnect to its upstream standby with requested starting point ... is ahead of the WAL flush position after falling back to archive recovery.,,Replication & recovery,4,replication_recovery,pgsql-hackers,false,4,7,247,7,254,true,false,,,,,0,,
825,20260813,2026-08-13,15.19,61,Avoid race condition while dropping ephemeral replication slots (Zhijie Hou) §,Avoid race condition while dropping ephemeral replication slots (Zhijie Hou) § The slot-releasing code performed some additional updates to the replication slot's shared-memory entry after releasing the slot. This is unsafe since another session could immediately re-use the dropped slot's shared-memory entry. Skip those updates in the case of an ephemeral slot.,,Crash & corruption,2,replication_recovery,pgsql-hackers,false,4,1,27,25,52,false,false,,,,,0,,
826,20260813,2026-08-13,15.19,62,Fix stale progress reports during logical replication table synchronization (Shinya Kato) §,"Fix stale progress reports during logical replication table synchronization (Shinya Kato) § Previously, the pg_stat_progress_copy view in the subscriber would continue to show the initial COPY operation as active even after the data copy had finished. The stale entry remained visible until synchronization caught up with the publisher.",,Replication & recovery,4,replication_recovery,pgsql-hackers,false,4,1,1,0,1,false,false,,,,,0,,
827,20260813,2026-08-13,15.19,63,Clear base backup progress on backup failure (Chao Li) § §,"Clear base backup progress on backup failure (Chao Li) § § Previously the pg_stat_progress_basebackup view would continue to show a stale progress entry after a failure, until the replication client disconnected. pg_basebackup normally disconnects immediately, but other clients might not.",,Replication & recovery,4,core_server,pgsql-hackers,false,4,3,12,13,25,false,false,,,,,0,,
828,20260813,2026-08-13,15.19,64,"Fix possible PANIC due to concurrent drop of pgstats entries when track_functions is enabled (Sami Imseih, Michael Paquier) § § §","Fix possible PANIC due to concurrent drop of pgstats entries when track_functions is enabled (Sami Imseih, Michael Paquier) § § §",,Crash & corruption,2,core_server,pgsql-bugs,false,4,6,25,22,47,false,false,,,,,1,19520,4
829,20260813,2026-08-13,15.19,65,Clean up broken local pgstats entry after failing to obtain space for the corresponding shared hashtable entry (Niall Newman) §,Clean up broken local pgstats entry after failing to obtain space for the corresponding shared hashtable entry (Niall Newman) § Failure to do this led to a null-pointer dereference the next time the local entry was used.,,Other functionality,9,core_server,pgsql-bugs,false,4,1,5,2,7,false,false,,,,,0,,
830,20260813,2026-08-13,15.19,66,"In PL/Perl , avoid NULL pointer dereference crash when working with an invalid PostgreSQL::InServer::ARRAY object (Xing Guo) §","In PL/Perl , avoid NULL pointer dereference crash when working with an invalid PostgreSQL::InServer::ARRAY object (Xing Guo) §",,Crash & corruption,2,extensions_contrib,pgsql-hackers,false,4,3,15,1,16,false,false,,,,,0,,
831,20260813,2026-08-13,15.19,67,"In PL/Python , properly check for errors when working with sequence and mapping objects (Richard Guo) §","In PL/Python , properly check for errors when working with sequence and mapping objects (Richard Guo) § Previously, a broken object or an unhandled exception could result in a NULL pointer dereference crash.",,Crash & corruption,2,extensions_contrib,pgsql-hackers,false,4,15,500,4,504,false,false,,,,,0,,
832,20260813,2026-08-13,15.19,68,"In libpq , always drain all pending bytes from the SSL or GSS decryption buffer during pqReadData() (Jacob Champion) § § § §","In libpq , always drain all pending bytes from the SSL or GSS decryption buffer during pqReadData() (Jacob Champion) § § § § This avoids edge cases where libpq or its calling application waits for more data to arrive on the socket, but actually all the data has already arrived.",,Client tools,5,client_tools,pgsql-hackers,false,4,2,11,5,16,false,false,,,,,0,,
833,20260813,2026-08-13,15.19,69,Allow libpq to accept ParameterDescription messages exceeding 30000 bytes (Ning Sun) §,"Allow libpq to accept ParameterDescription messages exceeding 30000 bytes (Ning Sun) § Previously, this message type was not among those that libpq 's validity heuristics believed could be long. The limit resulted in failure for prepared queries having more than 7498 parameters, which is unlikely but supported.",,Client tools,5,client_tools,pgsql-hackers,false,4,1,1,1,2,false,false,,,,,0,,
834,20260813,2026-08-13,15.19,70,Reject multiple descriptor header items in ecpg 's GET/SET DESCRIPTOR statements (Masashi Kamura) §,"Reject multiple descriptor header items in ecpg 's GET/SET DESCRIPTOR statements (Masashi Kamura) § Previously the grammar allowed this syntax, but broken C code was generated. Adjust the grammar and the documentation to allow only one header item.",,Client tools,5,client_tools,pgsql-hackers,false,4,2,5,13,18,false,false,,,,,0,,
835,20260813,2026-08-13,15.19,71,Make line widths match in psql 's expanded aligned output format (Pavel Stehule) §,"Make line widths match in psql 's expanded aligned output format (Pavel Stehule) § When the table's data rows are narrower than the record header lines, widen the data rows to match the headers, avoiding unsightly output.",,Client tools,5,client_tools,pgsql-hackers,false,4,3,41,3,44,true,false,,,,,0,,
836,20260813,2026-08-13,15.19,72,Fix psql 's privilege check for showing database size in \l+ (Christoph Berg) §,"Fix psql 's privilege check for showing database size in \l+ (Christoph Berg) § The underlying server function permits users who have pg_read_all_stats privileges to see the sizes of all databases, even if they lack CONNECT privilege. But psql was unaware of that provision and would not call the function unless the user has CONNECT privilege.",,Client tools,5,client_tools,pgsql-hackers,false,4,2,5,3,8,false,false,,,,,0,,
837,20260813,2026-08-13,15.19,73,Fix psql 's tab completion for \df to consider procedures too (Erik Wienhold) §,Fix psql 's tab completion for \df to consider procedures too (Erik Wienhold) §,,Client tools,5,client_tools,pgsql-hackers,false,4,1,1,1,2,false,false,,,,,0,,
838,20260813,2026-08-13,15.19,74,Fix thread-safety bug in pgbench (Fujii Masao) §,"Fix thread-safety bug in pgbench (Fujii Masao) § When pgbench runs with multiple threads and the --verbose-errors option, different threads could attempt to use the same buffer to construct error messages, leading to corrupted log output.",,Crash & corruption,2,client_tools,pgsql-hackers,false,4,1,11,12,23,false,false,,,,,0,,
839,20260813,2026-08-13,15.19,75,Use the source cluster's group-read file permissions for pg_recvlogical output files (Fujii Masao) §,"Use the source cluster's group-read file permissions for pg_recvlogical output files (Fujii Masao) § pg_recvlogical was documented to behave this way, but it never actually enabled group-read.",,Other functionality,9,replication_recovery,pgsql-hackers,false,4,2,2,2,4,false,false,,,,,0,,
840,20260813,2026-08-13,15.19,76,"In contrib/amcheck , handle short-header varlena datums correctly (Andrey Borodin) §","In contrib/amcheck , handle short-header varlena datums correctly (Andrey Borodin) § This error could result in doing excess work while verifying a btree index, but seems not to have had any worse consequences.",,Extensions & contrib,6,extensions_contrib,pgsql-bugs,false,4,1,1,1,2,false,false,,,,,0,,
841,20260813,2026-08-13,15.19,77,"In contrib/btree_gist , fix NaN handling in the float4 and float8 opclasses (Bill Kim, Tom Lane) §","In contrib/btree_gist , fix NaN handling in the float4 and float8 opclasses (Bill Kim, Tom Lane) § Comparisons, as well as the GiST penalty and distance functions, did not account for NaN and would give the wrong answer when handed one. It is recommended to reindex btree_gist indexes on float columns after installing this update, if there is any possibility that there are NaN entries in those columns.",,Wrong results & planner,3,extensions_contrib,pgsql-bugs,false,4,10,345,86,431,false,false,,,,,2,19524,13
842,20260813,2026-08-13,15.19,78,"In contrib/btree_gist , fix searches using a not-equal operator (Ayush Tiwari) §","In contrib/btree_gist , fix searches using a not-equal operator (Ayush Tiwari) § For variable-length data types, the code for scanning non-leaf index pages applied the wrong comparison function, leading to wrong results and potentially crashes.",,Crash & corruption,2,extensions_contrib,pgsql-bugs,false,4,2,34,4,38,false,false,,,,,0,,
843,20260813,2026-08-13,15.19,79,"Fix unguarded recursion and loops in contrib/hstore_plperl , contrib/jsonb_plperl , and contrib/jsonb_plpython (Aleksander Alekseev) § §","Fix unguarded recursion and loops in contrib/hstore_plperl , contrib/jsonb_plperl , and contrib/jsonb_plpython (Aleksander Alekseev) § § Prevent stack overflow when dealing with deeply nested jsonb values, and allow interruption of the infinite loop caused when attempting to dereference circular chains of Perl object references.",,Crash & corruption,2,extensions_contrib,pgsql-hackers,false,4,1,9,0,9,false,false,,,,,0,,
844,20260813,2026-08-13,15.19,80,Fix missed release of statistics catcache entry in contrib/intarray (Man Zeng) §,Fix missed release of statistics catcache entry in contrib/intarray (Man Zeng) § This oversight led to warnings like resource was not closed: cache pg_statistic .,,Extensions & contrib,6,extensions_contrib,pgsql-bugs,false,4,1,3,0,3,false,false,,,,,1,19492,1
845,20260813,2026-08-13,15.19,81,"In contrib/ltree , fix integer overflow in comparisons (Ayush Tiwari) §","In contrib/ltree , fix integer overflow in comparisons (Ayush Tiwari) § ltree values containing more than about 14,653 labels resulted in wrong comparison answers due to overflow. If a btree index contains such values, it is probably corrupt and should be reindexed after installing this update.",,Crash & corruption,2,extensions_contrib,pgsql-bugs,false,4,5,63,9,72,false,false,,,,,0,,
846,20260813,2026-08-13,15.19,82,Fix array overrun in contrib/pg_surgery 's heap_force_kill and heap_force_freeze functions (Michael Paquier) §,"Fix array overrun in contrib/pg_surgery 's heap_force_kill and heap_force_freeze functions (Michael Paquier) § Attempting to change a TID whose offset number equals MaxHeapTuplesPerPage wrote one byte past the end of the allocated array, potentially crashing the server.",,Crash & corruption,2,extensions_contrib,pgsql-bugs,false,4,1,3,3,6,false,false,,,,,0,,
847,20260813,2026-08-13,15.19,83,"In contrib/pg_surgery , avoid infinite loop with TID arrays having more than 64K elements (Andrey Rachitskiy) §","In contrib/pg_surgery , avoid infinite loop with TID arrays having more than 64K elements (Andrey Rachitskiy) §",,Crash & corruption,2,extensions_contrib,pgsql-bugs,false,4,3,28,3,31,false,false,,,,,1,19607,1
848,20260813,2026-08-13,15.19,84,Avoid NULL-pointer dereference in contrib/refint 's check_foreign_key() (Ayush Tiwari) §,"Avoid NULL-pointer dereference in contrib/refint 's check_foreign_key() (Ayush Tiwari) § In the on-update-cascade case, a null value of a referenced column led to a crash. This is an oversight in the fix for CVE-2026-6637, but the code that was there before that wasn't really right either.",CVE-2026-6637,Security (CVE),0,extensions_contrib,pgsql-bugs,false,4,1,2,1,3,false,false,1,1,8.8,HIGH,1,19476,2
849,20260813,2026-08-13,15.19,85,Fix contrib/seg to print segments with ~ certainty indicators correctly (Ewan Young) §,"Fix contrib/seg to print segments with ~ certainty indicators correctly (Ewan Young) § Due to a typo, seg_out() did not print a ~ certainty indicator attached to a segment's upper boundary. Worse, if the lower boundary had ~ while the upper boundary had no indicator, the upper boundary was not printed at all, incorrectly converting the value into an open interval.",,Extensions & contrib,6,extensions_contrib,pgsql-hackers,false,4,3,55,3,58,false,false,,,,,0,,
850,20260813,2026-08-13,15.19,86,"Fix crash with namespace nodes in contrib/xml2 's xpath_nodeset() function (Andrey Chernyy, Michael Paquier) §","Fix crash with namespace nodes in contrib/xml2 's xpath_nodeset() function (Andrey Chernyy, Michael Paquier) §",,Crash & corruption,2,extensions_contrib,pgsql-bugs,false,4,4,31,4,35,false,false,,,,,0,,
851,20260813,2026-08-13,15.19,87,Support building PostgreSQL with Visual Studio 2026 (Andrew Dunstan) §,Support building PostgreSQL with Visual Studio 2026 (Andrew Dunstan) §,,Build & platform,8,build_platform,pgsql-hackers,false,2,5,95,19,114,false,false,,,,,0,,
852,20260813,2026-08-13,15.19,88,Support building PostgreSQL with OpenSSL 4 (Daniel Gustafsson) §,Support building PostgreSQL with OpenSSL 4 (Daniel Gustafsson) §,,Build & platform,8,extensions_contrib,pgsql-hackers,false,4,4,25,24,49,true,false,,,,,0,,
868,20231109,2023-11-09,16.1,15,Fix improper sharing of origin filter condition across successive pg_logical_slot_get_changes() calls (Hou Zhijie) §,Fix improper sharing of origin filter condition across successive pg_logical_slot_get_changes() calls (Hou Zhijie) § The origin condition set by one call of this function would be re-used by later calls that did not specify the origin argument. This was not intended.,,Other functionality,9,extensions_contrib,pgsql-hackers,false,1,4,90,9,99,false,false,,,,,0,,
874,20231109,2023-11-09,16.1,21,Fix ALTER SUBSCRIPTION so that a commanded change in the run_as_owner option is actually applied (Hou Zhijie) §,Fix ALTER SUBSCRIPTION so that a commanded change in the run_as_owner option is actually applied (Hou Zhijie) §,,Replication & recovery,4,core_server,pgsql-bugs,false,1,4,44,2,46,true,false,,,,,0,,
875,20231109,2023-11-09,16.1,22,Fix bulk table insertion into partitioned tables (Andres Freund) §,"Fix bulk table insertion into partitioned tables (Andres Freund) § Improper sharing of insertion state across partitions could result in failures during COPY FROM, typically manifesting as could not read block NNNN in file XXXX: read only 0 of 8192 bytes errors.",,Other functionality,9,core_server,pgsql-bugs,false,1,3,85,0,85,true,false,,,,,1,18130,22
876,20231109,2023-11-09,16.1,23,"In COPY FROM, avoid evaluating column default values that will not be needed by the command (Laurenz Albe) §","In COPY FROM, avoid evaluating column default values that will not be needed by the command (Laurenz Albe) § This avoids a possible error if the default value isn't actually valid for the column, or if the default's expression would fail in the current execution context. Such edge cases sometimes arise while restoring dumps, for example. Previous releases did not fail in this situation, so prevent v16 from doing so.",,Extensions & contrib,6,core_server,pgsql-hackers,false,1,3,40,1,41,true,false,,,,,0,,
883,20231109,2023-11-09,16.1,30,Fix could not find pathkey item to sort errors occurring while planning aggregate functions with ORDER BY or DISTINCT options (David Rowley) §,Fix could not find pathkey item to sort errors occurring while planning aggregate functions with ORDER BY or DISTINCT options (David Rowley) §,,Other functionality,9,planner,pgsql-hackers,false,1,1,17,1,18,false,false,,,,,0,,
888,20231109,2023-11-09,16.1,35,"Fix statistics tracking of temporary-table extensions (Karina Litskevich, Andres Freund) §","Fix statistics tracking of temporary-table extensions (Karina Litskevich, Andres Freund) § These were counted as normal-table writes when they should be counted as temp-table writes.",,Other functionality,9,extensions_contrib,pgsql-hackers,false,1,3,47,1,48,false,false,,,,,0,,
889,20231109,2023-11-09,16.1,36,"When track_io_timing is enabled, include the time taken by relation extension operations as write time (Nazir Bilal Yavuz) §","When track_io_timing is enabled, include the time taken by relation extension operations as write time (Nazir Bilal Yavuz) §",,Other functionality,9,core_server,pgsql-hackers,false,1,1,1,1,2,false,false,,,,,0,,
900,20231109,2023-11-09,16.1,47,Fix pg_dump to dump the new run_as_owner option of subscriptions (Philip Warner) §,"Fix pg_dump to dump the new run_as_owner option of subscriptions (Philip Warner) § Due to this oversight, subscriptions would always be restored with run_as_owner set to false , which is not equivalent to their behavior in pre-v16 releases.",,Replication & recovery,4,client_tools,pgsql-hackers,false,1,2,43,30,73,false,false,,,,,0,,
904,20231109,2023-11-09,16.1,51,"Fix vacuumdb 's handling of multiple -N switches (Nathan Bossart, Kuwamura Masaki) §","Fix vacuumdb 's handling of multiple -N switches (Nathan Bossart, Kuwamura Masaki) § Multiple -N switches should exclude tables in multiple schemas, but in fact excluded nothing due to faulty construction of a generated query.",,Client tools,5,client_tools,pgsql-hackers,false,1,2,30,11,41,false,false,,,,,0,,
905,20231109,2023-11-09,16.1,52,"Fix vacuumdb to honor its --buffer-usage-limit option in analyze-only mode (Ryoga Yoshida, David Rowley) §","Fix vacuumdb to honor its --buffer-usage-limit option in analyze-only mode (Ryoga Yoshida, David Rowley) §",,Client tools,5,client_tools,pgsql-hackers,false,1,1,24,1,25,false,false,,,,,0,,
917,20240208,2024-02-08,16.2,5,Fix detection of inner-side uniqueness for Memoize plans (Richard Guo) §,Fix detection of inner-side uniqueness for Memoize plans (Richard Guo) § This mistake could lead to cache entry already complete errors.,,Other functionality,9,planner,pgsql-bugs,false,1,1,1,1,2,false,false,,,,,0,,
918,20240208,2024-02-08,16.2,6,Fix computation of nullingrels when constant-folding field selection (Richard Guo) §,Fix computation of nullingrels when constant-folding field selection (Richard Guo) § Failure to do this led to errors like wrong varnullingrels (b) (expected (b 3)) for Var 2/2 .,,Other functionality,9,planner,pgsql-bugs,false,1,3,51,6,57,true,false,,,,,1,18184,3
923,20240208,2024-02-08,16.2,11,Fix corruption of local buffer state when an error occurs while trying to extend a temporary table (Tender Wang) §,Fix corruption of local buffer state when an error occurs while trying to extend a temporary table (Tender Wang) §,,Crash & corruption,2,core_server,pgsql-bugs,false,1,1,2,2,4,false,false,,,,,1,18259,11
924,20240208,2024-02-08,16.2,12,Fix use of wrong tuple slot while evaluating DISTINCT aggregates that have multiple arguments (David Rowley) §,Fix use of wrong tuple slot while evaluating DISTINCT aggregates that have multiple arguments (David Rowley) § This mistake could lead to errors such as attribute 1 of type record has wrong type .,,Replication & recovery,4,core_server,pgsql-bugs,false,1,3,39,3,42,true,false,,,,,1,18264,5
929,20240208,2024-02-08,16.2,17,Fix DROP ROLE with duplicate role names (Michael Paquier) §,"Fix DROP ROLE with duplicate role names (Michael Paquier) § Previously this led to a tuple already updated by self failure. Instead, ignore the duplicate.",,Other functionality,9,core_server,pgsql-bugs,false,1,3,9,13,22,true,false,,,,,1,18310,3
936,20240208,2024-02-08,16.2,24,Allow scram_SaltedPassword() to be interrupted (Bowen Shi) §,"Allow scram_SaltedPassword() to be interrupted (Bowen Shi) § With large scram_iterations values, this function could take a long time to run. Allow it to be interrupted by query cancel requests.",,Other functionality,9,core_server,pgsql-hackers,false,1,1,11,0,11,false,false,,,,,0,,
944,20240208,2024-02-08,16.2,32,Fix ownership tests for large objects (Tom Lane) §,"Fix ownership tests for large objects (Tom Lane) § Operations on large objects that require ownership privilege failed with unrecognized class ID: 2613 , unless run by a superuser.",,Other functionality,9,core_server,pgsql-hackers,false,1,9,54,55,109,true,false,,,,,0,,
950,20240208,2024-02-08,16.2,38,Fix signal handling in walreceiver processes (Heikki Linnakangas) §,Fix signal handling in walreceiver processes (Heikki Linnakangas) § Revert a change that made walreceivers non-responsive to SIGTERM while waiting for the replication connection to be established.,,Replication & recovery,4,replication_recovery,pgsql-hackers,false,1,1,47,8,55,false,false,,,,,0,,
955,20240208,2024-02-08,16.2,43,Re-validate a subscription's connection string before use (Vignesh C) § §,Re-validate a subscription's connection string before use (Vignesh C) § § This is meant to detect cases where a subscription was created without a password (which is allowed to superusers) but then the subscription owner is changed to a non-superuser.,,Replication & recovery,4,tests,pgsql-bugs,false,1,1,81,70,151,true,false,,,,,0,,
960,20240208,2024-02-08,16.2,48,Fix minor memory leak in connection string validation for CREATE SUBSCRIPTION (Jeff Davis) §,Fix minor memory leak in connection string validation for CREATE SUBSCRIPTION (Jeff Davis) §,,Crash & corruption,2,replication_recovery,pgsql-hackers,false,1,1,5,0,5,false,false,,,,,0,,
967,20240208,2024-02-08,16.2,55,Change initdb to always un-comment the postgresql.conf entries for the lc_ xxx parameters (Kyotaro Horiguchi) §,"Change initdb to always un-comment the postgresql.conf entries for the lc_ xxx parameters (Kyotaro Horiguchi) § initdb used to work this way before v16, and now it does again. The change caused initdb 's --no-locale option to not have the intended effect on lc_messages .",,Client tools,5,client_tools,pgsql-hackers,false,1,2,9,17,26,false,false,,,,,0,,
970,20240208,2024-02-08,16.2,58,Properly detect out-of-memory in one code path in pg_dump (Daniel Gustafsson) §,Properly detect out-of-memory in one code path in pg_dump (Daniel Gustafsson) §,,Client tools,5,client_tools,pgsql-hackers,false,1,1,1,1,2,false,false,,,,,0,,
993,20240509,2024-05-09,16.3,12,Fix updating of visibility map state in VACUUM with the DISABLE_PAGE_SKIPPING option (Heikki Linnakangas) §,"Fix updating of visibility map state in VACUUM with the DISABLE_PAGE_SKIPPING option (Heikki Linnakangas) § Due to an oversight, this mode caused all heap pages to be dirtied, resulting in excess I/O. Also, visibility map bits that were incorrectly set would not get cleared.",,Other functionality,9,core_server,pgsql-hackers,false,1,1,0,4,4,false,false,,,,,0,,
997,20240509,2024-05-09,16.3,16,Fix could not find pathkey item to sort errors occurring while planning aggregate functions with ORDER BY or DISTINCT options (David Rowley) §,"Fix could not find pathkey item to sort errors occurring while planning aggregate functions with ORDER BY or DISTINCT options (David Rowley) § This is similar to a fix applied in 16.1, but it solves the problem for parallel plans.",,Other functionality,9,planner,pgsql-hackers,false,1,1,15,4,19,false,false,,,,,0,,
1003,20240509,2024-05-09,16.3,22,Use a hash table instead of linear search for catcache list objects (Tom Lane) §,Use a hash table instead of linear search for catcache list objects (Tom Lane) § This change solves performance problems that were reported for certain operations in installations with many thousands of roles.,,Performance,7,core_server,pgsql-hackers,false,1,2,124,25,149,false,false,,,,,0,,
1016,20240509,2024-05-09,16.3,35,Fix race condition that could lead to reporting an incorrect conflict cause when invalidating a replication slot (Bertrand Drouvot) §,Fix race condition that could lead to reporting an incorrect conflict cause when invalidating a replication slot (Bertrand Drouvot) §,,Crash & corruption,2,replication_recovery,pgsql-hackers,false,1,1,33,6,39,false,false,,,,,0,,
1021,20240509,2024-05-09,16.3,40,Fix thread-safety of error reporting for getaddrinfo() on Windows (Thomas Munro) §,Fix thread-safety of error reporting for getaddrinfo() on Windows (Thomas Munro) § A multi-threaded libpq client program could get an incorrect or corrupted error message after a network lookup failure.,,Crash & corruption,2,build_platform,pgsql-hackers,false,1,5,61,0,61,false,false,,,,,0,,
1026,20240509,2024-05-09,16.3,45,"In initdb 's -c option, match parameter names case-insensitively (Tom Lane) §","In initdb 's -c option, match parameter names case-insensitively (Tom Lane) § The server treats parameter names case-insensitively, so this code should too. This avoids putting redundant entries into the generated postgresql.conf file.",,Client tools,5,client_tools,pgsql-hackers,false,1,2,21,2,23,false,false,,,,,0,,
1039,20240808,2024-08-08,16.4,1,Avoid incorrect results from Merge Right Anti Join plans (Richard Guo) §,"Avoid incorrect results from Merge Right Anti Join plans (Richard Guo) § If the inner relation is known to have unique join keys, the merge could misbehave when there are duplicated join keys in the outer relation.",,Wrong results & planner,3,core_server,pgsql-bugs,false,1,4,100,20,120,true,false,,,,,2,18526,10
1047,20240808,2024-08-08,16.4,9,Fix input of ISO-8601 extended time format for types time and timetz (Tom Lane) §,Fix input of ISO-8601 extended time format for types time and timetz (Tom Lane) § Re-allow cases such as T12:34:56 .,,Other functionality,9,core_server,pgsql-bugs,false,1,3,195,0,195,true,false,,,,,1,18470,5
1054,20240808,2024-08-08,16.4,16,Fix unportable usage of strnxfrm() (Jeff Davis) §,Fix unportable usage of strnxfrm() (Jeff Davis) § Some code paths for non-deterministic collations could fail with errors like pg_strnxfrm() returned unexpected result .,,Other functionality,9,core_server,pgsql-hackers,false,1,3,18,10,28,false,false,,,,,0,,
1065,20240808,2024-08-08,16.4,27,Re-forbid underscore in positional parameters (Erik Wienhold) §,"Re-forbid underscore in positional parameters (Erik Wienhold) § As of v16 we allow integer literals to contain underscores. This change caused input such as $1_234 to be taken as a single token, but it did not work correctly. It seems better to revert to the original definition in which a parameter symbol is only $ followed by digits.",,Other functionality,9,client_tools,pgsql-hackers,false,1,5,14,6,20,true,false,,,,,0,,
1079,20240808,2024-08-08,16.4,41,Fix PL/pgSQL 's handling of integer ranges containing underscores (Erik Wienhold) §,"Fix PL/pgSQL 's handling of integer ranges containing underscores (Erik Wienhold) § As of v16 we allow integer literals to contain underscores, but PL/pgSQL failed to handle examples such as FOR i IN 1_001..1_003 .",,Other functionality,9,client_tools,pgsql-hackers,false,1,5,23,3,26,true,false,,,,,0,,
1086,20240808,2024-08-08,16.4,48,Allow contrib/pg_stat_statements to distinguish among utility statements appearing within SQL-language functions (Anthonin Bonnefoy) §,Allow contrib/pg_stat_statements to distinguish among utility statements appearing within SQL-language functions (Anthonin Bonnefoy) § The SQL-language function executor failed to pass along the query ID that is computed for a utility (non SELECT/ INSERT/ UPDATE/ DELETE/ MERGE) statement.,,Extensions & contrib,6,extensions_contrib,pgsql-hackers,false,1,3,68,0,68,false,false,,,,,0,,
1101,20241114,2024-11-14,16.5,9,Fix performance regressions involving flattening of subqueries underneath outer joins that are later reduced to plain joins (Tom Lane) §,"Fix performance regressions involving flattening of subqueries underneath outer joins that are later reduced to plain joins (Tom Lane) § v16 failed to optimize some queries as well as prior versions had, because of overoptimistic simplification of query-pullup logic.",,Performance,7,planner,pgsql-hackers,false,1,4,107,15,122,true,false,,,,,0,,
1104,20241114,2024-11-14,16.5,12,Fix server crash when a json_objectagg() call contains a volatile function (Amit Langote) §,Fix server crash when a json_objectagg() call contains a volatile function (Amit Langote) §,,Crash & corruption,2,core_server,pgsql-bugs,false,2,5,92,11,103,true,false,,,,,1,18657,5
1105,20241114,2024-11-14,16.5,13,"Fix checking of key uniqueness in JSON object constructors (Junwang Zhao, Tomas Vondra) §","Fix checking of key uniqueness in JSON object constructors (Junwang Zhao, Tomas Vondra) § When building an object larger than a kilobyte, it was possible to accept invalid input that includes duplicate object keys, or to falsely report that duplicate keys are present.",,Build & platform,8,core_server,pgsql-bugs,false,1,5,32,3,35,true,false,,,,,1,18598,10
1107,20241114,2024-11-14,16.5,15,Disallow locale names containing non-ASCII characters (Thomas Munro) §,"Disallow locale names containing non-ASCII characters (Thomas Munro) § This is only an issue on Windows, as such locale names are not used elsewhere. They are problematic because it's quite unclear what encoding such names are represented in (since the locale itself defines the encoding to use). In recent PostgreSQL releases, an abort in the Windows runtime library could occur because of confusion about that. Anyone who encounters the new error message should either create a new duplicated locale with an ASCII-only name using Windows Locale Builder, or consider using BCP 47-compliant locale names like tr-TR .",,Build & platform,8,client_tools,pgsql-bugs,false,2,2,93,17,110,false,false,,,,,0,,
1116,20241114,2024-11-14,16.5,24,Fix some whitespace issues in the result of XMLSERIALIZE(... INDENT) (Jim Jones) §,"Fix some whitespace issues in the result of XMLSERIALIZE(... INDENT) (Jim Jones) § Fix failure to indent nodes separated by whitespace, and ensure that a trailing newline is not added.",,Other functionality,9,core_server,pgsql-hackers,false,1,5,84,23,107,true,false,,,,,0,,
1118,20241114,2024-11-14,16.5,26,Fix mis-deparsing of ORDER BY lists when there is a name conflict (Tom Lane) §,"Fix mis-deparsing of ORDER BY lists when there is a name conflict (Tom Lane) § If an ORDER BY item in SELECT is a bare identifier, the parser first seeks it as an output column name of the SELECT , for SQL92 compatibility. However, ruleutils.c expects the SQL99 interpretation where such a name is an input column name. So it was possible to produce an incorrect display of a view in the (rather ill-advised) case where some other column is renamed in the SELECT output list to match an input column used in ORDER BY . Fix by table-qualifying such names in the dumped view text.",,Other functionality,9,core_server,pgsql-bugs,false,1,3,217,100,317,true,false,,,,,1,18589,3
1122,20241114,2024-11-14,16.5,30,Fix incorrect output of the pg_stat_io view on 32-bit machines (Bertrand Drouvot) §,Fix incorrect output of the pg_stat_io view on 32-bit machines (Bertrand Drouvot) § The stats_reset timestamp column contained garbage on such hardware.,,Wrong results & planner,3,core_server,pgsql-hackers,false,1,1,1,1,2,false,false,,,,,0,,
1126,20241114,2024-11-14,16.5,34,"In a logical replication apply worker, ensure that origin progress is not advanced during an error or apply worker shutdown (Hayato Kuroda, Shveta Malik) §","In a logical replication apply worker, ensure that origin progress is not advanced during an error or apply worker shutdown (Hayato Kuroda, Shveta Malik) § This avoids possible loss of a transaction, since once the origin progress point is advanced the source server won't send that data again.",,Replication & recovery,4,core_server,pgsql-hackers,false,1,4,66,1,67,true,false,,,,,0,,
1136,20241114,2024-11-14,16.5,44,Fix memory leak in psql during repeated use of \bind (Michael Paquier) §,Fix memory leak in psql during repeated use of \bind (Michael Paquier) §,,Crash & corruption,2,client_tools,pgsql-hackers,false,1,5,59,27,86,true,false,,,,,0,,
1137,20241114,2024-11-14,16.5,45,"Avoid hanging if an interval less than 1ms is specified in psql 's \watch command (Andrey Borodin, Michael Paquier) §","Avoid hanging if an interval less than 1ms is specified in psql 's \watch command (Andrey Borodin, Michael Paquier) § Instead, treat this the same as an interval of zero (no wait between executions).",,Client tools,5,client_tools,pgsql-hackers,false,2,2,16,5,21,false,false,,,,,0,,
1168,20250213,2025-02-13,16.7,15,Prevent wrong varnullingrels planner errors after pulling up a subquery that's underneath an outer join (Tom Lane) § §,Prevent wrong varnullingrels planner errors after pulling up a subquery that's underneath an outer join (Tom Lane) § §,,Wrong results & planner,3,planner,unknown_or_internal_not_security,false,2,4,233,5,238,true,false,,,,,0,,
1169,20250213,2025-02-13,16.7,16,Ignore nulling-relation marker bits when looking up statistics (Richard Guo) §,"Ignore nulling-relation marker bits when looking up statistics (Richard Guo) § This oversight could lead to failure to use relevant statistics about expressions, or to corrupt MVNDistinct entry errors.",,Crash & corruption,2,core_server,pgsql-hackers,false,2,3,63,5,68,true,false,,,,,0,,
1173,20250213,2025-02-13,16.7,20,Ensure that an already-set process latch doesn't prevent the postmaster from noticing socket events (Thomas Munro) §,Ensure that an already-set process latch doesn't prevent the postmaster from noticing socket events (Thomas Munro) § An extremely heavy workload of backends launching workers and workers exiting could prevent the postmaster from responding to incoming client connections in a timely fashion.,,Other functionality,9,core_server,pgsql-hackers,false,2,1,21,14,35,false,false,,,,,0,,
1178,20250213,2025-02-13,16.7,25,Fix small memory leak when updating the application_name or cluster_name settings (Tofig Aliev) §,Fix small memory leak when updating the application_name or cluster_name settings (Tofig Aliev) §,,Crash & corruption,2,core_server,pgsql-hackers,false,2,1,4,0,4,false,false,,,,,0,,
1198,20250213,2025-02-13,16.7,45,Fix memory leak in pg_restore with zstd-compressed data (Tom Lane) §,"Fix memory leak in pg_restore with zstd-compressed data (Tom Lane) § The leak was per-decompression-operation, so would be most noticeable with a dump containing many tables or large objects.",,Crash & corruption,2,client_tools,pgsql-bugs,false,2,1,2,1,3,false,false,,,,,0,,
1200,20250213,2025-02-13,16.7,47,"Use SQL-standard function bodies in the declarations of contrib/earthdistance 's SQL-language functions (Tom Lane, Ronan Dunklau) §","Use SQL-standard function bodies in the declarations of contrib/earthdistance 's SQL-language functions (Tom Lane, Ronan Dunklau) § This change allows their references to contrib/cube to be resolved during extension creation, reducing the risk of search-path-based failures and possible attacks. In particular, this restores their usability in contexts like generated columns, for which PostgreSQL v17 restricts the search path on security grounds. We have received reports of databases failing to be upgraded to v17 because of that. This patch has been included in v16 to provide a workaround: updating the earthdistance extension to this version beforehand should allow an upgrade to succeed.",,Extensions & contrib,6,extensions_contrib,pgsql-hackers,false,2,5,81,6,87,false,false,,,,,0,,
1202,20250213,2025-02-13,16.7,49,Fix meson build system to support old OpenSSL libraries on Windows (Darek Slusarczyk) §,Fix meson build system to support old OpenSSL libraries on Windows (Darek Slusarczyk) § Add support for the legacy library names ssleay32 and libeay32 .,,Build & platform,8,build_platform,pgsql-hackers,false,2,1,28,5,33,false,false,,,,,0,,
1203,20250213,2025-02-13,16.7,50,"In Windows builds using meson, ensure all libcommon and libpgport functions are exported (Vladlen Popolitov, Heikki Linnakangas) § §","In Windows builds using meson, ensure all libcommon and libpgport functions are exported (Vladlen Popolitov, Heikki Linnakangas) § § This fixes unresolved external symbol build errors for extensions.",,Build & platform,8,build_platform,pgsql-hackers,false,2,1,1,0,1,false,false,,,,,0,,
1204,20250213,2025-02-13,16.7,51,Fix meson configuration process to correctly detect OSSP's uuid.h header file under MSVC (Andrew Dunstan) §,Fix meson configuration process to correctly detect OSSP's uuid.h header file under MSVC (Andrew Dunstan) §,,Build & platform,8,build_platform,unknown_or_internal_not_security,false,2,1,4,1,5,false,false,,,,,0,,
1205,20250213,2025-02-13,16.7,52,"When building with meson, install pgevent in pkglibdir not bindir (Peter Eisentraut) §","When building with meson, install pgevent in pkglibdir not bindir (Peter Eisentraut) § This matches the behavior of the make-based build system and the old MSVC build system.",,Build & platform,8,client_tools,pgsql-hackers,false,2,1,2,4,6,false,false,,,,,0,,
1206,20250213,2025-02-13,16.7,53,"When building with meson, install sepgsql.sql under share/contrib/ not share/extension/ (Peter Eisentraut) §","When building with meson, install sepgsql.sql under share/contrib/ not share/extension/ (Peter Eisentraut) § This matches what the make-based build system does.",,Extensions & contrib,6,extensions_contrib,pgsql-hackers,false,2,1,1,1,2,false,false,,,,,0,,
1208,20250220,2025-02-20,16.8,1,Fix meson build system to correctly detect availability of the bsd_auth.h system header (Nazir Bilal Yavuz) §,Fix meson build system to correctly detect availability of the bsd_auth.h system header (Nazir Bilal Yavuz) §,,Build & platform,8,build_platform,pgsql-hackers,true,2,1,2,1,3,false,false,,,,,0,,
1216,20250508,2025-05-08,16.9,7,"Don't try to parallelize array_agg() when the argument is of an anonymous record type (Richard Guo, Tom Lane) §","Don't try to parallelize array_agg() when the argument is of an anonymous record type (Richard Guo, Tom Lane) § The protocol for communicating with parallel workers doesn't support identifying the concrete record type that a worker is returning.",,Other functionality,9,core_server,pgsql-bugs,false,2,3,36,4,40,true,false,,,,,0,,
1223,20250508,2025-05-08,16.9,14,Add missing deparsing of the INDENT option of XMLSERIALIZE() (Jim Jones) § §,"Add missing deparsing of the INDENT option of XMLSERIALIZE() (Jim Jones) § § Previously, views or rules using XMLSERIALIZE(... INDENT) were dumped without the INDENT clause, causing incorrect results after restore.",,Wrong results & planner,3,tests,pgsql-hackers,false,2,1,6,0,6,true,false,,,,,0,,
1224,20250508,2025-05-08,16.9,15,Avoid premature evaluation of the arguments of an aggregate function that has both FILTER and ORDER BY (or DISTINCT ) options (David Rowley) §,"Avoid premature evaluation of the arguments of an aggregate function that has both FILTER and ORDER BY (or DISTINCT ) options (David Rowley) § If there is ORDER BY or DISTINCT , we consider pre-sorting the aggregate input values rather than doing the sort within the Agg plan node. But this is problematic if the aggregate inputs include expressions that could fail (for example, a division where some of the input divisors could be zero) and there is a FILTER clause that's meant to prevent such failures. Pre-sorting would push the expression evaluations to before the FILTER test, allowing the failures to happen anyway. Avoid this by not pre-sorting if there's a FILTER and the input expressions are anything more complex than a simple Var or Const.",,Other functionality,9,planner,pgsql-bugs,false,2,4,115,16,131,true,false,,,,,0,,
1230,20250508,2025-05-08,16.9,21,Report the I/O statistics of active WAL senders more frequently (Bertrand Drouvot) §,"Report the I/O statistics of active WAL senders more frequently (Bertrand Drouvot) § Previously, the pg_stat_io view failed to accumulate I/O performed by a WAL sender until that process exited. Now such I/O will be reported after at most one second's delay.",,Replication & recovery,4,replication_recovery,pgsql-hackers,false,2,3,66,2,68,true,false,,,,,0,,
1232,20250508,2025-05-08,16.9,23,Avoid infinite loop if scram_iterations is set to INT_MAX (Kevin K Biju) §,Avoid infinite loop if scram_iterations is set to INT_MAX (Kevin K Biju) §,,Crash & corruption,2,core_server,pgsql-hackers,false,2,1,1,1,2,false,false,,,,,0,,
1233,20250508,2025-05-08,16.9,24,Avoid possible crashes due to double transformation of json_array() 's subquery (Tom Lane) §,Avoid possible crashes due to double transformation of json_array() 's subquery (Tom Lane) §,,Crash & corruption,2,core_server,pgsql-bugs,false,2,3,9,1,10,true,false,,,,,1,18877,1
1235,20250508,2025-05-08,16.9,26,Fix crash after out-of-memory in certain GUC assignments (Daniel Gustafsson) §,Fix crash after out-of-memory in certain GUC assignments (Daniel Gustafsson) §,,Crash & corruption,2,core_server,pgsql-bugs,false,2,10,36,13,49,false,false,,,,,1,18845,13
1237,20250508,2025-05-08,16.9,28,Disallow copying of invalidated replication slots (Shlok Kyal) §,Disallow copying of invalidated replication slots (Shlok Kyal) § This prevents trouble when the invalid slot points to WAL that's already been removed.,,Replication & recovery,4,replication_recovery,pgsql-hackers,false,2,3,34,2,36,true,false,,,,,0,,
1238,20250508,2025-05-08,16.9,29,Disallow restoring logical replication slots on standby servers that are not in hot-standby mode (Masahiko Sawada) §,Disallow restoring logical replication slots on standby servers that are not in hot-standby mode (Masahiko Sawada) § This prevents a scenario where the slot could remain valid after promotion even if wal_level is too low.,,Replication & recovery,4,replication_recovery,pgsql-hackers,false,2,2,61,6,67,true,false,,,,,0,,
1241,20250508,2025-05-08,16.9,32,Prevent incorrect reset of replication origin when an apply worker encounters an error but the error is caught and does not result in worker exit (Hayato Kuroda) §,Prevent incorrect reset of replication origin when an apply worker encounters an error but the error is caught and does not result in worker exit (Hayato Kuroda) § This mistake could allow duplicate data to be applied.,,Replication & recovery,4,core_server,pgsql-bugs,false,2,4,87,29,116,true,false,,,,,0,,
1243,20250508,2025-05-08,16.9,34,"Improve detection of mixed-origin subscriptions (Hou Zhijie, Shlok Kyal) §","Improve detection of mixed-origin subscriptions (Hou Zhijie, Shlok Kyal) § Subscription creation gives a warning if a subscribed-to table is also being followed through other publications, since that could cause duplicate data to be received. This change improves that logic to also detect cases where a partition parent or child table is the one being followed through another publication.",,Replication & recovery,4,core_server,pgsql-hackers,false,2,3,133,14,147,true,false,,,,,0,,
1279,20250814,2025-08-14,16.10,23,Prevent excessive delays before launching new logical replication workers (Tom Lane) §,Prevent excessive delays before launching new logical replication workers (Tom Lane) § In some cases the logical replication launcher could sleep considerably longer than the configured wal_retrieve_retry_interval before launching a new worker.,,Replication & recovery,4,replication_recovery,pgsql-hackers,false,2,2,42,13,55,false,false,,,,,0,,
1280,20250814,2025-08-14,16.10,24,"Fix use-after-free during logical replication of INSERT ... ON CONFLICT (Ethan Mertz, Michael Paquier) §","Fix use-after-free during logical replication of INSERT ... ON CONFLICT (Ethan Mertz, Michael Paquier) § This could result in incorrect progress reporting, or with very bad luck it could result in a crash of the WAL sender process.",,Crash & corruption,2,replication_recovery,pgsql-bugs,false,2,1,1,1,2,false,false,,,,,0,,
1282,20250814,2025-08-14,16.10,26,Do not let cascading logical WAL senders try to send data that's beyond what has been replayed on their standby server (Alexey Makhmutov) §,"Do not let cascading logical WAL senders try to send data that's beyond what has been replayed on their standby server (Alexey Makhmutov) § This avoids a situation where such WAL senders could get stuck at standby server shutdown, waiting for replay work that will not happen because the server's startup process is already shut down.",,Replication & recovery,4,replication_recovery,pgsql-bugs,false,2,1,9,1,10,false,false,,,,,0,,
1284,20250814,2025-08-14,16.10,28,"Fix session-lifespan memory leaks in XMLSERIALIZE(... INDENT) (Dmitry Kovalenko, Tom Lane) § §","Fix session-lifespan memory leaks in XMLSERIALIZE(... INDENT) (Dmitry Kovalenko, Tom Lane) § §",,Crash & corruption,2,core_server,pgsql-bugs,false,2,1,13,8,21,false,false,,,,,1,18981,0
1311,20250814,2025-08-14,16.10,55,Silence compatibility warning when using Meson to build with MSVC (Peter Eisentraut) §,Silence compatibility warning when using Meson to build with MSVC (Peter Eisentraut) §,,Build & platform,8,build_platform,pgsql-hackers,false,2,1,1,1,2,false,false,,,,,0,,
1317,20251113,2025-11-13,16.11,2,"Correctly treat JSON constructor expressions, such as JSON_OBJECT() , as non-strict (Tender Wang, Richard Guo) §","Correctly treat JSON constructor expressions, such as JSON_OBJECT() , as non-strict (Tender Wang, Richard Guo) § In some cases these expressions can yield a non-null result despite having one or more null inputs, making them non-strict. The planner incorrectly classified them as strict and could perform incorrect query transformations as a result.",,Wrong results & planner,3,planner,pgsql-bugs,false,2,3,47,0,47,true,false,,,,,1,19046,6
1345,20251113,2025-11-13,16.11,30,Fix mishandling of lock timeout signals in parallel apply workers for logical replication (Hayato Kuroda) §,"Fix mishandling of lock timeout signals in parallel apply workers for logical replication (Hayato Kuroda) § The same signal number was being used for both worker shutdown and lock timeout, leading to confusion.",,Replication & recovery,4,replication_recovery,pgsql-bugs,false,3,3,16,10,26,false,false,,,,,0,,
1349,20251113,2025-11-13,16.11,34,Avoid unnecessary invalidation of logical replication slots (Bertrand Drouvot) §,Avoid unnecessary invalidation of logical replication slots (Bertrand Drouvot) §,,Replication & recovery,4,replication_recovery,pgsql-hackers,false,3,1,24,46,70,false,false,,,,,0,,
1353,20251113,2025-11-13,16.11,38,"Avoid crash when attempting to test PostgreSQL with certain libsanitizer options (Emmanuel Sibi, Jacob Champion) §","Avoid crash when attempting to test PostgreSQL with certain libsanitizer options (Emmanuel Sibi, Jacob Champion) §",,Crash & corruption,2,core_server,pgsql-hackers,false,3,1,13,4,17,false,false,,,,,0,,
1372,20251113,2025-11-13,16.11,57,"When building with meson, apply the same special optimization flags for numeric.c and checksum.c as the makefile build does (Nathan Bossart, Jeff Davis) § §","When building with meson, apply the same special optimization flags for numeric.c and checksum.c as the makefile build does (Nathan Bossart, Jeff Davis) § § Use -ftree-vectorize for both files, as well as -funroll-loops for checksum.c , to match what the makefiles have long done.",,Build & platform,8,build_platform,pgsql-hackers,false,2,1,10,1,11,false,false,,,,,0,,
1381,20260212,2026-02-12,16.12,7,"Avoid possible planner failure when a query contains duplicate window function calls (Meng Zhang, David Rowley) §","Avoid possible planner failure when a query contains duplicate window function calls (Meng Zhang, David Rowley) § Confusion over de-duplication of such calls could result in errors like WindowFunc with winref 2 assigned to WindowAgg with winref 1 .",,Wrong results & planner,3,planner,pgsql-hackers,false,3,1,4,7,11,false,false,,,,,0,,
1401,20260212,2026-02-12,16.12,27,Don't advance logical replication progress after a parallel worker apply failure (Zhijie Hou) §,Don't advance logical replication progress after a parallel worker apply failure (Zhijie Hou) § The previous behavior allowed transactions to be lost by a subscriber.,,Replication & recovery,4,replication_recovery,pgsql-hackers,false,3,2,62,13,75,true,false,,,,,0,,
1407,20260212,2026-02-12,16.12,33,Add new server parameter to control use of posix_fallocate() (Thomas Munro) §,"Add new server parameter to control use of posix_fallocate() (Thomas Munro) § PostgreSQL version 16 and later will use posix_fallocate() , if the platform provides it, to extend relation files. However, this has been reported to interact poorly with some file systems: BTRFS compression is disabled by the use of posix_fallocate() , and XFS could produce spurious ENOSPC errors in older Linux kernel versions. To provide a workaround, introduce this new server parameter. Setting file_extend_method to write_zeros will cause the server to return to the old method of extending files by writing blocks of zeroes.",,Other functionality,9,core_server,pgsql-hackers,false,3,7,87,5,92,false,false,,,,,0,,
1408,20260212,2026-02-12,16.12,34,"Honor open() 's O_CLOEXEC flag on Windows (Bryan Green, Thomas Munro) § § §","Honor open() 's O_CLOEXEC flag on Windows (Bryan Green, Thomas Munro) § § § Make this flag work like it does on POSIX platforms, so that we don't leak file handles into child processes such as COPY TO/FROM PROGRAM . While that leakage hasn't caused many problems, it seems undesirable.",,Build & platform,8,tests,pgsql-hackers,false,3,1,2,2,4,true,false,,,,,0,,
1409,20260212,2026-02-12,16.12,35,Fix failure to parse long options on the server command line in Solaris executables built with meson (Tom Lane) §,Fix failure to parse long options on the server command line in Solaris executables built with meson (Tom Lane) §,,Build & platform,8,build_platform,pgsql-hackers,false,3,1,1,1,2,false,false,,,,,0,,
1420,20260226,2026-02-26,16.13,2,Fix computation of the set of potentially-nulling outer joins for the output of a LATERAL UNION ALL subquery (Richard Guo) §,"Fix computation of the set of potentially-nulling outer joins for the output of a LATERAL UNION ALL subquery (Richard Guo) § This error could lead to skipping NOT NULL tests in the mistaken belief that they were unnecessary, resulting in wrong query output.",,Other functionality,9,planner,pgsql-bugs,true,3,3,83,4,87,true,false,,,,,1,19412,3
1426,20260514,2026-05-14,16.14,2,Properly quote object names in logical replication origin checks (Pavel Kohout) §,"Properly quote object names in logical replication origin checks (Pavel Kohout) § ALTER SUBSCRIPTION ... REFRESH PUBLICATION interpolated schema and relation names into SQL commands without quoting them, allowing execution of arbitrary SQL on the publisher. The PostgreSQL Project thanks Pavel Kohout for reporting this problem. (CVE-2026-6638)",CVE-2026-6638,Security (CVE),0,core_server,unknown_or_internal_security,false,3,2,43,30,73,true,false,1,1,3.7,LOW,0,,
1437,20260514,2026-05-14,16.14,13,Fix incomplete removal of relation references in RestrictInfo structs during join removal (Tom Lane) § §,Fix incomplete removal of relation references in RestrictInfo structs during join removal (Tom Lane) § § This oversight has been shown to result in planner failures such as unexpected FULL JOIN is only supported with merge-joinable or hash-joinable join conditions errors. It may also have caused failure to consider valid plans in other cases.,,Wrong results & planner,3,planner,pgsql-bugs,false,3,1,2,0,2,false,false,,,,,1,19460,1
1450,20260514,2026-05-14,16.14,26,Fix array_agg_array_combine() to combine the arrays' null bitmaps correctly (Dmytro Astapov) §,Fix array_agg_array_combine() to combine the arrays' null bitmaps correctly (Dmytro Astapov) § This mistake resulted in sometimes-incorrect output from parallelized array_agg(anyarray) calculations.,,Wrong results & planner,3,core_server,pgsql-bugs,false,3,1,21,12,33,false,false,,,,,0,,
1451,20260514,2026-05-14,16.14,27,Retry sync_file_range() if it returns error code EINTR (DaeMyung Kang) §,Retry sync_file_range() if it returns error code EINTR (DaeMyung Kang) §,,Other functionality,9,core_server,pgsql-hackers,false,3,1,1,1,2,false,false,,,,,0,,
1453,20260514,2026-05-14,16.14,29,Update activity statistics when a parallel apply worker is idle (Zhijie Hou) §,"Update activity statistics when a parallel apply worker is idle (Zhijie Hou) § Previously, statistics from a recently-completed transaction might go unreported for long intervals, particularly if the workload is light.",,Other functionality,9,replication_recovery,pgsql-hackers,false,3,1,9,0,9,false,false,,,,,0,,
1460,20260514,2026-05-14,16.14,36,Fix minor memory leaks in ICU-based string processing (Jeff Davis) §,Fix minor memory leaks in ICU-based string processing (Jeff Davis) §,,Crash & corruption,2,core_server,pgsql-hackers,false,3,1,5,0,5,false,false,,,,,0,,
1467,20260514,2026-05-14,16.14,43,"In pg_dumpall , don't skip role GRANT s with dangling grantor OIDs (Tom Lane) §","In pg_dumpall , don't skip role GRANT s with dangling grantor OIDs (Tom Lane) § Instead, handle such cases by emitting GRANT without any GRANTED BY clause, as we did before v16. This avoids losing the grant in foreseeable cases, since pre-v16 servers didn't prevent dropping the grantor role. Continue to emit a warning about the missing grantor, but only if the source server is v16 or later.",,Client tools,5,client_tools,pgsql-bugs,false,3,1,30,19,49,false,false,,,,,0,,
1505,20260813,2026-08-13,16.15,32,"Fix incorrect join removal logic (Matheus Alcantara, Richard Guo) § §","Fix incorrect join removal logic (Matheus Alcantara, Richard Guo) § § In edge cases, it was possible for a constant output value coming from within the nullable side of an outer join to not be replaced by NULL when it should be.",,Wrong results & planner,3,planner,pgsql-bugs,false,3,1,12,7,19,false,false,,,,,1,19553,2
1510,20260813,2026-08-13,16.15,37,Fix missing lock release for role membership grants in DROP OWNED BY (Jeff Davis) §,"Fix missing lock release for role membership grants in DROP OWNED BY (Jeff Davis) § This oversight resulted in a warning message, followed by retaining a lock on the membership grant until the end of the transaction.",,Other functionality,9,core_server,pgsql-hackers,false,3,4,42,0,42,true,false,,,,,0,,
1511,20260813,2026-08-13,16.15,38,Fix failure of EXPLAIN when deparsing SQL/JSON aggregates (Richard Guo) §,Fix failure of EXPLAIN when deparsing SQL/JSON aggregates (Richard Guo) § Some plan structures resulted in invalid JsonConstructorExpr underlying node type errors.,,Other functionality,9,core_server,pgsql-bugs,false,3,3,174,0,174,true,false,,,,,0,,
1517,20260813,2026-08-13,16.15,44,Fix pg_get_publication_tables() to not fail if a publishable table is dropped concurrently (Bharath Rupireddy) §,Fix pg_get_publication_tables() to not fail if a publishable table is dropped concurrently (Bharath Rupireddy) §,,Replication & recovery,4,core_server,pgsql-hackers,false,3,5,97,9,106,true,false,,,,,0,,
1522,20260813,2026-08-13,16.15,49,Fix NULL-pointer crash when IS JSON or similar constructs have an argument that is of string category but lacks a cast to type text (Ayush Tiwari) §,"Fix NULL-pointer crash when IS JSON or similar constructs have an argument that is of string category but lacks a cast to type text (Ayush Tiwari) § There are no such data types in core PostgreSQL , but the problem is reachable with some extension types.",,Crash & corruption,2,core_server,pgsql-bugs,false,3,4,72,0,72,true,false,,,,,1,19491,20
1526,20260813,2026-08-13,16.15,53,"Prevent access to other sessions' temporary tables (Jim Jones, Daniil Davydov, Alexander Korotkov) §","Prevent access to other sessions' temporary tables (Jim Jones, Daniil Davydov, Alexander Korotkov) § Some code paths failed to prevent this, leading to silently wrong (inconsistent) results.",,Security hardening (no CVE),1,core_server,pgsql-hackers,false,3,3,34,4,38,true,false,,,,,0,,
1529,20260813,2026-08-13,16.15,56,Ensure that the new last block of a bulk-extended table is added to its free space map promptly (Jingtang Zhang) §,"Ensure that the new last block of a bulk-extended table is added to its free space map promptly (Jingtang Zhang) § An off-by-one error caused the last block of a multi-block table extension to not be marked as free in the map. This would eventually get corrected by vacuum, but meanwhile the space wouldn't be used.",,Other functionality,9,core_server,unknown_or_internal_not_security,false,3,1,1,1,2,false,false,,,,,0,,
1535,20260813,2026-08-13,16.15,62,Fix race with timeline selection in logical decoding during standby promotion (Bertrand Drouvot) § § §,"Fix race with timeline selection in logical decoding during standby promotion (Bertrand Drouvot) § § § Logical decoding being performed on the standby could fail with a requested WAL segment has already been removed error. A repeat attempt would succeed, so there was no permanent problem but there was an availability hazard.",,Replication & recovery,4,replication_recovery,pgsql-hackers,false,3,1,12,0,12,false,false,,,,,0,,
1575,20241114,2024-11-14,17.1,5,Fix test for C locale when LC_COLLATE is different from LC_CTYPE (Jeff Davis) §,"Fix test for C locale when LC_COLLATE is different from LC_CTYPE (Jeff Davis) § When using libc as the default collation provider, the test to see if C locale is in use for collation accidentally checked LC_CTYPE not LC_COLLATE . This has no impact in the typical case where those settings are the same, nor if both are not C (nor its alias POSIX ). However, if LC_CTYPE is C while LC_COLLATE is some other locale, wrong query answers could ensue, and corruption of indexes on strings was possible. Users of databases with such settings should reindex affected indexes after installing this update. The converse case with LC_COLLATE being C while LC_CTYPE is some other locale would cause performance degradation, but no actual errors.",,Crash & corruption,2,core_server,pgsql-bugs,false,1,1,2,2,4,false,false,,,,,0,,
1577,20241114,2024-11-14,17.1,7,Avoid planner failure after converting an IS NULL test on a NOT NULL column to constant FALSE (Richard Guo) §,Avoid planner failure after converting an IS NULL test on a NOT NULL column to constant FALSE (Richard Guo) § This bug typically led to errors such as variable not found in subplan target lists .,,Wrong results & planner,3,planner,pgsql-hackers,false,1,4,62,3,65,true,false,,,,,0,,
1578,20241114,2024-11-14,17.1,8,"Avoid possible planner crash while inlining a SQL function whose arguments contain certain array-related constructs (Tom Lane, Nathan Bossart) §","Avoid possible planner crash while inlining a SQL function whose arguments contain certain array-related constructs (Tom Lane, Nathan Bossart) §",,Crash & corruption,2,core_server,pgsql-hackers,false,1,2,7,1,8,false,false,,,,,0,,
1579,20241114,2024-11-14,17.1,9,Fix possible wrong answers or wrong varnullingrels planner errors for MERGE ... WHEN NOT MATCHED BY SOURCE actions (Dean Rasheed) § §,Fix possible wrong answers or wrong varnullingrels planner errors for MERGE ... WHEN NOT MATCHED BY SOURCE actions (Dean Rasheed) § §,,Wrong results & planner,3,planner,pgsql-bugs,false,1,3,89,0,89,true,false,,,,,1,18634,7
1581,20241114,2024-11-14,17.1,11,Fix edge case in B-tree ScalarArrayOp index scans (Peter Geoghegan) §,"Fix edge case in B-tree ScalarArrayOp index scans (Peter Geoghegan) § When a scrollable cursor with a plan of this kind was backed up to its starting point and then run forward again, wrong answers were possible.",,Wrong results & planner,3,core_server,pgsql-hackers,false,1,3,21,8,29,false,false,,,,,0,,
1583,20241114,2024-11-14,17.1,13,Fix validation of COPY's FORCE_NOT_NULL and FORCE_NULL options (Joel Jacobson) §,Fix validation of COPY's FORCE_NOT_NULL and FORCE_NULL options (Joel Jacobson) § Some incorrect usages are now rejected as they should be.,,Other functionality,9,core_server,pgsql-hackers,false,1,3,26,4,30,true,false,,,,,0,,
1586,20241114,2024-11-14,17.1,16,"Avoid crash when ALTER DATABASE SET is used to set a server parameter that requires search-path-based lookup, such as default_text_search_config (Jeff Davis) §","Avoid crash when ALTER DATABASE SET is used to set a server parameter that requires search-path-based lookup, such as default_text_search_config (Jeff Davis) §",,Crash & corruption,2,core_server,pgsql-bugs,false,1,1,19,9,28,false,false,,,,,0,,
1587,20241114,2024-11-14,17.1,17,Avoid repeated lookups of opclasses and collations while creating a new index on a partitioned table (Tom Lane) §,"Avoid repeated lookups of opclasses and collations while creating a new index on a partitioned table (Tom Lane) § This was problematic mainly because some of the lookups would be done with a restricted search_path , leading to unexpected failures if the CREATE INDEX command referenced objects outside pg_catalog . This fix also prevents comments on the parent partitioned index from being copied to child indexes.",,Other functionality,9,extensions_contrib,pgsql-bugs,false,1,7,105,51,156,true,false,,,,,1,18637,8
1588,20241114,2024-11-14,17.1,18,Add missing dependency from a partitioned table to a non-built-in access method specified in CREATE TABLE ... USING (Michael Paquier) §,"Add missing dependency from a partitioned table to a non-built-in access method specified in CREATE TABLE ... USING (Michael Paquier) § Dropping the access method should be blocked when a table exists that depends on it, but it was not, allowing subsequent odd behavior. Note that this fix only prevents problems for partitioned tables created after this update.",,Other functionality,9,core_server,pgsql-bugs,false,1,3,28,2,30,true,false,,,,,1,18674,2
1602,20241114,2024-11-14,17.1,32,Fix psql 's describe commands to again work with pre-9.4 servers (Tom Lane) §,"Fix psql 's describe commands to again work with pre-9.4 servers (Tom Lane) § Commands involving display of an ACL (permissions) column failed with very old PostgreSQL servers, due to use of a function not present in those versions.",,Client tools,5,client_tools,pgsql-hackers,false,1,1,1,1,2,false,false,,,,,0,,
1604,20241114,2024-11-14,17.1,34,Fix failure to find replication password in ~/.pgpass (Tom Lane) §,"Fix failure to find replication password in ~/.pgpass (Tom Lane) § pg_basebackup and pg_receivewal failed to match an entry in ~/.pgpass that had replication in the database name field, if no -d or --dbname switch was supplied. This resulted in an unexpected prompt for password.",,Replication & recovery,4,replication_recovery,pgsql-bugs,false,1,3,24,14,38,false,false,,,,,1,18685,0
1605,20241114,2024-11-14,17.1,35,"In pg_combinebackup , throw an error if an incremental backup file is present in a directory that is supposed to contain a full backup (Robert Haas) §","In pg_combinebackup , throw an error if an incremental backup file is present in a directory that is supposed to contain a full backup (Robert Haas) §",,Other functionality,9,client_tools,pgsql-hackers,false,1,3,75,0,75,false,false,,,,,0,,
1606,20241114,2024-11-14,17.1,36,"In pg_combinebackup , don't construct filenames containing double slashes (Robert Haas) §","In pg_combinebackup , don't construct filenames containing double slashes (Robert Haas) § This caused no functional problems, but the duplicate slashes were visible in error messages, which could create confusion.",,Other functionality,9,client_tools,pgsql-hackers,false,1,1,9,4,13,false,false,,,,,0,,
1619,20250213,2025-02-13,17.3,1,Restore auto-truncation of database and user names appearing in connection requests (Nathan Bossart) §,"Restore auto-truncation of database and user names appearing in connection requests (Nathan Bossart) § This reverts a v17 change that proved to cause trouble for some users. Over-length names should be truncated in an encoding-aware fashion, but for now just return to the former behavior of blind truncation at NAMEDATALEN-1 bytes.",,Other functionality,9,core_server,pgsql-bugs,false,1,1,9,0,9,false,false,,,,,1,18711,26
1621,20250213,2025-02-13,17.3,3,Drop Lock suffix from LWLock wait event names (Bertrand Drouvot) §,"Drop Lock suffix from LWLock wait event names (Bertrand Drouvot) § Refactoring unintentionally caused the pg_stat_activity view to show lock-related wait event names with a Lock suffix, which among other things broke joining it to pg_wait_events .",,Other functionality,9,core_server,pgsql-bugs,false,1,2,3,2,5,false,false,,,,,1,18728,6
1622,20250213,2025-02-13,17.3,4,Fix possible failure to return all matching tuples for a btree index scan with a ScalarArrayOp ( = ANY ) condition (Peter Geoghegan) §,Fix possible failure to return all matching tuples for a btree index scan with a ScalarArrayOp ( = ANY ) condition (Peter Geoghegan) §,,Other functionality,9,core_server,pgsql-hackers,false,1,1,6,2,8,false,false,,,,,0,,
1632,20250213,2025-02-13,17.3,14,Fix pg_get_constraintdef 's support for NOT NULL constraints on domains (Álvaro Herrera) §,Fix pg_get_constraintdef 's support for NOT NULL constraints on domains (Álvaro Herrera) §,,Other functionality,9,tests,pgsql-bugs,false,1,2,25,0,25,true,false,,,,,0,,
1634,20250213,2025-02-13,17.3,16,"When deparsing a PASSING clause in a SQL/JSON query function, ensure that variable names are double-quoted when necessary (Dean Rasheed) §","When deparsing a PASSING clause in a SQL/JSON query function, ensure that variable names are double-quoted when necessary (Dean Rasheed) §",,Other functionality,9,core_server,pgsql-hackers,false,1,3,22,5,27,true,false,,,,,0,,
1637,20250213,2025-02-13,17.3,19,Fix planning of pre-sorted UNION operations for cases where the input column datatypes don't all match (David Rowley) §,"Fix planning of pre-sorted UNION operations for cases where the input column datatypes don't all match (David Rowley) § This error could lead to sorting data with the wrong sort operator, with consequences ranging from no visible problem to core dumps.",,Other functionality,9,planner,pgsql-bugs,false,1,1,22,2,24,false,false,,,,,1,18764,7
1642,20250213,2025-02-13,17.3,24,"Give the slotsync worker process its own process slot (Tom Lane, Hou Zhijie) §","Give the slotsync worker process its own process slot (Tom Lane, Hou Zhijie) § This was overlooked in the addition of the slotsync worker, with the result that its process slot effectively came out of the pool meant for regular backend processes. This could result in failure to launch the worker, or to subsequent failures of connection requests that should have succeeded according to the configured settings, if the number of regular backend processes approached max_connections .",,Replication & recovery,4,core_server,pgsql-hackers,false,1,4,44,24,68,false,false,,,,,0,,
1645,20250213,2025-02-13,17.3,27,Correct miscalculation of SLRU bank numbers (Yura Sokolov) §,"Correct miscalculation of SLRU bank numbers (Yura Sokolov) § This error led to using a smaller number of banks than intended, causing more contention but no functional misbehavior.",,Wrong results & planner,3,core_server,pgsql-hackers,false,1,2,6,9,15,false,false,,,,,0,,
1652,20250213,2025-02-13,17.3,34,Avoid crash when a background process tries to check a new value of synchronized_standby_slots (Álvaro Herrera) §,Avoid crash when a background process tries to check a new value of synchronized_standby_slots (Álvaro Herrera) §,,Crash & corruption,2,replication_recovery,pgsql-hackers,false,1,1,17,27,44,false,false,,,,,0,,
1655,20250213,2025-02-13,17.3,37,"Avoid potential use-after-free in parallel vacuum (Vallimaharajan G, John Naylor) §","Avoid potential use-after-free in parallel vacuum (Vallimaharajan G, John Naylor) § This bug seems to have no consequences in standard builds, but it's theoretically a hazard.",,Crash & corruption,2,core_server,pgsql-bugs,false,1,2,9,15,24,false,false,,,,,0,,
1661,20250213,2025-02-13,17.3,43,Avoid valgrind complaints about string hashing code (John Naylor) §,Avoid valgrind complaints about string hashing code (John Naylor) §,,Other functionality,9,core_server,pgsql-hackers,false,1,1,10,36,46,false,false,,,,,0,,
1664,20250213,2025-02-13,17.3,46,Avoid data loss when starting a bulk write on a relation fork that already contains data (Matthias van de Meent) §,"Avoid data loss when starting a bulk write on a relation fork that already contains data (Matthias van de Meent) § Any pre-existing data was overwritten with zeroes. This is not an issue for core PostgreSQL , which never does that. Some extensions would like to, however.",,Crash & corruption,2,core_server,pgsql-hackers,false,1,1,11,8,19,false,false,,,,,0,,
1665,20250213,2025-02-13,17.3,47,Avoid crash if a server process tried to iterate over a shared radix tree that it didn't create (Masahiko Sawada) §,"Avoid crash if a server process tried to iterate over a shared radix tree that it didn't create (Masahiko Sawada) § There is no code in core PostgreSQL that does this, but an extension might wish to.",,Crash & corruption,2,core_server,pgsql-hackers,false,1,1,10,0,10,false,false,,,,,0,,
1671,20250213,2025-02-13,17.3,53,Add psql tab completion for COPY (MERGE INTO) (Jian He) §,Add psql tab completion for COPY (MERGE INTO) (Jian He) §,,Client tools,5,client_tools,pgsql-hackers,false,1,1,1,1,2,false,false,,,,,0,,
1680,20250213,2025-02-13,17.3,62,Detect version mismatch between contrib/pageinspect 's SQL declarations and the underlying shared library (Tomas Vondra) §,"Detect version mismatch between contrib/pageinspect 's SQL declarations and the underlying shared library (Tomas Vondra) § Previously, such a mismatch could result in a crash while calling brin_page_items() . Instead throw an error recommending updating the extension.",,Crash & corruption,2,extensions_contrib,pgsql-bugs,false,1,3,40,0,40,false,false,,,,,0,,
1681,20250213,2025-02-13,17.3,63,"When trying to cancel a remote query in contrib/postgres_fdw , re-issue the cancel request a few times if it didn't seem to do anything (Tom Lane) §","When trying to cancel a remote query in contrib/postgres_fdw , re-issue the cancel request a few times if it didn't seem to do anything (Tom Lane) § This fixes a race condition where we might try to cancel a just-sent query before the remote server has started to process it, so that the initial cancel request is ignored.",,Crash & corruption,2,extensions_contrib,pgsql-hackers,false,1,3,84,24,108,false,false,,,,,0,,
1689,20250220,2025-02-20,17.4,1,Fix small memory leak in pg_createsubscriber (Ranier Vilela) §,Fix small memory leak in pg_createsubscriber (Ranier Vilela) §,,Crash & corruption,2,replication_recovery,pgsql-hackers,true,1,1,13,12,25,false,false,,,,,0,,
1698,20250508,2025-05-08,17.5,7,Fix misprocessing of casts within the keys of JSON constructor expressions (Amit Langote) §,Fix misprocessing of casts within the keys of JSON constructor expressions (Amit Langote) §,,Other functionality,9,core_server,pgsql-hackers,false,1,3,24,1,25,true,false,,,,,0,,
1708,20250508,2025-05-08,17.5,17,Fix erroneous deductions from column NOT NULL constraints in the presence of outer joins (Richard Guo) §,"Fix erroneous deductions from column NOT NULL constraints in the presence of outer joins (Richard Guo) § In some cases the planner would discard an IS NOT NULL query condition, even though the condition applies after an outer join and thus is not redundant.",,Wrong results & planner,3,planner,pgsql-bugs,false,1,3,175,93,268,true,false,,,,,0,,
1709,20250508,2025-05-08,17.5,18,Avoid incorrect optimizations based on IS [NOT] NULL tests that are applied to composite values (Bruce Momjian) §,Avoid incorrect optimizations based on IS [NOT] NULL tests that are applied to composite values (Bruce Momjian) §,,Other functionality,9,planner,pgsql-hackers,false,1,2,16,1,17,false,false,,,,,0,,
1711,20250508,2025-05-08,17.5,20,Fix incorrect table size estimate with low fill factor (Tomas Vondra) §,"Fix incorrect table size estimate with low fill factor (Tomas Vondra) § When the planner estimates the number of rows in a never-yet-analyzed table, it uses the table's fillfactor setting in the estimation, but it neglected to clamp the result to at least one row per page. A low fillfactor could thus result in an unreasonably small estimate.",,Wrong results & planner,3,core_server,pgsql-hackers,false,1,3,36,0,36,true,false,,,,,0,,
1718,20250508,2025-05-08,17.5,27,Cope with possible intra-query changes of io_combine_limit (Thomas Munro) §,Cope with possible intra-query changes of io_combine_limit (Thomas Munro) §,,Other functionality,9,core_server,pgsql-hackers,false,1,1,27,11,38,false,false,,,,,0,,
1724,20250508,2025-05-08,17.5,33,Fix over-enthusiastic freeing of SpecialJoinInfo structs during planning (Richard Guo) §,Fix over-enthusiastic freeing of SpecialJoinInfo structs during planning (Richard Guo) § This led to crashes during planning if partitionwise joining is enabled.,,Crash & corruption,2,planner,pgsql-bugs,false,1,3,64,9,73,true,false,,,,,1,18806,7
1730,20250508,2025-05-08,17.5,39,Fix crash in logical replication if the subscriber's partitioned table has a BRIN index (Tom Lane) §,Fix crash in logical replication if the subscriber's partitioned table has a BRIN index (Tom Lane) §,,Crash & corruption,2,replication_recovery,pgsql-bugs,false,1,3,35,17,52,true,false,,,,,1,18815,2
1734,20250508,2025-05-08,17.5,43,Fix order of operations in smgropen() (Andres Freund) §,"Fix order of operations in smgropen() (Andres Freund) § Ensure that the SMgrRelation object is fully initialized before calling the smgr_open callback, so that it can be cleaned up properly if the callback fails.",,Other functionality,9,core_server,pgsql-hackers,false,1,1,3,3,6,false,false,,,,,0,,
1737,20250508,2025-05-08,17.5,46,Avoid assertion failure in parallel vacuum when maintenance_work_mem has a very small value (Masahiko Sawada) §,Avoid assertion failure in parallel vacuum when maintenance_work_mem has a very small value (Masahiko Sawada) §,,Crash & corruption,2,core_server,pgsql-hackers,false,1,3,30,2,32,true,false,,,,,0,,
1743,20250508,2025-05-08,17.5,52,Fix reindexdb 's scheduling of parallel reindex operations (Alexander Korotkov) §,Fix reindexdb 's scheduling of parallel reindex operations (Alexander Korotkov) § The original coding failed to achieve the expected amount of parallelism.,,Client tools,5,client_tools,pgsql-hackers,false,1,1,73,62,135,false,false,,,,,0,,
1746,20250508,2025-05-08,17.5,55,"In contrib/postgres_fdw , avoid pulling up restriction conditions from subqueries (Alexander Pyhalov) §","In contrib/postgres_fdw , avoid pulling up restriction conditions from subqueries (Alexander Pyhalov) § This fix prevents rare cases of unexpected expression in subquery output errors.",,Extensions & contrib,6,extensions_contrib,pgsql-bugs,false,1,3,79,8,87,false,false,,,,,1,18852,9
1747,20250508,2025-05-08,17.5,56,Fix build failure when an old version of libpq_fe.h is present in system include directories (Tom Lane) §,Fix build failure when an old version of libpq_fe.h is present in system include directories (Tom Lane) §,,Client tools,5,tests,pgsql-hackers,false,1,1,1,1,2,true,false,,,,,0,,
1749,20250508,2025-05-08,17.5,58,Fix valgrind labeling of per-buffer data of read streams (Thomas Munro) §,"Fix valgrind labeling of per-buffer data of read streams (Thomas Munro) § This affects no core code in released versions of PostgreSQL , but an extension using the per-buffer data feature might have encountered spurious failures when being tested under valgrind.",,Other functionality,9,core_server,pgsql-hackers,false,1,1,2,2,4,false,false,,,,,0,,
1750,20250508,2025-05-08,17.5,59,Avoid valgrind complaints about string hashing code (John Naylor) §,Avoid valgrind complaints about string hashing code (John Naylor) §,,Other functionality,9,core_server,pgsql-hackers,false,1,1,3,23,26,false,false,,,,,0,,
1756,20250814,2025-08-14,17.6,5,Fix MERGE problems with concurrent updates (Dean Rasheed) §,"Fix MERGE problems with concurrent updates (Dean Rasheed) § If a MERGE inside a CTE attempts an update or delete on a table with BEFORE ROW triggers, and a concurrent UPDATE or DELETE changes the target row, the MERGE command would fail (crashing in the case of an update action, and potentially executing the wrong action in the case of a delete action).",,Crash & corruption,2,core_server,pgsql-bugs,false,1,6,89,50,139,true,false,,,,,1,18986,3
1764,20250814,2025-08-14,17.6,13,Ensure that the table's free-space map is updated in a timely way when vacuuming a table that has no indexes (Masahiko Sawada) §,Ensure that the table's free-space map is updated in a timely way when vacuuming a table that has no indexes (Masahiko Sawada) § A previous optimization caused FSM vacuuming to sometimes be skipped for such tables.,,Other functionality,9,core_server,pgsql-hackers,false,1,1,12,7,19,false,false,,,,,0,,
1769,20250814,2025-08-14,17.6,18,Fix inconsistent spelling of LWLock names for MultiXactOffsetSLRU and MultiXactMemberSLRU (Bertrand Drouvot) §,"Fix inconsistent spelling of LWLock names for MultiXactOffsetSLRU and MultiXactMemberSLRU (Bertrand Drouvot) § This resulted in different wait-event names being displayed in pg_wait_events and pg_stat_activity , potentially breaking monitoring queries that join those views.",,Other functionality,9,core_server,pgsql-hackers,false,1,1,2,2,4,false,false,,,,,0,,
1775,20250814,2025-08-14,17.6,24,Avoid unexpected server shutdown when replication slot synchronization is misconfigured (Fujii Masao) §,"Avoid unexpected server shutdown when replication slot synchronization is misconfigured (Fujii Masao) § The postmaster process would report an error (and then stop) if sync_replication_slots was set to true while wal_level was less than logical . The desired behavior is just that slot synchronization should be disabled, so reduce this error message's level to avoid postmaster shutdown.",,Replication & recovery,4,replication_recovery,pgsql-bugs,false,1,1,4,4,8,false,false,,,,,0,,
1784,20250814,2025-08-14,17.6,33,Fix possible crash after out-of-memory when allocating large chunks with the bump allocator (Tom Lane) §,Fix possible crash after out-of-memory when allocating large chunks with the bump allocator (Tom Lane) §,,Crash & corruption,2,core_server,unknown_or_internal_not_security,false,1,1,1,1,2,false,false,,,,,0,,
1791,20250814,2025-08-14,17.6,40,Fix libpq 's PQcancelCreate() function for the case where the server's address was specified using hostaddr (Sergei Kornilov) §,Fix libpq 's PQcancelCreate() function for the case where the server's address was specified using hostaddr (Sergei Kornilov) § libpq would crash if the resulting cancel object was actually used.,,Crash & corruption,2,client_tools,pgsql-bugs,false,1,1,1,0,1,false,false,,,,,1,18974,1
1798,20250814,2025-08-14,17.6,47,Fix duplicate transaction replay when initializing a subscription with pg_createsubscriber (Shlok Kyal) §,Fix duplicate transaction replay when initializing a subscription with pg_createsubscriber (Shlok Kyal) § It was possible for the last transaction processed during subscriber recovery to be sent again once normal replication begins.,,Replication & recovery,4,replication_recovery,pgsql-bugs,false,1,1,10,1,11,false,false,,,,,1,18897,99
1799,20250814,2025-08-14,17.6,48,"Ensure that pg_dump dumps comments on not-null constraints on domain types (Jian He, Álvaro Herrera) §","Ensure that pg_dump dumps comments on not-null constraints on domain types (Jian He, Álvaro Herrera) §",,Client tools,5,client_tools,pgsql-hackers,false,1,4,160,49,209,false,false,,,,,0,,
1802,20250814,2025-08-14,17.6,51,Fix incorrect parsing of object types in pg_dump filter files (Fujii Masao) §,"Fix incorrect parsing of object types in pg_dump filter files (Fujii Masao) § Treat keywords as extending to the next whitespace, rather than stopping at the first non-alphanumeric character as before. This makes no difference for valid keywords, but it allows some error cases to be recognized properly. For example, table-data will now be rejected, whereas previously it was misinterpreted as table .",,Client tools,5,client_tools,pgsql-hackers,false,1,2,18,9,27,false,false,,,,,0,,
1803,20250814,2025-08-14,17.6,52,pg_restore failed to restore large objects (BLOBs) from directory-format dumps made by pg_dump versions before PostgreSQL v12 (Pavel Stehule) §,pg_restore failed to restore large objects (BLOBs) from directory-format dumps made by pg_dump versions before PostgreSQL v12 (Pavel Stehule) §,,Client tools,5,client_tools,pgsql-hackers,false,1,1,8,3,11,false,false,,,,,0,,
1805,20250814,2025-08-14,17.6,54,Don't require that the target installation have max_slot_wal_keep_size set to its default during pg_upgrade (Dilip Kumar) §,Don't require that the target installation have max_slot_wal_keep_size set to its default during pg_upgrade (Dilip Kumar) §,,Client tools,5,replication_recovery,pgsql-bugs,false,1,5,14,77,91,false,false,,,,,1,18979,5
1810,20250814,2025-08-14,17.6,59,Prevent assertion failure in contrib/pg_prewarm (Masahiro Ikeda) §,"Prevent assertion failure in contrib/pg_prewarm (Masahiro Ikeda) § Applying pg_prewarm() to a relation lacking storage (such as a view) caused an assertion failure, although there was no ill effect in non-assert builds. Add an error check to reject that case.",,Crash & corruption,2,extensions_contrib,pgsql-hackers,false,1,5,35,0,35,false,false,,,,,0,,
1824,20251113,2025-11-13,17.7,2,Prevent unrecognized node type errors when a SQL/JSON function such as JSON_VALUE has a DEFAULT clause containing a COLLATE expression (Jian He) § §,Prevent unrecognized node type errors when a SQL/JSON function such as JSON_VALUE has a DEFAULT clause containing a COLLATE expression (Jian He) § §,,Other functionality,9,core_server,pgsql-hackers,false,2,2,5,5,10,true,false,,,,,0,,
1842,20251113,2025-11-13,17.7,20,Avoid potential use-after-free in parallel vacuum (Kevin Oommen Anish) §,"Avoid potential use-after-free in parallel vacuum (Kevin Oommen Anish) § This bug seems to have no consequences in standard builds, but it's theoretically a hazard.",,Crash & corruption,2,core_server,pgsql-bugs,false,2,1,2,0,2,false,false,,,,,0,,
1846,20251113,2025-11-13,17.7,24,Avoid leaking SMgrRelation objects in the startup process (Jingtang Zhang) §,"Avoid leaking SMgrRelation objects in the startup process (Jingtang Zhang) § In a long-running standby server, the hashtable holding these objects could bloat substantially, because there was no mechanism for freeing no-longer-interesting entries.",,Replication & recovery,4,replication_recovery,pgsql-hackers,false,1,1,16,0,16,false,false,,,,,0,,
1854,20251113,2025-11-13,17.7,32,Avoid failures when synchronized_standby_slots references nonexistent replication slots (Shlok Kyal) §,Avoid failures when synchronized_standby_slots references nonexistent replication slots (Shlok Kyal) §,,Replication & recovery,4,replication_recovery,pgsql-hackers,false,2,3,41,43,84,true,false,,,,,0,,
1870,20251113,2025-11-13,17.7,48,Fix dumping of non-inherited not-null constraints on inherited table columns (Dilip Kumar) §,Fix dumping of non-inherited not-null constraints on inherited table columns (Dilip Kumar) § pg_dump failed to preserve such constraints when dumping from a pre-v18 server.,,Client tools,5,client_tools,pgsql-bugs,false,2,3,14,3,17,true,false,,,,,1,19074,13
1879,20251113,2025-11-13,17.7,57,Fix per-file memory leakage in pg_combinebackup (Tom Lane) §,Fix per-file memory leakage in pg_combinebackup (Tom Lane) §,,Crash & corruption,2,client_tools,unknown_or_internal_not_security,false,2,1,2,0,2,false,false,,,,,0,,
1899,20260212,2026-02-12,17.8,12,Fix erroneous counting of updates in EXPLAIN ANALYZE MERGE with a concurrent update (Dean Rasheed) §,"Fix erroneous counting of updates in EXPLAIN ANALYZE MERGE with a concurrent update (Dean Rasheed) § This situation led to an incorrect count of skipped tuples in EXPLAIN's output, or to an assertion failure in an assert-enabled build.",,Crash & corruption,2,core_server,pgsql-bugs,false,2,3,217,0,217,true,false,,,,,1,19111,3
1902,20260212,2026-02-12,17.8,15,"Fix incorrect handling of incremental backups of large tables (Robert Haas, Oleg Tkachenko) §","Fix incorrect handling of incremental backups of large tables (Robert Haas, Oleg Tkachenko) § If a table exceeding 1GB (or in general, the installation's segment size) is truncated by VACUUM between the base backup and the incremental backup, pg_combinebackup could fail with an error about truncation block length in excess of segment size . This prevented restoring the incremental backup.",,Other functionality,9,client_tools,pgsql-hackers,false,2,3,116,0,116,false,false,,,,,0,,
1910,20260212,2026-02-12,17.8,23,Allow retrying initialization of a DSM registry entry (Nathan Bossart) §,"Allow retrying initialization of a DSM registry entry (Nathan Bossart) § If we fail partway through initialization of a dynamic shared memory entry, allow the next attempt to use that entry to retry initialization. Previously the entry was left in a permanently-failed state.",,Other functionality,9,core_server,pgsql-hackers,false,2,1,78,43,121,false,false,,,,,0,,
1918,20260212,2026-02-12,17.8,31,Fix logical replication slotsync worker processes to handle LOCK_TIMEOUT signals correctly (Zhijie Hou) §,"Fix logical replication slotsync worker processes to handle LOCK_TIMEOUT signals correctly (Zhijie Hou) § Previously, timeout signals were effectively ignored.",,Replication & recovery,4,replication_recovery,pgsql-hackers,false,2,1,10,5,15,false,false,,,,,0,,
1920,20260212,2026-02-12,17.8,33,Fix error reporting for SQL/JSON path type mismatches (Jian He) §,Fix error reporting for SQL/JSON path type mismatches (Jian He) § The code could produce a cache lookup failed for type 0 error instead of the intended complaint about the path expression not being of the right type.,,Other functionality,9,core_server,pgsql-hackers,false,2,3,25,8,33,true,false,,,,,0,,
1929,20260212,2026-02-12,17.8,42,Avoid pg_dump assertion failure in binary-upgrade mode (Vignesh C) §,"Avoid pg_dump assertion failure in binary-upgrade mode (Vignesh C) § Failure to handle subscription-relation objects in the object sorting code triggered an assertion, though there were no serious ill effects in production builds.",,Crash & corruption,2,client_tools,pgsql-hackers,false,2,3,32,15,47,false,false,,,,,0,,
1930,20260212,2026-02-12,17.8,43,Fix incorrect error handling in pgbench with multiple \syncpipeline commands in pipeline mode (Yugo Nagata) §,"Fix incorrect error handling in pgbench with multiple \syncpipeline commands in pipeline mode (Yugo Nagata) § If multiple \syncpipeline commands are encountered after a query error, pgbench would report failed to exit pipeline mode , or get an assertion failure in an assert-enabled build.",,Crash & corruption,2,client_tools,pgsql-hackers,false,2,1,28,11,39,false,false,,,,,0,,
1946,20260514,2026-05-14,17.10,2,Properly quote subscription names in pg_createsubscriber (Nathan Bossart) §,"Properly quote subscription names in pg_createsubscriber (Nathan Bossart) § The given subscription name was inserted into SQL commands without quoting, so that SQL injection could be achieved in the (perhaps unlikely) case that the subscription name comes from an untrusted source. The PostgreSQL Project thanks Yu Kunpeng for reporting this problem. (CVE-2026-6476)",CVE-2026-6476,Security (CVE),0,replication_recovery,unknown_or_internal_security,false,2,1,8,3,11,false,false,1,1,7.2,HIGH,0,,
1975,20260514,2026-05-14,17.10,31,Fix no relation entry for relid 0 failure while estimating array lengths in set operations (Tender Wang) §,Fix no relation entry for relid 0 failure while estimating array lengths in set operations (Tender Wang) §,,Other functionality,9,core_server,pgsql-hackers,false,2,3,33,0,33,true,false,,,,,0,,
1977,20260514,2026-05-14,17.10,33,Fix incremental JSON parser's handling of numeric tokens that cross input buffer boundaries (Andrew Dunstan) §,"Fix incremental JSON parser's handling of numeric tokens that cross input buffer boundaries (Andrew Dunstan) § It was possible to accept an incorrectly-formatted number, leading to failures later.",,Other functionality,9,core_server,unknown_or_internal_not_security,false,2,1,55,6,61,false,false,,,,,0,,
1978,20260514,2026-05-14,17.10,34,Prevent bloating relation visibility maps during restore of an incremental backup (Robert Haas) §,"Prevent bloating relation visibility maps during restore of an incremental backup (Robert Haas) § Restore could append many blocks of zeroes to a visibility map, due to incorrect computation of the expected file length. This does not result in data corruption, but it could waste a substantial amount of disk space.",,Crash & corruption,2,core_server,pgsql-hackers,false,2,4,42,4,46,false,false,,,,,0,,
1979,20260514,2026-05-14,17.10,35,"Use C collation, not the database's default collation, in catalog cache lookups on text columns (Jeff Davis) §","Use C collation, not the database's default collation, in catalog cache lookups on text columns (Jeff Davis) § This avoids failures in edge cases such as physical replication startup, where there is no identified database so that a default collation cannot be determined.",,Replication & recovery,4,core_server,unknown_or_internal_not_security,false,2,1,16,5,21,false,false,,,,,0,,
1980,20260514,2026-05-14,17.10,36,"Prevent stuck slotsync worker processes from blocking promotion of a standby server (Nisha Moond, Ajin Cherian) § § §","Prevent stuck slotsync worker processes from blocking promotion of a standby server (Nisha Moond, Ajin Cherian) § § § A worker process that was vainly waiting for a response from the primary would delay promotion for an unreasonable amount of time.",,Replication & recovery,4,core_server,pgsql-hackers,false,2,5,115,44,159,false,false,,,,,0,,
1981,20260514,2026-05-14,17.10,37,Fix excessive log output from idle slotsync worker processes (Zhijie Hou) §,Fix excessive log output from idle slotsync worker processes (Zhijie Hou) §,,Other functionality,9,replication_recovery,pgsql-hackers,false,2,1,14,2,16,false,false,,,,,0,,
1986,20260514,2026-05-14,17.10,42,Fix indexing of oldest-multixact arrays in shared memory (Yura Sokolov) § §,"Fix indexing of oldest-multixact arrays in shared memory (Yura Sokolov) § § This mistake could cause a prepared-but-not-yet-committed transaction's row locks to appear invisible to other sessions, or other visibility issues for the results of such a transaction. With a very small max_connections setting, memory stomps were also possible.",,Other functionality,9,tests,pgsql-hackers,false,2,2,55,0,55,true,false,,,,,0,,
2036,20260813,2026-08-13,17.11,35,Fix attaching partitions of indexes that are exclusion constraints (Japin Li) §,"Fix attaching partitions of indexes that are exclusion constraints (Japin Li) § Notably, this oversight broke dump/restore of partitioned exclusion constraints.",,Other functionality,9,core_server,pgsql-bugs,false,2,3,43,2,45,true,false,,,,,0,,
2044,20260813,2026-08-13,17.11,43,Defend against truncated UTF-8 characters in case-conversion logic (Jeff Davis) §,Defend against truncated UTF-8 characters in case-conversion logic (Jeff Davis) §,,Security hardening (no CVE),1,core_server,pgsql-hackers,false,2,3,70,14,84,false,false,,,,,0,,
2050,20260813,2026-08-13,17.11,49,Fix jsonpath 's .decimal method to not throw a hard error for incorrect precision or scale (Ewan Young) § §,"Fix jsonpath 's .decimal method to not throw a hard error for incorrect precision or scale (Ewan Young) § § Silent mode should suppress these errors, but failed to.",,Other functionality,9,core_server,pgsql-hackers,false,2,5,73,38,111,true,false,,,,,0,,
2052,20260813,2026-08-13,17.11,51,Ensure that SQL/JSON ON EMPTY / ON ERROR DEFAULT values are coerced to the correct typmod (Ewan Young) §,"Ensure that SQL/JSON ON EMPTY / ON ERROR DEFAULT values are coerced to the correct typmod (Ewan Young) § For example, the declared precision and scale of a numeric target column were not applied to the default value.",,Other functionality,9,core_server,pgsql-hackers,false,2,5,64,1,65,true,false,,,,,0,,
2057,20260813,2026-08-13,17.11,56,Fix the order in which autovacuum processes databases (Rustam Khamidullin) §,"Fix the order in which autovacuum processes databases (Rustam Khamidullin) § It was unintentionally processing databases from lowest to highest score, when it should be doing the reverse.",,Other functionality,9,core_server,pgsql-hackers,false,2,1,2,2,4,false,false,,,,,0,,
2058,20260813,2026-08-13,17.11,57,Fix memory leak in parallel vacuum worker processes (Baji Shaik) §,"Fix memory leak in parallel vacuum worker processes (Baji Shaik) § Progress reports from a parallel worker leaked about 1kB per report, with the waste accumulating for the life of the worker process.",,Crash & corruption,2,core_server,pgsql-hackers,false,2,1,0,2,2,false,false,,,,,0,,
2062,20260813,2026-08-13,17.11,61,Avoid possible double-free or infinite error recovery loop in resource cleanup during transaction abort (Tom Lane) §,Avoid possible double-free or infinite error recovery loop in resource cleanup during transaction abort (Tom Lane) §,,Replication & recovery,4,core_server,pgsql-bugs,false,2,1,15,5,20,false,false,,,,,1,19527,4
2068,20260813,2026-08-13,17.11,67,"Fix WAL logging of operations that clear bits in tables' visibility maps (Melanie Plageman, Andres Freund) § § §","Fix WAL logging of operations that clear bits in tables' visibility maps (Melanie Plageman, Andres Freund) § § § Such VM changes were missed by the WAL summarizer, potentially leading to incorrect incremental backups. We also failed to log full-page images of such VM pages when needed, potentially allowing torn page writes to go uncorrected. This could lead to misbehavior later, such as wrong results from index-only scans.",,Wrong results & planner,3,core_server,pgsql-hackers,false,2,3,84,46,130,false,false,,,,,0,,
2069,20260813,2026-08-13,17.11,68,Prevent WAL summarizer process from getting stuck at a timeline switch (Robert Haas) § §,Prevent WAL summarizer process from getting stuck at a timeline switch (Robert Haas) § §,,Replication & recovery,4,client_tools,pgsql-hackers,false,2,3,306,14,320,false,false,,,,,0,,
2077,20260813,2026-08-13,17.11,76,Do not try to clear pg_database . dathasloginevt locally on a standby server (Ayush Tiwari) §,"Do not try to clear pg_database . dathasloginevt locally on a standby server (Ayush Tiwari) § Event trigger cleanup tried to perform that action on standby servers as well as the primary. That can't work on a standby, and there's no need anyway since replay of the primary's database change will soon fix it.",,Replication & recovery,4,core_server,pgsql-bugs,false,2,3,136,2,138,true,false,,,,,1,19488,7
2078,20260813,2026-08-13,17.11,77,Avoid race condition while dropping obsolete replication slots (Xuneng Zhou) §,Avoid race condition while dropping obsolete replication slots (Xuneng Zhou) § An incorrect unlock and log message could occur if another session immediately re-used the dropped slot's shared-memory entry.,,Crash & corruption,2,replication_recovery,pgsql-hackers,false,2,1,13,10,23,false,false,,,,,0,,
2093,20260813,2026-08-13,17.11,92,"In pg_combinebackup , prevent infinite loop if the source file is shorter than expected (Peter Eisentraut) §","In pg_combinebackup , prevent infinite loop if the source file is shorter than expected (Peter Eisentraut) §",,Crash & corruption,2,client_tools,pgsql-hackers,false,2,1,3,0,3,false,false,,,,,0,,
2094,20260813,2026-08-13,17.11,93,Fix cleanup of publisher-side objects after errors in pg_createsubscriber (Nisha Moond) §,"Fix cleanup of publisher-side objects after errors in pg_createsubscriber (Nisha Moond) § When pg_createsubscriber fails after creating logical replication objects, it should remove the publication and replication slot that it created on the publisher. Some error cases failed to do so.",,Replication & recovery,4,replication_recovery,pgsql-hackers,false,2,1,0,2,2,false,false,,,,,0,,
2102,20260813,2026-08-13,17.11,101,"In contrib/pgcrypto , avoid double-free crash after encountering an error while using an OSSLCipher object (Yuelin Wang) §","In contrib/pgcrypto , avoid double-free crash after encountering an error while using an OSSLCipher object (Yuelin Wang) §",,Crash & corruption,2,extensions_contrib,pgsql-bugs,false,2,1,4,1,5,false,false,,,,,1,19527,4
2112,20251113,2025-11-13,18.1,3,Avoid incorrect optimization of variable-free HAVING clauses with grouping sets (Richard Guo) § §,Avoid incorrect optimization of variable-free HAVING clauses with grouping sets (Richard Guo) § §,,Other functionality,9,planner,pgsql-hackers,false,1,3,143,26,169,true,false,,,,,0,,
2113,20251113,2025-11-13,18.1,4,Do not use parallelism in hash right semi joins (Richard Guo) §,Do not use parallelism in hash right semi joins (Richard Guo) § The case does not work reliably due to a race condition in updating the join's shared hash table.,,Crash & corruption,2,planner,pgsql-bugs,false,1,3,62,6,68,true,false,,,,,1,19094,6
2114,20251113,2025-11-13,18.1,5,Avoid possible division-by-zero when creating ordered-append plans (Richard Guo) §,"Avoid possible division-by-zero when creating ordered-append plans (Richard Guo) § This mistake could result in incorrect selection of the cheapest path, or in an assertion failure in debug builds.",,Crash & corruption,2,planner,pgsql-bugs,false,1,3,49,7,56,true,false,,,,,1,19102,2
2115,20251113,2025-11-13,18.1,6,Fix planner failure with index types that can do ordered access but not index-only scans (Maxime Schoemans) §,"Fix planner failure with index types that can do ordered access but not index-only scans (Maxime Schoemans) § This oversight resulted in errors like no data returned for index-only scan . The case does not arise with any in-core index type, but some extensions encountered the problem.",,Wrong results & planner,3,core_server,pgsql-hackers,false,1,1,7,0,7,false,false,,,,,0,,
2117,20251113,2025-11-13,18.1,8,Avoid possible out-of-memory or invalid memory alloc request size failures during parallel GIN index build (Tomas Vondra) §,Avoid possible out-of-memory or invalid memory alloc request size failures during parallel GIN index build (Tomas Vondra) §,,Build & platform,8,core_server,pgsql-hackers,false,1,1,41,11,52,false,false,,,,,0,,
2121,20251113,2025-11-13,18.1,12,Fix rare crash when processing hashed GROUPING SETS queries (David Rowley) §,Fix rare crash when processing hashed GROUPING SETS queries (David Rowley) §,,Crash & corruption,2,core_server,pgsql-bugs,false,1,2,5,1,6,false,false,,,,,1,19078,7
2122,20251113,2025-11-13,18.1,13,Repair faulty hash-table-size-choosing logic in hash joins (Tomas Vondra) §,"Repair faulty hash-table-size-choosing logic in hash joins (Tomas Vondra) § Hash joins sometimes used more memory than intended, or failed to divide it in an efficient way.",,Other functionality,9,core_server,pgsql-hackers,false,1,1,64,58,122,false,false,,,,,0,,
2123,20251113,2025-11-13,18.1,14,Improve relation lookup logic in statistics manipulation functions (Nathan Bossart) § §,"Improve relation lookup logic in statistics manipulation functions (Nathan Bossart) § § Fix pg_restore_relation_stats() , pg_clear_relation_stats() , pg_restore_attribute_stats() , and pg_clear_attribute_stats() to check privileges before acquiring lock on the target relation rather than after.",,Client tools,5,planner,pgsql-hackers,false,1,5,103,87,190,true,false,,,,,0,,
2125,20251113,2025-11-13,18.1,16,"Fix crash during EvalPlanQual rechecks on partitioned tables (David Rowley, Amit Langote) §","Fix crash during EvalPlanQual rechecks on partitioned tables (David Rowley, Amit Langote) §",,Crash & corruption,2,core_server,pgsql-bugs,false,1,3,19,0,19,true,false,,,,,1,19078,7
2130,20251113,2025-11-13,18.1,21,Prevent setting a column as identity if it has a not-null constraint but the constraint is marked as invalid (Jian He) §,"Prevent setting a column as identity if it has a not-null constraint but the constraint is marked as invalid (Jian He) § Identity columns must be not-null, but the check for that missed this edge case.",,Other functionality,9,core_server,pgsql-hackers,false,1,3,32,0,32,true,false,,,,,0,,
2142,20251113,2025-11-13,18.1,33,Re-establish special case for C collation in locale setup (Jeff Davis) §,"Re-establish special case for C collation in locale setup (Jeff Davis) § This fixes a regression in access to shared catalogs early in backend startup, before a database has been selected. It is not known to be a problem for any core PostgreSQL code, but some extensions were broken.",,Build & platform,8,core_server,pgsql-hackers,false,1,2,18,31,49,false,false,,,,,0,,
2150,20251113,2025-11-13,18.1,41,Fix pg_dump 's sorting of foreign key constraints (Álvaro Herrera) §,"Fix pg_dump 's sorting of foreign key constraints (Álvaro Herrera) § Ensure consistent ordering of these database objects, as was already done for other object types.",,Client tools,5,client_tools,pgsql-bugs,false,1,1,2,1,3,false,false,,,,,1,19074,13
2158,20251113,2025-11-13,18.1,49,"In contrib/pg_stat_statements , avoid crash when two or more constants are marked as having the same location in the SQL statement text (Sami Imseih, Dmitry Dolgov) §","In contrib/pg_stat_statements , avoid crash when two or more constants are marked as having the same location in the SQL statement text (Sami Imseih, Dmitry Dolgov) §",,Crash & corruption,2,extensions_contrib,pgsql-hackers,false,1,3,123,16,139,false,false,,,,,0,,
2166,20260212,2026-02-12,18.2,4,Harden contrib/pg_trgm against changes in string lowercasing behavior (Heikki Linnakangas) § §,"Harden contrib/pg_trgm against changes in string lowercasing behavior (Heikki Linnakangas) § § Fix potential buffer overruns arising from the fact that in some locales lower-casing a string can produce more characters (not bytes) than were in the original. That behavior is new in version 18, and so is the bug. The PostgreSQL Project thanks Heikki Linnakangas for reporting this problem. (CVE-2026-2007)",CVE-2026-2007,Security (CVE),0,extensions_contrib,unknown_or_internal_security,false,1,2,185,91,276,false,false,1,1,8.2,HIGH,0,,
2167,20260212,2026-02-12,18.2,5,Fix inconsistent case-insensitive matching in contrib/ltree (Jeff Davis) § §,"Fix inconsistent case-insensitive matching in contrib/ltree (Jeff Davis) § § Index-related routines in ltree used a different implementation of case-folding than the primary operators did. Their behavior was equivalent only if the default collation provider was libc and the encoding was single-byte. To fix, change the code to use case-folding with the database's default collation. This change will require reindexing indexes on ltree columns (regardless of the index access method) unless the database uses libc as collation provider and its encoding is single-byte. Without that, searches of such indexes will fail to locate relevant entries.",,Extensions & contrib,6,extensions_contrib,pgsql-hackers,false,1,2,74,11,85,false,false,,,,,0,,
2168,20260212,2026-02-12,18.2,6,"When using ALTER TABLE ... ADD CONSTRAINT to add a not-null constraint with an explicit name, if the column is already marked NOT NULL, require that the provided name match the existing constraint name (Álvaro Herrera, Srinath Reddy Sadipiralla) §","When using ALTER TABLE ... ADD CONSTRAINT to add a not-null constraint with an explicit name, if the column is already marked NOT NULL, require that the provided name match the existing constraint name (Álvaro Herrera, Srinath Reddy Sadipiralla) §",,Other functionality,9,core_server,pgsql-bugs,false,1,5,29,5,34,true,false,,,,,1,19351,55
2171,20260212,2026-02-12,18.2,9,"Fix incorrect pruning of rowmarks belonging to non-relation rangetable entries, such as subqueries (Dean Rasheed) §","Fix incorrect pruning of rowmarks belonging to non-relation rangetable entries, such as subqueries (Dean Rasheed) § This led to incorrect results if a proposed row update needed to be modified by EvalPlanQual rechecking, as could happen if there was a concurrent update to that row.",,Wrong results & planner,3,core_server,pgsql-bugs,false,1,5,56,11,67,true,false,,,,,1,19355,32
2173,20260212,2026-02-12,18.2,11,Fix expression evaluation bug for a sub-select within an array subscript (Andres Freund) §,Fix expression evaluation bug for a sub-select within an array subscript (Andres Freund) §,,Other functionality,9,core_server,pgsql-bugs,false,1,4,41,11,52,true,false,,,,,1,19370,1
2174,20260212,2026-02-12,18.2,12,Fix text substring search for non-deterministic collations (Laurenz Albe) §,"Fix text substring search for non-deterministic collations (Laurenz Albe) § When using a non-deterministic collation, we failed to detect a match occurring at the very end of the searched string.",,Other functionality,9,core_server,pgsql-bugs,false,1,3,28,7,35,true,false,,,,,1,19341,4
2176,20260212,2026-02-12,18.2,14,Fix planner error with set-returning functions and grouping sets (Richard Guo) §,"Fix planner error with set-returning functions and grouping sets (Richard Guo) § When constructing a ProjectSet plan node, the planner failed to detect that subexpressions involving grouping expressions were already computed by the input plan. This led to inefficient plans or errors such as variable not found in subplan target list .",,Wrong results & planner,3,planner,pgsql-bugs,false,1,5,190,9,199,true,false,,,,,1,19353,13
2177,20260212,2026-02-12,18.2,15,Avoid incorrect optimization when a subquery's grouping clause contains a volatile or set-returning function (Richard Guo) §,"Avoid incorrect optimization when a subquery's grouping clause contains a volatile or set-returning function (Richard Guo) § The planner was willing to push down outer-query restrictions referencing such a grouping column, leading to incorrect behavior due to multiple evaluation of a volatile function, or errors caused by introduction of a set-returning function into the subquery's WHERE / HAVING clauses.",,Wrong results & planner,3,planner,pgsql-hackers,false,1,4,175,3,178,true,false,,,,,0,,
2178,20260212,2026-02-12,18.2,16,Look through PlaceHolderVar nodes when searching for statistics about an expression (Richard Guo) §,"Look through PlaceHolderVar nodes when searching for statistics about an expression (Richard Guo) § This change allows the planner to find relevant statistics about expressions pulled up from subqueries or used in GROUP BY , avoiding falling back to a default estimate. (Arguably we should adjust any found statistics to account for an increased probability of the value being NULL, but we've never done the equivalent thing for plain Vars either.) While this restriction is old, changes in PostgreSQL version 18 made PlaceHolderVars more common than before, so make the change to avoid plan regressions in affected cases.",,Wrong results & planner,3,core_server,pgsql-bugs,false,1,3,116,14,130,true,false,,,,,0,,
2179,20260212,2026-02-12,18.2,17,Look through no-op PlaceHolderVar nodes when matching expressions to indexes (Richard Guo) §,"Look through no-op PlaceHolderVar nodes when matching expressions to indexes (Richard Guo) § Because PostgreSQL version 18 uses PlaceHolderVars in more cases than before, some queries that formerly could use an index failed to do so. Add logic to prevent that regression.",,Other functionality,9,planner,pgsql-bugs,false,1,5,256,9,265,true,false,,,,,0,,
2180,20260212,2026-02-12,18.2,18,"Fix planner's conversion of OR clauses to ScalarArrayOp index conditions (Tender Wang, Tom Lane) §","Fix planner's conversion of OR clauses to ScalarArrayOp index conditions (Tender Wang, Tom Lane) § The code did not handle RelabelType nodes correctly, and could generate invalid expressions or fail to perform a valid conversion.",,Wrong results & planner,3,planner,pgsql-hackers,false,1,1,45,70,115,false,false,,,,,0,,
2183,20260212,2026-02-12,18.2,21,Use the correct ordering function in parallel GIN index builds (Tomas Vondra) §,"Use the correct ordering function in parallel GIN index builds (Tomas Vondra) § The parallel code used the default ordering operator (which is determined by the column data type's btree opclass), whereas it should use the ordering function specified by the GIN opclass, if any. This led to a failure if the data type has no btree opclass, or to an invalid index if the opclass specifies an ordering function that doesn't agree with the btree opclass.",,Other functionality,9,core_server,pgsql-hackers,false,1,1,22,5,27,false,false,,,,,0,,
2186,20260212,2026-02-12,18.2,24,Consider grouping expressions when computing a query ID hash (Jian He) §,"Consider grouping expressions when computing a query ID hash (Jian He) § Previously, two queries that were the same except in GROUP BY expressions would be merged by contrib/pg_stat_statements and other users of query IDs.",,Extensions & contrib,6,extensions_contrib,pgsql-hackers,false,1,3,114,2,116,false,false,,,,,0,,
2191,20260212,2026-02-12,18.2,29,Fix race condition in async I/O code (Andres Freund) §,Fix race condition in async I/O code (Andres Freund) § It was possible for the result code of an asynchronous I/O operation to be overwritten before it was fetched.,,Crash & corruption,2,core_server,pgsql-hackers,false,1,1,4,3,7,false,false,,,,,0,,
2199,20260212,2026-02-12,18.2,37,Avoid failure of NUMA status views when a page has been swapped out (Tomas Vondra) §,Avoid failure of NUMA status views when a page has been swapped out (Tomas Vondra) §,,Other functionality,9,core_server,pgsql-hackers,false,1,2,35,9,44,false,false,,,,,0,,
2200,20260212,2026-02-12,18.2,38,Avoid operation not permitted errors when querying NUMA page status with older libnuma versions (Tomas Vondra) §,Avoid operation not permitted errors when querying NUMA page status with older libnuma versions (Tomas Vondra) §,,Other functionality,9,core_server,pgsql-hackers,false,1,1,11,1,12,false,false,,,,,0,,
2215,20260212,2026-02-12,18.2,53,Fix aarch64-specific code to build with old (RHEL7-era) system header files (Tom Lane) § §,Fix aarch64-specific code to build with old (RHEL7-era) system header files (Tom Lane) § §,,Build & platform,8,core_server,pgsql-hackers,false,1,1,4,0,4,false,false,,,,,0,,
2216,20260212,2026-02-12,18.2,54,Fix incorrect configure probe for io_uring_queue_init_mem() (Masahiko Sawada) §,"Fix incorrect configure probe for io_uring_queue_init_mem() (Masahiko Sawada) § This error resulted in failure to optimize async I/O buffer allocations in autotools-based builds, though the code did work when building with meson. The main impact of the omission was slower-than-necessary backend process exits.",,Build & platform,8,core_server,pgsql-bugs,false,1,2,3,3,6,false,false,,,,,1,19368,0
2221,20260212,2026-02-12,18.2,59,Fix psql 's tab completion for VACUUM option values (Yugo Nagata) §,Fix psql 's tab completion for VACUUM option values (Yugo Nagata) §,,Client tools,5,client_tools,pgsql-hackers,false,1,1,24,18,42,false,false,,,,,0,,
2222,20260212,2026-02-12,18.2,60,"In psql command prompts, do not show a value for %P (pipeline status) when there is no server connection (Chao Li) §","In psql command prompts, do not show a value for %P (pipeline status) when there is no server connection (Chao Li) § This makes %P act like other prompt escape sequences whose values depend on the active connection.",,Client tools,5,client_tools,pgsql-hackers,false,1,1,2,2,4,false,false,,,,,0,,
2223,20260212,2026-02-12,18.2,61,Fix pg_dump 's logic for collecting sequence values (Nathan Bossart) § §,"Fix pg_dump 's logic for collecting sequence values (Nathan Bossart) § § pg_dump failed if a sequence was dropped concurrently with the dump, even if the sequence was not among the database objects to be dumped. Also, if the calling user lacks privileges to read a sequence's value, pg_dump emitted incorrect values rather than failing as expected.",,Wrong results & planner,3,client_tools,pgsql-bugs,false,1,1,3,1,4,false,false,,,,,1,19365,13
2224,20260212,2026-02-12,18.2,62,Fix potentially-incorrect quoting of oauth_validator_libraries values by pg_dump (ChangAo Chen) §,Fix potentially-incorrect quoting of oauth_validator_libraries values by pg_dump (ChangAo Chen) § pg_dump applied the wrong quoting rule if it needed to dump a value of this setting.,,Client tools,5,client_tools,pgsql-hackers,false,1,1,1,0,1,false,false,,,,,0,,
2232,20260212,2026-02-12,18.2,70,Fix excessive memory allocation in contrib/pg_buffercache (David Geier) §,Fix excessive memory allocation in contrib/pg_buffercache (David Geier) § The code allocated twice as much memory as it needed for NUMA page status.,,Extensions & contrib,6,extensions_contrib,pgsql-hackers,false,1,1,1,1,2,false,false,,,,,0,,
2235,20260212,2026-02-12,18.2,73,Avoid crash in contrib/pg_stat_statements when an IN list contains both constants and non-constant expressions (Sami Imseih) §,Avoid crash in contrib/pg_stat_statements when an IN list contains both constants and non-constant expressions (Sami Imseih) §,,Crash & corruption,2,extensions_contrib,pgsql-hackers,false,1,3,38,3,41,false,false,,,,,0,,
2238,20260226,2026-02-26,18.3,2,Fix oversight in the fix for CVE-2026-2007 (Zsolt Parragi) §,"Fix oversight in the fix for CVE-2026-2007 (Zsolt Parragi) § If the bounds array needed to be expanded, because the input contained more trigrams than the initial guess, generate_trgm_only didn't return the modified array pointer to its caller. That would lead to incorrect output from strict_word_similarity() and related functions, or in rare cases a crash. The faulty code is reached if the input string becomes longer when it's converted to lower case. The only known instances of that occur when an ICU locale is used with certain single-byte encodings.",CVE-2026-2007,Security (CVE),0,extensions_contrib,unknown_or_internal_security,true,1,1,1,1,2,false,false,1,1,8.2,HIGH,0,,
2239,20260226,2026-02-26,18.3,3,Fix the volatility marking of json_strip_nulls() and jsonb_strip_nulls() (Andrew Dunstan) §,"Fix the volatility marking of json_strip_nulls() and jsonb_strip_nulls() (Andrew Dunstan) § These functions have always been considered immutable, but refactoring in version 18 accidentally marked them stable instead. That prevents their use in index expressions and could cause unnecessary repeat evaluations in queries. This fix corrects the marking in newly-initialized database clusters (including clusters that are pg_upgrade 'd to 18.3 or later). However it will not help existing clusters made using 18.0 through 18.2. If this mistake affects your usage of these functions, the recommended fix for an existing cluster is a manual catalog update. As superuser, perform UPDATE pg_catalog.pg_proc SET provolatile = 'i' WHERE oid IN ('3261','3262'); in each affected database. Update template0 and template1 as well, so that databases made in future will have the fix.",,Client tools,5,core_server,pgsql-bugs,true,1,7,263,326,589,false,false,,,,,1,19409,5
2241,20260226,2026-02-26,18.3,5,Avoid name collisions between user-written constraints and automatically-named NOT NULL constraints (Laurenz Albe) §,"Avoid name collisions between user-written constraints and automatically-named NOT NULL constraints (Laurenz Albe) § As of version 18, NOT NULL constraints have full-fledged pg_constraint entries, and therefore require names. The logic for choosing a name for an unnamed NOT NULL constraint failed to avoid conflicts with user-written constraints elsewhere in the same CREATE TABLE statement.",,Other functionality,9,core_server,pgsql-bugs,true,1,5,34,8,42,true,false,,,,,1,19393,17
2250,20260514,2026-05-14,18.4,5,Detect faulty input when restoring attribute MCV statistics (Michael Paquier) §,"Detect faulty input when restoring attribute MCV statistics (Michael Paquier) § The statistics restore functions were insufficiently careful about validating most-common-value statistics, and would accept values that could crash the planner later on. The PostgreSQL Project thanks Jeroen Gui for reporting this problem. (CVE-2026-6575)",CVE-2026-6575,Security (CVE),0,planner,unknown_or_internal_security,false,1,5,248,5,253,true,false,1,1,4.3,MEDIUM,0,,
2261,20260514,2026-05-14,18.4,16,Improve planner's matching of partition key columns to sub-query outputs (Richard Guo) §,Improve planner's matching of partition key columns to sub-query outputs (Richard Guo) § Strip no-op PlaceHolderVars from operands before comparing them to partition keys. This change enables partition pruning to succeed in some cases where it previously failed to recognize that a partition need not be scanned.,,Wrong results & planner,3,planner,pgsql-hackers,false,1,8,320,97,417,true,false,,,,,0,,
2262,20260514,2026-05-14,18.4,17,"Fix self-join removal to handle join clauses that are bare boolean columns, e.g. ON t1.boolcol (Andrei Lepikhov, Tender Wang, Alexander Korotkov) §","Fix self-join removal to handle join clauses that are bare boolean columns, e.g. ON t1.boolcol (Andrei Lepikhov, Tender Wang, Alexander Korotkov) § Previously such a case led to a no relation entry for relid N error.",,Wrong results & planner,3,core_server,pgsql-bugs,false,1,3,23,3,26,true,false,,,,,1,19435,4
2263,20260514,2026-05-14,18.4,18,"Fix UPDATE/DELETE ... WHERE CURRENT OF to work on tables with virtual generated columns (Satyanarayana Narlapuram, Dean Rasheed) §","Fix UPDATE/DELETE ... WHERE CURRENT OF to work on tables with virtual generated columns (Satyanarayana Narlapuram, Dean Rasheed) §",,Other functionality,9,core_server,pgsql-hackers,false,1,6,77,19,96,true,false,,,,,0,,
2264,20260514,2026-05-14,18.4,19,"Fix expansion of virtual generated columns in EXCLUDED column references in INSERT ... ON CONFLICT (Satyanarayana Narlapuram, Dean Rasheed) §","Fix expansion of virtual generated columns in EXCLUDED column references in INSERT ... ON CONFLICT (Satyanarayana Narlapuram, Dean Rasheed) §",,Other functionality,9,planner,pgsql-hackers,false,1,3,92,0,92,true,false,,,,,0,,
2266,20260514,2026-05-14,18.4,21,Fix spurious indexes on virtual generated columns are not supported errors (Robert Haas) §,Fix spurious indexes on virtual generated columns are not supported errors (Robert Haas) § Creation of an expression index could sometimes incorrectly report this error.,,Other functionality,9,core_server,pgsql-hackers,false,1,1,4,2,6,false,false,,,,,0,,
2271,20260514,2026-05-14,18.4,26,Fix ALTER TABLE ... SET NOT NULL to invoke object-access hook functions only after completing the catalog change (Artur Zakirov) §,Fix ALTER TABLE ... SET NOT NULL to invoke object-access hook functions only after completing the catalog change (Artur Zakirov) §,,Other functionality,9,core_server,pgsql-hackers,false,1,1,3,3,6,false,false,,,,,0,,
2273,20260514,2026-05-14,18.4,28,Fix loss of deferrability of foreign-key triggers (Yasuo Honda) §,"Fix loss of deferrability of foreign-key triggers (Yasuo Honda) § Previously, a foreign key defined as DEFERRABLE INITIALLY DEFERRED would behave as NOT DEFERRABLE after being set to NOT ENFORCED status and then back to ENFORCED . If you have a foreign key with this problem, it can be repaired (after installing this update) by again setting it to NOT ENFORCED and then back to ENFORCED .",,Other functionality,9,core_server,pgsql-hackers,false,1,3,92,0,92,true,false,,,,,0,,
2274,20260514,2026-05-14,18.4,29,Fix WITHOUT OVERLAPS to allow domains (Jian He) §,"Fix WITHOUT OVERLAPS to allow domains (Jian He) § UNIQUE/PRIMARY KEY ... WITHOUT OVERLAPS requires the no-overlap column to be a range or multirange, but it should allow a domain over such a type too.",,Other functionality,9,core_server,pgsql-hackers,false,1,4,91,8,99,true,false,,,,,0,,
2293,20260514,2026-05-14,18.4,48,Make the pg_aios system view's pid column show NULL not 0 when an entry has no owning process (ChangAo Chen) §,Make the pg_aios system view's pid column show NULL not 0 when an entry has no owning process (ChangAo Chen) §,,Other functionality,9,core_server,pgsql-hackers,false,1,1,1,1,2,false,false,,,,,0,,
2295,20260514,2026-05-14,18.4,50,Fix under-allocation of shared memory used for parallel btree index scans (Siddharth Kothari) §,Fix under-allocation of shared memory used for parallel btree index scans (Siddharth Kothari) § In edge cases this could result in a server crash.,,Crash & corruption,2,core_server,pgsql-bugs,false,1,1,4,1,5,false,false,,,,,0,,
2299,20260514,2026-05-14,18.4,54,Fix array overrun when too many EXPLAIN extension options are installed (Joel Jacobson) §,Fix array overrun when too many EXPLAIN extension options are installed (Joel Jacobson) §,,Other functionality,9,core_server,pgsql-hackers,false,1,1,2,2,4,false,false,,,,,0,,
2301,20260514,2026-05-14,18.4,56,Correctly display join alias Vars that are used in GROUP BY (Tom Lane) §,"Correctly display join alias Vars that are used in GROUP BY (Tom Lane) § In views containing queries like SELECT ... t1 LEFT JOIN t2 USING (x) GROUP BY x , the GROUP BY clause could be displayed incorrectly by deparsing, leading to dump/restore failures. Failures occurred only if t1.x and t2.x were not of identical data types and t1.x was the side that required an implicit coercion.",,Other functionality,9,core_server,pgsql-bugs,false,1,3,38,17,55,true,false,,,,,0,,
2308,20260514,2026-05-14,18.4,63,Harden tar-file parsing logic against archives it can't handle (Tom Lane) §,"Harden tar-file parsing logic against archives it can't handle (Tom Lane) § The tar-file reading code used in pg_basebackup and pg_verifybackup failed to verify that the input is a tar file at all, let alone that it fits into the subset of valid tar files that we can handle. This isn't a problem for the normal scenario where the input file was generated by PostgreSQL code, but it can be an issue if the input has been generated by some other tar program.",,Replication & recovery,4,client_tools,pgsql-hackers,false,1,11,87,50,137,false,false,,,,,0,,
2310,20260514,2026-05-14,18.4,65,"In pg_dump , preserve NO INHERIT property of NOT NULL constraints (Jian He) §","In pg_dump , preserve NO INHERIT property of NOT NULL constraints (Jian He) § Some cases missed printing the NO INHERIT clause.",,Client tools,5,client_tools,pgsql-hackers,false,1,2,40,0,40,false,false,,,,,0,,
2315,20260514,2026-05-14,18.4,70,Fix mis-structured output from contrib/pg_overexplain 's RANGE_TABLE option (Satyanarayana Narlapuram) §,"Fix mis-structured output from contrib/pg_overexplain 's RANGE_TABLE option (Satyanarayana Narlapuram) § Some fields were misplaced in JSON, YAML, and XML formats, resulting in structurally invalid output.",,Extensions & contrib,6,extensions_contrib,pgsql-hackers,false,1,3,134,6,140,false,false,,,,,0,,
2346,20260813,2026-08-13,18.6,28,"Ensure that parallel GIN index builds update the table's pg_class . reltuples value correctly (Jan Nidzwetzki, Tomas Vondra) §","Ensure that parallel GIN index builds update the table's pg_class . reltuples value correctly (Jan Nidzwetzki, Tomas Vondra) § A parallel worker could report an uninitialized value for the number of rows it processed, leading to a bogus value for reltuples , even Infinity or NaN. Such values could lead to subsequent autovacuum and autoanalyze operations never deciding that the table needs to be processed. If so, the situation will not self-heal. A manual ANALYZE command, or creation of another index, will be needed to reset reltuples to the correct value. If you have any tables with GIN indexes, it's recommended to check to see if their reltuples entries look sane. A query such as this may be helpful: SELECT DISTINCT t.oid::regclass, t.reltuples FROM pg_class t JOIN pg_index i ON t.oid = i.indrelid JOIN pg_class ic ON i.indexrelid = ic.oid WHERE t.relhasindex AND ic.relam = 2742;",,Other functionality,9,core_server,pgsql-hackers,false,1,1,5,3,8,false,false,,,,,0,,
2349,20260813,2026-08-13,18.6,31,"Correctly update foreign-data-wrapper state in a ModifyTable plan node after pruning result relations (Ayush Tiwari, Rafia Sabih) § §","Correctly update foreign-data-wrapper state in a ModifyTable plan node after pruning result relations (Ayush Tiwari, Rafia Sabih) § § Previously, if run-time partition pruning determined that some partitions of a partitioned target table need not be scanned and the table had any foreign-table partitions, a crash or erroneous behavior was likely.",,Crash & corruption,2,core_server,pgsql-bugs,false,1,3,38,7,45,false,false,,,,,1,19484,36
2350,20260813,2026-08-13,18.6,32,Fix missed concurrent update in UPDATE with RETURNING OLD on a table that has a BEFORE UPDATE trigger (Dean Rasheed) §,"Fix missed concurrent update in UPDATE with RETURNING OLD on a table that has a BEFORE UPDATE trigger (Dean Rasheed) § If the target row was concurrently updated, then at isolation level READ COMMITTED any OLD values in RETURNING should reflect the updated row. But stale values were returned if there was a trigger (although the trigger itself, and the final output row, saw the correct values).",,Other functionality,9,core_server,pgsql-bugs,false,1,5,333,152,485,true,false,,,,,1,19536,14
2351,20260813,2026-08-13,18.6,33,Fix hash join performance issue when there are multiple join keys and many NULL values (David Rowley) §,"Fix hash join performance issue when there are multiple join keys and many NULL values (David Rowley) § Null-keyed tuples should not get inserted into the hash table, since they will never match any other tuples. The code got this wrong if the null was in a non-last join column, bloating the hash table quite a lot if many inputs contain nulls.",,Performance,7,core_server,pgsql-bugs,false,1,2,9,8,17,false,false,,,,,0,,
2352,20260813,2026-08-13,18.6,34,Fix parsing of parenthesized OLD / NEW in RETURNING expressions (Marko Grujic) §,"Fix parsing of parenthesized OLD / NEW in RETURNING expressions (Marko Grujic) § Expressions such as (old).colname and (old).* were mis-handled, effectively converting them to NEW references.",,Other functionality,9,core_server,pgsql-bugs,false,1,7,75,9,84,true,false,,,,,1,19516,1
2355,20260813,2026-08-13,18.6,37,"Clean up PlaceHolderVars more thoroughly during join removal (Richard Guo, Arne Roland) § §","Clean up PlaceHolderVars more thoroughly during join removal (Richard Guo, Arne Roland) § § This fix corrects various edge cases that could trip assertions or result in incorrect plans.",,Crash & corruption,2,planner,pgsql-hackers,false,1,3,92,5,97,true,false,,,,,0,,
2357,20260813,2026-08-13,18.6,39,Avoid pushing WHERE clauses down past a grouping step that has a different equivalence rule (Richard Guo) §,Avoid pushing WHERE clauses down past a grouping step that has a different equivalence rule (Richard Guo) § A test on a grouping column that is grouped by a nondeterministic collation is safe to push down only if it is a comparison using that same collation. Otherwise it might filter some rows the grouping would have merged.,,Wrong results & planner,3,planner,pgsql-hackers,false,1,12,1370,242,1612,true,false,,,,,0,,
2359,20260813,2026-08-13,18.6,41,"Avoid cache lookup failed for collation 0 error when planner looks up statistics for a column of type ""char"" (Feng Wu) §","Avoid cache lookup failed for collation 0 error when planner looks up statistics for a column of type ""char"" (Feng Wu) §",,Wrong results & planner,3,core_server,pgsql-hackers,false,1,1,8,0,8,false,false,,,,,0,,
2362,20260813,2026-08-13,18.6,44,Prevent setting NO INHERIT on partitioned NOT NULL constraints via ALTER CONSTRAINT (Andreas Karlsson) §,"Prevent setting NO INHERIT on partitioned NOT NULL constraints via ALTER CONSTRAINT (Andreas Karlsson) § NOT NULL constraints on partitioned tables are supposed to be inherited by all partitions, and therefore must not be marked NO INHERIT . This rule was correctly enforced by constraint creation, but not by ALTER TABLE ... ALTER CONSTRAINT.",,Other functionality,9,core_server,pgsql-hackers,false,1,3,13,0,13,true,false,,,,,0,,
2367,20260813,2026-08-13,18.6,49,"Fix LIKE matching with nondeterministic collations and backslashes (Nitin Motiani, Tom Lane) § §","Fix LIKE matching with nondeterministic collations and backslashes (Nitin Motiani, Tom Lane) § § When using a nondeterministic collation, LIKE mishandled an escaped backslash ( \\ ), treating it as effectively not there. It also did the wrong thing with a leading backslash preceding an ordinary character; in that case the backslash should be effectively ignored, but it caused the ordinary character to be matched exactly rather than allowing the nondeterministic collation to decide if there's a match.",,Other functionality,9,core_server,pgsql-bugs,false,1,3,80,32,112,true,false,,,,,1,19474,58
2368,20260813,2026-08-13,18.6,50,Fix LIKE /regex optimization for indexscan with exact-match pattern (Jelte Fennema-Nio) §,"Fix LIKE /regex optimization for indexscan with exact-match pattern (Jelte Fennema-Nio) § Refactoring for LIKE with non-deterministic collations accidentally broke the optimization for converting a LIKE or regex exact-match pattern to an equality index condition when the index collation doesn't match the expression collation. Among other things, that made psql 's \d tablename command much slower.",,Client tools,5,core_server,pgsql-hackers,false,1,5,82,4,86,true,false,,,,,0,,
2370,20260813,2026-08-13,18.6,52,Correct case-folding rules for Greek final sigma (Jeff Davis) §,"Correct case-folding rules for Greek final sigma (Jeff Davis) § If the string is preceded only by Case Ignorable characters, don't consider it to be a final sigma. This only affects the built-in pg_unicode_fast locale.",,Build & platform,8,core_server,pgsql-hackers,false,1,3,47,48,95,true,false,,,,,0,,
2378,20260813,2026-08-13,18.6,60,Reject out-of-range timestamp shift values in uuidv7() (Baji Shaik) §,"Reject out-of-range timestamp shift values in uuidv7() (Baji Shaik) § The shift value must not be so large as to produce a timestamp out of the range that a v7 UUID can represent. Previously, a garbage UUID value was produced.",,Other functionality,9,core_server,pgsql-bugs,false,1,4,80,6,86,true,false,,,,,0,,
2387,20260813,2026-08-13,18.6,69,Prevent no empty local buffer available errors during temporary table access (Melanie Plageman) §,"Prevent no empty local buffer available errors during temporary table access (Melanie Plageman) § Limit the number of local buffers that the read streaming mechanism is allowed to use. Previously, a large value of effective_io_concurrency could allow a single stream to use all the buffers, resulting in failure.",,Other functionality,9,core_server,pgsql-hackers,false,1,1,11,3,14,false,false,,,,,0,,
2389,20260813,2026-08-13,18.6,71,Restore full use of shared buffer pool in VACUUM's wraparound failsafe mode (Melanie Plageman) § §,"Restore full use of shared buffer pool in VACUUM's wraparound failsafe mode (Melanie Plageman) § § An ordinary VACUUM is limited to use just a few shared buffers, so as not to impinge too much on other processing. However, in failsafe mode we want to reclaim transaction IDs as quickly as possible, so that limit is supposed to be abandoned to allow vacuuming to proceed as fast as possible. This behavior was accidentally broken during refactoring in v18; restore it.",,Other functionality,9,core_server,pgsql-hackers,false,1,1,7,2,9,false,false,,,,,0,,
2396,20260813,2026-08-13,18.6,78,Fix JIT-compiled tuple deconstruction code to account correctly for virtual generated columns (David Rowley) §,Fix JIT-compiled tuple deconstruction code to account correctly for virtual generated columns (David Rowley) §,,Build & platform,8,core_server,pgsql-hackers,false,1,3,87,12,99,true,false,,,,,0,,
2410,20260813,2026-08-13,18.6,92,Prevent accepting hot-standby connections before WAL replay has reached a consistent database state (Nikhil Sontakke) §,Prevent accepting hot-standby connections before WAL replay has reached a consistent database state (Nikhil Sontakke) §,,Replication & recovery,4,replication_recovery,pgsql-hackers,false,1,1,9,0,9,false,false,,,,,0,,
2418,20260813,2026-08-13,18.6,100,Avoid recording incorrect I/O operation statistics after a failed read or write (Bertrand Drouvot) §,Avoid recording incorrect I/O operation statistics after a failed read or write (Bertrand Drouvot) §,,Other functionality,9,replication_recovery,pgsql-hackers,false,1,4,23,19,42,false,false,,,,,0,,
2422,20260813,2026-08-13,18.6,104,Improve libpq 's handling of out-of-memory conditions (Anthonin Bonnefoy) §,Improve libpq 's handling of out-of-memory conditions (Anthonin Bonnefoy) §,,Client tools,5,client_tools,pgsql-hackers,false,1,1,14,0,14,false,false,,,,,0,,
2423,20260813,2026-08-13,18.6,105,Fix libpq 's trace facility to print new-style BackendKeyData and CancelRequest messages correctly (Anthonin Bonnefoy) §,Fix libpq 's trace facility to print new-style BackendKeyData and CancelRequest messages correctly (Anthonin Bonnefoy) §,,Client tools,5,client_tools,pgsql-hackers,false,1,1,7,4,11,false,false,,,,,0,,
2425,20260813,2026-08-13,18.6,107,Fix null-pointer crash in ecpg compiler (Jehan-Guillaume de Rorthais) §,Fix null-pointer crash in ecpg compiler (Jehan-Guillaume de Rorthais) § ecpg failed on a DECLARE section containing a union nested inside a struct.,,Crash & corruption,2,client_tools,pgsql-hackers,false,1,1,1,1,2,false,false,,,,,0,,
2427,20260813,2026-08-13,18.6,109,Fix issues with deferred errors in pipeline mode in psql (Michael Paquier) §,"Fix issues with deferred errors in pipeline mode in psql (Michael Paquier) § psql could get stuck or suffer an assertion failure in some scenarios where the server reports an error in response to a Sync message, such as a deferred constraint violation.",,Crash & corruption,2,client_tools,pgsql-bugs,false,1,3,245,18,263,true,false,,,,,1,19494,7
2429,20260813,2026-08-13,18.6,111,"Enforce the intended upper limit for psql 's special variable WATCH_INTERVAL (Sven Klemm, Daniel Gustafsson) §","Enforce the intended upper limit for psql 's special variable WATCH_INTERVAL (Sven Klemm, Daniel Gustafsson) § If a too-large value was given, psql reported an error but applied the setting anyway.",,Client tools,5,client_tools,pgsql-hackers,false,1,2,3,0,3,false,false,,,,,0,,
2436,20260813,2026-08-13,18.6,118,"Fix inconsistent behavior of pg_restore with --statistics or --statistics-only (Chao Li, Michael Paquier) § §","Fix inconsistent behavior of pg_restore with --statistics or --statistics-only (Chao Li, Michael Paquier) § § When combined with other selective-restore options such as --schema , these options failed to restore the expected items, unlike pg_dump with similar options.",,Client tools,5,client_tools,pgsql-hackers,false,1,1,29,10,39,false,false,,,,,0,,
2437,20260813,2026-08-13,18.6,119,Fix vacuumdb --missing-stats-only to ignore partitioned expression indexes (Baji Shaik) §,"Fix vacuumdb --missing-stats-only to ignore partitioned expression indexes (Baji Shaik) § Previously, vacuumdb would always attempt to ANALYZE the partitioned table, accomplishing nothing since statistics are never created for partitioned indexes, only for their leaf indexes.",,Client tools,5,client_tools,pgsql-hackers,false,1,2,3,2,5,false,false,,,,,0,,
2438,20260813,2026-08-13,18.6,120,"In contrib/amcheck , fix failure to report corruption of a btree metapage's allequalimage flag (Chao Li) §","In contrib/amcheck , fix failure to report corruption of a btree metapage's allequalimage flag (Chao Li) §",,Crash & corruption,2,extensions_contrib,pgsql-hackers,false,1,1,9,7,16,false,false,,,,,0,,
2439,20260813,2026-08-13,18.6,121,"In contrib/amcheck , fix query-lifespan memory leak while verifying a GIN index (Kirill Reshke) §","In contrib/amcheck , fix query-lifespan memory leak while verifying a GIN index (Kirill Reshke) §",,Crash & corruption,2,extensions_contrib,pgsql-hackers,false,1,1,3,0,3,false,false,,,,,0,,
2442,20260813,2026-08-13,18.6,124,"In contrib/btree_gist , fix sorting of bit / varbit entries during GiST index construction (Tom Lane) §","In contrib/btree_gist , fix sorting of bit / varbit entries during GiST index construction (Tom Lane) § Values of bit types were sorted as though they were bytea s, which did not cause any obvious failure but would result in an inefficient index, since the types' representations are different. It is recommended to reindex btree_gist indexes on bit columns after installing this update.",,Extensions & contrib,6,extensions_contrib,pgsql-bugs,false,1,1,1,1,2,false,false,,,,,0,,
2444,20260813,2026-08-13,18.6,126,"In contrib/dblink and contrib/postgres_fdw , ensure that a user-mapping setting for use_scram_passthrough overrides one for a foreign server (Matheus Alcantara) § §","In contrib/dblink and contrib/postgres_fdw , ensure that a user-mapping setting for use_scram_passthrough overrides one for a foreign server (Matheus Alcantara) § § Previously the precedence went the other way, but that is inconsistent with the behavior of other foreign-table options.",,Extensions & contrib,6,extensions_contrib,pgsql-hackers,false,1,3,38,6,44,false,false,,,,,0,,
2445,20260813,2026-08-13,18.6,127,Reject setting use_scram_passthrough on contrib/dblink foreign-data wrappers (Matheus Alcantara) §,"Reject setting use_scram_passthrough on contrib/dblink foreign-data wrappers (Matheus Alcantara) § This option is only meaningful on foreign servers and user mappings, but dblink incorrectly allowed it at the FDW level as well (and then ignored it).",,Extensions & contrib,6,extensions_contrib,pgsql-hackers,false,1,3,18,2,20,false,false,,,,,0,,
2450,20260813,2026-08-13,18.6,132,Fix out-of-bounds access in contrib/pg_prewarm 's autoprewarm worker (Matheus Alcantara) §,"Fix out-of-bounds access in contrib/pg_prewarm 's autoprewarm worker (Matheus Alcantara) § The code tried to fetch a value from one past the end of an array, risking a segfault.",,Security hardening (no CVE),1,extensions_contrib,pgsql-bugs,false,1,1,15,5,20,false,false,,,,,0,,
