item_ord,wave_dt,version,item_index,category,dominant_subsystem,is_out_of_band,branch_item_cnt,file_cnt,lines_added_sum,lines_deleted_sum,churn_sum,has_test_changes,is_docs_only,cve_cnt,scored_cve_cnt,max_cvss_base_score,severity_band,days_to_fix_min
1,2022-11-10,15.1,0,Crash & corruption,core_server,false,1,1,12,6,18,false,false,,,,,1
2,2022-11-10,15.1,1,Crash & corruption,core_server,false,1,3,98,28,126,true,false,,,,,0
3,2022-11-10,15.1,2,Other functionality,core_server,false,1,1,12,0,12,false,false,,,,,0
4,2022-11-10,15.1,3,Other functionality,core_server,false,1,4,208,1,209,true,false,,,,,0
5,2022-11-10,15.1,4,Extensions & contrib,extensions_contrib,false,1,3,29,0,29,false,false,,,,,
6,2022-11-10,15.1,5,Other functionality,core_server,false,1,2,40,10,50,true,false,,,,,
7,2022-11-10,15.1,6,Wrong results & planner,core_server,false,1,3,18,4,22,true,false,,,,,
8,2022-11-10,15.1,7,Replication & recovery,core_server,false,1,1,8,5,13,false,false,,,,,
9,2022-11-10,15.1,8,Crash & corruption,extensions_contrib,false,1,4,78,0,78,false,false,,,,,
10,2022-11-10,15.1,9,Replication & recovery,replication_recovery,false,1,1,2,0,2,false,false,,,,,13
11,2022-11-10,15.1,10,Crash & corruption,replication_recovery,false,1,1,17,3,20,false,false,,,,,
12,2022-11-10,15.1,11,Crash & corruption,core_server,false,1,1,15,5,20,false,false,,,,,
13,2022-11-10,15.1,12,Replication & recovery,core_server,false,1,4,33,21,54,true,false,,,,,
14,2022-11-10,15.1,13,Crash & corruption,planner,false,1,1,18,0,18,false,false,,,,,0
15,2022-11-10,15.1,14,Crash & corruption,core_server,false,1,1,44,12,56,false,false,,,,,
16,2022-11-10,15.1,15,Client tools,client_tools,false,1,3,70,7,77,true,false,,,,,
17,2022-11-10,15.1,16,Client tools,client_tools,false,1,1,1,1,2,false,false,,,,,
18,2022-11-10,15.1,17,Replication & recovery,core_server,false,1,2,34,20,54,false,false,,,,,
19,2022-11-10,15.1,18,Client tools,client_tools,false,1,2,13,6,19,false,false,,,,,0
20,2022-11-10,15.1,19,Client tools,core_server,false,1,4,37,3,40,false,false,,,,,0
21,2022-11-10,15.1,20,Crash & corruption,extensions_contrib,false,1,1,14,2,16,false,false,,,,,6
22,2022-11-10,15.1,21,Build & platform,build_platform,false,1,4,113,0,113,false,false,,,,,
23,2022-11-10,15.1,22,Build & platform,core_server,false,1,1,44,23,67,false,false,,,,,
24,2022-11-10,15.1,23,Build & platform,core_server,false,1,2,5,5,10,false,false,,,,,
25,2022-11-10,15.1,24,Build & platform,core_server,false,1,1,7,7,14,false,false,,,,,
26,2023-02-09,15.2,0,Security (CVE),client_tools,false,1,1,2,0,2,false,false,1,1,3.7,LOW,
27,2023-02-09,15.2,1,Other functionality,core_server,false,1,4,50,17,67,true,false,,,,,
28,2023-02-09,15.2,2,Other functionality,core_server,false,1,3,37,2,39,true,false,,,,,5
29,2023-02-09,15.2,3,Other functionality,core_server,false,1,3,5,5,10,true,false,,,,,
30,2023-02-09,15.2,4,Other functionality,core_server,false,1,1,2,1,3,false,false,,,,,
31,2023-02-09,15.2,5,Other functionality,core_server,false,1,1,1,1,2,false,false,,,,,
32,2023-02-09,15.2,6,Other functionality,core_server,false,1,3,129,73,202,true,false,,,,,0
33,2023-02-09,15.2,7,Other functionality,core_server,false,1,5,22,29,51,false,false,,,,,
34,2023-02-09,15.2,8,Client tools,core_server,false,1,4,81,45,126,true,false,,,,,1
35,2023-02-09,15.2,9,Other functionality,core_server,false,1,3,104,55,159,true,false,,,,,
36,2023-02-09,15.2,10,Other functionality,core_server,false,1,3,46,2,48,true,false,,,,,
37,2023-02-09,15.2,11,Other functionality,core_server,false,1,5,90,18,108,true,false,,,,,
38,2023-02-09,15.2,12,Crash & corruption,core_server,false,1,1,3,2,5,false,false,,,,,127
39,2023-02-09,15.2,13,Replication & recovery,core_server,false,1,1,1,1,2,false,false,,,,,
40,2023-02-09,15.2,14,Replication & recovery,replication_recovery,false,1,1,7,2,9,false,false,,,,,
41,2023-02-09,15.2,15,Replication & recovery,replication_recovery,false,1,2,21,15,36,false,false,,,,,
42,2023-02-09,15.2,16,Replication & recovery,core_server,false,1,2,22,29,51,false,false,,,,,
43,2023-02-09,15.2,17,Other functionality,core_server,false,1,5,45,16,61,false,false,,,,,137
44,2023-02-09,15.2,18,Crash & corruption,core_server,false,1,1,7,0,7,false,false,,,,,
45,2023-02-09,15.2,19,Wrong results & planner,planner,false,1,2,12,0,12,false,false,,,,,1
46,2023-02-09,15.2,20,Other functionality,core_server,false,1,2,32,0,32,false,false,,,,,
47,2023-02-09,15.2,21,Other functionality,planner,false,1,1,12,0,12,false,false,,,,,
48,2023-02-09,15.2,22,Wrong results & planner,planner,false,1,5,63,3,66,true,false,,,,,
49,2023-02-09,15.2,23,Other functionality,planner,false,1,1,14,2,16,false,false,,,,,
50,2023-02-09,15.2,24,Wrong results & planner,core_server,false,1,1,40,5,45,false,false,,,,,
51,2023-02-09,15.2,25,Crash & corruption,core_server,false,1,1,7,0,7,false,false,,,,,
52,2023-02-09,15.2,26,Other functionality,core_server,false,1,3,20,17,37,true,false,,,,,
53,2023-02-09,15.2,27,Crash & corruption,core_server,false,1,1,1,1,2,false,false,,,,,0
54,2023-02-09,15.2,28,Other functionality,core_server,false,1,4,60,21,81,false,false,,,,,
55,2023-02-09,15.2,29,Crash & corruption,core_server,false,1,2,4,0,4,false,false,,,,,
56,2023-02-09,15.2,30,Crash & corruption,replication_recovery,false,1,2,7,10,17,true,false,,,,,
57,2023-02-09,15.2,31,Crash & corruption,replication_recovery,false,1,3,32,13,45,true,false,,,,,
58,2023-02-09,15.2,32,Replication & recovery,core_server,false,1,3,110,30,140,false,false,,,,,
59,2023-02-09,15.2,33,Replication & recovery,replication_recovery,false,1,2,10,0,10,false,false,,,,,
60,2023-02-09,15.2,34,Crash & corruption,replication_recovery,false,1,1,4,0,4,false,false,,,,,
61,2023-02-09,15.2,35,Replication & recovery,replication_recovery,false,1,1,7,0,7,false,false,,,,,
62,2023-02-09,15.2,36,Replication & recovery,replication_recovery,false,1,1,2,0,2,false,false,,,,,
63,2023-02-09,15.2,37,Replication & recovery,replication_recovery,false,1,4,42,6,48,true,false,,,,,
64,2023-02-09,15.2,38,Crash & corruption,core_server,false,1,2,9,6,15,false,false,,,,,
65,2023-02-09,15.2,39,Replication & recovery,core_server,false,1,1,4,2,6,false,false,,,,,
66,2023-02-09,15.2,40,Other functionality,core_server,false,1,1,46,27,73,false,false,,,,,
67,2023-02-09,15.2,41,Other functionality,core_server,false,1,1,3,2,5,false,false,,,,,
68,2023-02-09,15.2,42,Build & platform,core_server,false,1,1,14,10,24,false,false,,,,,
69,2023-02-09,15.2,43,Crash & corruption,core_server,false,1,1,5,1,6,false,false,,,,,
70,2023-02-09,15.2,44,Crash & corruption,planner,false,1,3,39,15,54,true,false,,,,,1
71,2023-02-09,15.2,45,Other functionality,core_server,false,1,1,3,3,6,false,false,,,,,
72,2023-02-09,15.2,46,Crash & corruption,core_server,false,1,1,1,0,1,false,false,,,,,
73,2023-02-09,15.2,47,Client tools,client_tools,false,1,1,7,2,9,false,false,,,,,2
74,2023-02-09,15.2,48,Client tools,client_tools,false,1,4,94,26,120,true,false,,,,,
75,2023-02-09,15.2,49,Other functionality,client_tools,false,1,1,3,2,5,false,false,,,,,
76,2023-02-09,15.2,50,Extensions & contrib,extensions_contrib,false,1,4,32,2,34,false,false,,,,,
77,2023-02-09,15.2,51,Crash & corruption,extensions_contrib,false,1,4,33,7,40,false,false,,,,,1
78,2023-02-09,15.2,52,Extensions & contrib,core_server,false,1,1,10,0,10,false,false,,,,,1
79,2023-02-09,15.2,53,Extensions & contrib,extensions_contrib,false,1,1,2,0,2,false,false,,,,,
80,2023-02-09,15.2,54,Extensions & contrib,build_platform,false,1,1,3,0,3,false,false,,,,,
81,2023-02-09,15.2,55,Build & platform,core_server,false,1,2,37,0,37,false,false,,,,,
82,2023-02-09,15.2,56,Replication & recovery,core_server,false,1,2,4,0,4,false,false,,,,,
83,2023-05-11,15.3,0,Security (CVE),extensions_contrib,false,1,1,0,1,1,false,false,1,1,7.2,HIGH,
84,2023-05-11,15.3,1,Security (CVE),planner,false,1,3,54,0,54,true,false,1,1,4.2,MEDIUM,
85,2023-05-11,15.3,2,Crash & corruption,core_server,false,1,3,47,1,48,true,false,,,,,
86,2023-05-11,15.3,3,Crash & corruption,core_server,false,1,1,4,3,7,false,false,,,,,
87,2023-05-11,15.3,4,Crash & corruption,core_server,false,1,6,192,22,214,true,false,,,,,1
88,2023-05-11,15.3,5,Wrong results & planner,planner,false,1,3,45,3,48,true,false,,,,,
89,2023-05-11,15.3,6,Other functionality,core_server,false,1,3,34,4,38,true,false,,,,,15
90,2023-05-11,15.3,7,Crash & corruption,core_server,false,1,8,636,174,810,true,false,,,,,1
91,2023-05-11,15.3,8,Build & platform,core_server,false,1,3,262,0,262,true,false,,,,,
92,2023-05-11,15.3,9,Other functionality,core_server,false,1,6,76,12,88,true,false,,,,,3
93,2023-05-11,15.3,10,Other functionality,core_server,false,1,3,67,10,77,true,false,,,,,0
94,2023-05-11,15.3,11,Other functionality,core_server,false,1,3,23,10,33,true,false,,,,,2
95,2023-05-11,15.3,12,Other functionality,core_server,false,1,4,77,3,80,true,false,,,,,
96,2023-05-11,15.3,13,Crash & corruption,core_server,false,1,1,12,4,16,false,false,,,,,0
97,2023-05-11,15.3,14,Security hardening (no CVE),core_server,false,1,3,16,2,18,true,false,,,,,0
98,2023-05-11,15.3,15,Security hardening (no CVE),core_server,false,1,3,14,5,19,true,false,,,,,0
99,2023-05-11,15.3,16,Build & platform,core_server,false,1,8,16,42,58,false,false,,,,,
100,2023-05-11,15.3,17,Crash & corruption,core_server,false,1,3,9,1,10,true,false,,,,,0
101,2023-05-11,15.3,18,Extensions & contrib,core_server,false,1,3,37,38,75,true,false,,,,,5
102,2023-05-11,15.3,19,Crash & corruption,core_server,false,1,4,78,59,137,true,false,,,,,
103,2023-05-11,15.3,20,Crash & corruption,core_server,false,1,1,73,12,85,false,false,,,,,
104,2023-05-11,15.3,21,Crash & corruption,core_server,false,1,3,10,2,12,true,false,,,,,0
105,2023-05-11,15.3,22,Crash & corruption,core_server,false,1,1,3,0,3,false,false,,,,,0
106,2023-05-11,15.3,23,Wrong results & planner,planner,false,1,4,22,10,32,false,false,,,,,
107,2023-05-11,15.3,24,Other functionality,planner,false,1,1,3,25,28,false,false,,,,,
108,2023-05-11,15.3,25,Crash & corruption,planner,false,1,3,161,84,245,true,false,,,,,8
109,2023-05-11,15.3,26,Other functionality,core_server,false,1,1,10,1,11,false,false,,,,,7
110,2023-05-11,15.3,27,Crash & corruption,core_server,false,1,2,11,8,19,false,false,,,,,5
111,2023-05-11,15.3,28,Crash & corruption,core_server,false,1,3,21,2,23,true,false,,,,,1
112,2023-05-11,15.3,29,Wrong results & planner,core_server,false,1,3,288,31,319,true,false,,,,,
113,2023-05-11,15.3,30,Crash & corruption,core_server,false,1,3,74,33,107,false,false,,,,,
114,2023-05-11,15.3,31,Other functionality,core_server,false,1,8,280,207,487,true,false,,,,,0
115,2023-05-11,15.3,32,Crash & corruption,core_server,false,1,1,8,1,9,false,false,,,,,5
116,2023-05-11,15.3,33,Other functionality,extensions_contrib,false,1,3,48,2,50,false,false,,,,,
117,2023-05-11,15.3,34,Other functionality,core_server,false,1,1,13,5,18,false,false,,,,,
118,2023-05-11,15.3,35,Other functionality,core_server,false,1,1,1,1,2,false,false,,,,,
119,2023-05-11,15.3,36,Crash & corruption,core_server,false,1,4,77,13,90,true,false,,,,,8
120,2023-05-11,15.3,37,Crash & corruption,core_server,false,1,5,332,134,466,true,false,,,,,7
121,2023-05-11,15.3,38,Crash & corruption,core_server,false,1,4,65,7,72,true,false,,,,,2
122,2023-05-11,15.3,39,Crash & corruption,core_server,false,1,3,60,4,64,true,false,,,,,2
123,2023-05-11,15.3,40,Build & platform,core_server,false,1,3,130,84,214,true,false,,,,,
124,2023-05-11,15.3,41,Crash & corruption,core_server,false,1,1,31,18,49,false,false,,,,,418
125,2023-05-11,15.3,42,Replication & recovery,replication_recovery,false,1,1,22,4,26,false,false,,,,,
126,2023-05-11,15.3,43,Other functionality,core_server,false,1,1,3,2,5,false,false,,,,,38
127,2023-05-11,15.3,44,Other functionality,core_server,false,1,1,7,0,7,false,false,,,,,
128,2023-05-11,15.3,45,Crash & corruption,core_server,false,1,3,15,2,17,true,false,,,,,42
129,2023-05-11,15.3,46,Crash & corruption,core_server,false,1,1,13,4,17,false,false,,,,,1
130,2023-05-11,15.3,47,Replication & recovery,core_server,false,1,2,16,5,21,true,false,,,,,
131,2023-05-11,15.3,48,Other functionality,core_server,false,1,1,1,1,2,false,false,,,,,
132,2023-05-11,15.3,49,Other functionality,replication_recovery,false,1,1,2,0,2,false,false,,,,,
133,2023-05-11,15.3,50,Replication & recovery,replication_recovery,false,1,1,1,1,2,false,false,,,,,8
134,2023-05-11,15.3,51,Replication & recovery,core_server,false,1,3,51,6,57,false,false,,,,,
135,2023-05-11,15.3,52,Client tools,build_platform,false,1,15,148,11,159,true,false,,,,,21
136,2023-05-11,15.3,53,Crash & corruption,core_server,false,1,1,0,5,5,false,false,,,,,
137,2023-05-11,15.3,54,Other functionality,core_server,false,1,1,3,3,6,false,false,,,,,
138,2023-05-11,15.3,55,Other functionality,core_server,false,1,3,14,0,14,false,false,,,,,
139,2023-05-11,15.3,56,Wrong results & planner,core_server,false,1,1,33,20,53,false,false,,,,,
140,2023-05-11,15.3,57,Crash & corruption,core_server,false,1,3,31,3,34,true,false,,,,,
141,2023-05-11,15.3,58,Crash & corruption,replication_recovery,false,1,2,22,2,24,false,false,,,,,
142,2023-05-11,15.3,59,Crash & corruption,core_server,false,1,1,10,3,13,false,false,,,,,
143,2023-05-11,15.3,60,Crash & corruption,replication_recovery,false,1,1,4,0,4,false,false,,,,,
144,2023-05-11,15.3,61,Crash & corruption,extensions_contrib,false,1,2,65,30,95,false,false,,,,,
145,2023-05-11,15.3,62,Crash & corruption,extensions_contrib,false,1,3,119,23,142,false,false,,,,,0
146,2023-05-11,15.3,63,Crash & corruption,extensions_contrib,false,1,3,212,121,333,false,false,,,,,0
147,2023-05-11,15.3,64,Crash & corruption,extensions_contrib,false,1,1,36,18,54,false,false,,,,,
148,2023-05-11,15.3,65,Client tools,client_tools,false,1,1,14,9,23,false,false,,,,,
149,2023-05-11,15.3,66,Crash & corruption,client_tools,false,1,5,310,127,437,false,false,,,,,
150,2023-05-11,15.3,67,Crash & corruption,client_tools,false,1,8,288,52,340,false,false,,,,,
151,2023-05-11,15.3,68,Client tools,core_server,false,1,8,166,22,188,false,false,,,,,
152,2023-05-11,15.3,69,Client tools,client_tools,false,1,2,127,51,178,false,false,,,,,
153,2023-05-11,15.3,70,Extensions & contrib,extensions_contrib,false,1,1,1,2,3,false,false,,,,,
154,2023-05-11,15.3,71,Crash & corruption,extensions_contrib,false,1,2,48,13,61,false,false,,,,,
155,2023-05-11,15.3,72,Extensions & contrib,extensions_contrib,false,1,1,5,0,5,false,false,,,,,
156,2023-05-11,15.3,73,Crash & corruption,extensions_contrib,false,1,3,29,1,30,false,false,,,,,2
157,2023-05-11,15.3,74,Crash & corruption,extensions_contrib,false,1,4,27,4,31,false,false,,,,,38
158,2023-05-11,15.3,75,Extensions & contrib,extensions_contrib,false,1,5,62,56,118,false,false,,,,,1
159,2023-05-11,15.3,76,Crash & corruption,extensions_contrib,false,1,3,25,10,35,false,false,,,,,0
160,2023-05-11,15.3,77,Extensions & contrib,extensions_contrib,false,1,1,18,4,22,false,false,,,,,8
161,2023-05-11,15.3,78,Extensions & contrib,extensions_contrib,false,1,1,53,5,58,false,false,,,,,
162,2023-05-11,15.3,79,Build & platform,build_platform,false,1,3,3,3,6,false,false,,,,,5
163,2023-05-11,15.3,80,Build & platform,docs,false,1,4,70,36,106,false,true,,,,,
164,2023-05-11,15.3,81,Build & platform,other,false,1,1,1,1,2,false,false,,,,,
165,2023-08-10,15.4,0,Security (CVE),core_server,false,1,7,79,15,94,true,false,1,1,7.5,HIGH,
166,2023-08-10,15.4,1,Security (CVE),core_server,false,1,4,152,50,202,true,false,1,1,3.1,LOW,
167,2023-08-10,15.4,2,Other functionality,core_server,false,1,5,134,8,142,true,false,,,,,
168,2023-08-10,15.4,3,Crash & corruption,client_tools,false,1,20,421,28,449,true,false,,,,,
169,2023-08-10,15.4,4,Crash & corruption,core_server,false,1,3,85,7,92,true,false,,,,,5
170,2023-08-10,15.4,5,Other functionality,core_server,false,1,3,58,2,60,true,false,,,,,
171,2023-08-10,15.4,6,Other functionality,core_server,false,1,3,117,4,121,true,false,,,,,
172,2023-08-10,15.4,7,Other functionality,core_server,false,1,3,79,7,86,true,false,,,,,
173,2023-08-10,15.4,8,Other functionality,core_server,false,1,3,76,0,76,true,false,,,,,3
174,2023-08-10,15.4,9,Wrong results & planner,planner,false,1,4,36,8,44,true,false,,,,,5
175,2023-08-10,15.4,10,Wrong results & planner,planner,false,1,1,17,0,17,false,false,,,,,
176,2023-08-10,15.4,11,Wrong results & planner,planner,false,1,5,78,2,80,false,false,,,,,
177,2023-08-10,15.4,12,Other functionality,core_server,false,1,3,52,1,53,true,false,,,,,0
178,2023-08-10,15.4,13,Crash & corruption,core_server,false,1,2,10,3,13,false,false,,,,,36
179,2023-08-10,15.4,14,Other functionality,core_server,false,1,7,240,41,281,true,false,,,,,
180,2023-08-10,15.4,15,Other functionality,planner,false,1,3,60,1,61,true,false,,,,,0
181,2023-08-10,15.4,16,Crash & corruption,core_server,false,1,3,31,12,43,true,false,,,,,5
182,2023-08-10,15.4,17,Crash & corruption,core_server,false,1,1,32,1,33,false,false,,,,,
183,2023-08-10,15.4,18,Crash & corruption,core_server,false,1,1,0,7,7,false,false,,,,,
184,2023-08-10,15.4,19,Other functionality,core_server,false,1,3,31,4,35,true,false,,,,,
185,2023-08-10,15.4,20,Crash & corruption,core_server,false,1,1,15,0,15,false,false,,,,,0
186,2023-08-10,15.4,21,Other functionality,core_server,false,1,1,26,48,74,false,false,,,,,
187,2023-08-10,15.4,22,Other functionality,core_server,false,1,1,1,0,1,false,false,,,,,
188,2023-08-10,15.4,23,Build & platform,core_server,false,1,1,2,0,2,false,false,,,,,
189,2023-08-10,15.4,24,Crash & corruption,core_server,false,1,1,3,1,4,false,false,,,,,
190,2023-08-10,15.4,25,Replication & recovery,core_server,false,1,2,26,6,32,true,false,,,,,
191,2023-08-10,15.4,26,Other functionality,core_server,false,1,1,43,22,65,false,false,,,,,
192,2023-08-10,15.4,27,Crash & corruption,core_server,false,1,1,16,7,23,false,false,,,,,
193,2023-08-10,15.4,28,Crash & corruption,core_server,false,1,1,4,0,4,false,false,,,,,
194,2023-08-10,15.4,29,Crash & corruption,replication_recovery,false,1,1,5,5,10,false,false,,,,,
195,2023-08-10,15.4,30,Crash & corruption,core_server,false,1,1,3,0,3,false,false,,,,,
196,2023-08-10,15.4,31,Crash & corruption,core_server,false,1,1,2,0,2,false,false,,,,,
197,2023-08-10,15.4,32,Replication & recovery,replication_recovery,false,1,1,4,8,12,false,false,,,,,
198,2023-08-10,15.4,33,Crash & corruption,core_server,false,1,1,2,1,3,false,false,,,,,7
199,2023-08-10,15.4,34,Crash & corruption,core_server,false,1,3,22,1,23,true,false,,,,,2
200,2023-08-10,15.4,35,Crash & corruption,core_server,false,1,6,118,4,122,true,false,,,,,77
201,2023-08-10,15.4,36,Extensions & contrib,extensions_contrib,false,1,3,15,7,22,false,false,,,,,0
202,2023-08-10,15.4,37,Extensions & contrib,extensions_contrib,false,1,5,69,5,74,false,false,,,,,
203,2023-08-10,15.4,38,Crash & corruption,extensions_contrib,false,1,3,12,4,16,false,false,,,,,70
204,2023-08-10,15.4,39,Extensions & contrib,extensions_contrib,false,1,1,0,3,3,false,false,,,,,
205,2023-08-10,15.4,40,Crash & corruption,extensions_contrib,false,1,6,178,31,209,false,false,,,,,45
206,2023-08-10,15.4,41,Client tools,client_tools,false,1,2,26,19,45,false,false,,,,,
207,2023-08-10,15.4,42,Client tools,client_tools,false,1,4,89,1,90,false,false,,,,,
208,2023-08-10,15.4,43,Client tools,client_tools,false,1,1,4,4,8,false,false,,,,,
209,2023-08-10,15.4,44,Crash & corruption,client_tools,false,1,2,28,18,46,false,false,,,,,
210,2023-08-10,15.4,45,Other functionality,core_server,false,1,1,1,0,1,false,false,,,,,
211,2023-08-10,15.4,46,Other functionality,build_platform,false,1,1,4,5,9,false,false,,,,,
212,2023-11-09,15.5,0,Security (CVE),core_server,false,2,3,33,12,45,true,false,1,1,4.3,MEDIUM,
213,2023-11-09,15.5,1,Security (CVE),core_server,false,2,5,110,24,134,true,false,1,1,8.8,HIGH,
214,2023-11-09,15.5,2,Security (CVE),core_server,false,2,3,40,2,42,true,false,1,1,2.2,LOW,
215,2023-11-09,15.5,3,Wrong results & planner,extensions_contrib,false,2,3,226,80,306,false,false,,,,,4
216,2023-11-09,15.5,4,Wrong results & planner,core_server,false,2,5,16,6,22,true,false,,,,,
217,2023-11-09,15.5,5,Other functionality,core_server,false,2,3,44,1,45,true,false,,,,,
218,2023-11-09,15.5,6,Other functionality,core_server,false,2,3,96,6,102,true,false,,,,,
219,2023-11-09,15.5,7,Other functionality,core_server,false,2,3,54,29,83,true,false,,,,,
220,2023-11-09,15.5,8,Crash & corruption,core_server,false,2,3,69,27,96,true,false,,,,,
221,2023-11-09,15.5,9,Other functionality,core_server,false,2,10,237,38,275,true,false,,,,,20
222,2023-11-09,15.5,10,Other functionality,planner,false,2,1,2,1,3,false,false,,,,,19
223,2023-11-09,15.5,11,Other functionality,core_server,false,2,3,19,1,20,false,false,,,,,
224,2023-11-09,15.5,12,Crash & corruption,core_server,false,2,1,22,3,25,false,false,,,,,
225,2023-11-09,15.5,13,Crash & corruption,core_server,false,2,1,17,9,26,false,false,,,,,1
226,2023-11-09,15.5,14,Crash & corruption,core_server,false,2,2,17,0,17,false,false,,,,,
227,2023-11-09,15.5,15,Other functionality,extensions_contrib,false,2,1,4,4,8,false,false,,,,,
228,2023-11-09,15.5,16,Extensions & contrib,core_server,false,2,4,74,9,83,false,false,,,,,
229,2023-11-09,15.5,17,Other functionality,core_server,false,1,3,83,2,85,true,false,,,,,
230,2023-11-09,15.5,18,Other functionality,core_server,false,2,1,2,0,2,false,false,,,,,21
231,2023-11-09,15.5,19,Other functionality,core_server,false,2,1,2,2,4,false,false,,,,,
232,2023-11-09,15.5,20,Other functionality,core_server,false,1,1,2,2,4,false,false,,,,,98
233,2023-11-09,15.5,21,Crash & corruption,core_server,false,2,1,8,4,12,false,false,,,,,
234,2023-11-09,15.5,22,Other functionality,core_server,false,2,1,6,0,6,false,false,,,,,
235,2023-11-09,15.5,23,Crash & corruption,core_server,false,2,2,23,3,26,false,false,,,,,
236,2023-11-09,15.5,24,Other functionality,core_server,false,2,3,44,0,44,true,false,,,,,
237,2023-11-09,15.5,25,Crash & corruption,core_server,false,2,5,62,1,63,false,false,,,,,
238,2023-11-09,15.5,26,Other functionality,core_server,false,2,1,30,0,30,false,false,,,,,
239,2023-11-09,15.5,27,Other functionality,core_server,false,2,1,9,0,9,false,false,,,,,
240,2023-11-09,15.5,28,Other functionality,core_server,false,2,1,2,1,3,false,false,,,,,
241,2023-11-09,15.5,29,Other functionality,core_server,false,2,1,19,2,21,false,false,,,,,
242,2023-11-09,15.5,30,Replication & recovery,core_server,false,2,1,1,0,1,false,false,,,,,
243,2023-11-09,15.5,31,Replication & recovery,core_server,false,2,1,14,2,16,false,false,,,,,
244,2023-11-09,15.5,32,Other functionality,extensions_contrib,false,2,3,106,2,108,false,false,,,,,3
245,2023-11-09,15.5,33,Crash & corruption,core_server,false,2,1,17,8,25,false,false,,,,,
246,2023-11-09,15.5,34,Crash & corruption,core_server,false,2,4,119,20,139,true,false,,,,,16
247,2023-11-09,15.5,35,Other functionality,planner,false,2,1,2,2,4,false,false,,,,,
248,2023-11-09,15.5,36,Crash & corruption,core_server,false,2,2,28,21,49,false,false,,,,,
249,2023-11-09,15.5,37,Crash & corruption,replication_recovery,false,1,1,16,4,20,false,false,,,,,29
250,2023-11-09,15.5,38,Replication & recovery,replication_recovery,false,2,1,8,39,47,false,false,,,,,
251,2023-11-09,15.5,39,Replication & recovery,replication_recovery,false,2,2,24,0,24,true,false,,,,,134
252,2023-11-09,15.5,40,Crash & corruption,core_server,false,1,2,74,57,131,false,false,,,,,82
253,2023-11-09,15.5,41,Other functionality,core_server,false,1,1,1,1,2,false,false,,,,,
254,2023-11-09,15.5,42,Other functionality,core_server,false,1,1,11,8,19,false,false,,,,,
255,2023-11-09,15.5,43,Other functionality,core_server,false,1,5,108,49,157,false,false,,,,,7
256,2023-11-09,15.5,44,Replication & recovery,core_server,false,1,2,90,1,91,false,false,,,,,5
257,2023-11-09,15.5,45,Other functionality,tests,false,1,3,0,157,157,true,false,,,,,
258,2023-11-09,15.5,46,Build & platform,core_server,false,2,1,6,4,10,false,false,,,,,1
259,2023-11-09,15.5,47,Crash & corruption,replication_recovery,false,2,1,26,30,56,false,false,,,,,
260,2023-11-09,15.5,48,Crash & corruption,extensions_contrib,false,2,4,37,3,40,false,false,,,,,24
261,2023-11-09,15.5,49,Crash & corruption,client_tools,false,1,1,1,1,2,false,false,,,,,
262,2023-11-09,15.5,50,Client tools,client_tools,false,2,2,27,7,34,false,false,,,,,
263,2023-11-09,15.5,51,Client tools,client_tools,false,2,1,50,1,51,false,false,,,,,
264,2023-11-09,15.5,52,Replication & recovery,replication_recovery,false,1,1,2,1,3,false,false,,,,,
265,2023-11-09,15.5,53,Client tools,client_tools,false,2,2,49,7,56,false,false,,,,,
266,2023-11-09,15.5,54,Crash & corruption,extensions_contrib,false,2,4,163,4,167,false,false,,,,,
267,2023-11-09,15.5,55,Extensions & contrib,extensions_contrib,false,2,3,17,9,26,false,false,,,,,
268,2023-11-09,15.5,56,Build & platform,core_server,false,2,2,37,0,37,false,false,,,,,
269,2023-11-09,15.5,57,Build & platform,other,false,2,1,17,9,26,false,false,,,,,
270,2023-11-09,15.5,58,Extensions & contrib,extensions_contrib,false,2,1,3,1,4,false,false,,,,,
271,2023-11-09,15.5,59,Other functionality,core_server,false,2,2,1,2,3,false,false,,,,,
272,2024-02-08,15.6,0,Security (CVE),core_server,false,2,3,38,2,40,true,false,1,1,8.0,HIGH,
273,2024-02-08,15.6,1,Crash & corruption,core_server,false,2,6,234,94,328,false,false,,,,,
274,2024-02-08,15.6,2,Performance,core_server,false,1,5,42,27,69,false,false,,,,,
275,2024-02-08,15.6,3,Crash & corruption,planner,false,2,3,390,0,390,true,false,,,,,
276,2024-02-08,15.6,4,Wrong results & planner,planner,false,2,3,46,2,48,true,false,,,,,0
277,2024-02-08,15.6,5,Other functionality,core_server,false,2,3,41,0,41,true,false,,,,,2
278,2024-02-08,15.6,6,Other functionality,core_server,false,2,3,97,0,97,true,false,,,,,
279,2024-02-08,15.6,7,Crash & corruption,core_server,false,2,3,167,8,175,true,false,,,,,12
280,2024-02-08,15.6,8,Other functionality,core_server,false,2,1,23,5,28,false,false,,,,,331
281,2024-02-08,15.6,9,Other functionality,core_server,false,2,1,1,0,1,false,false,,,,,
282,2024-02-08,15.6,10,Crash & corruption,core_server,false,2,4,64,20,84,true,false,,,,,230
283,2024-02-08,15.6,11,Crash & corruption,core_server,false,2,1,1,2,3,false,false,,,,,150
284,2024-02-08,15.6,12,Other functionality,core_server,false,2,3,30,0,30,true,false,,,,,8
285,2024-02-08,15.6,13,Other functionality,core_server,false,2,4,132,30,162,true,false,,,,,3
286,2024-02-08,15.6,14,Other functionality,core_server,false,2,1,15,8,23,false,false,,,,,
287,2024-02-08,15.6,15,Other functionality,core_server,false,2,10,141,56,197,true,false,,,,,69
288,2024-02-08,15.6,16,Crash & corruption,core_server,false,2,1,95,95,190,false,false,,,,,
289,2024-02-08,15.6,17,Other functionality,core_server,false,2,3,8,1,9,true,false,,,,,
290,2024-02-08,15.6,18,Wrong results & planner,core_server,false,2,3,29,4,33,true,false,,,,,0
291,2024-02-08,15.6,19,Wrong results & planner,core_server,false,2,3,80,44,124,true,false,,,,,3
292,2024-02-08,15.6,20,Other functionality,core_server,false,2,1,3,0,3,false,false,,,,,
293,2024-02-08,15.6,21,Other functionality,core_server,false,2,1,8,1,9,false,false,,,,,
294,2024-02-08,15.6,22,Other functionality,core_server,false,2,1,4,1,5,false,false,,,,,
295,2024-02-08,15.6,23,Other functionality,core_server,false,2,1,18,1,19,false,false,,,,,
296,2024-02-08,15.6,24,Crash & corruption,core_server,false,2,7,418,20,438,true,false,,,,,
297,2024-02-08,15.6,25,Other functionality,core_server,false,2,1,5,1,6,false,false,,,,,
298,2024-02-08,15.6,26,Other functionality,core_server,false,2,3,77,11,88,true,false,,,,,0
299,2024-02-08,15.6,27,Other functionality,core_server,false,2,9,54,55,109,true,false,,,,,
300,2024-02-08,15.6,28,Other functionality,core_server,false,2,1,1,1,2,false,false,,,,,
301,2024-02-08,15.6,29,Crash & corruption,core_server,false,2,2,9,0,9,false,false,,,,,
302,2024-02-08,15.6,30,Replication & recovery,replication_recovery,false,2,1,34,0,34,false,false,,,,,
303,2024-02-08,15.6,31,Replication & recovery,replication_recovery,false,2,1,1,0,1,false,false,,,,,1
304,2024-02-08,15.6,32,Replication & recovery,replication_recovery,false,2,1,37,9,46,false,false,,,,,
305,2024-02-08,15.6,33,Crash & corruption,replication_recovery,false,2,1,15,5,20,false,false,,,,,
306,2024-02-08,15.6,34,Replication & recovery,replication_recovery,false,2,2,55,2,57,true,false,,,,,
307,2024-02-08,15.6,35,Replication & recovery,replication_recovery,false,2,2,34,11,45,true,false,,,,,4
308,2024-02-08,15.6,36,Replication & recovery,extensions_contrib,false,1,3,65,4,69,false,false,,,,,19
309,2024-02-08,15.6,37,Client tools,core_server,false,2,1,5,7,12,false,false,,,,,
310,2024-02-08,15.6,38,Crash & corruption,build_platform,false,2,8,11,27,38,true,false,,,,,
311,2024-02-08,15.6,39,Extensions & contrib,core_server,false,2,4,45,14,59,false,false,,,,,
312,2024-02-08,15.6,40,Other functionality,extensions_contrib,false,2,3,50,29,79,false,false,,,,,259
313,2024-02-08,15.6,41,Other functionality,core_server,false,2,1,4,0,4,false,false,,,,,
314,2024-02-08,15.6,42,Other functionality,extensions_contrib,false,2,5,122,11,133,false,false,,,,,
315,2024-02-08,15.6,43,Client tools,client_tools,false,2,1,3,1,4,false,false,,,,,193
316,2024-02-08,15.6,44,Client tools,client_tools,false,2,1,8,0,8,false,false,,,,,
317,2024-02-08,15.6,45,Crash & corruption,client_tools,false,2,1,42,22,64,false,false,,,,,
318,2024-02-08,15.6,46,Client tools,client_tools,false,2,3,56,60,116,false,false,,,,,1
319,2024-02-08,15.6,47,Client tools,tests,false,2,1,1,1,2,true,false,,,,,
320,2024-02-08,15.6,48,Client tools,client_tools,false,2,3,32,6,38,false,false,,,,,
321,2024-02-08,15.6,49,Client tools,client_tools,false,2,2,41,2,43,false,false,,,,,
322,2024-02-08,15.6,50,Crash & corruption,extensions_contrib,false,2,4,27,22,49,false,false,,,,,1
323,2024-02-08,15.6,51,Extensions & contrib,extensions_contrib,false,2,3,14,2,16,false,false,,,,,6
324,2024-02-08,15.6,52,Extensions & contrib,extensions_contrib,false,2,3,11,7,18,false,false,,,,,6
325,2024-02-08,15.6,53,Client tools,tests,false,2,1,1,1,2,true,false,,,,,
326,2024-02-08,15.6,54,Other functionality,core_server,false,2,3,69,69,138,false,false,,,,,
327,2024-02-08,15.6,55,Build & platform,core_server,false,2,2,12,4,16,false,false,,,,,
328,2024-02-08,15.6,56,Build & platform,replication_recovery,false,2,1,4,2,6,false,false,,,,,
329,2024-02-08,15.6,57,Build & platform,extensions_contrib,false,2,1,1,1,2,false,false,,,,,
330,2024-02-08,15.6,58,Build & platform,core_server,false,2,1,4,1,5,false,false,,,,,
331,2024-05-09,15.7,0,Security (CVE),core_server,false,2,7,81,17,98,true,false,1,1,3.1,LOW,
332,2024-05-09,15.7,1,Other functionality,core_server,false,2,5,227,11,238,true,false,,,,,0
333,2024-05-09,15.7,2,Other functionality,core_server,false,2,3,27,1,28,true,false,,,,,
334,2024-05-09,15.7,3,Other functionality,core_server,false,2,5,106,8,114,true,false,,,,,
335,2024-05-09,15.7,4,Wrong results & planner,core_server,false,2,3,187,2,189,true,false,,,,,4
336,2024-05-09,15.7,5,Other functionality,core_server,false,2,3,24,22,46,true,false,,,,,1
337,2024-05-09,15.7,6,Other functionality,core_server,false,2,3,100,1,101,true,false,,,,,
338,2024-05-09,15.7,7,Replication & recovery,core_server,false,2,1,16,0,16,false,false,,,,,1
339,2024-05-09,15.7,8,Other functionality,client_tools,false,2,3,14,4,18,false,false,,,,,
340,2024-05-09,15.7,9,Other functionality,core_server,false,2,2,8,6,14,true,false,,,,,
341,2024-05-09,15.7,10,Other functionality,core_server,false,2,3,79,9,88,true,false,,,,,
342,2024-05-09,15.7,11,Crash & corruption,core_server,false,2,3,60,1,61,false,false,,,,,
343,2024-05-09,15.7,12,Crash & corruption,core_server,false,2,1,16,12,28,false,false,,,,,
344,2024-05-09,15.7,13,Other functionality,core_server,false,2,1,11,13,24,false,false,,,,,
345,2024-05-09,15.7,14,Crash & corruption,core_server,false,1,1,6,0,6,false,false,,,,,
346,2024-05-09,15.7,15,Wrong results & planner,planner,false,2,2,34,7,41,false,false,,,,,4
347,2024-05-09,15.7,16,Other functionality,core_server,false,2,4,67,24,91,true,false,,,,,9
348,2024-05-09,15.7,17,Other functionality,core_server,false,2,1,4,4,8,false,false,,,,,
349,2024-05-09,15.7,18,Crash & corruption,planner,false,2,1,7,2,9,false,false,,,,,0
350,2024-05-09,15.7,19,Other functionality,core_server,false,2,3,63,6,69,true,false,,,,,
351,2024-05-09,15.7,20,Other functionality,planner,false,2,2,2,2,4,false,false,,,,,1
352,2024-05-09,15.7,21,Crash & corruption,core_server,false,2,7,41,13,54,true,false,,,,,10
353,2024-05-09,15.7,22,Crash & corruption,core_server,false,2,6,36,4,40,true,false,,,,,
354,2024-05-09,15.7,23,Other functionality,core_server,false,2,1,0,3,3,false,false,,,,,
355,2024-05-09,15.7,24,Wrong results & planner,core_server,false,2,5,97,19,116,true,false,,,,,
356,2024-05-09,15.7,25,Wrong results & planner,core_server,false,2,3,22,4,26,true,false,,,,,
357,2024-05-09,15.7,26,Crash & corruption,core_server,false,2,1,33,35,68,false,false,,,,,
358,2024-05-09,15.7,27,Other functionality,core_server,false,2,1,19,11,30,false,false,,,,,76
359,2024-05-09,15.7,28,Crash & corruption,core_server,false,2,4,112,20,132,true,false,,,,,
360,2024-05-09,15.7,29,Other functionality,core_server,false,2,1,38,32,70,false,false,,,,,
361,2024-05-09,15.7,30,Crash & corruption,core_server,false,2,2,25,24,49,false,false,,,,,
362,2024-05-09,15.7,31,Crash & corruption,core_server,false,2,2,15,8,23,false,false,,,,,0
363,2024-05-09,15.7,32,Crash & corruption,core_server,false,2,5,141,9,150,true,false,,,,,408
364,2024-05-09,15.7,33,Crash & corruption,replication_recovery,false,2,2,22,4,26,false,false,,,,,
365,2024-05-09,15.7,34,Crash & corruption,core_server,false,2,1,1,1,2,false,false,,,,,0
366,2024-05-09,15.7,35,Other functionality,core_server,false,2,1,1,5,6,false,false,,,,,
367,2024-05-09,15.7,36,Build & platform,client_tools,false,2,2,36,6,42,false,false,,,,,
368,2024-05-09,15.7,37,Client tools,client_tools,false,2,2,52,26,78,false,false,,,,,14
369,2024-05-09,15.7,38,Crash & corruption,client_tools,false,2,12,289,80,369,false,false,,,,,
370,2024-05-09,15.7,39,Client tools,client_tools,false,2,1,18,19,37,false,false,,,,,
371,2024-05-09,15.7,40,Client tools,client_tools,false,2,9,70,2,72,false,false,,,,,
372,2024-05-09,15.7,41,Client tools,client_tools,false,2,1,2,0,2,false,false,,,,,
373,2024-05-09,15.7,42,Client tools,client_tools,false,2,1,10,7,17,false,false,,,,,
374,2024-05-09,15.7,43,Replication & recovery,replication_recovery,false,2,9,47,4,51,false,false,,,,,
375,2024-05-09,15.7,44,Other functionality,extensions_contrib,false,2,7,76,36,112,true,false,,,,,
376,2024-05-09,15.7,45,Extensions & contrib,extensions_contrib,false,2,3,55,5,60,false,false,,,,,
377,2024-05-09,15.7,46,Extensions & contrib,core_server,false,2,2,2,2,4,false,false,,,,,
378,2024-05-09,15.7,47,Extensions & contrib,extensions_contrib,false,2,3,114,36,150,false,false,,,,,3
379,2024-05-09,15.7,48,Extensions & contrib,extensions_contrib,false,2,1,5,3,8,false,false,,,,,
380,2024-05-09,15.7,49,Extensions & contrib,extensions_contrib,false,2,2,12,9,21,false,false,,,,,10
381,2024-05-09,15.7,50,Build & platform,core_server,false,2,1,5,2,7,false,false,,,,,
382,2024-05-09,15.7,51,Other functionality,core_server,false,2,1,31,4,35,false,false,,,,,
383,2024-08-08,15.8,0,Security (CVE),core_server,false,2,15,255,1,256,true,false,1,1,8.8,HIGH,
384,2024-08-08,15.8,1,Crash & corruption,core_server,false,2,2,29,8,37,false,false,,,,,
385,2024-08-08,15.8,2,Other functionality,core_server,false,2,3,24,1,25,true,false,,,,,1
386,2024-08-08,15.8,3,Other functionality,tests,false,2,2,4,2,6,true,false,,,,,33
387,2024-08-08,15.8,4,Wrong results & planner,core_server,false,2,1,60,50,110,false,false,,,,,98
388,2024-08-08,15.8,5,Other functionality,core_server,false,2,3,82,1,83,true,false,,,,,
389,2024-08-08,15.8,6,Crash & corruption,tests,false,2,2,26,0,26,true,false,,,,,1
390,2024-08-08,15.8,7,Other functionality,extensions_contrib,false,2,4,130,14,144,false,false,,,,,
391,2024-08-08,15.8,8,Wrong results & planner,core_server,false,2,3,124,80,204,true,false,,,,,35
392,2024-08-08,15.8,9,Wrong results & planner,core_server,false,2,3,157,13,170,true,false,,,,,
393,2024-08-08,15.8,10,Other functionality,core_server,false,2,3,18,2,20,true,false,,,,,
394,2024-08-08,15.8,11,Replication & recovery,core_server,false,2,3,56,13,69,true,false,,,,,
395,2024-08-08,15.8,12,Other functionality,core_server,false,2,3,19,13,32,true,false,,,,,21
396,2024-08-08,15.8,13,Security (CVE),core_server,false,2,3,14,1,15,true,false,1,1,8.8,HIGH,
397,2024-08-08,15.8,14,Other functionality,core_server,false,2,3,64,3,67,false,false,,,,,
398,2024-08-08,15.8,15,Other functionality,core_server,false,2,3,25,14,39,true,false,,,,,0
399,2024-08-08,15.8,16,Build & platform,core_server,false,2,3,102,20,122,true,false,,,,,1
400,2024-08-08,15.8,17,Other functionality,core_server,false,2,1,7,0,7,false,false,,,,,
401,2024-08-08,15.8,18,Other functionality,core_server,false,2,3,32,5,37,true,false,,,,,0
402,2024-08-08,15.8,19,Client tools,core_server,false,2,3,27,6,33,true,false,,,,,
403,2024-08-08,15.8,20,Other functionality,planner,false,2,3,27,1,28,true,false,,,,,0
404,2024-08-08,15.8,21,Other functionality,core_server,false,2,1,47,13,60,false,false,,,,,4
405,2024-08-08,15.8,22,Other functionality,core_server,false,2,3,86,73,159,true,false,,,,,7
406,2024-08-08,15.8,23,Other functionality,planner,false,2,5,107,29,136,true,false,,,,,4
407,2024-08-08,15.8,24,Crash & corruption,core_server,false,2,1,17,1,18,false,false,,,,,
408,2024-08-08,15.8,25,Other functionality,tests,false,2,4,0,68,68,true,false,,,,,
409,2024-08-08,15.8,26,Replication & recovery,core_server,false,2,7,85,17,102,true,false,,,,,
410,2024-08-08,15.8,27,Crash & corruption,extensions_contrib,false,2,7,122,10,132,false,false,,,,,
411,2024-08-08,15.8,28,Replication & recovery,core_server,false,2,2,14,2,16,false,false,,,,,376
412,2024-08-08,15.8,29,Replication & recovery,replication_recovery,false,2,1,10,0,10,false,false,,,,,
413,2024-08-08,15.8,30,Crash & corruption,core_server,false,2,2,17,1,18,false,false,,,,,15
414,2024-08-08,15.8,31,Other functionality,core_server,false,2,1,8,0,8,false,false,,,,,
415,2024-08-08,15.8,32,Crash & corruption,replication_recovery,false,2,2,11,0,11,false,false,,,,,
416,2024-08-08,15.8,33,Build & platform,core_server,false,2,1,32,0,32,false,false,,,,,
417,2024-08-08,15.8,34,Security hardening (no CVE),core_server,false,2,1,3,2,5,false,false,,,,,
418,2024-08-08,15.8,35,Build & platform,core_server,false,2,1,3,3,6,false,false,,,,,
419,2024-08-08,15.8,36,Other functionality,extensions_contrib,false,2,3,138,56,194,false,false,,,,,7
420,2024-08-08,15.8,37,Extensions & contrib,build_platform,false,1,2,0,2,2,false,false,,,,,
421,2024-08-08,15.8,38,Extensions & contrib,extensions_contrib,false,2,3,42,16,58,false,false,,,,,
422,2024-08-08,15.8,39,Crash & corruption,extensions_contrib,false,2,5,80,3,83,false,false,,,,,4
423,2024-08-08,15.8,40,Crash & corruption,extensions_contrib,false,2,3,28,2,30,false,false,,,,,
424,2024-08-08,15.8,41,Client tools,client_tools,false,2,2,11,9,20,false,false,,,,,
425,2024-08-08,15.8,42,Crash & corruption,client_tools,false,2,1,2,2,4,false,false,,,,,
426,2024-08-08,15.8,43,Client tools,client_tools,false,2,1,4,1,5,false,false,,,,,
427,2024-08-08,15.8,44,Extensions & contrib,extensions_contrib,false,2,3,85,5,90,false,false,,,,,470
428,2024-08-08,15.8,45,Extensions & contrib,extensions_contrib,false,2,3,40,0,40,false,false,,,,,23
429,2024-08-08,15.8,46,Build & platform,core_server,false,2,2,95,9,104,false,false,,,,,
430,2024-08-08,15.8,47,Crash & corruption,planner,false,2,1,1,1,2,false,false,,,,,
431,2024-08-08,15.8,48,Crash & corruption,core_server,false,2,3,27,5,32,false,false,,,,,10
432,2024-11-14,15.9,0,Security (CVE),core_server,false,3,5,226,6,232,true,false,1,1,4.2,MEDIUM,
433,2024-11-14,15.9,1,Security (CVE),client_tools,false,3,3,22,35,57,false,false,1,1,3.1,LOW,
434,2024-11-14,15.9,2,Security (CVE),core_server,false,3,1,18,1,19,false,false,1,1,4.2,MEDIUM,
435,2024-11-14,15.9,3,Security (CVE),extensions_contrib,false,3,2,5,0,5,false,false,1,1,8.8,HIGH,
436,2024-11-14,15.9,4,Other functionality,core_server,false,3,3,27,30,57,true,false,,,,,24
437,2024-11-14,15.9,5,Crash & corruption,planner,false,2,1,11,2,13,false,false,,,,,13
438,2024-11-14,15.9,6,Other functionality,core_server,false,2,3,51,0,51,true,false,,,,,24
439,2024-11-14,15.9,7,Wrong results & planner,planner,false,3,3,324,2,326,true,false,,,,,94
440,2024-11-14,15.9,8,Other functionality,planner,false,3,3,71,38,109,true,false,,,,,3
441,2024-11-14,15.9,9,Build & platform,core_server,false,2,1,3,0,3,false,false,,,,,0
442,2024-11-14,15.9,10,Crash & corruption,core_server,false,3,3,17,5,22,true,false,,,,,1
443,2024-11-14,15.9,11,Other functionality,core_server,false,3,1,12,5,17,false,false,,,,,244
444,2024-11-14,15.9,12,Crash & corruption,core_server,false,3,1,9,4,13,false,false,,,,,5
445,2024-11-14,15.9,13,Crash & corruption,replication_recovery,false,3,1,8,1,9,false,false,,,,,
446,2024-11-14,15.9,14,Crash & corruption,core_server,false,3,1,8,0,8,false,false,,,,,2
447,2024-11-14,15.9,15,Crash & corruption,core_server,false,3,1,2,4,6,false,false,,,,,
448,2024-11-14,15.9,16,Crash & corruption,core_server,false,3,3,67,0,67,false,false,,,,,
449,2024-11-14,15.9,17,Performance,replication_recovery,false,3,3,23,11,34,false,false,,,,,
450,2024-11-14,15.9,18,Other functionality,core_server,false,2,4,42,4,46,false,false,,,,,
451,2024-11-14,15.9,19,Crash & corruption,core_server,false,2,2,17,5,22,false,false,,,,,2
452,2024-11-14,15.9,20,Crash & corruption,core_server,false,2,5,92,3,95,true,false,,,,,
453,2024-11-14,15.9,21,Other functionality,core_server,false,2,1,5,5,10,false,false,,,,,2
454,2024-11-14,15.9,22,Other functionality,core_server,false,2,2,14,2,16,true,false,,,,,
455,2024-11-14,15.9,23,Other functionality,core_server,false,3,1,3,0,3,false,false,,,,,
456,2024-11-14,15.9,24,Other functionality,client_tools,false,2,4,74,62,136,true,false,,,,,
457,2024-11-14,15.9,25,Replication & recovery,extensions_contrib,false,3,4,45,44,89,false,false,,,,,9
458,2024-11-14,15.9,26,Replication & recovery,replication_recovery,false,3,1,11,6,17,false,false,,,,,
459,2024-11-14,15.9,27,Other functionality,core_server,false,2,1,1,2,3,false,false,,,,,
460,2024-11-14,15.9,28,Other functionality,core_server,false,2,1,3,1,4,false,false,,,,,
461,2024-11-14,15.9,29,Other functionality,core_server,false,2,5,85,19,104,true,false,,,,,
462,2024-11-14,15.9,30,Other functionality,extensions_contrib,false,3,3,47,4,51,false,false,,,,,1
463,2024-11-14,15.9,31,Other functionality,extensions_contrib,false,2,2,16,12,28,false,false,,,,,0
464,2024-11-14,15.9,32,Client tools,core_server,false,2,1,1,4,5,false,false,,,,,
465,2024-11-14,15.9,33,Client tools,client_tools,false,3,1,4,4,8,false,false,,,,,
466,2024-11-14,15.9,34,Other functionality,client_tools,false,2,1,21,2,23,false,false,,,,,
467,2024-11-14,15.9,35,Security hardening (no CVE),client_tools,false,3,5,109,48,157,false,false,,,,,40
468,2024-11-14,15.9,36,Client tools,core_server,false,2,7,112,41,153,true,false,,,,,2
469,2024-11-14,15.9,37,Replication & recovery,replication_recovery,false,2,1,2,4,6,false,false,,,,,1
470,2024-11-14,15.9,38,Replication & recovery,core_server,false,1,1,27,1,28,false,false,,,,,
471,2024-11-14,15.9,39,Client tools,client_tools,false,3,1,2,1,3,false,false,,,,,
472,2024-11-14,15.9,40,Extensions & contrib,extensions_contrib,false,2,2,5,3,8,false,false,,,,,
473,2024-11-14,15.9,41,Crash & corruption,core_server,false,3,11,985,2,987,false,false,,,,,
474,2024-11-14,15.9,42,Crash & corruption,core_server,false,3,6,10,10,20,false,false,,,,,
475,2024-11-14,15.9,43,Build & platform,build_platform,false,2,1,4,1,5,false,false,,,,,
476,2024-11-14,15.9,44,Build & platform,core_server,false,1,1,4,2,6,false,false,,,,,
477,2024-11-21,15.10,0,Other functionality,core_server,true,3,1,3,3,6,false,false,,,,,
478,2024-11-21,15.10,1,Security (CVE),core_server,true,3,6,90,3,93,true,false,1,1,4.2,MEDIUM,
479,2024-11-21,15.10,2,Replication & recovery,replication_recovery,true,3,1,3,1,4,false,false,,,,,
480,2024-11-21,15.10,3,Replication & recovery,replication_recovery,true,3,7,169,7,176,false,false,,,,,
481,2024-11-21,15.10,4,Crash & corruption,core_server,true,3,2,54,5,59,false,false,,,,,376
482,2024-11-21,15.10,5,Extensions & contrib,extensions_contrib,true,3,1,2,0,2,false,false,,,,,
483,2024-11-21,15.10,6,Crash & corruption,extensions_contrib,true,3,3,16,2,18,false,false,,,,,5
484,2024-11-21,15.10,7,Crash & corruption,core_server,true,3,6,79,1,80,true,false,,,,,1
485,2025-02-13,15.11,0,Security (CVE),client_tools,false,3,1,14,5,19,false,false,1,1,8.1,HIGH,
486,2025-02-13,15.11,1,Other functionality,core_server,false,3,11,80,92,172,true,false,,,,,
487,2025-02-13,15.11,2,Other functionality,core_server,false,3,3,34,18,52,true,false,,,,,
488,2025-02-13,15.11,3,Other functionality,core_server,false,3,1,2,2,4,false,false,,,,,
489,2025-02-13,15.11,4,Crash & corruption,core_server,false,3,6,252,83,335,true,false,,,,,
490,2025-02-13,15.11,5,Crash & corruption,core_server,false,3,5,77,93,170,false,false,,,,,695
491,2025-02-13,15.11,6,Crash & corruption,core_server,false,3,6,89,33,122,false,false,,,,,254
492,2025-02-13,15.11,7,Crash & corruption,core_server,false,3,1,20,7,27,false,false,,,,,426
493,2025-02-13,15.11,8,Crash & corruption,replication_recovery,false,1,3,11,21,32,false,false,,,,,
494,2025-02-13,15.11,9,Other functionality,core_server,false,3,5,51,2,53,true,false,,,,,
495,2025-02-13,15.11,10,Other functionality,extensions_contrib,false,3,3,118,10,128,false,false,,,,,
496,2025-02-13,15.11,11,Other functionality,core_server,false,3,3,39,2,41,true,false,,,,,
497,2025-02-13,15.11,12,Other functionality,core_server,false,3,3,25,13,38,true,false,,,,,
498,2025-02-13,15.11,13,Other functionality,core_server,false,3,5,26,13,39,true,false,,,,,
499,2025-02-13,15.11,14,Other functionality,core_server,false,3,1,2,2,4,false,false,,,,,1
500,2025-02-13,15.11,15,Other functionality,planner,false,3,1,12,12,24,false,false,,,,,
501,2025-02-13,15.11,16,Wrong results & planner,planner,false,3,3,56,0,56,true,false,,,,,1
502,2025-02-13,15.11,17,Other functionality,core_server,false,3,1,4,2,6,false,false,,,,,
503,2025-02-13,15.11,18,Other functionality,core_server,false,3,1,1,1,2,false,false,,,,,
504,2025-02-13,15.11,19,Replication & recovery,replication_recovery,false,3,3,162,6,168,true,false,,,,,
505,2025-02-13,15.11,20,Crash & corruption,core_server,false,3,4,6,4,10,false,false,,,,,
506,2025-02-13,15.11,21,Client tools,core_server,false,3,2,102,0,102,false,false,,,,,
507,2025-02-13,15.11,22,Crash & corruption,replication_recovery,false,3,1,2,2,4,false,false,,,,,
508,2025-02-13,15.11,23,Crash & corruption,core_server,false,1,1,5,0,5,false,false,,,,,
509,2025-02-13,15.11,24,Replication & recovery,core_server,false,3,1,2,2,4,false,false,,,,,
510,2025-02-13,15.11,25,Other functionality,core_server,false,3,3,21,5,26,true,false,,,,,
511,2025-02-13,15.11,26,Build & platform,build_platform,false,3,2,112,0,112,false,false,,,,,72
512,2025-02-13,15.11,27,Client tools,core_server,false,1,1,14,3,17,false,false,,,,,
513,2025-02-13,15.11,28,Crash & corruption,core_server,false,3,3,28,2,30,true,false,,,,,
514,2025-02-13,15.11,29,Crash & corruption,core_server,false,3,1,9,3,12,false,false,,,,,
515,2025-02-13,15.11,30,Crash & corruption,core_server,false,3,19,49,73,122,false,false,,,,,
516,2025-02-13,15.11,31,Crash & corruption,extensions_contrib,false,3,2,69,2,71,false,false,,,,,
517,2025-02-13,15.11,32,Other functionality,core_server,false,3,6,64,5,69,true,false,,,,,2
518,2025-02-13,15.11,33,Wrong results & planner,core_server,false,3,6,92,78,170,false,false,,,,,
519,2025-02-13,15.11,34,Crash & corruption,extensions_contrib,false,3,4,49,64,113,false,false,,,,,
520,2025-02-13,15.11,35,Extensions & contrib,extensions_contrib,false,3,1,10,6,16,false,false,,,,,
521,2025-02-13,15.11,36,Client tools,client_tools,false,3,1,29,33,62,false,false,,,,,
522,2025-02-13,15.11,37,Client tools,client_tools,false,3,1,1,1,2,false,false,,,,,
523,2025-02-13,15.11,38,Crash & corruption,core_server,false,3,4,97,19,116,false,false,,,,,55
524,2025-02-13,15.11,39,Client tools,core_server,false,3,3,19,2,21,false,false,,,,,
525,2025-02-13,15.11,40,Client tools,client_tools,false,3,2,59,7,66,false,false,,,,,
526,2025-02-13,15.11,41,Client tools,client_tools,false,3,1,20,10,30,false,false,,,,,
527,2025-02-13,15.11,42,Crash & corruption,client_tools,false,3,1,18,7,25,false,false,,,,,
528,2025-02-13,15.11,43,Crash & corruption,client_tools,false,3,2,27,17,44,false,false,,,,,
529,2025-02-13,15.11,44,Replication & recovery,replication_recovery,false,3,3,3,3,6,false,false,,,,,
530,2025-02-13,15.11,45,Build & platform,build_platform,false,3,3,58,4,62,false,false,,,,,
531,2025-02-13,15.11,46,Build & platform,build_platform,false,1,2,97,0,97,false,false,,,,,
532,2025-02-20,15.12,0,Security (CVE),client_tools,true,3,1,7,5,12,false,false,1,1,8.1,HIGH,
533,2025-05-08,15.13,0,Security (CVE),tests,false,3,1,82,80,162,true,false,1,1,5.9,MEDIUM,
534,2025-05-08,15.13,1,Other functionality,core_server,false,3,4,107,73,180,true,false,,,,,567
535,2025-05-08,15.13,2,Crash & corruption,core_server,false,3,1,11,0,11,false,false,,,,,8
536,2025-05-08,15.13,3,Other functionality,core_server,false,3,4,140,5,145,true,false,,,,,
537,2025-05-08,15.13,4,Other functionality,core_server,false,3,4,34,2,36,true,false,,,,,1
538,2025-05-08,15.13,5,Other functionality,planner,false,3,6,90,27,117,true,false,,,,,
539,2025-05-08,15.13,6,Other functionality,core_server,false,3,3,124,43,167,true,false,,,,,1
540,2025-05-08,15.13,7,Other functionality,core_server,false,3,4,166,8,174,true,false,,,,,1
541,2025-05-08,15.13,8,Other functionality,core_server,false,3,1,4,0,4,false,false,,,,,
542,2025-05-08,15.13,9,Other functionality,core_server,false,3,3,18,2,20,true,false,,,,,
543,2025-05-08,15.13,10,Other functionality,core_server,false,3,4,34,10,44,true,false,,,,,1
544,2025-05-08,15.13,11,Other functionality,core_server,false,3,5,17,9,26,true,false,,,,,
545,2025-05-08,15.13,12,Other functionality,core_server,false,3,4,65,0,65,true,false,,,,,
546,2025-05-08,15.13,13,Wrong results & planner,planner,false,3,1,2,2,4,false,false,,,,,
547,2025-05-08,15.13,14,Other functionality,core_server,false,3,5,13,133,146,false,false,,,,,
548,2025-05-08,15.13,15,Performance,extensions_contrib,false,3,3,64,5,69,false,false,,,,,1
549,2025-05-08,15.13,16,Crash & corruption,core_server,false,3,3,28,41,69,false,false,,,,,
550,2025-05-08,15.13,17,Other functionality,core_server,false,3,1,25,3,28,false,false,,,,,
551,2025-05-08,15.13,18,Crash & corruption,replication_recovery,false,3,3,104,22,126,false,false,,,,,
552,2025-05-08,15.13,19,Crash & corruption,core_server,false,3,1,7,3,10,false,false,,,,,
553,2025-05-08,15.13,20,Crash & corruption,core_server,false,3,61,4970,4578,9548,false,false,,,,,
554,2025-05-08,15.13,21,Replication & recovery,extensions_contrib,false,3,3,71,12,83,false,false,,,,,
555,2025-05-08,15.13,22,Crash & corruption,extensions_contrib,false,3,4,2,2,4,false,false,,,,,
556,2025-05-08,15.13,23,Replication & recovery,core_server,false,3,1,2,2,4,false,false,,,,,
557,2025-05-08,15.13,24,Replication & recovery,replication_recovery,false,3,1,3,3,6,false,false,,,,,
558,2025-05-08,15.13,25,Crash & corruption,replication_recovery,false,1,1,5,1,6,false,false,,,,,222
559,2025-05-08,15.13,26,Crash & corruption,core_server,false,3,1,0,3,3,false,false,,,,,
560,2025-05-08,15.13,27,Crash & corruption,core_server,false,3,1,12,5,17,false,false,,,,,383
561,2025-05-08,15.13,28,Crash & corruption,core_server,false,3,1,24,0,24,false,false,,,,,
562,2025-05-08,15.13,29,Other functionality,extensions_contrib,false,3,3,30,5,35,false,false,,,,,1
563,2025-05-08,15.13,30,Client tools,client_tools,false,3,1,20,6,26,false,false,,,,,
564,2025-05-08,15.13,31,Crash & corruption,client_tools,false,3,1,57,9,66,false,false,,,,,
565,2025-05-08,15.13,32,Crash & corruption,client_tools,false,3,1,9,6,15,false,false,,,,,
566,2025-05-08,15.13,33,Crash & corruption,core_server,false,2,3,144,17,161,false,false,,,,,
567,2025-05-08,15.13,34,Crash & corruption,extensions_contrib,false,3,1,27,18,45,false,false,,,,,3
568,2025-05-08,15.13,35,Crash & corruption,extensions_contrib,false,3,1,8,0,8,false,false,,,,,2
569,2025-05-08,15.13,36,Build & platform,build_platform,false,3,5,49,24,73,false,false,,,,,
570,2025-08-14,15.14,0,Security (CVE),core_server,false,3,12,596,304,900,true,false,2,1,3.1,LOW,
571,2025-08-14,15.14,1,Security (CVE),client_tools,false,3,22,435,13,448,true,false,1,1,8.8,HIGH,
572,2025-08-14,15.14,2,Security (CVE),client_tools,false,3,7,90,40,130,false,false,2,1,8.8,HIGH,
573,2025-08-14,15.14,3,Performance,core_server,false,3,1,1,1,2,false,false,,,,,
574,2025-08-14,15.14,4,Other functionality,core_server,false,3,1,1,9,10,false,false,,,,,
575,2025-08-14,15.14,5,Crash & corruption,core_server,false,3,3,188,3,191,true,false,,,,,
576,2025-08-14,15.14,6,Other functionality,core_server,false,3,3,20,0,20,true,false,,,,,
577,2025-08-14,15.14,7,Other functionality,extensions_contrib,false,3,6,295,4,299,false,false,,,,,
578,2025-08-14,15.14,8,Other functionality,extensions_contrib,false,3,5,64,5,69,false,false,,,,,42
579,2025-08-14,15.14,9,Crash & corruption,core_server,false,3,3,49,8,57,false,false,,,,,
580,2025-08-14,15.14,10,Crash & corruption,core_server,false,3,1,36,2,38,false,false,,,,,7
581,2025-08-14,15.14,11,Other functionality,core_server,false,3,1,16,2,18,false,false,,,,,
582,2025-08-14,15.14,12,Other functionality,tests,false,3,2,8,3,11,true,false,,,,,
583,2025-08-14,15.14,13,Other functionality,tests,false,3,1,1,0,1,true,false,,,,,4
584,2025-08-14,15.14,14,Crash & corruption,core_server,false,3,1,6,3,9,false,false,,,,,
585,2025-08-14,15.14,15,Crash & corruption,replication_recovery,false,3,1,15,5,20,false,false,,,,,
586,2025-08-14,15.14,16,Client tools,core_server,false,3,3,53,8,61,true,false,,,,,
587,2025-08-14,15.14,17,Other functionality,core_server,false,3,4,32,6,38,false,false,,,,,
588,2025-08-14,15.14,18,Replication & recovery,replication_recovery,false,3,3,46,2,48,false,false,,,,,
589,2025-08-14,15.14,19,Other functionality,core_server,false,3,1,20,14,34,false,false,,,,,
590,2025-08-14,15.14,20,Replication & recovery,replication_recovery,false,3,5,231,45,276,false,false,,,,,18
591,2025-08-14,15.14,21,Crash & corruption,replication_recovery,false,3,3,60,9,69,false,false,,,,,
592,2025-08-14,15.14,22,Replication & recovery,replication_recovery,false,3,1,21,2,23,false,false,,,,,
593,2025-08-14,15.14,23,Replication & recovery,core_server,false,3,1,6,0,6,false,false,,,,,
594,2025-08-14,15.14,24,Crash & corruption,core_server,false,3,1,32,6,38,false,false,,,,,
595,2025-08-14,15.14,25,Crash & corruption,core_server,false,3,5,88,0,88,false,false,,,,,492
596,2025-08-14,15.14,26,Crash & corruption,core_server,false,3,7,85,0,85,true,false,,,,,1
597,2025-08-14,15.14,27,Crash & corruption,core_server,false,3,1,8,17,25,false,false,,,,,3
598,2025-08-14,15.14,28,Crash & corruption,core_server,false,3,5,25,4,29,true,false,,,,,
599,2025-08-14,15.14,29,Other functionality,extensions_contrib,false,3,1,5,1,6,false,false,,,,,
600,2025-08-14,15.14,30,Crash & corruption,extensions_contrib,false,3,1,133,133,266,false,false,,,,,
601,2025-08-14,15.14,31,Client tools,client_tools,false,3,2,6,3,9,false,false,,,,,
602,2025-08-14,15.14,32,Other functionality,client_tools,false,3,2,96,35,131,false,false,,,,,
603,2025-08-14,15.14,33,Client tools,client_tools,false,3,3,33,7,40,false,false,,,,,42
604,2025-08-14,15.14,34,Client tools,client_tools,false,3,1,6,1,7,false,false,,,,,
605,2025-08-14,15.14,35,Client tools,client_tools,false,3,1,22,8,30,false,false,,,,,
606,2025-08-14,15.14,36,Crash & corruption,client_tools,false,3,1,15,2,17,false,false,,,,,
607,2025-08-14,15.14,37,Client tools,client_tools,false,3,3,32,1,33,true,false,,,,,
608,2025-08-14,15.14,38,Client tools,client_tools,false,3,6,335,30,365,true,false,,,,,
609,2025-08-14,15.14,39,Client tools,client_tools,false,3,1,1,1,2,false,false,,,,,
610,2025-08-14,15.14,40,Crash & corruption,replication_recovery,false,3,2,8,2,10,true,false,,,,,
611,2025-08-14,15.14,41,Replication & recovery,core_server,false,3,1,2,0,2,false,false,,,,,
612,2025-08-14,15.14,42,Crash & corruption,extensions_contrib,false,3,1,38,38,76,false,false,,,,,
613,2025-08-14,15.14,43,Extensions & contrib,extensions_contrib,false,3,1,9,2,11,false,false,,,,,
614,2025-08-14,15.14,44,Extensions & contrib,extensions_contrib,false,3,3,40,1,41,false,false,,,,,
615,2025-08-14,15.14,45,Crash & corruption,extensions_contrib,false,3,1,35,27,62,false,false,,,,,
616,2025-08-14,15.14,46,Build & platform,build_platform,false,3,12,33,33,66,false,false,,,,,
617,2025-08-14,15.14,47,Build & platform,build_platform,false,3,3,60,57,117,false,false,,,,,
618,2025-08-14,15.14,48,Build & platform,core_server,false,3,2,19,2,21,false,false,,,,,0
619,2025-08-14,15.14,49,Other functionality,core_server,false,3,1,9,3,12,false,false,,,,,
620,2025-08-14,15.14,50,Build & platform,build_platform,false,3,1,1,1,2,false,false,,,,,
621,2025-08-14,15.14,51,Build & platform,core_server,false,3,1,14,8,22,false,false,,,,,
622,2025-08-14,15.14,52,Build & platform,extensions_contrib,false,3,1,1,1,2,false,false,,,,,
623,2025-08-14,15.14,53,Build & platform,core_server,false,3,1,2,0,2,false,false,,,,,
624,2025-11-13,15.15,0,Security (CVE),core_server,false,4,6,90,4,94,true,false,1,1,3.1,LOW,
625,2025-11-13,15.15,1,Security (CVE),client_tools,false,4,5,224,33,257,false,false,1,1,5.9,MEDIUM,
626,2025-11-13,15.15,2,Other functionality,core_server,false,3,3,82,27,109,true,false,,,,,
627,2025-11-13,15.15,3,Wrong results & planner,core_server,false,3,3,75,1,76,true,false,,,,,0
628,2025-11-13,15.15,4,Other functionality,planner,false,3,3,44,2,46,true,false,,,,,4
629,2025-11-13,15.15,5,Crash & corruption,planner,false,3,1,3,4,7,false,false,,,,,
630,2025-11-13,15.15,6,Crash & corruption,core_server,false,4,1,0,1,1,false,false,,,,,0
631,2025-11-13,15.15,7,Crash & corruption,extensions_contrib,false,3,3,97,0,97,false,false,,,,,1
632,2025-11-13,15.15,8,Other functionality,core_server,false,3,1,2,2,4,false,false,,,,,1
633,2025-11-13,15.15,9,Other functionality,core_server,false,4,1,2,1,3,false,false,,,,,
634,2025-11-13,15.15,10,Crash & corruption,core_server,false,4,1,5,5,10,false,false,,,,,
635,2025-11-13,15.15,11,Build & platform,core_server,false,4,1,1,1,2,false,false,,,,,
636,2025-11-13,15.15,12,Crash & corruption,core_server,false,4,3,116,7,123,true,false,,,,,
637,2025-11-13,15.15,13,Other functionality,core_server,false,3,3,37,1,38,true,false,,,,,
638,2025-11-13,15.15,14,Crash & corruption,extensions_contrib,false,4,6,117,7,124,false,false,,,,,
639,2025-11-13,15.15,15,Other functionality,core_server,false,4,3,17,76,93,true,false,,,,,9
640,2025-11-13,15.15,16,Other functionality,core_server,false,4,5,86,40,126,true,false,,,,,
641,2025-11-13,15.15,17,Other functionality,core_server,false,4,5,59,0,59,true,false,,,,,
642,2025-11-13,15.15,18,Other functionality,core_server,false,4,3,25,0,25,true,false,,,,,
643,2025-11-13,15.15,19,Other functionality,core_server,false,3,3,244,86,330,true,false,,,,,
644,2025-11-13,15.15,20,Crash & corruption,core_server,false,3,2,33,43,76,false,false,,,,,8
645,2025-11-13,15.15,21,Crash & corruption,core_server,false,4,1,1,0,1,false,false,,,,,
646,2025-11-13,15.15,22,Crash & corruption,core_server,false,3,2,38,1,39,false,false,,,,,
647,2025-11-13,15.15,23,Wrong results & planner,core_server,false,3,4,179,8,187,true,false,,,,,
648,2025-11-13,15.15,24,Replication & recovery,core_server,false,3,3,69,1,70,true,false,,,,,
649,2025-11-13,15.15,25,Crash & corruption,core_server,false,3,3,42,3,45,true,false,,,,,34
650,2025-11-13,15.15,26,Replication & recovery,replication_recovery,false,4,1,33,17,50,false,false,,,,,
651,2025-11-13,15.15,27,Other functionality,replication_recovery,false,4,3,70,24,94,false,false,,,,,
652,2025-11-13,15.15,28,Replication & recovery,replication_recovery,false,4,1,7,0,7,false,false,,,,,
653,2025-11-13,15.15,29,Replication & recovery,replication_recovery,false,4,4,31,5,36,true,false,,,,,8
654,2025-11-13,15.15,30,Replication & recovery,core_server,false,3,7,41,4,45,true,false,,,,,
655,2025-11-13,15.15,31,Crash & corruption,replication_recovery,false,4,1,24,5,29,false,false,,,,,
656,2025-11-13,15.15,32,Crash & corruption,replication_recovery,false,3,4,99,2,101,true,false,,,,,
657,2025-11-13,15.15,33,Crash & corruption,core_server,false,4,3,16,5,21,false,false,,,,,
658,2025-11-13,15.15,34,Build & platform,core_server,false,3,1,33,13,46,false,false,,,,,
659,2025-11-13,15.15,35,Build & platform,core_server,false,4,1,3,3,6,false,false,,,,,
660,2025-11-13,15.15,36,Other functionality,core_server,false,4,1,1,0,1,false,false,,,,,
661,2025-11-13,15.15,37,Crash & corruption,extensions_contrib,false,4,1,21,8,29,false,false,,,,,
662,2025-11-13,15.15,38,Client tools,client_tools,false,3,1,2,2,4,false,false,,,,,
663,2025-11-13,15.15,39,Client tools,client_tools,false,4,1,15,12,27,false,false,,,,,
664,2025-11-13,15.15,40,Replication & recovery,client_tools,false,3,2,13,6,19,false,false,,,,,
665,2025-11-13,15.15,41,Client tools,client_tools,false,3,1,2,1,3,false,false,,,,,13
666,2025-11-13,15.15,42,Client tools,client_tools,false,3,1,1,1,2,false,false,,,,,
667,2025-11-13,15.15,43,Replication & recovery,client_tools,false,3,1,15,0,15,false,false,,,,,
668,2025-11-13,15.15,44,Client tools,client_tools,false,4,1,9,0,9,false,false,,,,,
669,2025-11-13,15.15,45,Crash & corruption,client_tools,false,4,2,25,0,25,false,false,,,,,
670,2025-11-13,15.15,46,Client tools,client_tools,false,4,1,3,3,6,false,false,,,,,
671,2025-11-13,15.15,47,Crash & corruption,client_tools,false,4,1,8,1,9,false,false,,,,,
672,2025-11-13,15.15,48,Extensions & contrib,core_server,false,4,1,4,0,4,false,false,,,,,
673,2025-11-13,15.15,49,Extensions & contrib,extensions_contrib,false,4,1,1,1,2,false,false,,,,,
674,2025-11-13,15.15,50,Crash & corruption,extensions_contrib,false,4,1,22,10,32,false,false,,,,,
675,2025-11-13,15.15,51,Build & platform,core_server,false,4,1,10,2,12,false,false,,,,,
676,2025-11-13,15.15,52,Build & platform,core_server,false,3,1,4,0,4,false,false,,,,,
677,2025-11-13,15.15,53,Build & platform,other,false,4,1,5,0,5,false,false,,,,,
678,2026-02-12,15.16,0,Security (CVE),core_server,false,4,8,82,3,85,true,false,1,1,4.3,MEDIUM,
679,2026-02-12,15.16,1,Security (CVE),core_server,false,4,6,220,1,221,false,false,1,1,8.8,HIGH,
680,2026-02-12,15.16,2,Security (CVE),extensions_contrib,false,4,8,599,3,602,false,false,1,1,8.8,HIGH,
681,2026-02-12,15.16,3,Security (CVE),extensions_contrib,false,4,3,15,12,27,false,false,1,1,8.8,HIGH,
682,2026-02-12,15.16,4,Other functionality,core_server,false,4,3,87,42,129,true,false,,,,,0
683,2026-02-12,15.16,5,Other functionality,core_server,false,4,4,107,57,164,true,false,,,,,5
684,2026-02-12,15.16,6,Other functionality,extensions_contrib,false,4,3,49,3,52,false,false,,,,,86
685,2026-02-12,15.16,7,Other functionality,planner,false,4,3,44,0,44,true,false,,,,,
686,2026-02-12,15.16,8,Crash & corruption,core_server,false,4,1,5,1,6,false,false,,,,,
687,2026-02-12,15.16,9,Performance,core_server,false,4,1,1,0,1,false,false,,,,,274
688,2026-02-12,15.16,10,Other functionality,core_server,false,4,1,21,13,34,false,false,,,,,
689,2026-02-12,15.16,11,Crash & corruption,core_server,false,4,5,236,16,252,true,false,,,,,
690,2026-02-12,15.16,12,Replication & recovery,core_server,false,3,13,362,126,488,true,false,,,,,
691,2026-02-12,15.16,13,Crash & corruption,core_server,false,4,2,15,2,17,false,false,,,,,
692,2026-02-12,15.16,14,Crash & corruption,replication_recovery,false,4,1,17,0,17,false,false,,,,,
693,2026-02-12,15.16,15,Other functionality,core_server,false,4,1,1,1,2,false,false,,,,,
694,2026-02-12,15.16,16,Crash & corruption,core_server,false,4,1,40,18,58,false,false,,,,,
695,2026-02-12,15.16,17,Crash & corruption,replication_recovery,false,4,1,7,0,7,false,false,,,,,
696,2026-02-12,15.16,18,Other functionality,replication_recovery,false,4,1,7,2,9,false,false,,,,,
697,2026-02-12,15.16,19,Performance,core_server,false,4,3,90,5,95,true,false,,,,,
698,2026-02-12,15.16,20,Crash & corruption,replication_recovery,false,4,1,10,0,10,false,false,,,,,
699,2026-02-12,15.16,21,Replication & recovery,core_server,false,4,2,11,2,13,false,false,,,,,
700,2026-02-12,15.16,22,Replication & recovery,replication_recovery,false,4,1,34,9,43,false,false,,,,,
701,2026-02-12,15.16,23,Crash & corruption,tests,false,4,1,8,2,10,true,false,,,,,
702,2026-02-12,15.16,24,Crash & corruption,replication_recovery,false,4,4,45,10,55,false,false,,,,,
703,2026-02-12,15.16,25,Replication & recovery,replication_recovery,false,4,3,39,35,74,true,false,,,,,
704,2026-02-12,15.16,26,Other functionality,core_server,false,4,2,13,1,14,false,false,,,,,
705,2026-02-12,15.16,27,Other functionality,core_server,false,4,1,3,2,5,false,false,,,,,
706,2026-02-12,15.16,28,Other functionality,replication_recovery,false,4,1,1,1,2,false,false,,,,,
707,2026-02-12,15.16,29,Build & platform,core_server,false,4,1,4,0,4,false,false,,,,,
708,2026-02-12,15.16,30,Build & platform,core_server,false,4,1,7,0,7,false,false,,,,,
709,2026-02-12,15.16,31,Other functionality,core_server,false,4,1,2,2,4,false,false,,,,,
710,2026-02-12,15.16,32,Client tools,client_tools,false,4,1,4,0,4,false,false,,,,,
711,2026-02-12,15.16,33,Client tools,client_tools,false,4,2,22,15,37,false,false,,,,,232
712,2026-02-12,15.16,34,Extensions & contrib,extensions_contrib,false,4,2,5,2,7,false,false,,,,,
713,2026-02-12,15.16,35,Extensions & contrib,extensions_contrib,false,4,3,20,1,21,true,false,,,,,
714,2026-02-12,15.16,36,Extensions & contrib,extensions_contrib,false,4,4,16,2,18,true,false,,,,,
715,2026-02-12,15.16,37,Wrong results & planner,extensions_contrib,false,4,1,7,2,9,false,false,,,,,
716,2026-02-12,15.16,38,Extensions & contrib,extensions_contrib,false,4,3,37,18,55,false,false,,,,,
717,2026-02-26,15.17,0,Replication & recovery,replication_recovery,true,4,2,3,10,13,false,false,,,,,
718,2026-02-26,15.17,1,Security (CVE),core_server,true,4,1,2,2,4,false,false,1,1,8.8,HIGH,1
719,2026-02-26,15.17,2,Other functionality,core_server,true,4,1,16,4,20,false,false,,,,,
720,2026-02-26,15.17,3,Other functionality,extensions_contrib,true,4,3,26,17,43,false,false,,,,,
721,2026-02-26,15.17,4,Crash & corruption,extensions_contrib,true,4,1,2,1,3,false,false,,,,,
722,2026-05-14,15.18,0,Security (CVE),core_server,false,4,3,107,2,109,true,false,1,1,7.5,HIGH,
723,2026-05-14,15.18,1,Security (CVE),extensions_contrib,false,4,2,2,2,4,false,false,1,1,8.8,HIGH,
724,2026-05-14,15.18,2,Security (CVE),core_server,false,4,3,39,3,42,true,false,1,1,8.8,HIGH,
725,2026-05-14,15.18,3,Security (CVE),core_server,false,4,1,9,5,14,false,false,1,1,4.3,MEDIUM,
726,2026-05-14,15.18,4,Security (CVE),core_server,false,4,3,39,0,39,true,false,1,1,5.4,MEDIUM,
727,2026-05-14,15.18,5,Security (CVE),core_server,false,4,3,11,9,20,false,false,1,1,6.5,MEDIUM,
728,2026-05-14,15.18,6,Security (CVE),client_tools,false,4,5,46,12,58,false,false,1,1,8.8,HIGH,
729,2026-05-14,15.18,7,Security (CVE),core_server,false,4,5,57,0,57,false,false,1,1,8.8,HIGH,
730,2026-05-14,15.18,8,Security (CVE),extensions_contrib,false,4,4,0,29,29,false,false,1,1,8.8,HIGH,
731,2026-05-14,15.18,9,Security (CVE),extensions_contrib,false,4,3,35,2,37,false,false,1,1,8.8,HIGH,
732,2026-05-14,15.18,10,Security (CVE),extensions_contrib,false,4,1,38,46,84,false,false,1,1,8.8,HIGH,
733,2026-05-14,15.18,11,Wrong results & planner,planner,false,4,6,160,8,168,true,false,,,,,
734,2026-05-14,15.18,12,Other functionality,core_server,false,4,5,221,38,259,true,false,,,,,
735,2026-05-14,15.18,13,Other functionality,core_server,false,4,1,2,1,3,false,false,,,,,
736,2026-05-14,15.18,14,Other functionality,core_server,false,4,3,40,0,40,true,false,,,,,
737,2026-05-14,15.18,15,Other functionality,core_server,false,4,3,63,2,65,true,false,,,,,
738,2026-05-14,15.18,16,Other functionality,core_server,false,4,3,176,1,177,true,false,,,,,
739,2026-05-14,15.18,17,Other functionality,core_server,false,4,3,17,0,17,true,false,,,,,
740,2026-05-14,15.18,18,Other functionality,core_server,false,4,3,16,0,16,true,false,,,,,
741,2026-05-14,15.18,19,Other functionality,core_server,false,4,1,43,7,50,false,false,,,,,
742,2026-05-14,15.18,20,Crash & corruption,core_server,false,4,4,369,68,437,true,false,,,,,
743,2026-05-14,15.18,21,Security hardening (no CVE),core_server,false,4,1,43,18,61,false,false,,,,,
744,2026-05-14,15.18,22,Security hardening (no CVE),core_server,false,4,1,24,10,34,false,false,,,,,
745,2026-05-14,15.18,23,Other functionality,core_server,false,4,3,172,7,179,true,false,,,,,55
746,2026-05-14,15.18,24,Other functionality,core_server,false,4,3,29,3,32,true,false,,,,,
747,2026-05-14,15.18,25,Security hardening (no CVE),core_server,false,4,1,19,8,27,false,false,,,,,
748,2026-05-14,15.18,26,Crash & corruption,core_server,false,4,1,17,3,20,false,false,,,,,5
749,2026-05-14,15.18,27,Replication & recovery,replication_recovery,false,4,1,19,16,35,false,false,,,,,
750,2026-05-14,15.18,28,Replication & recovery,core_server,false,4,3,18,1,19,false,false,,,,,
751,2026-05-14,15.18,29,Security hardening (no CVE),core_server,false,4,5,96,0,96,true,false,,,,,
752,2026-05-14,15.18,30,Crash & corruption,planner,false,4,2,25,1,26,false,false,,,,,
753,2026-05-14,15.18,31,Other functionality,core_server,false,4,1,15,33,48,false,false,,,,,
754,2026-05-14,15.18,32,Crash & corruption,replication_recovery,false,4,2,68,19,87,false,false,,,,,
755,2026-05-14,15.18,33,Replication & recovery,replication_recovery,false,4,1,7,1,8,false,false,,,,,
756,2026-05-14,15.18,34,Replication & recovery,core_server,false,4,1,11,1,12,false,false,,,,,
757,2026-05-14,15.18,35,Crash & corruption,client_tools,false,4,10,312,12,324,false,false,,,,,
758,2026-05-14,15.18,36,Crash & corruption,client_tools,false,4,3,14,4,18,false,false,,,,,
759,2026-05-14,15.18,37,Client tools,client_tools,false,4,5,28,1,29,false,false,,,,,
760,2026-05-14,15.18,38,Replication & recovery,extensions_contrib,false,4,1,1,14,15,false,false,,,,,
761,2026-05-14,15.18,39,Extensions & contrib,extensions_contrib,false,4,3,60,64,124,false,false,,,,,
762,2026-05-14,15.18,40,Extensions & contrib,extensions_contrib,false,4,1,13,9,22,false,false,,,,,
763,2026-05-14,15.18,41,Crash & corruption,extensions_contrib,false,4,3,133,4,137,false,false,,,,,
764,2026-08-13,15.19,0,Security (CVE),client_tools,false,4,5,113,113,226,false,false,1,1,7.2,HIGH,
765,2026-08-13,15.19,1,Security (CVE),extensions_contrib,false,4,15,254,13,267,false,false,1,1,6.5,MEDIUM,115
766,2026-08-13,15.19,2,Security (CVE),client_tools,false,4,20,313,57,370,true,false,1,1,8.1,HIGH,
767,2026-08-13,15.19,3,Security (CVE),core_server,false,4,1,2,2,4,false,false,1,1,8.8,HIGH,
768,2026-08-13,15.19,4,Security (CVE),core_server,false,4,1,18,3,21,false,false,1,1,8.8,HIGH,
769,2026-08-13,15.19,5,Security (CVE),core_server,false,4,1,12,11,23,false,false,1,1,8.8,HIGH,
770,2026-08-13,15.19,6,Security (CVE),core_server,false,4,3,51,5,56,true,false,1,1,4.3,MEDIUM,
771,2026-08-13,15.19,7,Security (CVE),planner,false,4,4,43,8,51,true,false,1,1,8.8,HIGH,
772,2026-08-13,15.19,8,Security (CVE),core_server,false,4,1,2,1,3,false,false,1,1,8.1,HIGH,
773,2026-08-13,15.19,9,Security (CVE),core_server,false,4,5,126,35,161,false,false,1,1,8.8,HIGH,
774,2026-08-13,15.19,10,Security (CVE),core_server,false,4,6,109,13,122,false,false,1,1,8.2,HIGH,
775,2026-08-13,15.19,11,Security (CVE),core_server,false,4,2,40,0,40,false,false,1,1,8.8,HIGH,
776,2026-08-13,15.19,12,Security (CVE),core_server,false,4,7,129,42,171,true,false,1,1,3.8,LOW,
777,2026-08-13,15.19,13,Security (CVE),core_server,false,4,1,2,1,3,false,false,1,1,8.8,HIGH,
778,2026-08-13,15.19,14,Security (CVE),core_server,false,4,22,318,9,327,true,false,1,1,4.3,MEDIUM,
779,2026-08-13,15.19,15,Security (CVE),core_server,false,4,3,64,2,66,false,false,1,1,4.2,MEDIUM,
780,2026-08-13,15.19,16,Security (CVE),core_server,false,4,1,7,2,9,false,false,1,1,4.2,MEDIUM,
781,2026-08-13,15.19,17,Security (CVE),core_server,false,4,2,14,1,15,false,false,1,1,5.3,MEDIUM,
782,2026-08-13,15.19,18,Security (CVE),client_tools,false,4,6,66,5,71,false,false,1,1,3.8,LOW,
783,2026-08-13,15.19,19,Security (CVE),client_tools,false,4,3,20,2,22,false,false,2,2,8.8,HIGH,
784,2026-08-13,15.19,20,Security (CVE),client_tools,false,4,5,140,45,185,true,false,1,1,8.8,HIGH,
785,2026-08-13,15.19,21,Security (CVE),extensions_contrib,false,4,2,14,3,17,false,false,1,1,8.8,HIGH,
786,2026-08-13,15.19,22,Security (CVE),extensions_contrib,false,4,3,24,24,48,false,false,2,2,8.8,HIGH,
787,2026-08-13,15.19,23,Security (CVE),extensions_contrib,false,4,4,37,5,42,false,false,1,1,3.8,LOW,
788,2026-08-13,15.19,24,Security (CVE),core_server,false,4,4,77,43,120,false,false,1,1,8.8,HIGH,
789,2026-08-13,15.19,25,Security (CVE),extensions_contrib,false,4,1,16,28,44,false,false,1,1,8.8,HIGH,52
790,2026-08-13,15.19,26,Security (CVE),extensions_contrib,false,4,1,2,2,4,false,false,1,1,4.3,MEDIUM,
791,2026-08-13,15.19,27,Security (CVE),extensions_contrib,false,4,3,138,261,399,true,false,1,1,8.8,HIGH,
792,2026-08-13,15.19,28,Crash & corruption,replication_recovery,false,2,1,5,2,7,false,false,,,,,7
793,2026-08-13,15.19,29,Crash & corruption,extensions_contrib,false,4,4,163,33,196,false,false,,,,,
794,2026-08-13,15.19,30,Wrong results & planner,core_server,false,4,3,68,8,76,true,false,,,,,
795,2026-08-13,15.19,31,Wrong results & planner,planner,false,4,1,41,33,74,false,false,,,,,
796,2026-08-13,15.19,32,Wrong results & planner,core_server,false,4,6,102,27,129,false,false,,,,,
797,2026-08-13,15.19,33,Wrong results & planner,core_server,false,4,3,361,9,370,true,false,,,,,13
798,2026-08-13,15.19,34,Other functionality,core_server,false,4,3,71,10,81,true,false,,,,,
799,2026-08-13,15.19,35,Other functionality,core_server,false,4,3,19,20,39,true,false,,,,,1
800,2026-08-13,15.19,36,Other functionality,core_server,false,4,7,110,2,112,true,false,,,,,
801,2026-08-13,15.19,37,Other functionality,core_server,false,4,3,150,17,167,true,false,,,,,
802,2026-08-13,15.19,38,Other functionality,core_server,false,4,3,99,1,100,true,false,,,,,
803,2026-08-13,15.19,39,Other functionality,core_server,false,4,1,1,3,4,false,false,,,,,
804,2026-08-13,15.19,40,Other functionality,core_server,false,4,1,1,1,2,false,false,,,,,
805,2026-08-13,15.19,41,Crash & corruption,core_server,false,4,3,23,1,24,true,false,,,,,
806,2026-08-13,15.19,42,Other functionality,core_server,false,4,1,30,57,87,false,false,,,,,
807,2026-08-13,15.19,43,Other functionality,tests,false,4,1,6,0,6,true,false,,,,,
808,2026-08-13,15.19,44,Other functionality,core_server,false,2,3,19,6,25,true,false,,,,,62
809,2026-08-13,15.19,45,Other functionality,core_server,false,4,3,28,0,28,true,false,,,,,6
810,2026-08-13,15.19,46,Crash & corruption,core_server,false,4,1,21,8,29,false,false,,,,,0
811,2026-08-13,15.19,47,Security hardening (no CVE),core_server,false,4,1,17,1,18,false,false,,,,,0
812,2026-08-13,15.19,48,Other functionality,core_server,false,4,1,7,0,7,false,false,,,,,
813,2026-08-13,15.19,49,Crash & corruption,core_server,false,4,3,124,54,178,true,false,,,,,
814,2026-08-13,15.19,50,Other functionality,core_server,false,4,1,35,14,49,false,false,,,,,
815,2026-08-13,15.19,51,Crash & corruption,core_server,false,4,5,379,5,384,true,false,,,,,
816,2026-08-13,15.19,52,Crash & corruption,core_server,false,4,1,14,5,19,false,false,,,,,36
817,2026-08-13,15.19,53,Crash & corruption,core_server,false,4,1,10,3,13,false,false,,,,,
818,2026-08-13,15.19,54,Crash & corruption,core_server,false,4,1,19,11,30,false,false,,,,,
819,2026-08-13,15.19,55,Replication & recovery,replication_recovery,false,4,2,22,7,29,true,false,,,,,
820,2026-08-13,15.19,56,Replication & recovery,replication_recovery,false,4,1,19,4,23,false,false,,,,,
821,2026-08-13,15.19,57,Security hardening (no CVE),replication_recovery,false,4,7,159,73,232,false,false,,,,,
822,2026-08-13,15.19,58,Replication & recovery,extensions_contrib,false,4,4,108,4,112,true,false,,,,,11
823,2026-08-13,15.19,59,Crash & corruption,core_server,false,4,6,66,27,93,true,false,,,,,
824,2026-08-13,15.19,60,Replication & recovery,replication_recovery,false,4,7,247,7,254,true,false,,,,,
825,2026-08-13,15.19,61,Crash & corruption,replication_recovery,false,4,1,27,25,52,false,false,,,,,
826,2026-08-13,15.19,62,Replication & recovery,replication_recovery,false,4,1,1,0,1,false,false,,,,,
827,2026-08-13,15.19,63,Replication & recovery,core_server,false,4,3,12,13,25,false,false,,,,,
828,2026-08-13,15.19,64,Crash & corruption,core_server,false,4,6,25,22,47,false,false,,,,,4
829,2026-08-13,15.19,65,Other functionality,core_server,false,4,1,5,2,7,false,false,,,,,
830,2026-08-13,15.19,66,Crash & corruption,extensions_contrib,false,4,3,15,1,16,false,false,,,,,
831,2026-08-13,15.19,67,Crash & corruption,extensions_contrib,false,4,15,500,4,504,false,false,,,,,
832,2026-08-13,15.19,68,Client tools,client_tools,false,4,2,11,5,16,false,false,,,,,
833,2026-08-13,15.19,69,Client tools,client_tools,false,4,1,1,1,2,false,false,,,,,
834,2026-08-13,15.19,70,Client tools,client_tools,false,4,2,5,13,18,false,false,,,,,
835,2026-08-13,15.19,71,Client tools,client_tools,false,4,3,41,3,44,true,false,,,,,
836,2026-08-13,15.19,72,Client tools,client_tools,false,4,2,5,3,8,false,false,,,,,
837,2026-08-13,15.19,73,Client tools,client_tools,false,4,1,1,1,2,false,false,,,,,
838,2026-08-13,15.19,74,Crash & corruption,client_tools,false,4,1,11,12,23,false,false,,,,,
839,2026-08-13,15.19,75,Other functionality,replication_recovery,false,4,2,2,2,4,false,false,,,,,
840,2026-08-13,15.19,76,Extensions & contrib,extensions_contrib,false,4,1,1,1,2,false,false,,,,,
841,2026-08-13,15.19,77,Wrong results & planner,extensions_contrib,false,4,10,345,86,431,false,false,,,,,13
842,2026-08-13,15.19,78,Crash & corruption,extensions_contrib,false,4,2,34,4,38,false,false,,,,,
843,2026-08-13,15.19,79,Crash & corruption,extensions_contrib,false,4,1,9,0,9,false,false,,,,,
844,2026-08-13,15.19,80,Extensions & contrib,extensions_contrib,false,4,1,3,0,3,false,false,,,,,1
845,2026-08-13,15.19,81,Crash & corruption,extensions_contrib,false,4,5,63,9,72,false,false,,,,,
846,2026-08-13,15.19,82,Crash & corruption,extensions_contrib,false,4,1,3,3,6,false,false,,,,,
847,2026-08-13,15.19,83,Crash & corruption,extensions_contrib,false,4,3,28,3,31,false,false,,,,,1
848,2026-08-13,15.19,84,Security (CVE),extensions_contrib,false,4,1,2,1,3,false,false,1,1,8.8,HIGH,2
849,2026-08-13,15.19,85,Extensions & contrib,extensions_contrib,false,4,3,55,3,58,false,false,,,,,
850,2026-08-13,15.19,86,Crash & corruption,extensions_contrib,false,4,4,31,4,35,false,false,,,,,
851,2026-08-13,15.19,87,Build & platform,build_platform,false,2,5,95,19,114,false,false,,,,,
852,2026-08-13,15.19,88,Build & platform,extensions_contrib,false,4,4,25,24,49,true,false,,,,,
868,2023-11-09,16.1,15,Other functionality,extensions_contrib,false,1,4,90,9,99,false,false,,,,,
874,2023-11-09,16.1,21,Replication & recovery,core_server,false,1,4,44,2,46,true,false,,,,,
875,2023-11-09,16.1,22,Other functionality,core_server,false,1,3,85,0,85,true,false,,,,,22
876,2023-11-09,16.1,23,Extensions & contrib,core_server,false,1,3,40,1,41,true,false,,,,,
883,2023-11-09,16.1,30,Other functionality,planner,false,1,1,17,1,18,false,false,,,,,
888,2023-11-09,16.1,35,Other functionality,extensions_contrib,false,1,3,47,1,48,false,false,,,,,
889,2023-11-09,16.1,36,Other functionality,core_server,false,1,1,1,1,2,false,false,,,,,
900,2023-11-09,16.1,47,Replication & recovery,client_tools,false,1,2,43,30,73,false,false,,,,,
904,2023-11-09,16.1,51,Client tools,client_tools,false,1,2,30,11,41,false,false,,,,,
905,2023-11-09,16.1,52,Client tools,client_tools,false,1,1,24,1,25,false,false,,,,,
917,2024-02-08,16.2,5,Other functionality,planner,false,1,1,1,1,2,false,false,,,,,
918,2024-02-08,16.2,6,Other functionality,planner,false,1,3,51,6,57,true,false,,,,,3
923,2024-02-08,16.2,11,Crash & corruption,core_server,false,1,1,2,2,4,false,false,,,,,11
924,2024-02-08,16.2,12,Replication & recovery,core_server,false,1,3,39,3,42,true,false,,,,,5
929,2024-02-08,16.2,17,Other functionality,core_server,false,1,3,9,13,22,true,false,,,,,3
936,2024-02-08,16.2,24,Other functionality,core_server,false,1,1,11,0,11,false,false,,,,,
944,2024-02-08,16.2,32,Other functionality,core_server,false,1,9,54,55,109,true,false,,,,,
950,2024-02-08,16.2,38,Replication & recovery,replication_recovery,false,1,1,47,8,55,false,false,,,,,
955,2024-02-08,16.2,43,Replication & recovery,tests,false,1,1,81,70,151,true,false,,,,,
960,2024-02-08,16.2,48,Crash & corruption,replication_recovery,false,1,1,5,0,5,false,false,,,,,
967,2024-02-08,16.2,55,Client tools,client_tools,false,1,2,9,17,26,false,false,,,,,
970,2024-02-08,16.2,58,Client tools,client_tools,false,1,1,1,1,2,false,false,,,,,
993,2024-05-09,16.3,12,Other functionality,core_server,false,1,1,0,4,4,false,false,,,,,
997,2024-05-09,16.3,16,Other functionality,planner,false,1,1,15,4,19,false,false,,,,,
1003,2024-05-09,16.3,22,Performance,core_server,false,1,2,124,25,149,false,false,,,,,
1016,2024-05-09,16.3,35,Crash & corruption,replication_recovery,false,1,1,33,6,39,false,false,,,,,
1021,2024-05-09,16.3,40,Crash & corruption,build_platform,false,1,5,61,0,61,false,false,,,,,
1026,2024-05-09,16.3,45,Client tools,client_tools,false,1,2,21,2,23,false,false,,,,,
1039,2024-08-08,16.4,1,Wrong results & planner,core_server,false,1,4,100,20,120,true,false,,,,,10
1047,2024-08-08,16.4,9,Other functionality,core_server,false,1,3,195,0,195,true,false,,,,,5
1054,2024-08-08,16.4,16,Other functionality,core_server,false,1,3,18,10,28,false,false,,,,,
1065,2024-08-08,16.4,27,Other functionality,client_tools,false,1,5,14,6,20,true,false,,,,,
1079,2024-08-08,16.4,41,Other functionality,client_tools,false,1,5,23,3,26,true,false,,,,,
1086,2024-08-08,16.4,48,Extensions & contrib,extensions_contrib,false,1,3,68,0,68,false,false,,,,,
1101,2024-11-14,16.5,9,Performance,planner,false,1,4,107,15,122,true,false,,,,,
1104,2024-11-14,16.5,12,Crash & corruption,core_server,false,2,5,92,11,103,true,false,,,,,5
1105,2024-11-14,16.5,13,Build & platform,core_server,false,1,5,32,3,35,true,false,,,,,10
1107,2024-11-14,16.5,15,Build & platform,client_tools,false,2,2,93,17,110,false,false,,,,,
1116,2024-11-14,16.5,24,Other functionality,core_server,false,1,5,84,23,107,true,false,,,,,
1118,2024-11-14,16.5,26,Other functionality,core_server,false,1,3,217,100,317,true,false,,,,,3
1122,2024-11-14,16.5,30,Wrong results & planner,core_server,false,1,1,1,1,2,false,false,,,,,
1126,2024-11-14,16.5,34,Replication & recovery,core_server,false,1,4,66,1,67,true,false,,,,,
1136,2024-11-14,16.5,44,Crash & corruption,client_tools,false,1,5,59,27,86,true,false,,,,,
1137,2024-11-14,16.5,45,Client tools,client_tools,false,2,2,16,5,21,false,false,,,,,
1168,2025-02-13,16.7,15,Wrong results & planner,planner,false,2,4,233,5,238,true,false,,,,,
1169,2025-02-13,16.7,16,Crash & corruption,core_server,false,2,3,63,5,68,true,false,,,,,
1173,2025-02-13,16.7,20,Other functionality,core_server,false,2,1,21,14,35,false,false,,,,,
1178,2025-02-13,16.7,25,Crash & corruption,core_server,false,2,1,4,0,4,false,false,,,,,
1198,2025-02-13,16.7,45,Crash & corruption,client_tools,false,2,1,2,1,3,false,false,,,,,
1200,2025-02-13,16.7,47,Extensions & contrib,extensions_contrib,false,2,5,81,6,87,false,false,,,,,
1202,2025-02-13,16.7,49,Build & platform,build_platform,false,2,1,28,5,33,false,false,,,,,
1203,2025-02-13,16.7,50,Build & platform,build_platform,false,2,1,1,0,1,false,false,,,,,
1204,2025-02-13,16.7,51,Build & platform,build_platform,false,2,1,4,1,5,false,false,,,,,
1205,2025-02-13,16.7,52,Build & platform,client_tools,false,2,1,2,4,6,false,false,,,,,
1206,2025-02-13,16.7,53,Extensions & contrib,extensions_contrib,false,2,1,1,1,2,false,false,,,,,
1208,2025-02-20,16.8,1,Build & platform,build_platform,true,2,1,2,1,3,false,false,,,,,
1216,2025-05-08,16.9,7,Other functionality,core_server,false,2,3,36,4,40,true,false,,,,,
1223,2025-05-08,16.9,14,Wrong results & planner,tests,false,2,1,6,0,6,true,false,,,,,
1224,2025-05-08,16.9,15,Other functionality,planner,false,2,4,115,16,131,true,false,,,,,
1230,2025-05-08,16.9,21,Replication & recovery,replication_recovery,false,2,3,66,2,68,true,false,,,,,
1232,2025-05-08,16.9,23,Crash & corruption,core_server,false,2,1,1,1,2,false,false,,,,,
1233,2025-05-08,16.9,24,Crash & corruption,core_server,false,2,3,9,1,10,true,false,,,,,1
1235,2025-05-08,16.9,26,Crash & corruption,core_server,false,2,10,36,13,49,false,false,,,,,13
1237,2025-05-08,16.9,28,Replication & recovery,replication_recovery,false,2,3,34,2,36,true,false,,,,,
1238,2025-05-08,16.9,29,Replication & recovery,replication_recovery,false,2,2,61,6,67,true,false,,,,,
1241,2025-05-08,16.9,32,Replication & recovery,core_server,false,2,4,87,29,116,true,false,,,,,
1243,2025-05-08,16.9,34,Replication & recovery,core_server,false,2,3,133,14,147,true,false,,,,,
1279,2025-08-14,16.10,23,Replication & recovery,replication_recovery,false,2,2,42,13,55,false,false,,,,,
1280,2025-08-14,16.10,24,Crash & corruption,replication_recovery,false,2,1,1,1,2,false,false,,,,,
1282,2025-08-14,16.10,26,Replication & recovery,replication_recovery,false,2,1,9,1,10,false,false,,,,,
1284,2025-08-14,16.10,28,Crash & corruption,core_server,false,2,1,13,8,21,false,false,,,,,0
1311,2025-08-14,16.10,55,Build & platform,build_platform,false,2,1,1,1,2,false,false,,,,,
1317,2025-11-13,16.11,2,Wrong results & planner,planner,false,2,3,47,0,47,true,false,,,,,6
1345,2025-11-13,16.11,30,Replication & recovery,replication_recovery,false,3,3,16,10,26,false,false,,,,,
1349,2025-11-13,16.11,34,Replication & recovery,replication_recovery,false,3,1,24,46,70,false,false,,,,,
1353,2025-11-13,16.11,38,Crash & corruption,core_server,false,3,1,13,4,17,false,false,,,,,
1372,2025-11-13,16.11,57,Build & platform,build_platform,false,2,1,10,1,11,false,false,,,,,
1381,2026-02-12,16.12,7,Wrong results & planner,planner,false,3,1,4,7,11,false,false,,,,,
1401,2026-02-12,16.12,27,Replication & recovery,replication_recovery,false,3,2,62,13,75,true,false,,,,,
1407,2026-02-12,16.12,33,Other functionality,core_server,false,3,7,87,5,92,false,false,,,,,
1408,2026-02-12,16.12,34,Build & platform,tests,false,3,1,2,2,4,true,false,,,,,
1409,2026-02-12,16.12,35,Build & platform,build_platform,false,3,1,1,1,2,false,false,,,,,
1420,2026-02-26,16.13,2,Other functionality,planner,true,3,3,83,4,87,true,false,,,,,3
1426,2026-05-14,16.14,2,Security (CVE),core_server,false,3,2,43,30,73,true,false,1,1,3.7,LOW,
1437,2026-05-14,16.14,13,Wrong results & planner,planner,false,3,1,2,0,2,false,false,,,,,1
1450,2026-05-14,16.14,26,Wrong results & planner,core_server,false,3,1,21,12,33,false,false,,,,,
1451,2026-05-14,16.14,27,Other functionality,core_server,false,3,1,1,1,2,false,false,,,,,
1453,2026-05-14,16.14,29,Other functionality,replication_recovery,false,3,1,9,0,9,false,false,,,,,
1460,2026-05-14,16.14,36,Crash & corruption,core_server,false,3,1,5,0,5,false,false,,,,,
1467,2026-05-14,16.14,43,Client tools,client_tools,false,3,1,30,19,49,false,false,,,,,
1505,2026-08-13,16.15,32,Wrong results & planner,planner,false,3,1,12,7,19,false,false,,,,,2
1510,2026-08-13,16.15,37,Other functionality,core_server,false,3,4,42,0,42,true,false,,,,,
1511,2026-08-13,16.15,38,Other functionality,core_server,false,3,3,174,0,174,true,false,,,,,
1517,2026-08-13,16.15,44,Replication & recovery,core_server,false,3,5,97,9,106,true,false,,,,,
1522,2026-08-13,16.15,49,Crash & corruption,core_server,false,3,4,72,0,72,true,false,,,,,20
1526,2026-08-13,16.15,53,Security hardening (no CVE),core_server,false,3,3,34,4,38,true,false,,,,,
1529,2026-08-13,16.15,56,Other functionality,core_server,false,3,1,1,1,2,false,false,,,,,
1535,2026-08-13,16.15,62,Replication & recovery,replication_recovery,false,3,1,12,0,12,false,false,,,,,
1575,2024-11-14,17.1,5,Crash & corruption,core_server,false,1,1,2,2,4,false,false,,,,,
1577,2024-11-14,17.1,7,Wrong results & planner,planner,false,1,4,62,3,65,true,false,,,,,
1578,2024-11-14,17.1,8,Crash & corruption,core_server,false,1,2,7,1,8,false,false,,,,,
1579,2024-11-14,17.1,9,Wrong results & planner,planner,false,1,3,89,0,89,true,false,,,,,7
1581,2024-11-14,17.1,11,Wrong results & planner,core_server,false,1,3,21,8,29,false,false,,,,,
1583,2024-11-14,17.1,13,Other functionality,core_server,false,1,3,26,4,30,true,false,,,,,
1586,2024-11-14,17.1,16,Crash & corruption,core_server,false,1,1,19,9,28,false,false,,,,,
1587,2024-11-14,17.1,17,Other functionality,extensions_contrib,false,1,7,105,51,156,true,false,,,,,8
1588,2024-11-14,17.1,18,Other functionality,core_server,false,1,3,28,2,30,true,false,,,,,2
1602,2024-11-14,17.1,32,Client tools,client_tools,false,1,1,1,1,2,false,false,,,,,
1604,2024-11-14,17.1,34,Replication & recovery,replication_recovery,false,1,3,24,14,38,false,false,,,,,0
1605,2024-11-14,17.1,35,Other functionality,client_tools,false,1,3,75,0,75,false,false,,,,,
1606,2024-11-14,17.1,36,Other functionality,client_tools,false,1,1,9,4,13,false,false,,,,,
1619,2025-02-13,17.3,1,Other functionality,core_server,false,1,1,9,0,9,false,false,,,,,26
1621,2025-02-13,17.3,3,Other functionality,core_server,false,1,2,3,2,5,false,false,,,,,6
1622,2025-02-13,17.3,4,Other functionality,core_server,false,1,1,6,2,8,false,false,,,,,
1632,2025-02-13,17.3,14,Other functionality,tests,false,1,2,25,0,25,true,false,,,,,
1634,2025-02-13,17.3,16,Other functionality,core_server,false,1,3,22,5,27,true,false,,,,,
1637,2025-02-13,17.3,19,Other functionality,planner,false,1,1,22,2,24,false,false,,,,,7
1642,2025-02-13,17.3,24,Replication & recovery,core_server,false,1,4,44,24,68,false,false,,,,,
1645,2025-02-13,17.3,27,Wrong results & planner,core_server,false,1,2,6,9,15,false,false,,,,,
1652,2025-02-13,17.3,34,Crash & corruption,replication_recovery,false,1,1,17,27,44,false,false,,,,,
1655,2025-02-13,17.3,37,Crash & corruption,core_server,false,1,2,9,15,24,false,false,,,,,
1661,2025-02-13,17.3,43,Other functionality,core_server,false,1,1,10,36,46,false,false,,,,,
1664,2025-02-13,17.3,46,Crash & corruption,core_server,false,1,1,11,8,19,false,false,,,,,
1665,2025-02-13,17.3,47,Crash & corruption,core_server,false,1,1,10,0,10,false,false,,,,,
1671,2025-02-13,17.3,53,Client tools,client_tools,false,1,1,1,1,2,false,false,,,,,
1680,2025-02-13,17.3,62,Crash & corruption,extensions_contrib,false,1,3,40,0,40,false,false,,,,,
1681,2025-02-13,17.3,63,Crash & corruption,extensions_contrib,false,1,3,84,24,108,false,false,,,,,
1689,2025-02-20,17.4,1,Crash & corruption,replication_recovery,true,1,1,13,12,25,false,false,,,,,
1698,2025-05-08,17.5,7,Other functionality,core_server,false,1,3,24,1,25,true,false,,,,,
1708,2025-05-08,17.5,17,Wrong results & planner,planner,false,1,3,175,93,268,true,false,,,,,
1709,2025-05-08,17.5,18,Other functionality,planner,false,1,2,16,1,17,false,false,,,,,
1711,2025-05-08,17.5,20,Wrong results & planner,core_server,false,1,3,36,0,36,true,false,,,,,
1718,2025-05-08,17.5,27,Other functionality,core_server,false,1,1,27,11,38,false,false,,,,,
1724,2025-05-08,17.5,33,Crash & corruption,planner,false,1,3,64,9,73,true,false,,,,,7
1730,2025-05-08,17.5,39,Crash & corruption,replication_recovery,false,1,3,35,17,52,true,false,,,,,2
1734,2025-05-08,17.5,43,Other functionality,core_server,false,1,1,3,3,6,false,false,,,,,
1737,2025-05-08,17.5,46,Crash & corruption,core_server,false,1,3,30,2,32,true,false,,,,,
1743,2025-05-08,17.5,52,Client tools,client_tools,false,1,1,73,62,135,false,false,,,,,
1746,2025-05-08,17.5,55,Extensions & contrib,extensions_contrib,false,1,3,79,8,87,false,false,,,,,9
1747,2025-05-08,17.5,56,Client tools,tests,false,1,1,1,1,2,true,false,,,,,
1749,2025-05-08,17.5,58,Other functionality,core_server,false,1,1,2,2,4,false,false,,,,,
1750,2025-05-08,17.5,59,Other functionality,core_server,false,1,1,3,23,26,false,false,,,,,
1756,2025-08-14,17.6,5,Crash & corruption,core_server,false,1,6,89,50,139,true,false,,,,,3
1764,2025-08-14,17.6,13,Other functionality,core_server,false,1,1,12,7,19,false,false,,,,,
1769,2025-08-14,17.6,18,Other functionality,core_server,false,1,1,2,2,4,false,false,,,,,
1775,2025-08-14,17.6,24,Replication & recovery,replication_recovery,false,1,1,4,4,8,false,false,,,,,
1784,2025-08-14,17.6,33,Crash & corruption,core_server,false,1,1,1,1,2,false,false,,,,,
1791,2025-08-14,17.6,40,Crash & corruption,client_tools,false,1,1,1,0,1,false,false,,,,,1
1798,2025-08-14,17.6,47,Replication & recovery,replication_recovery,false,1,1,10,1,11,false,false,,,,,99
1799,2025-08-14,17.6,48,Client tools,client_tools,false,1,4,160,49,209,false,false,,,,,
1802,2025-08-14,17.6,51,Client tools,client_tools,false,1,2,18,9,27,false,false,,,,,
1803,2025-08-14,17.6,52,Client tools,client_tools,false,1,1,8,3,11,false,false,,,,,
1805,2025-08-14,17.6,54,Client tools,replication_recovery,false,1,5,14,77,91,false,false,,,,,5
1810,2025-08-14,17.6,59,Crash & corruption,extensions_contrib,false,1,5,35,0,35,false,false,,,,,
1824,2025-11-13,17.7,2,Other functionality,core_server,false,2,2,5,5,10,true,false,,,,,
1842,2025-11-13,17.7,20,Crash & corruption,core_server,false,2,1,2,0,2,false,false,,,,,
1846,2025-11-13,17.7,24,Replication & recovery,replication_recovery,false,1,1,16,0,16,false,false,,,,,
1854,2025-11-13,17.7,32,Replication & recovery,replication_recovery,false,2,3,41,43,84,true,false,,,,,
1870,2025-11-13,17.7,48,Client tools,client_tools,false,2,3,14,3,17,true,false,,,,,13
1879,2025-11-13,17.7,57,Crash & corruption,client_tools,false,2,1,2,0,2,false,false,,,,,
1899,2026-02-12,17.8,12,Crash & corruption,core_server,false,2,3,217,0,217,true,false,,,,,3
1902,2026-02-12,17.8,15,Other functionality,client_tools,false,2,3,116,0,116,false,false,,,,,
1910,2026-02-12,17.8,23,Other functionality,core_server,false,2,1,78,43,121,false,false,,,,,
1918,2026-02-12,17.8,31,Replication & recovery,replication_recovery,false,2,1,10,5,15,false,false,,,,,
1920,2026-02-12,17.8,33,Other functionality,core_server,false,2,3,25,8,33,true,false,,,,,
1929,2026-02-12,17.8,42,Crash & corruption,client_tools,false,2,3,32,15,47,false,false,,,,,
1930,2026-02-12,17.8,43,Crash & corruption,client_tools,false,2,1,28,11,39,false,false,,,,,
1946,2026-05-14,17.10,2,Security (CVE),replication_recovery,false,2,1,8,3,11,false,false,1,1,7.2,HIGH,
1975,2026-05-14,17.10,31,Other functionality,core_server,false,2,3,33,0,33,true,false,,,,,
1977,2026-05-14,17.10,33,Other functionality,core_server,false,2,1,55,6,61,false,false,,,,,
1978,2026-05-14,17.10,34,Crash & corruption,core_server,false,2,4,42,4,46,false,false,,,,,
1979,2026-05-14,17.10,35,Replication & recovery,core_server,false,2,1,16,5,21,false,false,,,,,
1980,2026-05-14,17.10,36,Replication & recovery,core_server,false,2,5,115,44,159,false,false,,,,,
1981,2026-05-14,17.10,37,Other functionality,replication_recovery,false,2,1,14,2,16,false,false,,,,,
1986,2026-05-14,17.10,42,Other functionality,tests,false,2,2,55,0,55,true,false,,,,,
2036,2026-08-13,17.11,35,Other functionality,core_server,false,2,3,43,2,45,true,false,,,,,
2044,2026-08-13,17.11,43,Security hardening (no CVE),core_server,false,2,3,70,14,84,false,false,,,,,
2050,2026-08-13,17.11,49,Other functionality,core_server,false,2,5,73,38,111,true,false,,,,,
2052,2026-08-13,17.11,51,Other functionality,core_server,false,2,5,64,1,65,true,false,,,,,
2057,2026-08-13,17.11,56,Other functionality,core_server,false,2,1,2,2,4,false,false,,,,,
2058,2026-08-13,17.11,57,Crash & corruption,core_server,false,2,1,0,2,2,false,false,,,,,
2062,2026-08-13,17.11,61,Replication & recovery,core_server,false,2,1,15,5,20,false,false,,,,,4
2068,2026-08-13,17.11,67,Wrong results & planner,core_server,false,2,3,84,46,130,false,false,,,,,
2069,2026-08-13,17.11,68,Replication & recovery,client_tools,false,2,3,306,14,320,false,false,,,,,
2077,2026-08-13,17.11,76,Replication & recovery,core_server,false,2,3,136,2,138,true,false,,,,,7
2078,2026-08-13,17.11,77,Crash & corruption,replication_recovery,false,2,1,13,10,23,false,false,,,,,
2093,2026-08-13,17.11,92,Crash & corruption,client_tools,false,2,1,3,0,3,false,false,,,,,
2094,2026-08-13,17.11,93,Replication & recovery,replication_recovery,false,2,1,0,2,2,false,false,,,,,
2102,2026-08-13,17.11,101,Crash & corruption,extensions_contrib,false,2,1,4,1,5,false,false,,,,,4
2112,2025-11-13,18.1,3,Other functionality,planner,false,1,3,143,26,169,true,false,,,,,
2113,2025-11-13,18.1,4,Crash & corruption,planner,false,1,3,62,6,68,true,false,,,,,6
2114,2025-11-13,18.1,5,Crash & corruption,planner,false,1,3,49,7,56,true,false,,,,,2
2115,2025-11-13,18.1,6,Wrong results & planner,core_server,false,1,1,7,0,7,false,false,,,,,
2117,2025-11-13,18.1,8,Build & platform,core_server,false,1,1,41,11,52,false,false,,,,,
2121,2025-11-13,18.1,12,Crash & corruption,core_server,false,1,2,5,1,6,false,false,,,,,7
2122,2025-11-13,18.1,13,Other functionality,core_server,false,1,1,64,58,122,false,false,,,,,
2123,2025-11-13,18.1,14,Client tools,planner,false,1,5,103,87,190,true,false,,,,,
2125,2025-11-13,18.1,16,Crash & corruption,core_server,false,1,3,19,0,19,true,false,,,,,7
2130,2025-11-13,18.1,21,Other functionality,core_server,false,1,3,32,0,32,true,false,,,,,
2142,2025-11-13,18.1,33,Build & platform,core_server,false,1,2,18,31,49,false,false,,,,,
2150,2025-11-13,18.1,41,Client tools,client_tools,false,1,1,2,1,3,false,false,,,,,13
2158,2025-11-13,18.1,49,Crash & corruption,extensions_contrib,false,1,3,123,16,139,false,false,,,,,
2166,2026-02-12,18.2,4,Security (CVE),extensions_contrib,false,1,2,185,91,276,false,false,1,1,8.2,HIGH,
2167,2026-02-12,18.2,5,Extensions & contrib,extensions_contrib,false,1,2,74,11,85,false,false,,,,,
2168,2026-02-12,18.2,6,Other functionality,core_server,false,1,5,29,5,34,true,false,,,,,55
2171,2026-02-12,18.2,9,Wrong results & planner,core_server,false,1,5,56,11,67,true,false,,,,,32
2173,2026-02-12,18.2,11,Other functionality,core_server,false,1,4,41,11,52,true,false,,,,,1
2174,2026-02-12,18.2,12,Other functionality,core_server,false,1,3,28,7,35,true,false,,,,,4
2176,2026-02-12,18.2,14,Wrong results & planner,planner,false,1,5,190,9,199,true,false,,,,,13
2177,2026-02-12,18.2,15,Wrong results & planner,planner,false,1,4,175,3,178,true,false,,,,,
2178,2026-02-12,18.2,16,Wrong results & planner,core_server,false,1,3,116,14,130,true,false,,,,,
2179,2026-02-12,18.2,17,Other functionality,planner,false,1,5,256,9,265,true,false,,,,,
2180,2026-02-12,18.2,18,Wrong results & planner,planner,false,1,1,45,70,115,false,false,,,,,
2183,2026-02-12,18.2,21,Other functionality,core_server,false,1,1,22,5,27,false,false,,,,,
2186,2026-02-12,18.2,24,Extensions & contrib,extensions_contrib,false,1,3,114,2,116,false,false,,,,,
2191,2026-02-12,18.2,29,Crash & corruption,core_server,false,1,1,4,3,7,false,false,,,,,
2199,2026-02-12,18.2,37,Other functionality,core_server,false,1,2,35,9,44,false,false,,,,,
2200,2026-02-12,18.2,38,Other functionality,core_server,false,1,1,11,1,12,false,false,,,,,
2215,2026-02-12,18.2,53,Build & platform,core_server,false,1,1,4,0,4,false,false,,,,,
2216,2026-02-12,18.2,54,Build & platform,core_server,false,1,2,3,3,6,false,false,,,,,0
2221,2026-02-12,18.2,59,Client tools,client_tools,false,1,1,24,18,42,false,false,,,,,
2222,2026-02-12,18.2,60,Client tools,client_tools,false,1,1,2,2,4,false,false,,,,,
2223,2026-02-12,18.2,61,Wrong results & planner,client_tools,false,1,1,3,1,4,false,false,,,,,13
2224,2026-02-12,18.2,62,Client tools,client_tools,false,1,1,1,0,1,false,false,,,,,
2232,2026-02-12,18.2,70,Extensions & contrib,extensions_contrib,false,1,1,1,1,2,false,false,,,,,
2235,2026-02-12,18.2,73,Crash & corruption,extensions_contrib,false,1,3,38,3,41,false,false,,,,,
2238,2026-02-26,18.3,2,Security (CVE),extensions_contrib,true,1,1,1,1,2,false,false,1,1,8.2,HIGH,
2239,2026-02-26,18.3,3,Client tools,core_server,true,1,7,263,326,589,false,false,,,,,5
2241,2026-02-26,18.3,5,Other functionality,core_server,true,1,5,34,8,42,true,false,,,,,17
2250,2026-05-14,18.4,5,Security (CVE),planner,false,1,5,248,5,253,true,false,1,1,4.3,MEDIUM,
2261,2026-05-14,18.4,16,Wrong results & planner,planner,false,1,8,320,97,417,true,false,,,,,
2262,2026-05-14,18.4,17,Wrong results & planner,core_server,false,1,3,23,3,26,true,false,,,,,4
2263,2026-05-14,18.4,18,Other functionality,core_server,false,1,6,77,19,96,true,false,,,,,
2264,2026-05-14,18.4,19,Other functionality,planner,false,1,3,92,0,92,true,false,,,,,
2266,2026-05-14,18.4,21,Other functionality,core_server,false,1,1,4,2,6,false,false,,,,,
2271,2026-05-14,18.4,26,Other functionality,core_server,false,1,1,3,3,6,false,false,,,,,
2273,2026-05-14,18.4,28,Other functionality,core_server,false,1,3,92,0,92,true,false,,,,,
2274,2026-05-14,18.4,29,Other functionality,core_server,false,1,4,91,8,99,true,false,,,,,
2293,2026-05-14,18.4,48,Other functionality,core_server,false,1,1,1,1,2,false,false,,,,,
2295,2026-05-14,18.4,50,Crash & corruption,core_server,false,1,1,4,1,5,false,false,,,,,
2299,2026-05-14,18.4,54,Other functionality,core_server,false,1,1,2,2,4,false,false,,,,,
2301,2026-05-14,18.4,56,Other functionality,core_server,false,1,3,38,17,55,true,false,,,,,
2308,2026-05-14,18.4,63,Replication & recovery,client_tools,false,1,11,87,50,137,false,false,,,,,
2310,2026-05-14,18.4,65,Client tools,client_tools,false,1,2,40,0,40,false,false,,,,,
2315,2026-05-14,18.4,70,Extensions & contrib,extensions_contrib,false,1,3,134,6,140,false,false,,,,,
2346,2026-08-13,18.6,28,Other functionality,core_server,false,1,1,5,3,8,false,false,,,,,
2349,2026-08-13,18.6,31,Crash & corruption,core_server,false,1,3,38,7,45,false,false,,,,,36
2350,2026-08-13,18.6,32,Other functionality,core_server,false,1,5,333,152,485,true,false,,,,,14
2351,2026-08-13,18.6,33,Performance,core_server,false,1,2,9,8,17,false,false,,,,,
2352,2026-08-13,18.6,34,Other functionality,core_server,false,1,7,75,9,84,true,false,,,,,1
2355,2026-08-13,18.6,37,Crash & corruption,planner,false,1,3,92,5,97,true,false,,,,,
2357,2026-08-13,18.6,39,Wrong results & planner,planner,false,1,12,1370,242,1612,true,false,,,,,
2359,2026-08-13,18.6,41,Wrong results & planner,core_server,false,1,1,8,0,8,false,false,,,,,
2362,2026-08-13,18.6,44,Other functionality,core_server,false,1,3,13,0,13,true,false,,,,,
2367,2026-08-13,18.6,49,Other functionality,core_server,false,1,3,80,32,112,true,false,,,,,58
2368,2026-08-13,18.6,50,Client tools,core_server,false,1,5,82,4,86,true,false,,,,,
2370,2026-08-13,18.6,52,Build & platform,core_server,false,1,3,47,48,95,true,false,,,,,
2378,2026-08-13,18.6,60,Other functionality,core_server,false,1,4,80,6,86,true,false,,,,,
2387,2026-08-13,18.6,69,Other functionality,core_server,false,1,1,11,3,14,false,false,,,,,
2389,2026-08-13,18.6,71,Other functionality,core_server,false,1,1,7,2,9,false,false,,,,,
2396,2026-08-13,18.6,78,Build & platform,core_server,false,1,3,87,12,99,true,false,,,,,
2410,2026-08-13,18.6,92,Replication & recovery,replication_recovery,false,1,1,9,0,9,false,false,,,,,
2418,2026-08-13,18.6,100,Other functionality,replication_recovery,false,1,4,23,19,42,false,false,,,,,
2422,2026-08-13,18.6,104,Client tools,client_tools,false,1,1,14,0,14,false,false,,,,,
2423,2026-08-13,18.6,105,Client tools,client_tools,false,1,1,7,4,11,false,false,,,,,
2425,2026-08-13,18.6,107,Crash & corruption,client_tools,false,1,1,1,1,2,false,false,,,,,
2427,2026-08-13,18.6,109,Crash & corruption,client_tools,false,1,3,245,18,263,true,false,,,,,7
2429,2026-08-13,18.6,111,Client tools,client_tools,false,1,2,3,0,3,false,false,,,,,
2436,2026-08-13,18.6,118,Client tools,client_tools,false,1,1,29,10,39,false,false,,,,,
2437,2026-08-13,18.6,119,Client tools,client_tools,false,1,2,3,2,5,false,false,,,,,
2438,2026-08-13,18.6,120,Crash & corruption,extensions_contrib,false,1,1,9,7,16,false,false,,,,,
2439,2026-08-13,18.6,121,Crash & corruption,extensions_contrib,false,1,1,3,0,3,false,false,,,,,
2442,2026-08-13,18.6,124,Extensions & contrib,extensions_contrib,false,1,1,1,1,2,false,false,,,,,
2444,2026-08-13,18.6,126,Extensions & contrib,extensions_contrib,false,1,3,38,6,44,false,false,,,,,
2445,2026-08-13,18.6,127,Extensions & contrib,extensions_contrib,false,1,3,18,2,20,false,false,,,,,
2450,2026-08-13,18.6,132,Security hardening (no CVE),extensions_contrib,false,1,1,15,5,20,false,false,,,,,
