item_ord,content_hash,model,prompt_version,category_llm,confidence,rationale
1,252b80cae0318a42,qwen3:30b-a3b,v2,Crash & corruption,0.95,"The fix addresses a bug where large table segments were not properly removed, leading to potential disk space leakage and orphaned files, which is a corruption issue rather than a security or crash-related problem."
2,117af1fb73640f27,qwen3:30b-a3b,v2,Wrong results & planner,0.95,"The fix addresses an issue with handling DEFAULT tokens in a multi-row VALUES clause for an INSERT on an updatable view, which could cause type errors or crashes, indicating a fundamental problem in query planning or result generation."
3,9a34b92c1085d509,qwen3:30b-a3b,v2,Other functionality,0.9,"The fix addresses a naming convention issue for rules in PostgreSQL, specifically disallowing rules named _RETURN that are not on SELECT, which is about functionality and user experience rather than security, crashes, performance, or other primary categories."
4,fd0f9e26e670c097,qwen3:30b-a3b,v2,Wrong results & planner,0.9,"The fix addresses an issue in EXPLAIN VERBOSE output for a specific query pattern, which relates to query planning and result presentation rather than security, crashes, or other categories."
5,61919d5e0b4f3b7f,qwen3:30b-a3b,v2,Wrong results & planner,0.9,"The fix addresses an unsupported operation (MERGE on partitioned tables with foreign-table partitions) that previously caused an unclear error, indicating a planner or query execution issue rather than a security or crash problem."
6,ae6a6c17ea2205eb,qwen3:30b-a3b,v2,Wrong results & planner,0.95,"The fix addresses incorrect or duplicate foreign key constraints being constructed during partition attachment, which directly impacts data integrity and query results, not security, crashes, or other categories."
7,1d688bb33322b3a9,qwen3:30b-a3b,v2,Wrong results & planner,0.95,"The fix addresses a planner failure related to extended statistics on partitioned or inherited tables, which directly impacts query planning and result accuracy."
8,8aec689c557208c7,qwen3:30b-a3b,v2,Wrong results & planner,0.9,"The fix addresses a mis-ordering of WAL operations that could lead to incorrect results or planner behavior, specifically for GIN indexes, which affects data integrity and query planning."
9,226bd819fe971c4a,qwen3:30b-a3b,v2,Crash & corruption,0.95,"The fix addresses assertion failures in debug builds and memory leaks, which are fundamental issues related to crash prevention and data corruption, not security vulnerabilities or other categories."
10,bd68c7a1dd21dfc7,qwen3:30b-a3b,v2,Other functionality,0.9,"The fix addresses interrupt handling during logical decoding to improve replication worker shutdown behavior, which is a functional enhancement rather than a security, crash, or performance issue."
11,29447b27a77fa798,qwen3:30b-a3b,v2,Replication & recovery,0.95,"The fix addresses a crash in logical replication workers when attempting to replicate into a foreign-table partition, which is fundamentally about ensuring proper replication behavior and error handling within the replication subsystem."
12,9789337a7a09adf9,qwen3:30b-a3b,v2,Crash & corruption,0.95,"The fix addresses a crash caused by a null pointer dereference or assertion failure due to a syntax error in a function definition within a replication worker, which is fundamentally about preventing a crash rather than security or other categories."
13,e0cc399cbeb753d9,qwen3:30b-a3b,v2,Other functionality,0.9,"The fix addresses a specific implementation detail of an archiver module's shutdown callback, which is not related to security, crashes, performance, or other primary categories, but rather to the correct functioning of a module's internal logic."
14,52fa6f2b7772ac41,qwen3:30b-a3b,v2,Crash & corruption,0.95,"The fix addresses a crash caused by attempting to access a table without a table access method, which is a catalog-corruption scenario, making it fundamentally about preventing crashes rather than security or other categories."
15,1dc174a42002ea3e,qwen3:30b-a3b,v2,Crash & corruption,0.95,"The fix addresses a postmaster crash due to corrupted shared memory, which directly relates to preventing crashes and corruption issues in the database system."
16,ecc072ea3032eb15,qwen3:30b-a3b,v2,Client tools,0.9,"The fix addresses a specific behavior in libpq, which is a client library for PostgreSQL, concerning how it handles single-row mode with pipelining, directly impacting client-side operations."
17,2f81d6e087b9dbb3,qwen3:30b-a3b,v2,Client tools,0.95,"The fix addresses the behavior of the psql client tool's exit status when a command-line query is canceled, directly impacting client-side functionality."
18,2794bb257eef244a,qwen3:30b-a3b,v2,Other functionality,0.9,"The fix enables cross-platform tablespace relocation during pg_basebackup by supporting both Unix-style and Windows-style absolute paths, addressing a usability and compatibility issue without impacting security, crashes, or core functionality."
19,8cd426e7eff5b52c,qwen3:30b-a3b,v2,Other functionality,0.9,"The fix addresses an issue with pg_dump not correctly handling comments on CHECK constraints, which is a functional enhancement rather than a security, crash, performance, or other core category."
20,8e84aacc6d58ccb5,qwen3:30b-a3b,v2,Other functionality,0.9,"The fix addresses a limitation in the CREATE DATABASE command regarding OID parameter handling, which is a functional enhancement rather than a security issue, crash, or other category-specific problem."
21,5dfad0041131296c,qwen3:30b-a3b,v2,Crash & corruption,0.95,"The fix addresses accessing already-freed memory, which can lead to corruption or crashes, particularly when memory is reused, rather than being a security issue or a correctness problem in query results."
22,c0a16a8e3e2906d8,qwen3:30b-a3b,v2,Build & platform,0.95,"The fix addresses compatibility issues with LLVM 15, which relates to the build process and platform dependencies, not security, crashes, or other functional aspects."
23,dcd2afcf350cc703,qwen3:30b-a3b,v2,Build & platform,0.95,"The fix addresses portability across machine architectures by enabling a specific compiler builtin, which is fundamentally about build and platform compatibility."
24,f1618b5d18e77c11,qwen3:30b-a3b,v2,Build & platform,0.95,"The fix addresses a symbol naming conflict causing a compile failure on macOS, which is a platform-specific build issue."
25,6466cbf45b928ba8,qwen3:30b-a3b,v2,Build & platform,0.95,"The fix addresses compile-time deprecation warnings related to the use of sprintf, which is a build/platform issue rather than a security, crash, or functional problem."
26,e1fb548e96ce33e1,qwen3:30b-a3b,v2,Security hardening (no CVE),0.95,"The fix addresses a memory disclosure vulnerability where libpq could leak application memory contents due to improper handling of non-zero-terminated error messages during GSSAPI encryption setup, which is a security weakness rather than a crash or other symptom."
27,fc1e1702abf8ff91,qwen3:30b-a3b,v2,Wrong results & planner,0.95,"The fix addresses an issue where GENERATED columns in child tables were not being correctly updated during an UPDATE on partitioned tables or inheritance trees, leading to incorrect results due to improper planner handling of column dependencies."
28,f5bfdeb3a1c3fc30,qwen3:30b-a3b,v2,Wrong results & planner,0.95,"The fix addresses a scenario where MERGE operations incorrectly failed to compute GENERATED columns during INSERT actions, leading to potential incorrect results due to planner behavior."
29,5096418d8e69e44e,qwen3:30b-a3b,v2,Wrong results & planner,0.95,"The fix addresses a logical error in the MERGE statement's planner logic, where unreachable WHEN clauses were not properly detected, potentially leading to incorrect query execution or unexpected behavior."
30,8ac28fc8a6535643,qwen3:30b-a3b,v2,Wrong results & planner,0.95,"The fix addresses a test failure related to MERGE not being supported on tables with rules, which impacts the correctness of query execution and planner behavior."
31,bbcd8a055060076c,qwen3:30b-a3b,v2,Wrong results & planner,0.95,"The fix addresses a discrepancy between the code's behavior and documentation regarding tuple processing in MERGE, which affects result accuracy and planner behavior."
32,686decadeae8a915,qwen3:30b-a3b,v2,Wrong results & planner,0.95,"The fix addresses a specific issue where a recursive CTE with a CYCLE clause could not access its output column, leading to incorrect behavior or failure in query execution, which falls under the category of 'Wrong results & planner' as it pertains to query semantics and planner behavior."
33,266bd8a8f8e10ee1,qwen3:30b-a3b,v2,Wrong results & planner,0.95,"The fix addresses logical inconsistencies in trigger behavior during bulk inserts to foreign tables, which directly impacts the correctness of query results and the planner's handling of data visibility."
34,f3dfeb4b795bfa1a,qwen3:30b-a3b,v2,Other functionality,0.9,"The fix addresses a specific behavior in pg_dump related to REPLICA IDENTITY on partitioned indexes, which is a functional enhancement rather than a security, crash, or performance issue."
35,6f9654a1ea5a26fc,qwen3:30b-a3b,v2,Wrong results & planner,0.95,"The fix addresses an issue where DEFAULT markers in INSERT statements with multi-row VALUES lists were not correctly replaced, causing an error that would lead to incorrect query execution or failure, fundamentally related to query planning and result accuracy."
36,e257c93662363c3e,qwen3:30b-a3b,v2,Wrong results & planner,0.95,"The fix addresses a logical error where undefined variables in jsonpath existence checks were incorrectly treated as matches, leading to incorrect query results."
37,ac9d59806e786ef2,qwen3:30b-a3b,v2,Wrong results & planner,0.95,"The fix addresses incorrect behavior in jsonb subscripting when using toasted values, leading to mismatched elements or garbage keys, which directly impacts query results and planner behavior."
38,f578b6fe8b6e7d64,qwen3:30b-a3b,v2,Crash & corruption,0.95,"The fix addresses a specific data corruption issue in parallel hash joins caused by a fencepost bug, which directly impacts data integrity and is categorized under 'Crash & corruption' as it involves corruption of data rather than a crash or other category."
39,6f06c79f1e2ac7e2,qwen3:30b-a3b,v2,Wrong results & planner,0.8,"The fix addresses a misalignment between the configured checkpoint_completion_target setting and the actual checkpoint behavior, which could lead to unexpected performance characteristics but does not directly cause incorrect query results or planner issues; however, the primary concern is the deviation from expected checkpoint behavior, which is more aligned with performance tuning than a direct 'Performance' category."
40,4862be874c1dfac0,qwen3:30b-a3b,v2,Replication & recovery,0.95,"The fix addresses a logging issue specifically related to recovery target settings in PostgreSQL's recovery process, which falls under replication and recovery operations."
41,6e5f249242ccc98f,qwen3:30b-a3b,v2,Wrong results & planner,0.8,"The fix addresses incorrect error reporting in replication logic, which could lead to misinterpretation of file read failures, affecting the accuracy of error messages and potentially the behavior of replication processes."
42,ac92ba60b4eb0b29,qwen3:30b-a3b,v2,Other functionality,0.9,"The fix addresses a limitation in input functions for specific data types, enabling support for larger column lists required by logical replication, which is a functional enhancement rather than a security, crash, or performance issue."
43,fce1f6fb05590680,qwen3:30b-a3b,v2,Wrong results & planner,0.9,"The fix addresses an incorrect commit behavior during ANALYZE that could disrupt transaction integrity, affecting query planning and execution outcomes."
44,c1c58dd4441faae1,qwen3:30b-a3b,v2,Security hardening (no CVE),0.95,"The fix addresses a buffer over-read vulnerability that could lead to a crash or memory corruption, fundamentally about closing a security weakness rather than just a crash symptom."
45,62fdb4b317b6ff6f,qwen3:30b-a3b,v2,Wrong results & planner,0.95,"The fix addresses planner preprocessing issues that could cause incorrect query planning or errors, specifically related to window function expressions, which directly impacts query results and planner behavior."
46,8da672611f26fbd0,qwen3:30b-a3b,v2,Crash & corruption,0.95,"The fix addresses a dangling-pointer access issue during window function execution, which could lead to crashes or memory corruption, particularly on 32-bit builds."
47,830b6795b033fc86,qwen3:30b-a3b,v2,Wrong results & planner,0.9,"The fix addresses a potential issue with query planning and execution, specifically preventing deep recursion and excessive time spent on subquery flattening, which could lead to incorrect behavior or performance issues in query planning."
48,2c1973983f4dc90c,qwen3:30b-a3b,v2,Wrong results & planner,0.95,"The fix addresses planner issues that could lead to incorrect query plans or failure to use Memoize optimally, directly impacting query result correctness and planning behavior."
49,96aa4737a71feb8b,qwen3:30b-a3b,v2,Wrong results & planner,0.95,"The fix addresses an issue where the partitionwise-join code failed to handle cases where a plan couldn't be produced for each partition, leading to query plan errors, which directly impacts query planning and result correctness."
50,3b918b135c986e4a,qwen3:30b-a3b,v2,Wrong results & planner,0.95,"The fix addresses a performance issue in the planner related to index cleanup after large deletions, which could cause excessive work and performance hiccups, but does not affect correctness of results or lead to crashes/corruption."
51,b4bd7930bf633b56,qwen3:30b-a3b,v2,Crash & corruption,0.95,"The fix addresses a potential crash or assertion failure caused by a relation's relkind change, which directly relates to preventing crashes and corruption in the statistics machinery."
52,4e5c98c2d86b8e34,qwen3:30b-a3b,v2,Wrong results & planner,0.9,"The fix addresses incorrect display formatting of SQL constructs, which could lead to incorrect interpretation or processing of expressions during dump/restore operations, affecting query results and planner behavior."
53,82f206d4a16bbcd2,qwen3:30b-a3b,v2,Crash & corruption,0.95,"The fix addresses a crash and potential errors caused by clobbering cached parsetrees, which directly relates to preventing crashes and data corruption in SQL functions."
54,e5a1d7032dadf6c5,qwen3:30b-a3b,v2,Other functionality,0.9,"The fix ensures that full-text-search queries can be cancelled during phrase matching, which is about improving user control over query execution rather than addressing security, crashes, performance, or other specific categories."
55,c2955d8527f8851a,qwen3:30b-a3b,v2,Crash & corruption,0.9,"The fix addresses a memory leak, which is a form of resource corruption that can lead to crashes or instability, rather than being a security issue or related to incorrect results or performance."
56,9f2c3f504fbdc331,qwen3:30b-a3b,v2,Replication & recovery,0.95,"The fix addresses a deadlock issue specifically between DROP DATABASE and logical replication worker processes, which directly relates to replication and recovery mechanisms in PostgreSQL."
57,c871af2308eb89b8,qwen3:30b-a3b,v2,Crash & corruption,0.9,"The fix addresses a memory leak in libpq connection handling, which is a resource management issue that could lead to corruption or instability over time, rather than a security vulnerability or a direct crash."
58,e9d02f4cd936e7f8,qwen3:30b-a3b,v2,Performance,0.95,"The fix addresses performance degradation caused by inefficient tracking of XIDs on hot-standby servers, specifically reducing unnecessary processing effort when max_connections is high."
59,128207c68956eb14,qwen3:30b-a3b,v2,Replication & recovery,0.95,"The fix addresses an issue with replication slots preventing catalog bloat due to improper handling of invalidated slots, directly related to replication slot management and catalog cleanup in replication scenarios."
60,5b6f5ba6bd8bbe7a,qwen3:30b-a3b,v2,Replication & recovery,0.95,"The fix addresses a logical decoding issue where the subscriber wasn't notified about a crashed transaction, causing unnecessary file retention until restart, which is fundamentally about replication consistency and recovery behavior."
61,f068bef4d81f7743,qwen3:30b-a3b,v2,Crash & corruption,0.9,"The fix addresses uninitialized memory usage that could cause unpredictable behavior, which aligns with crash or corruption issues rather than security hardening."
62,4cb5e90c942f729c,qwen3:30b-a3b,v2,Wrong results & planner,0.9,"The fix addresses inconsistent data visibility during two-phase transaction updates, which directly impacts result correctness and transaction consistency, not security or crashes."
63,4d2bb2c05e48192a,qwen3:30b-a3b,v2,Replication & recovery,0.95,"The fix addresses an issue in the pgoutput replication plugin related to sending unnecessary columns during replication events, which directly impacts replication behavior and data consistency between sender and receiver."
64,5372dfe0e79ddf97,qwen3:30b-a3b,v2,Crash & corruption,0.95,"The fix addresses a panic during WAL replay, which is a crash-related issue, specifically related to a lock acquisition failure in hash-index page split operations."
65,d4e710b2f78a557c,qwen3:30b-a3b,v2,Replication & recovery,0.95,"The fix addresses a discrepancy in page state during WAL replay between primary and standby servers, directly impacting replication consistency and recovery behavior."
66,9badaa4047f9bfe9,qwen3:30b-a3b,v2,Wrong results & planner,0.9,"The fix addresses a function that produced incorrect behavior for certain inputs, which directly impacts result accuracy and could affect query planning or execution, even though no core usages were found."
67,7ecbd1af6ba7704f,qwen3:30b-a3b,v2,Security hardening (no CVE),0.95,"The fix addresses a latent buffer-overrun problem, which is a memory-safety weakness that could potentially lead to security vulnerabilities, even if not known to have been exploited in released versions."
68,7026a98380bca3bd,qwen3:30b-a3b,v2,Build & platform,0.95,"The fix addresses a specific issue related to pointer alignment in 32-bit builds, which is a platform-specific build concern rather than a security vulnerability, crash, or functional error."
69,5274288378b149e8,qwen3:30b-a3b,v2,Crash & corruption,0.9,"The fix addresses an assertion failure, which is a type of crash or corruption issue, and the description explicitly states it was a harmless mistake in non-assert builds."
70,4cd0cbdba7576b05,qwen3:30b-a3b,v2,Other functionality,0.9,"The fix addresses a non-critical optimization logic issue that does not impact correctness, security, or stability, but rather improves code clarity or removes unnecessary checks."
71,af6a0ea3099590b9,qwen3:30b-a3b,v2,Other functionality,0.9,"The fix addresses incorrect error messages related to ACL checks, which is a minor documentation or user experience issue rather than a security, crash, performance, or functional bug."
72,6e0772e6f15f49cd,qwen3:30b-a3b,v2,Crash & corruption,0.95,"The fix addresses potential corruption of tablespace map files during pg_basebackup, which directly relates to data integrity and corruption prevention."
73,ee8fbe5979e84bb8,qwen3:30b-a3b,v2,Other functionality,0.9,"The fix addresses a non-critical warning message in pg_dump's behavior, which is a minor user experience improvement rather than a security, crash, performance, or functional issue."
74,a39961215e2bbdf7,qwen3:30b-a3b,v2,Client tools,0.95,"The fix addresses issues in psql's command-line interface commands (“\sf” and “\ef”) related to handling SQL-language function bodies, which falls under client tool functionality."
75,a73c9ee0be9c0aba,qwen3:30b-a3b,v2,Client tools,0.95,"The fix addresses tab completion functionality in client tools, specifically for SQL commands related to altering function schemas, which falls under client tool enhancements."
76,37adf6e2bacc29de,qwen3:30b-a3b,v2,Extensions & contrib,0.95,"The fix updates a contrib module (pageinspect) to mark functions as PARALLEL RESTRICTED, addressing a specific behavior related to temporary tables and parallel workers, which falls under extension functionality."
77,07604de1c3801417,qwen3:30b-a3b,v2,Crash & corruption,0.95,"The fix addresses a crash and potential garbage output when processing numbers with excessive digits, directly relating to crash prevention and data corruption risks."
78,c5b161ec892dc221,qwen3:30b-a3b,v2,Build & platform,0.95,"The fix addresses a build issue specific to Microsoft Visual Studio 2013, requiring a revert to sprintf() due to the absence of snprintf() on that platform, which is a platform-specific build compatibility problem."
79,9634b7019040bff0,qwen3:30b-a3b,v2,Build & platform,0.95,"The fix addresses a compilation issue specific to building PL/Perl with MSVC and Strawberry Perl, which is a platform-specific build problem."
80,892f6fe201479f2b,qwen3:30b-a3b,v2,Build & platform,0.95,"The fix addresses a compatibility issue between PL/Perl built with MSVC and a Perl library built with gcc, which is fundamentally a build and platform compatibility problem."
81,dc869d4272f217c5,qwen3:30b-a3b,v2,Build & platform,0.95,"The fix addresses compiler warnings related to Perl header files, which is a build-time issue rather than a runtime behavior or functional change."
82,f4aa77fe00bbd19e,qwen3:30b-a3b,v2,Build & platform,0.95,"The fix addresses a build issue related to compiler behavior, specifically handling of static-inline functions, which falls under platform or build compatibility concerns."
83,6286b6df6437e70d,qwen3:30b-a3b,v2,Security hardening (no CVE),0.95,"The fix addresses a security vulnerability where CREATE SCHEMA could bypass search_path restrictions, enabling privilege escalation through security-definer functions, which is a core security hardening issue rather than a crash or functional bug."
84,9a958a726783a57a,qwen3:30b-a3b,v2,Security hardening (no CVE),0.95,"The fix addresses a row-level security policy enforcement issue that could allow unauthorized access to rows, which is a security vulnerability, not merely a crash or incorrect result."
85,7847ed6bb8f7a6aa,qwen3:30b-a3b,v2,Crash & corruption,0.95,"The fix addresses potential corruption of the template database due to improper buffer handling, which directly relates to data integrity issues rather than security or other categories."
86,9fe8b1722a36a01b,qwen3:30b-a3b,v2,Performance,0.9,"The fix addresses memory leakage and unnecessary disk reads, which are performance-related issues rather than security, crashes, or other categories."
87,dc168eac6b32e813,qwen3:30b-a3b,v2,Crash & corruption,0.95,"The fix addresses a crash caused by omitting the schema name in CREATE SCHEMA, which aligns with the 'Crash & corruption' category as it prevents a program crash due to missing expected input."
88,6e8c0fc8163cdc4e,qwen3:30b-a3b,v2,Wrong results & planner,0.95,"The fix addresses planner failures related to MERGE commands, specifically errors in variable handling during planning, which directly impacts query planning and result correctness."
89,a202ac8afd23e825,qwen3:30b-a3b,v2,Wrong results & planner,0.95,"The fix addresses an inconsistency in the row count reported by MERGE, aligning it with UPDATE/DELETE behavior and preventing double-counting in partitioned tables, which directly impacts query result accuracy and planner behavior."
90,447909bc721ff5ba,qwen3:30b-a3b,v2,Wrong results & planner,0.95,"The fix addresses incorrect behavior in the MERGE statement due to concurrent updates, leading to wrong results or no action being executed, which falls under the 'Wrong results & planner' category."
91,9ad7ee1eee3916fe,qwen3:30b-a3b,v2,Extensions & contrib,0.9,"The fix adds support for decompiling MERGE commands, which is a new feature for SQL functions, falling under extensions or contrib functionality."
92,352e8ed19a39aa49,qwen3:30b-a3b,v2,Wrong results & planner,0.9,"The fix addresses a specific issue where ALTER TABLE commands for foreign-key triggers on partitioned tables were failing due to incorrect trigger name matching, which would lead to incorrect behavior or failure in enforcing foreign key constraints, thus affecting the correctness of the database operations."
93,79f48d7c108e2f22,qwen3:30b-a3b,v2,Wrong results & planner,0.9,"The fix addresses a scenario where altering composite types could lead to inconsistent or incorrect data handling due to index dependencies, which affects query results and planner behavior."
94,e4b20590d7f9db12,qwen3:30b-a3b,v2,Wrong results & planner,0.9,"The fix prevents using system columns in foreign keys, which could lead to incorrect or undefined behavior in the database schema and query planning, thus addressing a potential source of wrong results."
95,c8aeadcacc0daab0,qwen3:30b-a3b,v2,Wrong results & planner,0.95,"The fix addresses a discrepancy where COPY TO from an RLS-enabled parent table incorrectly included rows from child tables, which violates the expected behavior of copying only from the named table, thus affecting query results."
96,40644e6bd037d46c,qwen3:30b-a3b,v2,Crash & corruption,0.95,"The fix addresses a potential crash when using array functions with an empty array, directly preventing a crash scenario."
97,f4a122ffade47595,qwen3:30b-a3b,v2,Crash & corruption,0.95,"The fix addresses a potential out-of-bounds fetch in to_char(), which could cause a server crash, aligning with the 'Crash & corruption' category as the primary issue is preventing a crash rather than a security vulnerability."
98,e9dc2489f4353d2c,qwen3:30b-a3b,v2,Crash & corruption,0.95,"The fix addresses a buffer overread that could cause a crash, which is a classic example of a crash-related issue rather than a security vulnerability."
99,3d528b7d84518964,qwen3:30b-a3b,v2,Wrong results & planner,0.9,"The fix addresses incorrect character classification logic in text search, which would lead to erroneous results in queries involving locale-specific behavior."
100,1f55fbc69bada390,qwen3:30b-a3b,v2,Crash & corruption,0.95,"The fix addresses a potential crash when processing empty input for the 'interval' data type, which directly relates to preventing crashes in the system."
101,20a7c18588e7d01d,qwen3:30b-a3b,v2,Other functionality,0.95,"The fix re-enables a previously accepted but non-standard feature in interval input, addressing a usability or compatibility issue rather than security, crashes, performance, or other core categories."
102,18ef7aec8409b1bc,qwen3:30b-a3b,v2,Wrong results & planner,0.9,"The fix addresses incorrect error cursor positioning during JSON syntax errors, which affects the accuracy of error messages and could lead to crashes, but the core issue is about misreporting the location of syntax errors in JSON parsing, not a security flaw or crash itself."
103,5d3bdcf80215eb3e,qwen3:30b-a3b,v2,Wrong results & planner,0.95,"The fix addresses a scenario where vacuum cleanup could remove live rows due to an incorrect computation of the cleanup horizon XID, leading to data corruption and incorrect query results, which falls under 'Wrong results & planner' as it affects the correctness of data retrieval and storage."
104,f15383a8bdc86f94,qwen3:30b-a3b,v2,Wrong results & planner,0.95,"The fix addresses a parser issue that could cause invalid queries to be accepted, leading to executor failures, which fundamentally relates to incorrect query handling and planner behavior."
105,083b9f7b4fdf34e1,qwen3:30b-a3b,v2,Wrong results & planner,0.9,"The fix addresses data structure corruption during parsing of SEQUENCE NAME options, which can lead to incorrect results or planner issues due to the corrupted parse tree."
106,785a28274dfcb207,qwen3:30b-a3b,v2,Wrong results & planner,0.95,"The fix addresses a planner oversight that could cause subplan initialization errors, directly impacting query execution correctness and planner behavior."
107,562845a2e234145f,qwen3:30b-a3b,v2,Wrong results & planner,0.95,"The fix addresses an issue where extended statistics code failed due to unexpected PlaceHolderVars, which affects query planning and result accuracy."
108,58cb3d4f000f8d80,qwen3:30b-a3b,v2,Wrong results & planner,0.95,"The fix addresses incorrect behavior in query planning and execution, specifically related to transforming qual clauses into window aggregate conditions, which could lead to wrong results or assertion failures."
109,c25f29cb31d30b7c,qwen3:30b-a3b,v2,Wrong results & planner,0.95,"The fix addresses a planner optimization that could lead to incorrect results when sub-SELECTs are used in window aggregates, as the optimization assumes repeatable results which sub-SELECTs may not provide."
110,9fb2480c11dde79f,qwen3:30b-a3b,v2,Crash & corruption,0.95,"The fix addresses a potential crash due to undersized output allocation in nested ARRAY[] constructs, which is a fundamental issue related to memory allocation and crash prevention."
111,43dd707cd8bffa0a,qwen3:30b-a3b,v2,Crash & corruption,0.95,"The fix prevents a crash during an update operation on a specific column type, directly addressing a crash condition."
112,f5a0a93a17883d11,qwen3:30b-a3b,v2,Wrong results & planner,0.95,"The fix addresses incorrect partition pruning logic that could lead to missing rows (NULL values) or incorrect handling of boolean expressions, directly impacting query result accuracy and planner behavior."
113,437ce2a74d8d240d,qwen3:30b-a3b,v2,Crash & corruption,0.95,"The fix addresses a potential crash caused by a race condition during parallel hash join cleanup, which aligns with the 'Crash & corruption' category as the primary issue is preventing a crash rather than security or other aspects."
114,ed806adf9ca44338,qwen3:30b-a3b,v2,Wrong results & planner,0.95,"The fix addresses a scenario where GENERATED columns might not be correctly recalculated after a concurrent update, leading to potential incorrect results in queries under READ COMMITTED isolation, which is a planner or query result issue."
115,721d08e6710cb232,qwen3:30b-a3b,v2,Crash & corruption,0.9,"The fix addresses a memory leak, which is a form of resource corruption that can lead to crashes or instability, rather than being a security issue or a functional error."
116,64e90b51a9c04f65,qwen3:30b-a3b,v2,Crash & corruption,0.95,"The fix addresses a buffer reference count leak, which is a memory management issue that could lead to resource exhaustion or corruption, not a security vulnerability or other category."
117,f21b11513dcb2a4f,qwen3:30b-a3b,v2,Performance,0.95,"The fix restores support for sub-millisecond vacuum_cost_delay settings, which directly relates to performance tuning of the vacuum process in PostgreSQL."
118,42040c296eea1727,qwen3:30b-a3b,v2,Wrong results & planner,0.8,"The fix addresses a specific behavior in the vacuum cost delay balancing logic, which affects how autovacuum processes tables with a zero per-relation vacuum_cost_delay setting, potentially leading to incorrect vacuum scheduling or resource allocation."
119,98d44b4a6e70c37e,qwen3:30b-a3b,v2,Crash & corruption,0.95,"The fix addresses corner-case crashes related to adding columns to a view, which directly pertains to preventing crashes, a core aspect of the 'Crash & corruption' category."
120,3e499e55650a7ae3,qwen3:30b-a3b,v2,Wrong results & planner,0.95,"The fix addresses a scenario where the query planner or executor could produce incorrect results or fail consistency checks due to improper handling of partitioned tables in a specific UPDATE syntax, directly impacting result correctness."
121,186ef9c9943c5fcb,qwen3:30b-a3b,v2,Wrong results & planner,0.95,"The fix addresses an issue where the planner mishandled DEFAULT markers in a specific INSERT scenario, leading to errors that would prevent correct query execution or produce incorrect results."
122,38275cc9e9c8f308,qwen3:30b-a3b,v2,Crash & corruption,0.95,"The fix addresses a potential crash caused by missing LATERAL marking in subqueries, which is a crash-related issue rather than a security flaw or other category."
123,11143ae445df2040,qwen3:30b-a3b,v2,Other functionality,0.9,"The fix addresses the correct printing of table aliases in decompiled SQL constructs, which is a minor adjustment to output formatting rather than a security, crash, performance, or functional issue."
124,6ef3e95a957fbe4c,qwen3:30b-a3b,v2,Wrong results & planner,0.95,"The fix addresses an optimization issue in SERIALIZABLE READ ONLY transactions that could lead to incorrect behavior or missed optimizations, directly impacting query planning and result correctness."
125,b979323f6cb6fb0f,qwen3:30b-a3b,v2,Crash & corruption,0.9,"The fix addresses a resource leak (cache callback slots) that would eventually cause an out-of-memory error, leading to a crash or corruption in the logical decoding plugin."
126,cd8bbb5698b389a6,qwen3:30b-a3b,v2,Other functionality,0.9,"The fix addresses unnecessary calls to custom validators for index operator class options, which is a functional improvement rather than a security issue, crash, or performance problem."
127,444727ba01386f38,qwen3:30b-a3b,v2,Performance,0.95,"The fix optimizes index scanning by avoiding unnecessary work, directly improving query performance without addressing security, crashes, or other categories."
128,8adc70dcfe116523,qwen3:30b-a3b,v2,Wrong results & planner,0.9,"The fix addresses incorrect handling of netmask in BRIN index operations, which affects query results and planner behavior rather than security, crashes, or other categories."
129,78e6012072cd859d,qwen3:30b-a3b,v2,Crash & corruption,0.95,"The fix addresses a dangling pointer dereference that could cause a server crash, which is a fundamental issue related to crash prevention rather than security or other categories."
130,69bafbd1e8f81824,qwen3:30b-a3b,v2,Replication & recovery,0.95,"The fix addresses a specific issue in logical replication when handling dropped or generated columns during update/delete operations, directly impacting replication behavior and recovery mechanisms."
131,900a5d03d672f459,qwen3:30b-a3b,v2,Other functionality,0.9,"The fix corrects a naming inconsistency in a wait event for SLRU buffer I/O related to commit timestamps, which is a minor documentation and code consistency issue rather than a security, crash, performance, or functional bug."
132,7bb2ac1481d84e76,qwen3:30b-a3b,v2,Other functionality,0.9,"The fix reactivates reporting of a wait event, which is a minor operational detail rather than a security, crash, performance, or other major category."
133,fc1bf087fce69d71,qwen3:30b-a3b,v2,Wrong results & planner,0.9,"The fix addresses an underflow in calculating WAL segments to keep, which affects the accuracy of wal_keep_size, a configuration parameter, leading to potential incorrect behavior in data retention rather than a crash or security issue."
134,ba066165f0b43c0b,qwen3:30b-a3b,v2,Performance,0.95,"The fix disables unnecessary progress reporting overhead in standby mode, which directly improves performance by eliminating redundant work."
135,e765781b4ab86aa5,qwen3:30b-a3b,v2,Extensions & contrib,0.9,"The fix adds support for RSA-PSS certificates with SCRAM-SHA-256 channel binding, which is a new feature related to authentication mechanisms, falling under extensions or contrib modules."
136,4f34d85437504ce3,qwen3:30b-a3b,v2,Crash & corruption,0.9,"The fix addresses a race condition that could cause incorrect tracking of child processes, potentially leading to crashes or data corruption due to mismanagement of process IDs."
137,92b1c6ed33eeffa5,qwen3:30b-a3b,v2,Other functionality,0.9,"The fix addresses a specific edge case in a utility function that is not critical for core functionality but may be relied upon by extensions, aligning with 'Other functionality' as it's not a security issue, crash, or performance concern."
138,7737f343ddb1ca7f,qwen3:30b-a3b,v2,Other functionality,0.9,"The fix adds missing cases to SPI_result_code_string(), which is a utility function for stringifying result codes, indicating a minor functional enhancement rather than a security issue, crash, or other major category."
139,67900db566c7e6e9,qwen3:30b-a3b,v2,Build & platform,0.9,"The fix addresses Valgrind-specific memory marking issues in the memory allocation code, which is a build-time or platform-specific concern rather than a security, crash, or functional issue."
140,71f052efd9729bd4,qwen3:30b-a3b,v2,Wrong results & planner,0.9,"The fix addresses an assertion failure related to MERGE operations on partitioned tables with row-level security, which impacts query execution correctness and planner behavior, not security hardening or crashes."
141,24a16c695fa9c109,qwen3:30b-a3b,v2,Replication & recovery,0.95,"The fix addresses an issue in decoding transactional logical replication messages, which directly relates to replication functionality and recovery processes."
142,cd7681aaf0ee87e9,qwen3:30b-a3b,v2,Crash & corruption,0.9,"The fix addresses an assertion failure caused by locale sensitivity in regex processing, which is a crash-related issue rather than a security vulnerability or incorrect result."
143,10c2bf62c6f02b0e,qwen3:30b-a3b,v2,Crash & corruption,0.95,"The fix addresses a potential assertion failure during WAL record writing, which could lead to a crash if the edge case is triggered."
144,01fc991a97d0db1c,qwen3:30b-a3b,v2,Crash & corruption,0.9,"The fix addresses a memory leakage issue in plpgsql DO blocks, which is a resource management problem that could lead to memory corruption or crashes over time."
145,b3899dba52a49a8a,qwen3:30b-a3b,v2,Crash & corruption,0.95,"The fix addresses a potential crash or garbage output due to inconsistent array nesting, which is a direct issue of memory corruption or crash risk."
146,8b45724ae27492a0,qwen3:30b-a3b,v2,Crash & corruption,0.95,"The fix addresses crashes and unexpected behavior caused by inconsistent array dimensionality checks in Python list to SQL array conversion, which is fundamentally about preventing crashes and data corruption."
147,f01383c3c806eb24,qwen3:30b-a3b,v2,Crash & corruption,0.95,"The fix addresses a rare failure case that could lead to a crash due to improper cleanup of the exception stack, which is fundamentally about preventing crashes rather than security or other categories."
148,1e76cc086afb1699,qwen3:30b-a3b,v2,Wrong results & planner,0.7,"The fix addresses inconsistent error handling in GSS-encryption, which affects the reliability of connection establishment but does not directly cause incorrect query results or planner issues; it's more about proper error propagation than data correctness."
149,79351a97bf03fc5d,qwen3:30b-a3b,v2,Wrong results & planner,0.9,"The fix addresses a data corruption issue in ecpg programs, specifically truncating data due to incorrect handling of varchar size, which affects the correctness of data results rather than a crash or security vulnerability."
150,944969b41f1ec6c7,qwen3:30b-a3b,v2,Extensions & contrib,0.9,"The fix addresses a specific issue with pg_dump and pg_restore related to handling hash-partitioned tables on enum-type columns, which falls under client tools and utility enhancements rather than security, crashes, or other categories."
151,6f11542a2aa334a6,qwen3:30b-a3b,v2,Client tools,0.95,"The fix addresses a specific issue with pg_dump and pg_restore tools on Windows when handling non-seekable files, directly impacting client tool functionality."
152,7737fb16a58b5098,qwen3:30b-a3b,v2,Wrong results & planner,0.9,"The fix addresses a scenario where a pgbench script attempting to start a serializable transaction inside a pipeline would fail, which relates to correct transaction handling and planner behavior in a specific execution context."
153,e978e145b449cdcb,qwen3:30b-a3b,v2,Wrong results & planner,0.9,"The fix addresses handling of tuples with zero xmin/xmax in heap checking, which affects data integrity and query results, not security or crashes."
154,0780ae2c662d7434,qwen3:30b-a3b,v2,Wrong results & planner,0.95,"The fix addresses a scenario where corrupted data leads to incorrect transaction ID handling, resulting in misleading reports about transaction sequences, which directly impacts result accuracy rather than security, crashes, or other categories."
155,523111bc0a1527ac,qwen3:30b-a3b,v2,Client tools,0.9,"The fix addresses a failure to open a pipe in the contrib/basebackup_to_shell tool, which is part of client-side utilities for database operations."
156,5f5ecf2be6832a67,qwen3:30b-a3b,v2,Crash & corruption,0.95,"The fix addresses a crash caused by a misbehaving check in Python 3 API handling, which is fundamentally about preventing a crash rather than security or other categories."
157,6135e08481d2872a,qwen3:30b-a3b,v2,Crash & corruption,0.95,"The fix addresses misaligned accesses that can cause crashes on certain architectures, which is a fundamental crash issue rather than a security vulnerability or other category."
158,37320179504f49a6,qwen3:30b-a3b,v2,Extensions & contrib,0.95,"The fix addresses input validation in a contrib module, specifically pageinspect's gist_page_items() function, which falls under extension functionality rather than security, crashes, or other categories."
159,9f72c8fad955e0ea,qwen3:30b-a3b,v2,Crash & corruption,0.95,"The fix addresses a crash caused by accessing off the end of a work array when processing an unsatisfiable regular expression in pg_trgm, which is a memory corruption issue leading to potential crashes."
160,bec0665d5d802d6c,qwen3:30b-a3b,v2,Client tools,0.9,"The fix addresses a specific issue in the postgres_fdw extension's handling of escape sequences within the application_name parameter, which is a client-side configuration setting, not a security vulnerability or core database behavior."
161,8217943d70dd6aa2,qwen3:30b-a3b,v2,Extensions & contrib,0.95,"The fix addresses memory usage in a contrib module, specifically pg_walinspect, which falls under extensions and contrib category."
162,0606d75a6dc3260b,qwen3:30b-a3b,v2,Build & platform,0.95,"The fix addresses a build-time tooling issue related to stripping static libraries using GNU-compatible strip, specifically changing the option from -x to --strip-unneeded to avoid misbehavior with llvm-strip and improve output size."
163,005f7ce06fd07564,qwen3:30b-a3b,v2,Other functionality,0.9,"The fix addresses documentation build process changes related to DTD file handling, which is a non-critical functional adjustment rather than a security, crash, performance, or other core category."
164,44e87bafd048f861,qwen3:30b-a3b,v2,Build & platform,0.95,"The fix addresses a build-time issue related to the placement of a temporary directory during PGXS tests, specifically ensuring it uses a writable location within the build directory instead of the installation directory."
165,045a8aeffd0f1556,qwen3:30b-a3b,v2,Security hardening (no CVE),0.95,"The fix addresses a SQL-injection vulnerability by disallowing special characters in schema or owner names within extension scripts, fundamentally preventing a security risk rather than merely fixing a crash or incorrect result."
166,28d38bef1439809a,qwen3:30b-a3b,v2,Security hardening (no CVE),0.95,"The fix addresses a misapplication of Row-Level Security (RLS) policies in MERGE statements, which could lead to unauthorized access or data exposure by not enforcing the correct policies for UPDATE and DO NOTHING actions, though it was noted as not a security problem, the essence is about correctly applying security policies to prevent potential security issues."
167,07d54b2beca26155,qwen3:30b-a3b,v2,Wrong results & planner,0.95,"The fix addresses a logical error in BRIN index handling that could cause queries to incorrectly omit NULL values, directly impacting query result accuracy and planner behavior."
168,5fe920752579cc06,qwen3:30b-a3b,v2,Crash & corruption,0.95,"The fix addresses a scenario where a database could become corrupted due to an interrupted DROP DATABASE operation, ensuring that the database is marked as inaccessible before irreversible steps to prevent partial corruption."
169,386e2caeb5477824,qwen3:30b-a3b,v2,Wrong results & planner,0.95,"The fix addresses a scenario where a partitioned index might be incorrectly marked as valid, potentially causing incorrect query results or assertion failures due to invalid index usage."
170,dba5253ff57989fe,qwen3:30b-a3b,v2,Wrong results & planner,0.9,"The fix addresses an issue where invalid child indexes were being incorrectly matched during partitioned index operations, which could lead to incorrect index usage or planning errors in query execution."
171,d954683e09a57790,qwen3:30b-a3b,v2,Wrong results & planner,0.95,"The fix addresses a potential issue where the index's pg_index entry might use stale data, leading to incorrect behavior such as an 'attempted to update invisible tuple' error, which affects query results and planner decisions."
172,f7069f45605ba9dc,qwen3:30b-a3b,v2,Wrong results & planner,0.9,"The fix addresses a mis-coded check that led to incorrect behavior when altering an extension's schema, specifically failing to detect objects in multiple schemas, which would result in unexpected outcomes rather than a crash or security issue."
173,7993d54603393051,qwen3:30b-a3b,v2,Wrong results & planner,0.9,"The fix addresses a logical error in ALTER TABLE that could lead to incorrect dependency tracking, potentially causing tables to be dropped prematurely, which affects data integrity and query correctness."
174,4157108653e11460,qwen3:30b-a3b,v2,Wrong results & planner,0.95,"The fix addresses a planner issue that could lead to incorrect query plans and thus wrong results, as the planner incorrectly assumed uniqueness based on a partial unique index not being used for scanning."
175,80efdb0df6380b2b,qwen3:30b-a3b,v2,Wrong results & planner,0.95,"The fix addresses a scenario where memoization of lateral joins with volatile conditions could produce incorrect query results, directly impacting query correctness and planner behavior."
176,58e83d33b290b6da,qwen3:30b-a3b,v2,Wrong results & planner,0.95,"The fix addresses an issue where the planner was generating incorrect query plans for foreign joins with pseudoconstant join clauses, directly impacting query correctness."
177,d8631b4d3a2da384,qwen3:30b-a3b,v2,Wrong results & planner,0.95,"The fix addresses incorrect handling of sub-SELECTs in RLS policy expressions and security-barrier views, which directly impacts query results and planner behavior, not security hardening, crashes, or other categories."
178,3995fffd9a2582a8,qwen3:30b-a3b,v2,Wrong results & planner,0.95,"The fix addresses serializability failures caused by missed conflicts in SERIALIZABLE isolation mode, which directly impacts the correctness of query results and transaction behavior under specific indexing and scan conditions."
179,2cb116af17c1220b,qwen3:30b-a3b,v2,Wrong results & planner,0.95,"The fix addresses a planner issue where EvalPlanQual checks failed for inherited or partitioned tables, causing incorrect execution of UPDATE/DELETE operations under READ COMMITTED isolation, leading to wrong results due to improper conflict handling."
180,7787f057548bb461,qwen3:30b-a3b,v2,Wrong results & planner,0.95,"The fix addresses a scenario where the join output rows were missing due to not rebuilding the hash table when parameters changed, directly impacting query correctness and planner behavior."
181,6bbe251b5ad56e94,qwen3:30b-a3b,v2,Crash & corruption,0.95,The fix addresses intermittent server crashes caused by a cache flush timing issue when updating a composite column with out-of-line toasted data.
182,eccf22a51bfcefcd,qwen3:30b-a3b,v2,Crash & corruption,0.9,"The fix addresses memory leaks in UPDATE queries with triggers, which can lead to resource exhaustion and potential crashes or corruption over time."
183,90787f82ac42236d,qwen3:30b-a3b,v2,Wrong results & planner,0.8,"The fix addresses memory leaks related to query execution and planning, specifically involving Incremental Sort, which impacts query correctness and planner behavior."
184,1269a11b682e01ec,qwen3:30b-a3b,v2,Other functionality,0.9,"The fix enhances the functionality of the jsonpath 'datetime()' method to accept fractional seconds, which is an improvement to the method's capabilities rather than addressing security, crashes, performance, or other core categories."
185,9772d422ae3a6724,qwen3:30b-a3b,v2,Crash & corruption,0.95,"The fix addresses preventing stack-overflow crashes caused by complex text search patterns, which directly relates to crash prevention and stability, falling under 'Crash & corruption'."
186,da1002c8df706ee9,qwen3:30b-a3b,v2,Other functionality,0.9,"The fix increases the token length limit in configuration files, which is a functional adjustment rather than addressing security, crashes, performance, or other specific categories."
187,d284c4e19db85740,qwen3:30b-a3b,v2,Wrong results & planner,0.9,"The fix addresses faulty loop logic that could cause some entries to be skipped, which directly impacts the correctness of results or planner behavior in extension GUC prefix handling."
188,41224e89a8b3c919,qwen3:30b-a3b,v2,Crash & corruption,0.95,"The fix addresses a C++ out-of-memory condition that caused a FATAL error, which is a crash, rather than a security issue or other category."
189,c357633fc6eaa80f,qwen3:30b-a3b,v2,Crash & corruption,0.95,"The fix addresses a rare null-pointer crash, which directly relates to preventing crashes, a core aspect of the 'Crash & corruption' category."
190,cef85a2fa155672b,qwen3:30b-a3b,v2,Other functionality,0.9,"The fix addresses a resource management issue related to subscription statistics, which is a minor operational detail rather than a security flaw, crash, or functional error."
191,7a48a4ac333b5a2c,qwen3:30b-a3b,v2,Crash & corruption,0.95,"The fix addresses a potential issue with shared memory management that could lead to memory corruption or loss of tracking, which is a fundamental concern for system stability and data integrity."
192,48c22038689e9f89,qwen3:30b-a3b,v2,Crash & corruption,0.95,"The fix addresses index corruption by allowing VACUUM to continue instead of crashing, focusing on preventing further corruption rather than security or other aspects."
193,a9eabb5570857f2c,qwen3:30b-a3b,v2,Crash & corruption,0.9,"The fix addresses a potential deadlock due to an unreleased lock, which could lead to system instability or corruption, rather than a security issue or incorrect results."
194,67dc3324894f167b,qwen3:30b-a3b,v2,Replication & recovery,0.95,"The fix addresses a crash recovery issue related to prepared transactions, specifically preventing double replay during recovery, which is a core aspect of recovery processes."
195,cca305d9aac228ab,qwen3:30b-a3b,v2,Crash & corruption,0.95,"The fix addresses a potential file corruption scenario where an empty table's file might disappear after a crash, leading to subsequent operations failing with file open errors."
196,bc916c25a8b0193f,qwen3:30b-a3b,v2,Replication & recovery,0.95,"The fix ensures WAL logging of the init fork for unlogged indexes to maintain consistency after a crash, directly addressing recovery from a crash scenario."
197,e3afb12ce4ebcd15,qwen3:30b-a3b,v2,Other functionality,0.9,"The fix addresses a misleading error message related to WAL processing, which is about improving user experience and clarity rather than security, crashes, performance, or other core categories."
198,f7fa31b443596209,qwen3:30b-a3b,v2,Other functionality,0.9,"The fix addresses a non-critical assertion issue in the jsonpath code, which does not impact correctness, security, or performance but rather improves code robustness without altering behavior in non-assert builds."
199,5af1da7fe2e3e793,qwen3:30b-a3b,v2,Crash & corruption,0.95,"The fix addresses an assertion failure during processing of an empty statement in an aborted transaction, which is a crash-related issue rather than a security vulnerability or functional error."
200,7931bb14d93a4dfe,qwen3:30b-a3b,v2,Other functionality,0.9,"The fix addresses a specific behavior related to the stats_fetch_consistency setting during transactions, which is a functional adjustment rather than a security issue, crash, or performance problem."
201,efa7bc6e608dd465,qwen3:30b-a3b,v2,Wrong results & planner,0.95,"The fix addresses an issue where the Soundex difference() function produced unpredictable output for empty input, which directly affects the correctness of the results returned by the function."
202,d9179827e0a98080,qwen3:30b-a3b,v2,Other functionality,0.9,"The fix tightens whitespace checks in the hstore contrib module, addressing input handling behavior without impacting security, crashes, or core functionality."
203,d2e8c73bdfb151b0,qwen3:30b-a3b,v2,Crash & corruption,0.95,"The fix addresses a risk of crashes caused by invalid index entries due to oversize input arrays, which is fundamentally about preventing crashes and corruption rather than security or other aspects."
204,a545db1dd6ec3e29,qwen3:30b-a3b,v2,Performance,0.95,"The fix addresses unnecessary double decompression of GiST index entries, which directly improves performance by reducing redundant operations."
205,f460f0ac8b4cd747,qwen3:30b-a3b,v2,Extensions & contrib,0.95,"The fix addresses a specific issue within the contrib extension 'pageinspect', which is part of PostgreSQL's contrib modules, focusing on functionality related to index page inspection."
206,b89106e40fddf2e5,qwen3:30b-a3b,v2,Client tools,0.95,"The fix addresses behavior of the psql client tool regarding environment variable handling, specifically ignoring PSQL_WATCH_PAGER when not in a terminal context, which is a client-side configuration issue."
207,d85cc5682d0281f8,qwen3:30b-a3b,v2,Client tools,0.95,"The fix addresses a specific issue in pg_dump, a client tool, regarding handling dependencies in SQL-language functions, which is a functionality problem within the tool itself."
208,624b40547b7d1abf,qwen3:30b-a3b,v2,Other functionality,0.9,"The fix improves the user experience by enhancing the display of dependency-loop problem details in pg_dump, which is a functional improvement rather than addressing security, crashes, performance, or other core categories."
209,5294a771aa068011,qwen3:30b-a3b,v2,Crash & corruption,0.95,"The fix addresses a crash scenario in pgbench when using an empty pipeline with prepared mode, directly targeting a crash condition."
210,c3f62b6e60aec2e5,qwen3:30b-a3b,v2,Other functionality,0.9,"The fix addresses a latent issue in the relation cache's copy of indisreplident, which is not a core functionality bug but rather a potential issue for extensions, thus falling under 'Other functionality'."
211,0ec7ab7ce6178424,qwen3:30b-a3b,v2,Client tools,0.95,"The fix addresses a script used for generating etags, which is part of client-side tooling for developers, not related to core database functionality or security."
212,bc07635d1c4e2df2,qwen3:30b-a3b,v2,Security hardening (no CVE),0.95,"The fix addresses a memory disclosure vulnerability where an unknown-type argument was misinterpreted, leading to potential exposure of server memory, which is a security hardening issue rather than a crash or wrong results."
213,8c319888b34e3b86,qwen3:30b-a3b,v2,Security hardening (no CVE),0.95,"The fix addresses an integer overflow vulnerability that could lead to memory stomps, arbitrary code execution, and memory disclosure, which are security-critical issues, not merely a crash or corruption."
214,2cb7813e4e776b5c,qwen3:30b-a3b,v2,Security hardening (no CVE),0.95,"The fix addresses a security oversight where pg_signal_backend could signal background workers and autovacuum processes, potentially exposing extensions to vulnerabilities, though no specific CVE was assigned for the core code."
215,3e47733b0e115964,qwen3:30b-a3b,v2,Wrong results & planner,0.95,"The fix addresses a bug that could lead to incorrect query results due to improper tracking of page downlinks during GiST index builds, directly impacting the accuracy of index searches."
216,87007ad7e4534cec,qwen3:30b-a3b,v2,Wrong results & planner,0.95,"The fix addresses a fundamental issue where btree index de-duplication for interval columns could lead to incorrect query results due to non-unique comparisons, directly impacting the planner's behavior and result accuracy."
217,d5c535a0cc6b3ace,qwen3:30b-a3b,v2,Performance,0.95,"The fix addresses inefficiency in BRIN index operations due to a backward distance calculation, directly improving query performance without affecting correctness or stability."
218,132b047333581eda,qwen3:30b-a3b,v2,Wrong results & planner,0.95,"The fix addresses incorrect index behavior due to improper handling of timestamp values, leading to inefficient index usage and poor decisions in the planner, though the index still produced correct results."
219,b0121a96dedbf68d,qwen3:30b-a3b,v2,Wrong results & planner,0.9,"The fix addresses potential calculation overflows in BRIN index operations, which could lead to incorrect behavior or failures when handling large interval values, fundamentally about ensuring correct index operations rather than security or crashes."
220,66c814261b1a780d,qwen3:30b-a3b,v2,Crash & corruption,0.95,"The fix addresses a crash caused by improper handling of IS NULL conditions on partition keys in hash-partitioned tables, which is fundamentally about preventing a crash rather than security or other categories."
221,b3a61fe5e1fe78c7,qwen3:30b-a3b,v2,Wrong results & planner,0.95,"The fix addresses a scenario where the MERGE operation might make incorrect decisions due to improper rechecking of joined tables during concurrent updates, directly impacting query result correctness."
222,76d0d8f1a2b66318,qwen3:30b-a3b,v2,Wrong results & planner,0.95,"The fix addresses an issue where the target table in an inherited UPDATE/DELETE/MERGE was incorrectly identified, leading to improper trigger firing and errors, which fundamentally affects query results and planner behavior."
223,f8e60d0477daa5ce,qwen3:30b-a3b,v2,Wrong results & planner,0.95,"The fix addresses a scenario where the query planner might miss rows due to improper handling of ScalarArrayOpExpr clauses during index scan restoration, directly impacting query result correctness."
224,9baddc33a3ed5b99,qwen3:30b-a3b,v2,Crash & corruption,0.9,"The fix addresses a memory leak during query execution, which is a resource management issue that can lead to crashes or corruption if unaddressed."
225,e373dfb98eb4a25f,qwen3:30b-a3b,v2,Crash & corruption,0.9,"The fix addresses a memory leak, which is a form of resource corruption that can lead to crashes or instability, rather than a security vulnerability or incorrect results."
226,80b17a8d6d8743dc,qwen3:30b-a3b,v2,Crash & corruption,0.95,"The fix prevents a crash when applying cursor_to_xmlschema() to a non-data-returning Portal, directly addressing a crash condition."
227,d91d98f987649007,qwen3:30b-a3b,v2,Wrong results & planner,0.95,"The fix addresses an incorrect error message when applying pgrowlocks() to a partitioned table, which relates to the planner's handling of partitioned tables and ensuring correct behavior, not a crash, security issue, or other category."
228,835672d5ef8bf5df,qwen3:30b-a3b,v2,Wrong results & planner,0.9,"The fix addresses incorrect behavior when applying functions to invalid indexes, ensuring proper error reporting and preventing unexpected failures, which aligns with the 'Wrong results & planner' category as it pertains to the correctness of SQL function outputs and behavior."
229,847265d46025cf12,qwen3:30b-a3b,v2,Wrong results & planner,0.9,"The fix addresses an issue where the function pg_stat_reset_single_table_counters() was not functioning correctly for shared catalogs, leading to incorrect statistics resets, which falls under wrong results due to improper behavior in the statistics tracking system."
230,14ded2910f8aec1c,qwen3:30b-a3b,v2,Crash & corruption,0.95,"The fix addresses a memory allocation failure with long inputs, which is a crash or corruption issue rather than a security vulnerability or other category."
231,e721ae449bc1d5d5,qwen3:30b-a3b,v2,Wrong results & planner,0.9,"The fix addresses an over-allocation issue in tsvectorrecv() that could lead to incorrect behavior (maximum total lexeme length exceeded failures) for vectors within the expected length limits, impacting the correctness of text search results."
232,6539e28f6e2e39aa,qwen3:30b-a3b,v2,Wrong results & planner,0.95,"The fix addresses incorrect coding in a function that affects index split decisions, leading to potential poor query planning and incorrect results, not a security issue, crash, or other category."
233,e4687c404a3d91c9,qwen3:30b-a3b,v2,Crash & corruption,0.95,"The fix addresses corrupt PGLZ compressed data, which directly relates to data corruption issues rather than security vulnerabilities or other categories."
234,0654010824764d6e,qwen3:30b-a3b,v2,Wrong results & planner,0.8,"The fix addresses a missing error check in COPY FROM that would have led to an incorrect internal error message instead of a clear user-facing error for unsupported encoding conversions, which affects the correctness of the operation."
235,cf49ef4f87516859,qwen3:30b-a3b,v2,Crash & corruption,0.95,"The fix addresses a crash condition in EXPLAIN when handling a parameter with a NULL boot-time value, which is a direct crash issue rather than a security or functional correctness problem."
236,f093f6a1db4ee473,qwen3:30b-a3b,v2,Wrong results & planner,0.9,"The fix addresses potential misbehavior in catalog entries due to toasting, which relates to correct data handling and query planning, not security, crashes, or other categories."
237,71a54cb36159dee7,qwen3:30b-a3b,v2,Crash & corruption,0.95,"The fix addresses a race condition that could cause improper handling of signals in child processes, potentially leading to duplicate cleanup actions and system instability or crashes."
238,84a57f73d2cdb22d,qwen3:30b-a3b,v2,Crash & corruption,0.95,"The fix addresses potential corruption or crashes caused by non-atomic reads of pg_control during concurrent server writes, specifically handling torn reads via CRC checks and retries."
239,ded6efd96f1d03ca,qwen3:30b-a3b,v2,Crash & corruption,0.95,"The fix addresses inconsistent reads of pg_control, which could lead to data corruption or crashes due to torn reads in SQL functions."
240,049ee2a175b7b3dc,qwen3:30b-a3b,v2,Crash & corruption,0.95,"The fix addresses a potential integer overflow that could lead to incorrect memory allocation, risking crashes or memory corruption."
241,253edc452eaf4a09,qwen3:30b-a3b,v2,Wrong results & planner,0.9,"The fix addresses inconsistent progress statistics during ANALYZE on inherited tables, which relates to the planner's handling of table inheritance and data consistency, not security, crashes, or other categories."
242,81c0a34a10a995f8,qwen3:30b-a3b,v2,Other functionality,0.9,"The fix addresses background writer statistics reporting, which is a non-critical operational detail rather than a security, crash, performance, or other primary category."
243,3eb6fe813d3455df,qwen3:30b-a3b,v2,Other functionality,0.9,"The fix addresses a specific behavior in WAL I/O statistics reporting, which is a minor operational detail rather than a security issue, crash, or performance problem."
244,fd000ee64889b21a,qwen3:30b-a3b,v2,Wrong results & planner,0.95,"The fix addresses a planner issue where cached CALL statements were not being re-planned after DDL changes, causing incorrect behavior or errors, which directly relates to query planning and result accuracy."
245,62d16c8368eeec67,qwen3:30b-a3b,v2,Crash & corruption,0.95,"The fix addresses a potential crash caused by attempting to free a NULL pointer during OpenSSL connection setup, which is a classic memory management issue leading to a crash."
246,c39b19328a3282c9,qwen3:30b-a3b,v2,Crash & corruption,0.95,"The fix addresses a potential for assertion failures, core dumps, or varno errors, which are directly related to crash and corruption issues."
247,26fd78a7d1e6ce4f,qwen3:30b-a3b,v2,Wrong results & planner,0.95,"The fix addresses a dependency tracking issue in the query planner for scalar array operations, which could lead to incorrect query results if the referenced functions were altered or removed."
248,af88564a99106726,qwen3:30b-a3b,v2,Crash & corruption,0.95,"The fix addresses an out-of-memory error that could cause inconsistent state and an infinite loop, which is a crash or corruption issue rather than a security vulnerability or other category."
249,55104c4b25e2658b,qwen3:30b-a3b,v2,Crash & corruption,0.95,"The fix addresses an assertion failure during logical decoding retries, which is a crash-related issue rather than a security vulnerability or functional error."
250,3174d7399ee22886,qwen3:30b-a3b,v2,Crash & corruption,0.95,"The fix addresses an incorrect handling of out-of-memory errors during WAL replay, which could lead to inconsistent state and potential data corruption, rather than a security vulnerability or other category."
251,d1cad5454e798f42,qwen3:30b-a3b,v2,Replication & recovery,0.95,"The fix addresses a potential recovery failure related to memory allocation from a WAL record length field, directly impacting replication and recovery processes."
252,c5a99674b95c1fbb,qwen3:30b-a3b,v2,Crash & corruption,0.9,"The fix addresses a race condition that could cause the autovacuum launcher to get stuck, which is a stability issue leading to potential corruption or unresponsiveness, not a security vulnerability or a direct crash."
253,a5528b7931357fb4,qwen3:30b-a3b,v2,Crash & corruption,0.9,"The fix addresses an integer overflow that could lead to memory corruption or crashes, specifically in the context of logical tape management, which is a critical system component."
254,b636f13353d854ef,qwen3:30b-a3b,v2,Other functionality,0.9,"The fix addresses an unintended close of the syslogger process's stdin, which is a functional behavior issue rather than a security vulnerability, crash, or other primary category."
255,211303b0072a47ea,qwen3:30b-a3b,v2,Wrong results & planner,0.9,"The fix addresses a planner issue related to cache revalidation of utility statements, preventing potential failures in statement processing that could lead to incorrect behavior or results."
256,65be578a1da4f14e,qwen3:30b-a3b,v2,Crash & corruption,0.95,The fix addresses potential dangling pointer issues that could lead to crashes or data corruption when tuple slots outlive their descriptors.
257,853bbfff6de9a5f0,qwen3:30b-a3b,v2,Other functionality,0.9,"The fix adjusts how the search_path is recalculated after role renaming, which is a functional change to role management behavior rather than a security, crash, performance, or other specific category."
258,8bf50113c32e81e7,qwen3:30b-a3b,v2,Build & platform,0.95,"The fix addresses a platform-specific issue related to dynamic shared memory configuration on Windows, which falls under build and platform compatibility concerns."
259,71b4325dcccca99d,qwen3:30b-a3b,v2,Crash & corruption,0.95,"The fix addresses a crash safety violation where WAL was written before marking buffers dirty, which could lead to data corruption or crashes upon recovery."
260,7bbc945a900138b3,qwen3:30b-a3b,v2,Other functionality,0.9,"The fix addresses an incorrect assertion in PL/Python exception handling, which is a functional issue related to the behavior of the PL/Python procedural language, not a security vulnerability, crash, or performance problem."
261,478b127891753e46,qwen3:30b-a3b,v2,Client tools,0.95,"The fix addresses an issue in pg_dump, a client tool, specifically preventing an assertion failure when dumping the pg_catalog schema."
262,4c569271cf3492c7,qwen3:30b-a3b,v2,Other functionality,0.9,"The fix addresses a specific behavior in pg_restore regarding ACL handling, which is a functional enhancement rather than a security, crash, performance, or other primary category."
263,3e40cb7661f41378,qwen3:30b-a3b,v2,Other functionality,0.9,"The fix adds a check for obsolete data types during database upgrades, which is a functional enhancement to ensure compatibility and prevent errors, not related to security, crashes, performance, or other specified categories."
264,5420bfdcf223ceb7,qwen3:30b-a3b,v2,Client tools,0.9,"The fix addresses an issue in pg_basebackup, a client tool, specifically preventing invalid temporary slot names when using pgbouncer, which is a connection pooler for PostgreSQL."
265,8c83fcb2888214b1,qwen3:30b-a3b,v2,Client tools,0.95,"The fix addresses an issue in pgbench, a client tool, specifically preventing false 'too many client connections' errors on Windows, which is a client-side tool behavior rather than a core server or security issue."
266,4624d8cfb54250fd,qwen3:30b-a3b,v2,Wrong results & planner,0.9,"The fix addresses false-positive corruption reports in amcheck, which mislead users about index integrity, fundamentally about incorrect results rather than security, crashes, or other categories."
267,3b7470fda94ef508,qwen3:30b-a3b,v2,Wrong results & planner,0.95,"The fix addresses an issue where index scans using specific operators on interval columns did not return all expected entries, directly impacting query correctness and planner behavior."
268,1e824e3f7c63901c,qwen3:30b-a3b,v2,Build & platform,0.95,"The fix adds support for new LLVM versions, which relates to build and platform compatibility."
269,c952311ca8c13dcb,qwen3:30b-a3b,v2,Build & platform,0.95,"The fix addresses build-time warnings and linker behavior changes specific to macOS Xcode 15, which falls under platform and build-related issues."
270,fae2a0678034d873,qwen3:30b-a3b,v2,Extensions & contrib,0.95,"The fix addresses a build-time dependency issue for the contrib/unaccent extension, specifically handling the fallback to Python when configuration options are missing, which is directly related to the extension's build process."
271,27b185e0dd4de8f1,qwen3:30b-a3b,v2,Other functionality,0.9,"The fix removes a non-standard timezone abbreviation from the default list, addressing a compatibility issue with modern OS distributions without impacting core functionality or security."
272,8df07b0374a43201,qwen3:30b-a3b,v2,Security hardening (no CVE),0.95,"The fix addresses a security vulnerability where a materialized view owner could exploit weak security restrictions during a concurrent refresh to execute code with elevated privileges, which is fundamentally a security hardening issue despite the mention of a CVE."
273,d73d6928fd862300,qwen3:30b-a3b,v2,Crash & corruption,0.9,"The fix addresses a memory leak causing out-of-memory conditions, which is a form of resource corruption leading to potential crashes or instability."
274,96d8405d7b1b5683,qwen3:30b-a3b,v2,Performance,0.95,"The fix addresses O(N^2) behavior in LWLock dequeueing, resulting in substantial throughput improvements, which directly relates to performance optimization."
275,6da3df2e08c5e3b2,qwen3:30b-a3b,v2,Wrong results & planner,0.95,"The fix addresses incorrect query plans leading to wrong answers or failures, which directly relates to query planning and result accuracy."
276,e6cad0f8640b88d8,qwen3:30b-a3b,v2,Wrong results & planner,0.95,"The fix addresses incorrect query results caused by improper handling of subquery output expressions in the query planner, specifically when lateral references interact with outer joins."
277,da53aec534af3419,qwen3:30b-a3b,v2,Wrong results & planner,0.95,"The fix addresses a misprocessing issue in window function run conditions that could cause a 'WindowFunc not found' error, directly impacting query results and planner behavior."
278,2a457265b07056e2,qwen3:30b-a3b,v2,Wrong results & planner,0.95,"The fix addresses a scenario where MERGE operations could incorrectly trigger actions like AFTER UPDATE triggers or RLS checks during cross-partition updates, which would lead to failures or incorrect behavior, aligning with the 'Wrong results & planner' category as it ensures the operation behaves as expected without unintended side effects."
279,57debdda55e67075,qwen3:30b-a3b,v2,Wrong results & planner,0.95,"The fix addresses a scenario where BEFORE ROW DELETE triggers could cause MERGE updates to fail or trigger assertions, which impacts the correctness of query execution and planner behavior."
280,b34f6ac88d6ce73f,qwen3:30b-a3b,v2,Wrong results & planner,0.9,"The fix addresses a potential issue where non-updated columns might display garbage data due to accessing a buffer that was no longer pinned, which directly impacts the correctness of query results."
281,cc90c20fa6a504a1,qwen3:30b-a3b,v2,Crash & corruption,0.95,"The fix addresses a potential crash caused by requesting an invalid shared-memory area size in parallel hash joins, which could lead to memory allocation errors."
282,bd4baa07095292fe,qwen3:30b-a3b,v2,Crash & corruption,0.95,"The fix addresses assertion failures in heap_update() and heap_delete() functions, which are critical for preventing crashes during database operations, particularly when foreign-key enforcement triggers fail visibility checks."
283,fe63326dc32b50fa,qwen3:30b-a3b,v2,Other functionality,0.9,"The fix addresses a non-critical assertion in the BRIN bloom operator classes, which is a minor functionality adjustment rather than a security issue, crash, or performance problem."
284,f9d880a50d0ff6a5,qwen3:30b-a3b,v2,Wrong results & planner,0.95,"The fix addresses a failure in the ALTER TABLE command due to incorrect handling of inheritance paths, which would lead to inconsistent or incorrect schema changes, fundamentally related to the planner's logic for managing inheritance trees."
285,39bc60b769a2c93f,qwen3:30b-a3b,v2,Wrong results & planner,0.9,"The fix addresses an issue with duplicate token names in a configuration command, which affects the correctness of text search configuration and could lead to unexpected behavior or incorrect results in text search operations."
286,4e385c2c06dd9129,qwen3:30b-a3b,v2,Crash & corruption,0.9,"The fix addresses a potential concurrency issue that could lead to tuple deletion errors, which falls under crash or data corruption scenarios."
287,7201de78e39d6aa2,qwen3:30b-a3b,v2,Wrong results & planner,0.95,"The fix addresses incorrect handling of function volatility in expressions, which could lead to improper acceptance or rejection of clauses and incorrect optimization, fundamentally affecting query results and planner behavior."
288,4e98f30d47b395d4,qwen3:30b-a3b,v2,Wrong results & planner,0.95,"The fix addresses a race condition that could cause a stale catalog cache entry to persist, leading to incorrect query results or planner behavior due to outdated metadata."
289,ce05abdf6c68ce2e,qwen3:30b-a3b,v2,Wrong results & planner,0.9,"The fix addresses a specific edge case where the result of 0 - INT64_MIN was incorrectly computed on certain platforms, leading to a wrong result instead of an overflow error, which is a fundamental issue in result correctness."
290,04a1c3bd79e1085d,qwen3:30b-a3b,v2,Wrong results & planner,0.95,"The fix addresses incorrect results due to undetected Julian-date overflow in timestamp arithmetic, which directly impacts result accuracy rather than security, crashes, or other categories."
291,e938fddd4e18c3ad,qwen3:30b-a3b,v2,Wrong results & planner,0.95,"The fix addresses incorrect results due to missing overflow checks in interval arithmetic operations, which directly impacts result accuracy rather than security or crash behavior."
292,392d986dd75b5b63,qwen3:30b-a3b,v2,Wrong results & planner,0.95,"The fix addresses stale statistics potentially leading to incorrect query planning or results, which directly impacts the accuracy of query execution and planning."
293,3076e325b3516d3b,qwen3:30b-a3b,v2,Wrong results & planner,0.9,"The fix addresses an issue where the pg_file_settings view did not correctly report invalid values for certain settings, leading to incorrect data presentation, which falls under wrong results due to a planner or view logic error."
294,8b8fe18cc8206786,qwen3:30b-a3b,v2,Wrong results & planner,0.95,"The fix addresses a potential misbehavior due to mismatched collation between an index and partition key, which affects query results and planner decisions."
295,673e91996c3bccff,qwen3:30b-a3b,v2,Crash & corruption,0.95,"The fix addresses a potential failure or crash scenario when dropping a child index concurrently with a REINDEX operation on a partitioned index, which is a concurrency-related issue that could lead to corruption or crash."
296,820e96f8e6bba1c2,qwen3:30b-a3b,v2,Crash & corruption,0.95,"The fix addresses a concurrency issue that could cause index corruption due to insufficient locking, directly relating to data integrity and corruption risks."
297,ee1bc4ee7f5dc4b1,qwen3:30b-a3b,v2,Crash & corruption,0.95,"The fix addresses a potential crash caused by premature buffer pin release during concurrent GIN index insertion, which could lead to resource ownership issues and corruption."
298,60596938d39efdab,qwen3:30b-a3b,v2,Wrong results & planner,0.9,"The fix addresses an issue where using a specific index type could cause errors, impacting query execution and results, rather than security, crashes, or other categories."
299,442821f1d067fc54,qwen3:30b-a3b,v2,Other functionality,0.9,"The fix addresses a reporting issue in ownership change for large objects, which is a functional behavior rather than a security, crash, performance, or other primary category."
300,2c04294f5ec99d77,qwen3:30b-a3b,v2,Other functionality,0.9,"The fix corrects a labeling issue in EXPLAIN (BUFFERS) output, which is a minor documentation or user-interface adjustment rather than a security, crash, performance, or other core functionality change."
301,bf4e77e34236e06c,qwen3:30b-a3b,v2,Replication & recovery,0.95,"The fix addresses durability issues related to database creation and recovery after a crash, specifically ensuring that critical files are properly written to disk to prevent recovery failures or missing files in backups."
302,83726bccd8ecddf8,qwen3:30b-a3b,v2,Other functionality,0.9,"The fix adds more LOG messages for diagnostic purposes during recovery, which is a functional enhancement rather than addressing security, crashes, performance, or other specific categories."
303,e5c6c4aa4fb6e2e0,qwen3:30b-a3b,v2,Wrong results & planner,0.95,"The fix addresses a scenario where queries might return incorrect results due to improper handling of dead index tuples during subtransactions, specifically affecting the planner's behavior in replication scenarios."
304,5d70e9f6f7d1b835,qwen3:30b-a3b,v2,Security hardening (no CVE),0.9,"The fix addresses an integer overflow hazard that could lead to memory corruption or security vulnerabilities, even if it's latent in most environments, as it fundamentally involves a memory-safety weakness."
305,adf0d77fb8163db2,qwen3:30b-a3b,v2,Replication & recovery,0.95,"The fix addresses a deadlock scenario specifically involving logical replication apply workers, tablesync workers, and subscription alterations, which directly pertains to replication and recovery mechanisms."
306,b0f715b0772af450,qwen3:30b-a3b,v2,Replication & recovery,0.95,"The fix addresses a logical replication issue where pgoutput plugin incorrectly transmitted NULL instead of default values for new columns added with ALTER TABLE, directly impacting replication consistency between primary and subscriber."
307,b6c1fced09bb74a8,qwen3:30b-a3b,v2,Replication & recovery,0.95,"The fix addresses an issue in logical replication's initial sync process specifically for tables with no columns, which directly relates to replication functionality and recovery mechanisms."
308,9d0c845c866a4a9a,qwen3:30b-a3b,v2,Replication & recovery,0.95,"The fix addresses a logical decoding issue related to transaction snapshot handling during replication, specifically ensuring correct catalog lookups in the context of transaction boundaries."
309,6430a284409f94b7,qwen3:30b-a3b,v2,Other functionality,0.9,"The fix addresses a specific behavior in client-server communication regarding password challenges, which is a functional aspect of the authentication process rather than a security vulnerability, crash, or performance issue."
310,8c9de1072cc49b37,qwen3:30b-a3b,v2,Build & platform,0.9,"The fix addresses a compatibility issue with OpenSSL 3.2 by adjusting how private storage is handled, which is a platform-specific build and integration concern rather than a security, crash, or functional issue."
311,926573f351f165a1,qwen3:30b-a3b,v2,Crash & corruption,0.9,"The fix addresses a rare error reporting issue that could lead to incorrect error messages, potentially causing confusion or misdiagnosis of connection failures, but does not directly address security vulnerabilities or memory corruption."
312,6ceb8012610edf6a,qwen3:30b-a3b,v2,Crash & corruption,0.9,"The fix addresses a resource leak (file descriptor leakage) which could lead to resource exhaustion or corruption, rather than a security vulnerability or other category."
313,f281ce621bd22258,qwen3:30b-a3b,v2,Wrong results & planner,0.7,"The fix changes error reporting from internal to out-of-memory, which affects how errors are handled but doesn't directly relate to security, crashes, or other categories; it's about correct error messaging for resource issues."
314,b2c49ae23af53b7d,qwen3:30b-a3b,v2,Extensions & contrib,0.9,"The fix addresses a specific feature in PL/pgSQL related to supporting SQL-standard function and procedure creation syntax, which falls under extension or contrib functionality."
315,5d59ef237dc31a60,qwen3:30b-a3b,v2,Crash & corruption,0.9,"The fix addresses a potential busy-loop in the application due to mismanaged pipeline state after errors, which could cause resource exhaustion or crashes, not a security issue or incorrect results."
316,3d6a140e5cde0f5c,qwen3:30b-a3b,v2,Client tools,0.9,"The fix addresses behavior of libpq's PQsendFlushRequest() function, which is part of the client library for PostgreSQL, making it consistent with other PQsend functions."
317,042cd1d1cc35e46a,qwen3:30b-a3b,v2,Security hardening (no CVE),0.9,"The fix addresses a race condition in OpenSSL initialization, which could lead to security vulnerabilities or memory safety issues, making it a security hardening fix rather than a crash or performance issue."
318,a92769fd42a45f77,qwen3:30b-a3b,v2,Crash & corruption,0.9,"The fix addresses a timing-dependent failure in GSSAPI data transmission that could lead to a failure in non-blocking mode, which is a reliability issue causing potential crashes or data corruption."
319,798980141a63f0d1,qwen3:30b-a3b,v2,Extensions & contrib,0.95,"The fix addresses the incorrect dumping of RLS policies and security labels for extension member objects in pg_dump, which is fundamentally about handling extension-related functionality correctly."
320,b7938145c94af1b4,qwen3:30b-a3b,v2,Other functionality,0.95,"The fix adjusts pg_dump's behavior to skip dumping extended statistics objects when their underlying table isn't being dumped, aligning with existing behavior for other dependent objects, which is a functional adjustment rather than a security, crash, or performance issue."
321,b27a76d4b03a434e,qwen3:30b-a3b,v2,Client tools,0.95,"The fix addresses a scripting error in pgbench, a client tool, by making it error out on an unmatched pipeline command rather than behaving oddly."
322,3935e11d9866576b,qwen3:30b-a3b,v2,Crash & corruption,0.95,"The fix addresses a crash occurring during insertion into a GIST index with a specific array value, directly relating to crash prevention."
323,fc8c42d875651aef,qwen3:30b-a3b,v2,Extensions & contrib,0.95,"The fix addresses a specific issue within the contrib extension 'pageinspect', which is part of PostgreSQL's extension ecosystem, focusing on improving error reporting for a function related to partitioned hash indexes."
324,d41f7d32686bbb20,qwen3:30b-a3b,v2,Extensions & contrib,0.95,"The fix addresses a specific error message in the contrib extension pgstattuple's function for partitioned hash indexes, which falls under extension functionality."
325,598b3b9e1753c379,qwen3:30b-a3b,v2,Build & platform,0.95,"The fix addresses a Windows-specific behavior related to subprocess execution in pg_ctl and pg_regress, specifically handling cmd.exe's autorun registry settings, which falls under platform-specific build and runtime behavior."
326,e188a798ce03dc70,qwen3:30b-a3b,v2,Build & platform,0.95,"The fix addresses a build-time issue by moving a function to avoid including a problematic header, which is a platform or build configuration concern."
327,9f4bc61eeb0ad9e6,qwen3:30b-a3b,v2,Build & platform,0.95,"The fix addresses compilation issues with a specific version of libxml2, which is a build-time dependency, indicating a platform or build system compatibility issue."
328,8cc4ad566a20f3d4,qwen3:30b-a3b,v2,Build & platform,0.95,"The fix addresses a compilation issue specific to Windows, which falls under build and platform compatibility concerns."
329,cf3ed4e3031635c0,qwen3:30b-a3b,v2,Build & platform,0.95,"The fix addresses compiler warnings related to Python header files, which is a build-time issue rather than a functional or security concern."
330,ee44698d5e29c006,qwen3:30b-a3b,v2,Build & platform,0.95,"The fix addresses a deprecation warning during compilation with LLVM 18, which is related to build system compatibility and platform-specific compiler behavior."
331,8b64203cca853095,qwen3:30b-a3b,v2,Security hardening (no CVE),0.95,"The fix addresses a security vulnerability where non-owner users could access sensitive statistics data through pg_stats_ext views, requiring explicit access control to the table owner to prevent exposure of security-relevant information."
332,b1aad7eacfea9480,qwen3:30b-a3b,v2,Wrong results & planner,0.95,"The fix addresses incorrect behavior in INSERT operations involving domain types, which affects result accuracy and query planning."
333,77c8e0f5b0a2bd88,qwen3:30b-a3b,v2,Security hardening (no CVE),0.95,"The fix enforces a SELECT privilege requirement for MERGE with DO NOTHING, closing a security edge case where no privileges were needed, which is fundamentally about access control hardening rather than a crash or functional issue."
334,f1f6a21254f789ec,qwen3:30b-a3b,v2,Wrong results & planner,0.95,"The fix addresses a scenario where the MERGE statement could produce incorrect results due to ambiguous row matching or concurrent updates, aligning with the SQL standard and ensuring correct behavior rather than crashes or security issues."
335,d80a4f9e3bbf3b16,qwen3:30b-a3b,v2,Wrong results & planner,0.95,"The fix addresses a planner error where NULL partition pruning was incorrectly applied, leading to incorrect query results when using a boolean IS NOT clause on a partitioned table."
336,2c6027d3d4eede80,qwen3:30b-a3b,v2,Other functionality,0.9,"The fix addresses a missing feature in ALTER FOREIGN TABLE SET SCHEMA that was not moving owned sequences, aligning it with the behavior of regular tables, which is a functional enhancement rather than a security, crash, or performance issue."
337,87db949a66d2dabb,qwen3:30b-a3b,v2,Other functionality,0.9,"The fix addresses a consistency issue in sequence persistence behavior for identity columns during ALTER TABLE, which is a functional enhancement rather than a security, crash, performance, or replication-related issue."
338,db645932589edd49,qwen3:30b-a3b,v2,Other functionality,0.9,"The fix improves an error message for a specific SQL operation, which is a user experience enhancement rather than addressing security, crashes, performance, or other core categories."
339,5ad0ea0f7c1c10f3,qwen3:30b-a3b,v2,Other functionality,0.9,"The fix adjusts the case sensitivity of strategy keywords in CREATE DATABASE to align with other options, which is a minor functional consistency improvement rather than addressing security, crashes, performance, or other core categories."
340,decc9ff738b59892,qwen3:30b-a3b,v2,Wrong results & planner,0.95,"The fix addresses an inconsistency in how EXPLAIN counts heap pages during a bitmap heap scan, which directly impacts the accuracy of query plan analysis and result interpretation."
341,85d8040cf387e782,qwen3:30b-a3b,v2,Wrong results & planner,0.95,"The fix addresses an issue in EXPLAIN's output for subplans in MERGE, which affects the accuracy of the query plan visualization, not a security or crash issue."
342,3a4c2b90f2d4dba2,qwen3:30b-a3b,v2,Crash & corruption,0.95,"The fix addresses a potential deadlock during cleanup of orphaned temporary tables, which could lead to system hangs or corruption, not a security issue or other category."
343,14ec7081958f5d43,qwen3:30b-a3b,v2,Wrong results & planner,0.9,"The fix addresses a potential confusion in VACUUM's computation of frozen-XID values, which could lead to incorrect results in transaction ID management, affecting data consistency and query planning."
344,2b12a734c789bb02,qwen3:30b-a3b,v2,Other functionality,0.9,"The fix addresses a reporting issue in parallel vacuuming statistics, which is a functional enhancement rather than a security, crash, performance, or other core category."
345,52eff55297caf53d,qwen3:30b-a3b,v2,Wrong results & planner,0.9,"The fix prevents a specific operation that could lead to incorrect behavior or planner issues, rather than addressing a security flaw or crash directly."
346,a2c440816d6218f1,qwen3:30b-a3b,v2,Wrong results & planner,0.95,"The fix addresses a fundamental issue in query planning where join conditions were applied at the wrong plan level, causing incorrect query results, which directly relates to the 'Wrong results & planner' category."
347,7aa4f827464197c1,qwen3:30b-a3b,v2,Wrong results & planner,0.95,"The fix addresses a potential misbehavior in window function optimization, specifically preventing incorrect results due to a flawed optimization of ntile() and count() with non-constant arguments, which aligns with the 'Wrong results & planner' category as it directly impacts query correctness."
348,b6cbd5455b9acdcb,qwen3:30b-a3b,v2,Performance,0.95,"The fix optimizes the use of moving-aggregate mode by avoiding unnecessary computation when the window frame is static, directly improving query execution efficiency."
349,3ff7adf20a03252c,qwen3:30b-a3b,v2,Crash & corruption,0.95,"The fix addresses a use-after-free issue during query planning, which would cause crashes or unexpected errors, aligning with the 'Crash & corruption' category as the primary concern."
350,43be351f80756a4f,qwen3:30b-a3b,v2,Crash & corruption,0.95,"The fix addresses a memory management issue where freed data is still in use, which could lead to crashes or data corruption if the freed memory is overwritten before being accessed."
351,8f73366193fd6763,qwen3:30b-a3b,v2,Wrong results & planner,0.9,"The fix addresses incorrect error messages related to statistics kind codes, which impacts how the planner interprets or reports on statistics, directly affecting query planning and result accuracy."
352,357279f809b4cb9b,qwen3:30b-a3b,v2,Wrong results & planner,0.95,"The fix addresses a scenario where incorrect handling of function return types could lead to runtime errors or assertion failures, which fundamentally relates to ensuring correct query results and planner behavior."
353,8f5730c4bef40778,qwen3:30b-a3b,v2,Wrong results & planner,0.9,"The fix addresses an issue where SQL-language procedures returning a composite type caused assertion failures or crashes, which relates to incorrect behavior in query execution or planning rather than security, performance, or other categories."
354,a471b74e59e51968,qwen3:30b-a3b,v2,Crash & corruption,0.95,"The fix adds stack depth checks to prevent stack overflow crashes in recursive functions, addressing a potential crash vulnerability rather than a security flaw or other category."
355,35422f132cec2ba5,qwen3:30b-a3b,v2,Wrong results & planner,0.95,"The fix addresses incorrect rounding and overflow issues in the date_bin() function, which would lead to wrong results in calculations, not a crash, security issue, or other category."
356,91f507698315d30f,qwen3:30b-a3b,v2,Wrong results & planner,0.95,"The fix addresses incorrect results from timestamp arithmetic due to integer overflow, which directly impacts result accuracy rather than security, crashes, or other categories."
357,2461ab9aa5fbfec5,qwen3:30b-a3b,v2,Wrong results & planner,0.9,The fix addresses a scenario where pg_get_expr() might return incorrect results (failing to return NULL when a relation is dropped) rather than a crash or security issue.
358,3b4e6aa40665d6a7,qwen3:30b-a3b,v2,Wrong results & planner,0.95,"The fix addresses a misidentification of transaction IDs, which directly impacts the correctness of query results and planner behavior, rather than security, crashes, or other categories."
359,2dd3ed505730293e,qwen3:30b-a3b,v2,Crash & corruption,0.95,"The fix addresses a potential crash or corruption scenario caused by the freespace map returning an invalid page, which could lead to a 'could not read block' error during recovery operations."
360,1751ea14dfa3bc28,qwen3:30b-a3b,v2,Crash & corruption,0.9,"The fix addresses a file descriptor leakage issue, which is a resource management problem that can lead to crashes or corruption if not handled properly."
361,69f841ae09469083,qwen3:30b-a3b,v2,Crash & corruption,0.95,"The fix addresses potential corruption of the exception stack when an FDW (Foreign Data Wrapper) implements async append without proper wait conditions, directly preventing data corruption or stack corruption issues."
362,2bac9f82402e24fc,qwen3:30b-a3b,v2,Wrong results & planner,0.9,"The fix addresses a scenario where accessing an index during reindexing could lead to incorrect behavior or results, specifically preventing a user-defined index expression from accessing its own table during reindexing, which could cause unexpected outcomes."
363,71d5b832a14f492a,qwen3:30b-a3b,v2,Wrong results & planner,0.9,"The fix addresses an issue where index-only scans on name columns returned truncated values, which could lead to incorrect results or planner behavior, rather than a security flaw, crash, or other category."
364,a24ae5f139ad35b8,qwen3:30b-a3b,v2,Replication & recovery,0.95,"The fix addresses a race condition in logical replication's table sync operation, directly impacting replication reliability and timing."
365,6fe00674f7de3d89,qwen3:30b-a3b,v2,Crash & corruption,0.95,"The fix addresses a crash caused by DSM (Dynamic Shared Memory) allocations exceeding 4GB, which directly relates to preventing crashes due to memory allocation issues."
366,82a04733b1d8ed18,qwen3:30b-a3b,v2,Client tools,0.9,"The fix addresses a connection issue related to client socket configuration, specifically ensuring non-blocking mode at session start, which falls under client tool functionality."
367,611f39e2f9ba68ef,qwen3:30b-a3b,v2,Client tools,0.9,"The fix addresses error reporting in client tools when using OpenSSL 3.0.0+, which is a client-side issue rather than a security vulnerability or core database functionality."
368,b32789d4d4582a5e,qwen3:30b-a3b,v2,Build & platform,0.9,"The fix addresses a platform-specific issue with concurrent calls to bindtextdomain() on Windows, which is a build or platform compatibility concern rather than a security, crash, or functional issue."
369,1499d582d970d744,qwen3:30b-a3b,v2,Crash & corruption,0.95,"The fix addresses a crash caused by redefining a macro in ecpg's preprocessor, which is fundamentally about preventing a crash rather than security, performance, or other categories."
370,958ca5da5b540b96,qwen3:30b-a3b,v2,Client tools,0.9,"The fix addresses a warning message in ecpg, which is a client-side tool for embedding SQL in C programs, making it a client tool issue rather than a security, crash, or other category."
371,819ac6db5be0efdf,qwen3:30b-a3b,v2,Other functionality,0.9,"The fix ensures proper zero-termination of a string result in the ecpg 'intoasc' function, which is a functional correctness issue rather than a security, crash, or performance problem."
372,feb585e07fbabc93,qwen3:30b-a3b,v2,Client tools,0.95,"The fix addresses a specific issue in the psql client tool related to query result handling after cancellation, which is a client-side functionality concern."
373,0492945ee9f84484,qwen3:30b-a3b,v2,Other functionality,0.9,"The fix addresses the behavior of pg_dumpall regarding role comments, which is a functional enhancement rather than a security issue, crash, or performance problem."
374,4455e8055f760b93,qwen3:30b-a3b,v2,Other functionality,0.9,"The fix addresses handling of macOS-specific files in backup tools, which is a minor usability adjustment rather than a security, crash, or functional issue."
375,db400c00d96dafbe,qwen3:30b-a3b,v2,Wrong results & planner,0.9,"The fix addresses a parsing error in PL/pgSQL that would lead to incorrect behavior or failure when encountering specific comment syntax after expressions, directly impacting the correctness of query execution."
376,8069f60e28b863ae,qwen3:30b-a3b,v2,Other functionality,0.9,"The fix addresses a false positive reporting issue in the amcheck contrib module, which is about improving the accuracy of a utility tool rather than security, crashes, performance, or other primary categories."
377,e8e00c127f985ded,qwen3:30b-a3b,v2,Other functionality,0.9,"The fix addresses issues in BRIN output functions used for displaying index entries in contrib/pageinspect, which is a minor functionality enhancement rather than a critical issue like security, crash, or performance."
378,a33af32c74da35e7,qwen3:30b-a3b,v2,Wrong results & planner,0.95,"The fix addresses a scenario where the planner incorrectly generates a sort request by a constant, which could lead to remote server errors and potentially incorrect query results due to misinterpretation of the query structure."
379,4068026e56d55c33,qwen3:30b-a3b,v2,Other functionality,0.9,"The fix adjusts the time zone setting behavior for a specific extension, addressing a technical nuance in timezone handling without impacting security, performance, or core functionality."
380,3fbd2b91cb3d1b9d,qwen3:30b-a3b,v2,Extensions & contrib,0.95,"The fix addresses a deprecation issue in the contrib/xml2 extension, which falls under maintenance of extensions and contrib modules."
381,5fe600bbc614a37d,qwen3:30b-a3b,v2,Build & platform,0.95,"The fix addresses compatibility issues with LLVM 18, which relates to the build process and platform dependencies, not security, crashes, or other functional aspects."
382,64a34a534fce92eb,qwen3:30b-a3b,v2,Build & platform,0.95,"The fix addresses compatibility with the musl C library during the build process, which falls under platform-specific build adjustments."
383,d2fb5e7a3222175d,qwen3:30b-a3b,v2,Security hardening (no CVE),0.95,"The fix fundamentally addresses a security vulnerability (CVE-2024-7348) where an attacker could inject SQL code via malicious object creation, leading to unauthorized code execution; the primary focus is closing a security weakness, not merely preventing a crash or other symptom."
384,3c6a4a558b241eb8,qwen3:30b-a3b,v2,Crash & corruption,0.95,"The fix addresses an infinite loop in VACUUM, which is a critical issue that could lead to resource exhaustion or system hang, falling under crash and corruption due to the potential for system instability."
385,8c13d108b069321e,qwen3:30b-a3b,v2,Wrong results & planner,0.9,"The fix addresses an issue where attaching a partitioned table with prior inheritance children caused a failure, which relates to incorrect behavior in the planner or query execution, not a crash, security issue, or other category."
386,4fa79e24a2aaff0a,qwen3:30b-a3b,v2,Wrong results & planner,0.95,"The fix addresses an issue where detaching a partition leads to an incorrect constraint state, causing subsequent manipulations to produce wrong results, which is fundamentally about ensuring correct query outcomes and planner behavior."
387,1ebfd39dc2ce1c67,qwen3:30b-a3b,v2,Wrong results & planner,0.95,"The fix addresses a planner issue where partition pruning was incorrectly set up during a concurrent detach operation, potentially leading to query execution failures due to incorrect partition handling."
388,c93511b89f1c5de6,qwen3:30b-a3b,v2,Wrong results & planner,0.95,"The fix addresses an issue where the reltuples field in pg_class was not correctly updated after dropping the last child partition, leading to incorrect statistics that could affect query planning and results."
389,aa8a6c8a4b3cb3ff,qwen3:30b-a3b,v2,Wrong results & planner,0.95,"The fix addresses incorrect type resolution for polymorphic output arguments in SQL CALL, causing errors or crashes, which fundamentally relates to query result accuracy and planner behavior."
390,0ddf72a0382e2773,qwen3:30b-a3b,v2,Wrong results & planner,0.95,"The fix addresses a scenario where stable functions called within a CALL statement's argument list were using an incorrect snapshot, leading to stale data visibility issues, which directly impacts query result accuracy and planner behavior."
391,c4ec813bcabdc740,qwen3:30b-a3b,v2,Wrong results & planner,0.95,"The fix addresses silent incorrect results due to unchecked integer overflow in money type arithmetic, which directly impacts result accuracy rather than security, crashes, or other categories."
392,faf0c5dd0b052bd2,qwen3:30b-a3b,v2,Wrong results & planner,0.95,"The fix addresses incorrect results caused by an overly restrictive clamping of the scale argument in numeric functions, which is a fundamental issue in result accuracy rather than security, crash, or other categories."
393,6105d21810adf320,qwen3:30b-a3b,v2,Wrong results & planner,0.95,"The fix addresses an incorrect output of pg_size_pretty() when handling the smallest bigint value, directly relating to result accuracy rather than security, crashes, or other categories."
394,41341611e44f4fc1,qwen3:30b-a3b,v2,Wrong results & planner,0.9,"The fix addresses a scenario where the function pg_sequence_last_value() would incorrectly throw an error instead of returning NULL, which affects the expected behavior and results of the function, aligning with the 'Wrong results & planner' category."
395,c81151755930f017,qwen3:30b-a3b,v2,Wrong results & planner,0.95,"The fix addresses an issue where the parser misinterpreted certain punctuation as data words instead of operators, leading to incorrect query results."
396,0549fc456e566915,qwen3:30b-a3b,v2,Security hardening (no CVE),0.9,"The fix addresses an integer overflow case that could lead to memory safety issues, even though it's related to a known CVE, the primary focus is on preventing potential security vulnerabilities."
397,f1b7c055e51c91a9,qwen3:30b-a3b,v2,Crash & corruption,0.9,"The fix addresses a potential catalog cache inconsistency that could lead to incorrect data access or corruption, specifically in the pg_database catalog, which is a critical system catalog."
398,5af0338513196683,qwen3:30b-a3b,v2,Wrong results & planner,0.95,"The fix addresses a scenario where an incorrect error message was reported due to a failure to properly check if view columns were updatable during an INSERT operation, which affects the correctness of the query execution and error reporting."
399,608e10a53c8a052f,qwen3:30b-a3b,v2,Wrong results & planner,0.95,"The fix addresses an incorrect error reporting for recursive queries, specifically ensuring the right error is thrown when a WITH RECURSIVE query lacks a self-reference in the second arm of UNION, which relates to query planning and result correctness."
400,79ebedb36c9f008c,qwen3:30b-a3b,v2,Wrong results & planner,0.9,"The fix addresses a scenario where concurrent nextval() calls could lose effects due to missing sequence locks during ALTER TABLE operations, leading to incorrect sequence values being generated."
401,b175dbbe35e337ce,qwen3:30b-a3b,v2,Wrong results & planner,0.9,"The fix addresses a scenario where a trigger's absence during execution would cause an error, which could lead to incorrect behavior or unexpected outcomes, rather than a crash or security issue."
402,0cae569a9be00293,qwen3:30b-a3b,v2,Wrong results & planner,0.9,"The fix addresses a catalog inconsistency that could lead to incorrect data being dumped by pg_dump, affecting the accuracy of the output rather than causing crashes or security issues."
403,7bdae9e7deffb534,qwen3:30b-a3b,v2,Wrong results & planner,0.95,"The fix addresses a planner issue where the wrong index was selected for ON CONFLICT, leading to incorrect error messages about missing constraints, which directly impacts query results and planning behavior."
404,ad230fa85d16a257,qwen3:30b-a3b,v2,Wrong results & planner,0.9,"The fix addresses a permission-related issue where altering a temporary table of another session could lead to incorrect behavior, fundamentally about ensuring correct access control and preventing unintended modifications, which falls under 'Wrong results & planner' as it affects the integrity of operations rather than being a security hardening or crash issue."
405,5fc0c8abc62b6c5a,qwen3:30b-a3b,v2,Wrong results & planner,0.95,"The fix addresses incorrect handling of column references in statistics expressions, which would lead to invalid statistics and potentially wrong query planning or results."
406,91b0cec02ac5eeb4,qwen3:30b-a3b,v2,Wrong results & planner,0.95,"The fix addresses a planner issue where sub-queries from MIN/MAX aggregates were incorrectly reusing results, leading to wrong query results, specifically when DISTINCT is implemented with hash aggregation."
407,e439762558838aea,qwen3:30b-a3b,v2,Crash & corruption,0.95,"The fix addresses a crash (SIGSEGV) caused by accessing pointers to a dynamically loaded module after it was unloaded, which is a classic crash scenario due to invalid memory access."
408,b3300def54921046,qwen3:30b-a3b,v2,Other functionality,0.9,"The fix addresses compatibility with a library version change, adjusting error message handling to maintain consistency, which is a functional adjustment rather than a security, crash, or performance issue."
409,69049654b655fc1b,qwen3:30b-a3b,v2,Replication & recovery,0.95,"The fix addresses inconsistencies in how prepared transactions and their subtransactions are handled during standby server replay, directly impacting replication and recovery processes."
410,2b1943fbc312e5b0,qwen3:30b-a3b,v2,Replication & recovery,0.95,"The fix addresses an issue with logical replication slots' initialization, specifically preventing incorrect start points in the WAL stream that could cause assertion failures or decoding errors, which directly relates to replication functionality."
411,319a1d71735986eb,qwen3:30b-a3b,v2,Replication & recovery,0.95,"The fix addresses an error related to replication slot creation and drop, which is directly tied to replication and recovery processes in PostgreSQL."
412,3c877bcb2716b61b,qwen3:30b-a3b,v2,Crash & corruption,0.9,"The fix addresses memory leakage in the walsender process, which is a resource management issue that could lead to system instability or corruption, not a security vulnerability or a crash due to a bug."
413,37ec1ae61a74c47c,qwen3:30b-a3b,v2,Crash & corruption,0.9,"The fix addresses a memory leakage issue that could lead to resource exhaustion or corruption, rather than a security vulnerability or crash from a specific error condition."
414,3b6037e1bc39516b,qwen3:30b-a3b,v2,Crash & corruption,0.95,"The fix addresses a reference count overflow in shared memory statistics, which would cause backend process failures and crashes upon subsequent startups."
415,030570f50c49de4a,qwen3:30b-a3b,v2,Crash & corruption,0.95,"The fix addresses deadlocks and assertion failures during SLRU log truncation, which are critical stability issues leading to crashes or data corruption."
416,13df9c00045bf7ff,qwen3:30b-a3b,v2,Crash & corruption,0.9,"The fix addresses a potential issue where the system might wait indefinitely due to missing end-of-input events, which could lead to a hang or resource leak, but not a crash or data corruption directly."
417,e13aae8af9f6bdb4,qwen3:30b-a3b,v2,Crash & corruption,0.95,"The fix addresses a buffer overread that could potentially cause a crash, which aligns with the 'Crash & corruption' category as the primary concern is preventing a crash due to memory access violation."
418,1b8dd8512114b0dd,qwen3:30b-a3b,v2,Security hardening (no CVE),0.9,"The fix disables stateful TLS session tickets to prevent potential security issues related to client misinterpretation of session resumption, addressing a security weakness rather than a crash or functional bug."
419,788ed50fab0d912e,qwen3:30b-a3b,v2,Wrong results & planner,0.95,"The fix addresses a scenario where replanning a PL/pgSQL expression could lead to unexpected plan node types, causing incorrect behavior or results, which falls under the 'Wrong results & planner' category as it directly impacts query planning and result accuracy."
420,a06e1ef6f1cdde9a,qwen3:30b-a3b,v2,Extensions & contrib,0.95,"The fix addresses compatibility issues between PL/Perl and a specific Perl version, which falls under extension functionality rather than security, performance, or other categories."
421,ec57ef65acd11eb6,qwen3:30b-a3b,v2,Wrong results & planner,0.95,"The fix addresses a scenario where recursive PL/Python functions with different column definitions would fail due to incorrect rowtype handling, leading to incorrect behavior or results in query execution."
422,d5c1cbb1d02a5339,qwen3:30b-a3b,v2,Wrong results & planner,0.95,"The fix addresses a corruption of the TD dictionary during recursive trigger calls, which would lead to incorrect behavior or results in PL/Python triggers, fundamentally about ensuring correct execution and data integrity rather than security, crashes, or other categories."
423,16f2209e8f670092,qwen3:30b-a3b,v2,Crash & corruption,0.95,"The fix addresses a crash caused by invalid list syntax in PL/Tcl function results, which is fundamentally about preventing a crash rather than security or other categories."
424,e7fd0b3f6aac0fad,qwen3:30b-a3b,v2,Client tools,0.9,"The fix addresses a threading issue in libpq, which is part of the client library for PostgreSQL, specifically related to error message handling in multi-threaded applications."
425,50dbb283198dc063,qwen3:30b-a3b,v2,Other functionality,0.9,"The fix addresses a memory leak in pg_dump during a binary upgrade, which is a resource management issue rather than a security vulnerability, crash, or other primary category."
426,fb2a1d667fbe250f,qwen3:30b-a3b,v2,Client tools,0.95,"The fix addresses a reporting issue in pg_restore's -l option, which is a client tool for database restoration, specifically ensuring correct listing of dependent TOC entries under selective restore conditions."
427,21e1c886f5cc1cb1,qwen3:30b-a3b,v2,Extensions & contrib,0.95,"The fix addresses a specific issue within the postgres_fdw extension, which is part of PostgreSQL's contrib modules, focusing on cursor behavior with remote views."
428,ee7efb3f2fdb073f,qwen3:30b-a3b,v2,Wrong results & planner,0.95,"The fix addresses a potential issue where incorrect or non-standard SQL clauses (FETCH FIRST WITH TIES) could be sent to a remote server, risking inconsistent or wrong results due to differing remote server implementations."
429,ddf1e3c6f709c17d,qwen3:30b-a3b,v2,Build & platform,0.95,"The fix addresses a compilation issue related to system headers on macOS, which is a build-time platform compatibility problem."
430,75a21c3ddc8c2053,qwen3:30b-a3b,v2,Other functionality,0.9,"The fix addresses an assertion failure in Memoize cost estimation, which is a non-critical, non-security-related issue affecting functionality rather than security, crashes, or performance."
431,99a19831762984d2,qwen3:30b-a3b,v2,Crash & corruption,0.9,"The fix addresses assertion failures during REINDEX CONCURRENTLY on an SP-GiST index, which are non-crashing but could indicate underlying issues; however, assertions failing typically relate to internal consistency checks that could lead to corruption if not resolved, and the primary focus is on preventing these failures rather than security or performance."
432,e1af9616d542e4bb,qwen3:30b-a3b,v2,Security hardening (no CVE),0.95,"The fix addresses a security vulnerability related to row-level security (RLS) policy dependencies in query plans, which could lead to incorrect row visibility and potential data exposure, as indicated by the CVE reference."
433,2808611f4af45f69,qwen3:30b-a3b,v2,Security hardening (no CVE),0.95,"The fix addresses a security vulnerability where error messages during SSL/GSS negotiation could be injected by a man-in-the-middle, potentially leading to security hazards like spoofed query results, and discards such messages to prevent exploitation."
434,8bd9d7349eca60c3,qwen3:30b-a3b,v2,Security hardening (no CVE),0.95,"The fix addresses a security vulnerability related to session authorization and role management, which could lead to unintended privilege changes and potential access control issues, as indicated by the CVE reference and the description of the flawed implementation."
435,81c5fc6da611193c,qwen3:30b-a3b,v2,Security hardening (no CVE),0.95,"The fix fundamentally addresses a security vulnerability by preventing trusted PL/Perl code from modifying environment variables, which could lead to arbitrary code execution, aligning with the essence of security hardening rather than a mere crash or functional issue."
436,e50b092a8fb3f16e,qwen3:30b-a3b,v2,Wrong results & planner,0.95,"The fix addresses incorrect enforcement of foreign-key constraints after partition operations, which could lead to invalid data states and subsequent errors, fundamentally about ensuring correct query results and constraint behavior."
437,1d054f0f4d063848,qwen3:30b-a3b,v2,Crash & corruption,0.95,"The fix addresses potential crashes and errors related to concurrent operations on partitioned tables, which directly relates to preventing crashes and data corruption issues."
438,96230b41a3647b26,qwen3:30b-a3b,v2,Wrong results & planner,0.9,"The fix prevents an unsupported operation that could lead to inconsistent or incorrect data relationships, aligning with the 'Wrong results & planner' category as it addresses a logical flaw in the database schema management."
439,6cb107775185528a,qwen3:30b-a3b,v2,Wrong results & planner,0.95,"The fix addresses a scenario where partitionwise joins or grouping could lead to incorrect results due to collation mismatches, directly impacting query correctness and planner behavior."
440,44e77270009835c2,qwen3:30b-a3b,v2,Wrong results & planner,0.95,"The fix addresses a specific planner error related to sorting expressions in UNION ALL queries, which would lead to incorrect query execution or results."
441,8995259601de7f5b,qwen3:30b-a3b,v2,Other functionality,0.9,"The fix allows cancellation of the second stage of index build for large hash indexes, which is a functional enhancement to the index creation process without addressing security, crashes, performance, or other specific categories."
442,11dc97242df0f8f0,qwen3:30b-a3b,v2,Wrong results & planner,0.9,"The fix addresses an issue where a query rewritten by a DO INSTEAD NOTIFY rule caused an assertion failure or confusing error message during COPY (query) TO ..., which relates to query planning and result correctness."
443,1ba1fe6776e97bbd,qwen3:30b-a3b,v2,Wrong results & planner,0.95,"The fix addresses a flaw in the planner's detection of skewed data during parallel hash joins, which could lead to incorrect behavior or resource exhaustion due to ineffective repartitioning, fundamentally impacting query planning and execution correctness."
444,53558c04ba77c532,qwen3:30b-a3b,v2,Crash & corruption,0.95,"The fix addresses a race condition that could cause an assertion failure or transaction status errors, which are directly related to system crashes or data corruption issues."
445,4ec1e9506d3ee42f,qwen3:30b-a3b,v2,Replication & recovery,0.95,"The fix addresses a race condition affecting two-phase commit (2PC) state files, which directly impacts recovery processes after a crash, requiring manual intervention to resolve orphaned files."
446,8aa4b0560f4c42e9,qwen3:30b-a3b,v2,Crash & corruption,0.95,"The fix addresses invalid memory accesses and potential crashes caused by an improperly updated index tracking list during VACUUM FULL, which directly relates to crash prevention and memory safety."
447,0481c05e42e27e6a,qwen3:30b-a3b,v2,Wrong results & planner,0.9,"The fix addresses a race condition that could cause system catalog updates to be lost, leading to incorrect catalog state and potential index corruption, which directly impacts query results and planner behavior."
448,ca54fbcc0c5bdff5,qwen3:30b-a3b,v2,Replication & recovery,0.95,"The fix addresses catalog cache management during recovery, directly impacting database recovery processes and ensuring data consistency after recovery operations."
449,cd07dc7f083b7e29,qwen3:30b-a3b,v2,Crash & corruption,0.9,"The fix addresses a potential indefinite wait condition that could occur under specific test scenarios, which is a form of program hang/corruption rather than a security issue or other category."
450,8bcee2f1202be8df,qwen3:30b-a3b,v2,Other functionality,0.9,"The fix enhances query tracking for statistics by attributing extended query protocol work to the correct query, which is a functional improvement rather than addressing security, crashes, performance, or other specific categories."
451,39867f60944e4d58,qwen3:30b-a3b,v2,Security hardening (no CVE),0.95,"The fix addresses a potential stack overflow vulnerability in libxml2 by changing the function used to compile XPath expressions, preventing a security risk from deeply nested XML input."
452,6cf4d28ad6a53bd8,qwen3:30b-a3b,v2,Wrong results & planner,0.95,"The fix addresses a race condition that could lead to inconsistent behavior during concurrent REINDEX CONCURRENTLY operations on indexes with predicates or expressions, which affects query results and planner behavior."
453,1152f5c9e310460f,qwen3:30b-a3b,v2,Wrong results & planner,0.95,"The fix addresses an issue where EXPLAIN failed to correctly identify field names in a subquery/CTE when the subquery was optimized out, leading to incorrect or misleading output, which is a planner-related issue affecting result accuracy."
454,55b226e4c1741c8f,qwen3:30b-a3b,v2,Wrong results & planner,0.9,"The fix prevents an invalid syntax (USING clause) during ALTER TABLE on a generated column, which would otherwise lead to incorrect behavior or unexpected results in the database schema definition."
455,fcbf44b24a1a027c,qwen3:30b-a3b,v2,Crash & corruption,0.95,"The fix addresses a potential null pointer dereference in the pg_cursors view, which would cause a crash if triggered by user-defined code inspecting the view during cursor setup."
456,3424d36cbbe4f28e,qwen3:30b-a3b,v2,Wrong results & planner,0.9,"The fix addresses a syntax error message misreporting due to improper handling of multibyte characters after numeric literals, which affects the accuracy of error reporting rather than security, crashes, or other categories."
457,5160a8342d0fd849,qwen3:30b-a3b,v2,Wrong results & planner,0.9,"The fix addresses an unexpected call during logical decoding that could lead to incorrect behavior when handling column default values in transactions, impacting result correctness."
458,c27d5dfbdec7faff,qwen3:30b-a3b,v2,Performance,0.95,"The fix focuses on reducing memory consumption and improving efficiency during logical replication, which directly addresses performance optimization by minimizing memory wastage and preventing out-of-memory issues."
459,bec3be3dc9568836,qwen3:30b-a3b,v2,Security hardening (no CVE),0.95,"The fix addresses a TLS session ticket handling issue that could mislead clients about session resumption support, which is a security-related configuration oversight rather than a direct crash or data corruption issue."
460,d293e1a91c0c81de,qwen3:30b-a3b,v2,Wrong results & planner,0.9,"The fix addresses a specific issue where dropping a database with many ACL entries caused a wrong tuple length failure, which is a data integrity or planner-related problem rather than a security or crash issue."
461,13e0879fce211744,qwen3:30b-a3b,v2,Other functionality,0.9,"The fix addresses the ability to adjust specific session settings within parallel workers, which is a functional enhancement rather than a security issue, crash, or performance improvement."
462,198591018fc7b075,qwen3:30b-a3b,v2,Wrong results & planner,0.95,"The fix addresses a scenario where stable functions in a CALL statement's argument list within a PL/pgSQL EXCEPTION block could see stale data due to incorrect snapshot handling, leading to incorrect results."
463,bfc10614e88f5afc,qwen3:30b-a3b,v2,Wrong results & planner,0.9,"The fix addresses errors in function cache lookup during PL/pgSQL's CALL, which affects query execution correctness and planning, not security, crashes, or other categories."
464,f16b961acfe7aa7e,qwen3:30b-a3b,v2,Build & platform,0.9,"The fix addresses thread safety in a non-OpenSSL MD5 implementation on big-endian hardware, which relates to platform-specific build and compatibility issues rather than security, crashes, or other categories."
465,ad883b1c8d450b01,qwen3:30b-a3b,v2,Client tools,0.9,"The fix addresses a parsing issue in libpq's connection option handling, specifically affecting ecpg usage, which falls under client tool functionality."
466,915c059241fedbce,qwen3:30b-a3b,v2,Other functionality,0.9,"The fix addresses a library function's behavior to prevent unintended program termination on memory allocation failure, which is a code quality and robustness improvement rather than a security issue, crash, or other primary category."
467,51e64b5a610a07c8,qwen3:30b-a3b,v2,Crash & corruption,0.9,"The fix addresses an out-of-bounds read, which is a memory safety issue that could lead to crashes or data corruption, even if real-world consequences are minimal."
468,5c69fe237e1e5805,qwen3:30b-a3b,v2,Other functionality,0.9,"The fix addresses a specific handling issue in pg_dump related to identity sequences' persistence settings, which is a functional enhancement rather than a security, crash, performance, or replication issue."
469,d7b24dfb5daf4bc3,qwen3:30b-a3b,v2,Other functionality,0.9,"The fix adds debug output for source timeline history in pg_rewind, which enhances debugging capabilities without addressing security, crashes, performance, or other core categories."
470,316d11d32e65a492,qwen3:30b-a3b,v2,Build & platform,0.95,"The fix addresses Windows-specific file system behavior related to junction points, which is a platform-specific issue affecting build and runtime compatibility on Windows."
471,00f642c0d9217256,qwen3:30b-a3b,v2,Other functionality,0.9,"The fix addresses a specific edge case in handling temporary tables during reindexing operations, which is a functional behavior rather than a security issue, crash, or performance problem."
472,ab3ec1366e7ca0ef,qwen3:30b-a3b,v2,Extensions & contrib,0.95,"The fix addresses functionality within PostgreSQL extensions (pageinspect and pgstattuple) that allows inspection of sequence relations, which is a feature specific to these contrib modules."
473,222e0fb47230eb92,qwen3:30b-a3b,v2,Crash & corruption,0.95,"The fix addresses a crash caused by incorrect LLVM-generated code on ARM64 platforms due to unsupported relocation distances, which is fundamentally about preventing server crashes rather than security or other categories."
474,633f9bbb3e125b30,qwen3:30b-a3b,v2,Build & platform,0.95,"The fix addresses a platform-specific issue related to 32-bit long value limitations on Windows, which is a build or platform compatibility concern rather than a security, crash, or functional issue."
475,3641d30a8813be09,qwen3:30b-a3b,v2,Build & platform,0.95,"The fix addresses a build issue specific to Strawberry Perl on Windows, which falls under platform-specific build concerns."
476,1052d8a986394405,qwen3:30b-a3b,v2,Build & platform,0.95,"The fix addresses a compiler warning or error related to building with MinGW, which is a platform-specific build issue."
477,e16cafcf928d536d,qwen3:30b-a3b,v2,Extensions & contrib,0.95,"The fix addresses an ABI break affecting extensions like TimescaleDB, directly targeting compatibility with extension code rather than security, crashes, or other categories."
478,ffd610faf9fefbbe,qwen3:30b-a3b,v2,Wrong results & planner,0.9,"The fix addresses a regression where role settings from non-interactive sources were not applied, causing incorrect behavior in role configuration, which falls under wrong results due to misapplication of settings."
479,ff61f517138e558d,qwen3:30b-a3b,v2,Replication & recovery,0.95,"The fix addresses a logical replication slot's restart_lsn value moving backwards, which directly impacts replication restart behavior and slot management in logical replication, a core aspect of replication and recovery processes."
480,fb54b5d6d57e4531,qwen3:30b-a3b,v2,Replication & recovery,0.95,"The fix addresses a critical issue in pg_rewind related to WAL file management during replication recovery, specifically preventing the deletion of necessary WAL files that could cause recovery failure on the demoted node."
481,bb129fe22fdc3dd5,qwen3:30b-a3b,v2,Crash & corruption,0.95,"The fix addresses race conditions that could cause data loss or assertion failures, which are classic symptoms of corruption or instability in the database system."
482,c11feb1f07ba6d97,qwen3:30b-a3b,v2,Other functionality,0.9,"The fix adds counting of index scans for Bloom indexes in statistics views, which is a functional enhancement to the monitoring capabilities of the database, not related to security, crashes, performance, or other specified categories."
483,cdb6586db28b2984,qwen3:30b-a3b,v2,Crash & corruption,0.95,"The fix addresses a crash occurring during index opclass option checks, which is a direct crash issue rather than a security flaw or other category."
484,a14f8265072099a2,qwen3:30b-a3b,v2,Crash & corruption,0.95,"The fix addresses an assertion failure in regular expression parsing, which is a crash-related issue as it prevents the system from continuing execution due to a failed assertion, even though it may not cause visible consequences in non-assert builds."
485,9b141ff0d82245e6,qwen3:30b-a3b,v2,Security hardening (no CVE),0.95,"The fix fundamentally addresses a security vulnerability related to SQL injection by ensuring data-quoting functions validate input encoding, preventing crafted input from bypassing security checks."
486,0d6a9c178d4595af,qwen3:30b-a3b,v2,Wrong results & planner,0.9,"The fix addresses privilege checks for parallel workers, ensuring that the planner correctly handles connection limits and privileges without causing unexpected query failures, which relates to query execution logic rather than security or crashes."
487,48d0a7b8ce3e80a6,qwen3:30b-a3b,v2,Wrong results & planner,0.95,"The fix addresses a scenario where window aggregates incorrectly return stale results due to a planner optimization, directly impacting query correctness."
488,746251f13f59e67b,qwen3:30b-a3b,v2,Crash & corruption,0.9,"The fix addresses a potential issue where a process might access data that had been vacuumed, which could lead to corruption or crashes due to accessing invalid data."
489,4a861adffd93ce62,qwen3:30b-a3b,v2,Wrong results & planner,0.9,"The fix addresses a race condition affecting catalog cache consistency, which could lead to incorrect query results or planner behavior when using newly created functions within the same session."
490,5855f1a30a414841,qwen3:30b-a3b,v2,Crash & corruption,0.95,"The fix addresses potential catalog corruption during concurrent vacuum and update operations, which directly relates to data integrity and corruption prevention."
491,0857b94ebc0f9ddc,qwen3:30b-a3b,v2,Crash & corruption,0.95,"The fix addresses data corruption caused by failed relation truncation, which could leave inconsistent disk states, requiring a PANIC to restore consistency via WAL replay."
492,99375e0f264e8375,qwen3:30b-a3b,v2,Crash & corruption,0.95,"The fix addresses a race condition that could lead to data corruption due to missing fsync during checkpoint operations, directly targeting corruption risks rather than security or other categories."
493,c21d24e4762c9e99,qwen3:30b-a3b,v2,Crash & corruption,0.95,"The fix addresses a risk of data corruption due to incorrect file handling that could leave multiple links to the same file, which is a fundamental corruption issue rather than a security vulnerability or crash."
494,246d526aacea15e2,qwen3:30b-a3b,v2,Wrong results & planner,0.9,"The fix addresses a potential inconsistency in the pg_database.datfrozenxid field during concurrent operations, which could lead to incorrect data visibility or transaction ID management, a core aspect of query results and planner behavior."
495,e4f90d2e119c4561,qwen3:30b-a3b,v2,Wrong results & planner,0.95,"The fix addresses incorrect behavior in trigger execution due to misreported updated columns, leading to potential wrong results in application logic."
496,40420b5f8c0b3be1,qwen3:30b-a3b,v2,Wrong results & planner,0.95,"The fix addresses an incorrect update of constraint entries when detaching a partition with a foreign key referencing a partitioned table, which would lead to erroneous behavior in foreign key checks and trigger errors, fundamentally about ensuring correct query results and planner behavior."
497,fea1ceb9c497d8b1,qwen3:30b-a3b,v2,Wrong results & planner,0.95,"The fix addresses an issue where the to_timestamp function misprocessed format codes, leading to incorrect parsing of timestamps, which directly affects result accuracy."
498,7cf745527a413bf9,qwen3:30b-a3b,v2,Other functionality,0.9,"The fix ensures proper handling of XML namespace names in deparsing XMLTABLE() expressions, which is a functional adjustment to XML processing behavior rather than addressing security, crashes, performance, or other core categories."
499,b7b8feee70a75f4c,qwen3:30b-a3b,v2,Other functionality,0.9,"The fix adds the 'ldapscheme' option to the output of pg_hba_file_rules(), which is a functional enhancement to a utility function, not related to security, crashes, performance, or other core categories."
500,50b28d436674ee2d,qwen3:30b-a3b,v2,Wrong results & planner,0.95,"The fix addresses a planner issue where inconsistent collations could lead to incorrect results in UNION operations, as the collation affects uniqueness definition."
501,3411b31391b387ee,qwen3:30b-a3b,v2,Wrong results & planner,0.95,"The fix addresses an issue in expression processing for partition pruning, which directly impacts query planning and could result in incorrect query execution or unrecognized node type errors, aligning with the 'Wrong results & planner' category."
502,81474007206c11aa,qwen3:30b-a3b,v2,Other functionality,0.9,"The fix addresses a limitation in DSA (Dynamic Shared Allocation) hash tables growing beyond 1GB, which is a functional enhancement rather than a security issue, crash, or performance optimization."
503,ccb62a3d5320f41f,qwen3:30b-a3b,v2,Wrong results & planner,0.8,"The fix addresses a potential integer overflow in a function used for statistical purposes, which could lead to incorrect results or planner behavior, though the effects were described as mostly cosmetic."
504,bfda3f52a2085083,qwen3:30b-a3b,v2,Replication & recovery,0.95,"The fix addresses an infinite loop in streaming standby servers during WAL record processing, directly impacting replication and recovery mechanisms."
505,21ef68e2677cddca,qwen3:30b-a3b,v2,Crash & corruption,0.95,"The fix addresses a specific scenario where a FATAL error could incorrectly escalate to a PANIC during early process startup, which would cause a crash, rather than addressing security vulnerabilities or other categories."
506,45924fadba3cd28f,qwen3:30b-a3b,v2,Wrong results & planner,0.9,"The fix addresses dangling references in operator family members, which could lead to incorrect behavior or failures in operations like dropping data types or dumping with pg_dump, fundamentally affecting result correctness and planner integrity."
507,278ff9d0bb9f307e,qwen3:30b-a3b,v2,Crash & corruption,0.9,"The fix addresses memory leaks, which are a form of resource corruption that can lead to crashes or instability, rather than being primarily about security or other categories."
508,f475d85582bda7b1,qwen3:30b-a3b,v2,Crash & corruption,0.95,"The fix addresses a crash caused by a missing memory allocation failure check, which is a classic crash issue rather than a security vulnerability or other category."
509,22ad793a56adf9cc,qwen3:30b-a3b,v2,Wrong results & planner,0.9,"The fix addresses a logical error in the transaction durability decision logic, causing incorrect behavior under specific conditions, rather than a security issue, crash, or performance problem."
510,b83fe05b6eba6407,qwen3:30b-a3b,v2,Wrong results & planner,0.8,"The fix addresses an unsafe order of operations during cache lookups, which could lead to incorrect behavior or results, as indicated by the warning about lock ownership, rather than a security issue or crash."
511,6a2991ba18f32749,qwen3:30b-a3b,v2,Build & platform,0.95,"The fix addresses a compiler inconsistency between gcc and clang on ARM platforms affecting JIT compilation, which is a build-time or platform-specific issue rather than a security, crash, or functional problem."
512,af322ed340bc598f,qwen3:30b-a3b,v2,Build & platform,0.95,"The fix addresses a Windows-specific path handling issue during initialization, which is related to platform-specific behavior and build configuration rather than security, performance, or other core functionality."
513,68f8806aa61b17ce,qwen3:30b-a3b,v2,Crash & corruption,0.95,"The fix addresses an assertion failure, which is a type of crash or corruption issue in query execution."
514,e958f4083a0ec60a,qwen3:30b-a3b,v2,Crash & corruption,0.95,"The fix addresses an assertion failure, which is a type of crash or corruption issue, specifically in rule deparsing when handling complex query structures."
515,bd5e1c8e9f74daed,qwen3:30b-a3b,v2,Crash & corruption,0.95,"The fix addresses an edge-case assertion failure during parallel query startup, which directly relates to preventing crashes or corruption in the database system."
516,de302a1c4b27b4c6,qwen3:30b-a3b,v2,Crash & corruption,0.95,"The fix addresses an assertion failure during shutdown, which is a crash-related issue rather than a security vulnerability or other category."
517,c713e167619e4f35,qwen3:30b-a3b,v2,Wrong results & planner,0.9,"The fix addresses a potential issue where the NULLIF() function might return incorrect results due to improper handling of expanded objects, which could lead to unexpected behavior in query execution."
518,97137eb83f5c5015,qwen3:30b-a3b,v2,Wrong results & planner,0.95,"The fix addresses a planner issue where expression preprocessing was not applied to a default null value in INSERT statements, potentially leading to incorrect behavior with domain types, particularly those based on extension types."
519,36fb2e7695a565e0,qwen3:30b-a3b,v2,Crash & corruption,0.9,"The fix addresses memory leaks, which can lead to resource exhaustion and potential crashes or corruption, but it is not primarily about security or a crash symptom."
520,540d65c9c8fccbad,qwen3:30b-a3b,v2,Extensions & contrib,0.95,"The fix addresses compatibility with Tcl 9 for the PL/Tcl procedural language extension, which falls under extension maintenance."
521,bb01f615c198d906,qwen3:30b-a3b,v2,Other functionality,0.9,"The fix addresses a specific issue in the ecpg preprocessor related to cursor handling and variable scope, which is a functional enhancement rather than a security, crash, performance, or other primary category."
522,e6349528521d27af,qwen3:30b-a3b,v2,Other functionality,0.9,"The fix addresses a compile-time warning in ecpg related to unsupported COPY ... FROM STDIN usage, which is a minor functionality adjustment rather than a security, crash, performance, or other major category."
523,dfac265cbd2cfa21,qwen3:30b-a3b,v2,Client tools,0.95,"The fix addresses a specific issue in the psql client tool related to handling SJIS-encoded file paths, which is a client-side functionality problem rather than a security, performance, or other category."
524,dd62c893df0573bc,qwen3:30b-a3b,v2,Wrong results & planner,0.8,"The fix addresses a specific misbehavior in command execution due to incorrect signal handling, which affects the expected output or behavior of pgbench and psql commands, rather than a security issue, crash, or performance problem."
525,b89974bd76fa579c,qwen3:30b-a3b,v2,Wrong results & planner,0.95,"The fix addresses a misexecution of nested \if constructs in pgbench, which leads to incorrect behavior in the script execution, fundamentally affecting the correctness of results rather than security, crashes, or other categories."
526,8273b8aa3063d8a2,qwen3:30b-a3b,v2,Other functionality,0.9,"The fix addresses a minor display issue in pgbench's progress messages, which is a user interface or usability enhancement rather than a critical bug or security issue."
527,fbd90e05ffb426f0,qwen3:30b-a3b,v2,Crash & corruption,0.95,"The fix addresses potential misbehavior of pg_controldata when encountering corrupted pg_control files, specifically preventing issues with invalid timestamps and negative WAL segment sizes, which could lead to crashes or data corruption."
528,e33f9581c86a66d0,qwen3:30b-a3b,v2,Crash & corruption,0.95,"The fix addresses a potential crash in pg_dump when handling identity sequences on tables that are part of an extension, which directly relates to preventing crashes in the tool."
529,8dfa1efbc3cba824,qwen3:30b-a3b,v2,Client tools,0.95,"The fix addresses an issue with pg_basebackup, a client tool, specifically handling large WAL files on Windows, which is a functionality concern within client tool operations."
530,048b7f34dd143216,qwen3:30b-a3b,v2,Build & platform,0.95,"The fix addresses compiler configuration probes for ARM platforms, specifically handling compiler switches for CRC instructions, which is a build-time platform-specific issue."
531,9cad105619e44d5a,qwen3:30b-a3b,v2,Build & platform,0.95,"The fix addresses compiler compatibility issues during the build process, specifically handling C23 compiler detection and suggesting C17 standards, which falls under build and platform considerations."
532,617ff6d58be3a54b,qwen3:30b-a3b,v2,Security hardening (no CVE),0.95,"The fix addresses a security oversight in quoting functions that could lead to unintended data inclusion or crashes, primarily focusing on memory safety and preventing potential exploitation vectors."
533,35b985eab0c8f69b,qwen3:30b-a3b,v2,Security hardening (no CVE),0.95,"The fix addresses a buffer overread vulnerability that could lead to a SIGSEGV crash, which is a memory safety issue and the primary focus of the fix, not just a symptom."
534,d0739ef547b93551,qwen3:30b-a3b,v2,Wrong results & planner,0.95,"The fix addresses a failure to enforce foreign key constraints correctly on partitioned tables, which directly impacts the accuracy of query results and the planner's ability to handle such constraints, rather than causing crashes, security issues, or other categories."
535,659d5199406da1c8,qwen3:30b-a3b,v2,Wrong results & planner,0.95,"The fix addresses a bug where the merged BRIN summary failed to include some data due to improper handling of decompression results, causing missed rows in index searches, which directly impacts query correctness and planner behavior."
536,e142af725897e443,qwen3:30b-a3b,v2,Wrong results & planner,0.95,"The fix addresses incorrect type handling in queries involving views or functions, which directly impacts query results and planner behavior."
537,17cb97d7c32684c1,qwen3:30b-a3b,v2,Wrong results & planner,0.95,"The fix addresses an error in the MERGE statement's handling of DO NOTHING actions on partitioned tables, which would lead to incorrect behavior or failure in query execution, fundamentally related to query planning and result accuracy."
538,b49c98b6fc41884c,qwen3:30b-a3b,v2,Wrong results & planner,0.95,"The fix addresses a scenario where a constraint violation was incorrectly reported during an INSERT operation, even though the generated value satisfied the domain's constraints, indicating a planner or result correctness issue."
539,17614ca94464a1e7,qwen3:30b-a3b,v2,Wrong results & planner,0.95,"The fix addresses a parser issue that led to incorrect handling of CTE references within complex DML statements, which could result in wrong query execution plans or erroneous results due to improper CTE ordering and recursion detection."
540,accd1d1712d89fe9,qwen3:30b-a3b,v2,Wrong results & planner,0.95,"The fix addresses incorrect behavior in array construction when using specific input types, ensuring the output type matches expected behavior rather than producing unexpected or erroneous results."
541,e01754d78bcaafb3,qwen3:30b-a3b,v2,Other functionality,0.9,"The fix addresses an issue in parsing Ispell dictionaries, which is a functional aspect of the system rather than security, crashes, performance, or other primary categories."
542,2c80ff5721159b82,qwen3:30b-a3b,v2,Wrong results & planner,0.95,"The fix addresses a scenario where the ALTER TABLE ADD COLUMN operation did not correctly apply the domain's default value to existing rows, resulting in incorrect data (null instead of the expected default), which is a fundamental issue in data correctness."
543,ab8f7419be9b6f66,qwen3:30b-a3b,v2,Wrong results & planner,0.9,"The fix addresses incorrect behavior in foreign key constraints involving duplicate column names, which affects query planning and result accuracy rather than security, crashes, or other categories."
544,19893c95e6d6eb71,qwen3:30b-a3b,v2,Other functionality,0.9,"The fix improves an error message for a specific constraint operation, which is a user-facing enhancement rather than addressing security, crashes, performance, or other core categories."
545,1f071d1a2b7ba41d,qwen3:30b-a3b,v2,Wrong results & planner,0.9,"The fix addresses a potential issue with the planner or query execution related to temporary table behavior, specifically handling the relhassubclass flag in a context that could lead to incorrect behavior or errors during query processing."
546,66852d83310ad95c,qwen3:30b-a3b,v2,Wrong results & planner,0.95,"The fix addresses a planner issue where multiple hashable ScalarArrayOpExpr subexpressions were not identified, leading to inefficient execution of certain query clauses, which directly impacts query planning and result accuracy."
547,faafe22fee7bc80c,qwen3:30b-a3b,v2,Wrong results & planner,0.95,"The fix addresses a scenario where the optimization could return dead tuples due to concurrent vacuum, directly impacting query result correctness and planner behavior."
548,f428a66e2f11dd0c,qwen3:30b-a3b,v2,Performance,0.95,"The fix addresses a performance issue in GIN index search startup caused by many search keys, specifically reducing O(N^2) time complexity to improve efficiency."
549,634fe545b73c0320,qwen3:30b-a3b,v2,Crash & corruption,0.95,"The fix addresses a crash caused by missing support procedures in a BRIN index operator class, reporting an error instead of crashing, which directly relates to preventing crashes."
550,3395b0c28a72672f,qwen3:30b-a3b,v2,Other functionality,0.9,"The fix addresses interrupt handling during asynchronous subplan waits, which is a functional improvement in query execution behavior rather than a security issue, crash, or performance optimization."
551,4a5f15633c4205d5,qwen3:30b-a3b,v2,Replication & recovery,0.95,"The fix addresses a race condition affecting synchronous replication behavior right after startup, directly related to replication coordination and recovery mechanisms."
552,350c7466412777a2,qwen3:30b-a3b,v2,Crash & corruption,0.95,"The fix addresses a crash caused by a null endptr in pg_strtof(), which is a crash-related issue rather than a security vulnerability or other category."
553,d5d55fd1f2ef7813,qwen3:30b-a3b,v2,Crash & corruption,0.95,"The fix addresses a crash caused by an out-of-memory condition, which directly relates to preventing crashes in the system."
554,8fea4d3e2bbb8c1d,qwen3:30b-a3b,v2,Crash & corruption,0.9,"The fix addresses a potential corruption issue where catalog entries might be vacuumed prematurely, risking data integrity."
555,e69c9de236a54af3,qwen3:30b-a3b,v2,Wrong results & planner,0.9,"The fix addresses a scenario where logical replication could use stale catalog data, leading to incorrect decoding of changes and potential data corruption, which fundamentally relates to incorrect results due to planner/catalog inconsistencies."
556,a44143df4243948f,qwen3:30b-a3b,v2,Replication & recovery,0.95,"The fix addresses logical replication index lookups, specifically preventing duplicate snapshot creation, which is a core aspect of replication behavior and recovery processes."
557,dbab29b204182656,qwen3:30b-a3b,v2,Wrong results & planner,0.9,"The fix addresses incorrect error message details related to checkpoint and timeline values during recovery, which affects the accuracy of the reported information, aligning with 'Wrong results & planner' as it pertains to the correctness of the system's output."
558,f23acd3193b11c6a,qwen3:30b-a3b,v2,Crash & corruption,0.95,"The fix addresses an assertion failure during snapshot building, which typically indicates a crash or corruption issue in the database's internal state handling."
559,edcf2c20f09dbcc4,qwen3:30b-a3b,v2,Other functionality,0.9,"The fix removes an incorrect assertion in a statistics reporting function, which is a minor code adjustment without security, crash, or functional impact."
560,d6b931e49dc0901c,qwen3:30b-a3b,v2,Crash & corruption,0.9,"The fix addresses an overly-strict assertion in a function, which would likely cause crashes or corruption if triggered, rather than being a security issue or other category."
561,5ac698c6438ca00a,qwen3:30b-a3b,v2,Replication & recovery,0.95,"The fix addresses an assertion failure specifically in standby servers during primary server restarts, which directly relates to replication and recovery processes."
562,6905bacab605841e,qwen3:30b-a3b,v2,Wrong results & planner,0.9,"The fix addresses an unexpected error related to cursor handling in PL/pgSQL, which affects query planning and execution, leading to incorrect behavior or results."
563,860cf49d1f522f80,qwen3:30b-a3b,v2,Client tools,0.95,"The fix addresses an issue in pg_dump's behavior during clean mode, specifically preventing unnecessary and erroneous DROP commands for index partitions, which is a client tool functionality issue."
564,97d6e4739dcaff4b,qwen3:30b-a3b,v2,Other functionality,0.9,"The fix addresses handling of invalid role OIDs in pg_dumpall by skipping problematic entries and printing a warning, which is a usability and robustness improvement rather than a security, crash, or functional correctness issue."
565,bae5884bf1cbded4,qwen3:30b-a3b,v2,Crash & corruption,0.95,"The fix addresses memory allocation issues that could cause crashes in specific Windows build configurations, directly relating to crash prevention rather than security or other categories."
566,e319ec84e633f21e,qwen3:30b-a3b,v2,Replication & recovery,0.8,"The fix addresses potential hangs during database creation and deletion due to deadlock detection, which relates to transaction management and recovery processes."
567,632afc2ebf15583d,qwen3:30b-a3b,v2,Crash & corruption,0.95,"The fix addresses a crash caused by corrupt input data in the pageinspect extension, directly relating to preventing crashes from invalid data handling."
568,d2123043f7daf6be,qwen3:30b-a3b,v2,Wrong results & planner,0.8,"The fix addresses an error condition where a function would fail with an assertion when applied to an invalid object (like a view), preventing a crash but fundamentally about ensuring correct behavior for invalid inputs, not security or performance."
569,5498d1e890a963a2,qwen3:30b-a3b,v2,Build & platform,0.95,"The fix addresses a build failure specific to macOS 15.4, directly related to platform compatibility and build configuration."
570,f018d7bb63c7214b,qwen3:30b-a3b,v2,Security hardening (no CVE),0.95,"The fix addresses security gaps in access control for statistics data, specifically preventing unauthorized access to column statistics via partitioning, inheritance, and views, which aligns with security hardening as the primary purpose."
571,888d7b56958cfd06,qwen3:30b-a3b,v2,Security hardening (no CVE),0.95,"The fix addresses a security vulnerability where an attacker with superuser access on the source server could exploit pg_dump to gain shell access to the restoring user's account, fundamentally closing a security weakness rather than fixing a crash or other symptom."
572,df4750b82b91b2df,qwen3:30b-a3b,v2,Security hardening (no CVE),0.95,"The fix addresses a security vulnerability where object names with newlines could inject arbitrary SQL commands, which is a memory-safety and injection issue, not merely a crash or output formatting problem."
573,4aa85f94b158291e,qwen3:30b-a3b,v2,Wrong results & planner,0.95,"The fix addresses an incorrect distance calculation in a BRIN index support function, which led to wrong results in index merging and inefficiency, fundamentally about incorrect query planning and result accuracy."
574,fa137683bc745872,qwen3:30b-a3b,v2,Other functionality,0.9,"The fix reverts a workaround for a libxml2 bug, addressing input size handling without impacting security, crashes, or core functionality, thus falling under general functionality adjustments."
575,275d3f93434fdc9d,qwen3:30b-a3b,v2,Wrong results & planner,0.95,"The fix addresses incorrect query results and planner issues related to MERGE operations on inheritance parent tables, specifically handling WITH CHECK OPTION and RETURNING actions."
576,2fb737711d1f6e6d,qwen3:30b-a3b,v2,Other functionality,0.9,"The fix addresses a limitation in allowing tables with statement-level triggers to become partitions or inheritance children, which is a functional enhancement rather than a security, crash, performance, or other specific category."
577,f439a3f1482a045b,qwen3:30b-a3b,v2,Wrong results & planner,0.95,"The fix addresses an incorrect collection of transition tuples from foreign child tables, which would lead to wrong results in query execution due to unsupported trigger behavior on foreign tables."
578,689bc16bbf37bab4,qwen3:30b-a3b,v2,Other functionality,0.9,"The fix addresses a usability issue with parameter management, specifically allowing the removal of settings for parameters that are no longer recognized but have reserved prefixes, which falls under general functionality rather than security, crashes, or other specific categories."
579,72166ae5268f8fae,qwen3:30b-a3b,v2,Replication & recovery,0.95,"The fix addresses a potential deadlock during ALTER SUBSCRIPTION operations, specifically related to catalog lock ordering during replication origin drops, which is fundamentally about replication and recovery processes."
580,ab9b8267170520f5,qwen3:30b-a3b,v2,Wrong results & planner,0.9,"The fix addresses a potential conflict in index naming during concurrent operations, which could lead to incorrect index creation or naming issues, affecting query results and planner behavior."
581,8096bd49c56b56c4,qwen3:30b-a3b,v2,Wrong results & planner,0.9,"The fix addresses a scenario where incorrect VACUUM options could lead to unintended behavior across multiple tables, affecting the correctness of the vacuum operation rather than causing a crash or security issue."
582,364c61777b0acc29,qwen3:30b-a3b,v2,Wrong results & planner,0.95,"The fix addresses an incorrect translation of SIMILAR TO patterns to POSIX regex, which would lead to unexpected matching behavior and thus wrong results in query outcomes."
583,448b91edd8307b6d,qwen3:30b-a3b,v2,Wrong results & planner,0.9,"The fix addresses a syntactic issue in query deparsing that could lead to invalid SQL output, which affects the correctness of query representation and thus falls under wrong results or planner behavior."
584,77d65555d0c4fa99,qwen3:30b-a3b,v2,Crash & corruption,0.95,"The fix addresses a potential failure and infinite loop caused by excessive memory allocation in the checkpointer process, which could lead to a crash or corruption of database operations."
585,6a24671875487a39,qwen3:30b-a3b,v2,Crash & corruption,0.95,"The fix addresses a potential infinite wait condition during logical decoding caused by a partially-written WAL record, which could lead to a hang or resource exhaustion, but does not involve security vulnerabilities or incorrect query results."
586,f5dfce4843cfab2c,qwen3:30b-a3b,v2,Other functionality,0.9,"The fix addresses inconsistent quoting behavior of role names in ACL strings, which affects portability and consistency but does not relate to security, crashes, performance, or other primary categories."
587,105e531817e1c8fd,qwen3:30b-a3b,v2,Other functionality,0.9,"The fix addresses a specific naming restriction for relation and foreign-data options, which is a functional constraint rather than a security issue, crash, performance problem, or other category."
588,3151978cdb0f27b7,qwen3:30b-a3b,v2,Wrong results & planner,0.9,"The fix addresses incorrect decompression of LZ4-compressed data, which would lead to wrong results when processing such data, rather than a crash, security issue, or other category."
589,ccecf743afd52b02,qwen3:30b-a3b,v2,Wrong results & planner,0.95,"The fix addresses a scenario where a btree index scan incorrectly marked index entries as dead, which directly impacts the correctness of query results and the planner's behavior."
590,1bd463b11a461570,qwen3:30b-a3b,v2,Replication & recovery,0.95,"The fix addresses an issue in logical replication where cache invalidation messages were being unnecessarily redistributed, causing memory allocation failures, which is fundamentally about replication behavior and recovery mechanisms."
591,fba7f24e56c666ad,qwen3:30b-a3b,v2,Replication & recovery,0.95,"The fix addresses a race condition between replication slot advancement and checkpoint processing that could cause WAL segment removal to occur prematurely, leading to recovery failure, which is fundamentally about replication and recovery mechanisms."
592,4b008de0c70b7f41,qwen3:30b-a3b,v2,Replication & recovery,0.95,"The fix addresses a replication slot's confirmed-flush position management to prevent potential data duplication during replication, which is fundamentally about replication consistency and recovery behavior."
593,3433effc03cef6e1,qwen3:30b-a3b,v2,Replication & recovery,0.95,"The fix addresses the ability to interrupt a waiting operation related to replication slot creation on a standby server, which is fundamentally about replication and recovery processes."
594,e50e74613fe131ed,qwen3:30b-a3b,v2,Crash & corruption,0.9,"The fix addresses a memory leakage issue in autovacuum, which is a critical resource management problem that can lead to system instability or corruption over time."
595,cc4c6dd23be3d6ff,qwen3:30b-a3b,v2,Crash & corruption,0.95,"The fix addresses an issue that could cause assertion failures or errors related to fetching toast data without an active snapshot, which directly relates to system stability and data integrity."
596,45f82dea774d4fd2,qwen3:30b-a3b,v2,Crash & corruption,0.95,"The fix addresses an assertion failure, which is a type of crash or corruption issue, specifically during cross-table constraint updates."
597,adef2daffebe7c68,qwen3:30b-a3b,v2,Crash & corruption,0.9,"The fix addresses a faulty assertion that caused failures in edge cases, specifically with empty prepared statements, which could lead to crashes or unexpected behavior."
598,a084bb751ad2efde,qwen3:30b-a3b,v2,Crash & corruption,0.95,"The fix addresses an assertion failure during XMLTABLE parsing, which is a crash-related issue rather than a security vulnerability or incorrect result."
599,13fbba73539108c6,qwen3:30b-a3b,v2,Wrong results & planner,0.9,"The fix addresses a regression in PL/pgSQL's ability to execute certain expressions in parallel, which affects query planning and execution behavior, leading to incorrect or suboptimal results when parallelism was intended."
600,6452de3a549625fb,qwen3:30b-a3b,v2,Crash & corruption,0.9,"The fix addresses a memory leak issue that could occur during error reporting in PL/Python, which is a resource management problem rather than a security vulnerability or a crash due to invalid data."
601,190d6e028e2ada51,qwen3:30b-a3b,v2,Client tools,0.9,"The fix addresses a specific behavior in the libpq client library's PQport() function, which is part of the client-side tools for interacting with PostgreSQL, not a security issue, crash, or other category."
602,5bdc24ef048d4578,qwen3:30b-a3b,v2,Client tools,0.9,"The fix addresses a GSSAPI authentication issue in client-side authentication handling, specifically related to packet size limitations during connection setup, which falls under client tool functionality."
603,5a1057e61a2b215a,qwen3:30b-a3b,v2,Crash & corruption,0.9,"The fix addresses timing-dependent failures in SSL and GSSAPI data transmission, which could lead to crashes or data corruption in non-blocking mode due to incomplete data retransmission."
604,d75f610f5ed5daa7,qwen3:30b-a3b,v2,Crash & corruption,0.95,"The fix addresses a null-pointer dereference, which is a classic crash condition, and the description explicitly mentions the potential for a crash during connection lookup."
605,1266302b654199d1,qwen3:30b-a3b,v2,Client tools,0.95,"The fix improves tab completion in the psql client tool for specific commands, directly enhancing user experience within the client interface."
606,29fbf63921c6a34b,qwen3:30b-a3b,v2,Crash & corruption,0.95,"The fix addresses an assertion failure in pgbench, which is a crash-related issue rather than a security vulnerability or other category."
607,9a77ffad809a02d4,qwen3:30b-a3b,v2,Other functionality,0.9,"The fix ensures comments on domain constraints are dumped in a valid order, addressing a non-critical ordering issue in pg_dump's output rather than security, crashes, performance, or other core functionality categories."
608,d82cd2e13cf9a6d5,qwen3:30b-a3b,v2,Other functionality,0.95,"The fix ensures consistent sorting behavior in pg_dump for all database objects, addressing a usability issue related to predictable output for comparison purposes, which falls under general functionality rather than security, crashes, or other specific categories."
609,a1484209a5b8b847,qwen3:30b-a3b,v2,Wrong results & planner,0.9,"The fix addresses a schema inconsistency that could lead to incorrect behavior during upgrade, specifically related to inherited not-null constraints affecting data integrity and upgrade reliability."
610,7572048f704d7e2f,qwen3:30b-a3b,v2,Other functionality,0.9,"The fix addresses a specific initialization behavior related to track_commit_timestamp, which is a configuration option, not a security issue, crash, or other primary category."
611,feb7f0598054bc3e,qwen3:30b-a3b,v2,Other functionality,0.9,"The fix addresses a specific display issue in pg_waldump related to statistics in WAL records, which is a minor functional enhancement rather than a security, crash, or performance issue."
612,0224b30f85eef1a8,qwen3:30b-a3b,v2,Crash & corruption,0.9,"The fix addresses a potential resource leak (open connection) that could lead to resource exhaustion or corruption, rather than a security vulnerability or crash from a bug."
613,d58022b14864b1f0,qwen3:30b-a3b,v2,Extensions & contrib,0.95,"The fix addresses a specific issue within the contrib module pg_prewarm related to handling large shared_buffers settings, which falls under extension functionality."
614,513a21cc6bf3c4b9,qwen3:30b-a3b,v2,Extensions & contrib,0.95,"The fix addresses a specific issue within the pg_stat_statements extension, which is part of PostgreSQL's contrib modules, focusing on internal handling of parameter numbers in normalized queries."
615,c70f7998cee6f237,qwen3:30b-a3b,v2,Crash & corruption,0.9,"The fix addresses a memory leak in the postgres_fdw extension, which is a resource management issue that could lead to memory corruption or exhaustion over time, rather than a security vulnerability or incorrect query results."
616,64d8499ac8576cb7,qwen3:30b-a3b,v2,Build & platform,0.95,"The fix addresses the ordering of directory searches during the build process to ensure user-built libraries override system ones, which is a build-time configuration issue."
617,e40b0bce66b4430e,qwen3:30b-a3b,v2,Build & platform,0.95,"The fix addresses a configure check for Windows-specific CPU instructions, which is a build-time issue related to platform-specific compilation checks, not a runtime behavior or security concern."
618,a859d55189188d5e,qwen3:30b-a3b,v2,Build & platform,0.95,"The fix addresses a build failure related to the PAM authentication API inconsistency on Solaris platforms, specifically resolving a compiler error introduced by GCC 14, which is a platform-specific build issue."
619,cfd0422e20fd6adb,qwen3:30b-a3b,v2,Build & platform,0.95,"The fix addresses portability issues related to specific system assumptions on the GNU Hurd platform, which falls under build and platform compatibility."
620,e2a4acbbeeb9ecf1,qwen3:30b-a3b,v2,Build & platform,0.95,"The fix addresses a compliance issue with the C11 standard for memset_s(), which is a build/platform compatibility concern rather than a security, crash, or functional issue."
621,6b1f28b0f1b821b1,qwen3:30b-a3b,v2,Build & platform,0.95,"The fix addresses compiler warnings related to uninitialized values in the JSONB comparison code, which is a build-time issue rather than a runtime problem like crashes, security flaws, or functional errors."
622,9c9201cae1a3b668,qwen3:30b-a3b,v2,Build & platform,0.95,"The fix addresses build-time warnings related to libxml2 version compatibility, which is a platform or build system issue rather than a functional or security concern."
623,0d15755e3fc9ba3a,qwen3:30b-a3b,v2,Build & platform,0.95,"The fix addresses a compilation issue specific to C++ environments, involving header file compatibility and extern ""C"" wrapping, which falls under build and platform considerations."
624,400dc2c3df4451ec,qwen3:30b-a3b,v2,Security hardening (no CVE),0.95,"The fix addresses a privilege escalation vulnerability where table owners could create statistics in any schema, leading to potential naming conflicts and unauthorized schema access, which is a security weakness rather than a mere crash or functional error."
625,c918a4c8f813544b,qwen3:30b-a3b,v2,Security hardening (no CVE),0.95,"The fix addresses an integer overflow vulnerability in libpq that could lead to buffer overflows and memory corruption, which is a security hardening issue rather than a mere crash or corruption symptom."
626,40d66cd283206d0d,qwen3:30b-a3b,v2,Wrong results & planner,0.95,"The fix addresses a specific corner case in SIMILAR TO pattern matching that caused incorrect behavior, directly impacting the correctness of query results."
627,c0b8faf5a4254f7e,qwen3:30b-a3b,v2,Wrong results & planner,0.95,"The fix addresses a planner error caused by incorrect handling of CTE references within aggregate functions, which affects query semantics and result correctness."
628,280d31649f870d4e,qwen3:30b-a3b,v2,Wrong results & planner,0.95,"The fix addresses incorrect cost estimation for SubPlan in specific scenarios, which directly impacts query planning and result accuracy."
629,8008be0a3b3d9c7c,qwen3:30b-a3b,v2,Crash & corruption,0.95,"The fix addresses a use-after-free hazard, which is a memory corruption issue that could lead to crashes or data corruption, specifically during concurrent partition drops."
630,284c08a48bb9d7a2,qwen3:30b-a3b,v2,Crash & corruption,0.95,"The fix addresses a faulty assertion in index cleanup, which could lead to crashes or data corruption if triggered."
631,bd2fc42c6f90fad3,qwen3:30b-a3b,v2,Wrong results & planner,0.95,"The fix addresses a scenario where the planner might incorrectly handle the order of scan conditions in GIN indexes, leading to inconsistent query results or failures, which is fundamentally about query correctness and planner behavior."
632,4cc3fe35cfb874c2,qwen3:30b-a3b,v2,Other functionality,0.9,"The fix ensures GIN index scans can be canceled, addressing a usability or operational feature rather than security, crashes, performance, or other primary categories."
633,8215eebdd16003ce,qwen3:30b-a3b,v2,Wrong results & planner,0.9,"The fix addresses a failure in BRIN autosummarization that caused placeholder index tuples to remain, leading to index bloat and potentially incorrect query results due to outdated index data."
634,11d9717c5fafecf3,qwen3:30b-a3b,v2,Crash & corruption,0.95,"The fix addresses an integer overflow that could cause an infinite loop or scanning of unneeded pages, which directly relates to potential crashes or data corruption in index scans."
635,ffd68a04c958b3db,qwen3:30b-a3b,v2,Wrong results & planner,0.95,"The fix addresses an inconsistency in integer value handling between JIT and non-JIT code, which causes incorrect results (e.g., memoization table errors) and affects query planning."
636,d3179cedc267a709,qwen3:30b-a3b,v2,Crash & corruption,0.95,"The fix addresses a crash caused by incorrect logic in caching trigger-related information, specifically when partition column sets differ between partitions and their parent tables."
637,9dfc3df498424068,qwen3:30b-a3b,v2,Wrong results & planner,0.95,"The fix addresses a missing recheck in EvalPlanQual for TID scans, which could lead to incorrect query results due to unverified conditions during concurrent updates, fundamentally affecting query planning and result accuracy."
638,6035f0dfdeebdab2,qwen3:30b-a3b,v2,Crash & corruption,0.95,"The fix addresses a crash caused by improper handling of foreign or custom joins in EvalPlanQual, which is a critical issue related to system stability rather than security or functional correctness."
639,2a1769888c35cdff,qwen3:30b-a3b,v2,Wrong results & planner,0.9,"The fix addresses an incorrect behavior in the ALTER TABLE DETACH PARTITION CONCURRENTLY command for hash partitioning, specifically preventing the duplication of partition constraints that could lead to incorrect results or planner issues during operations like dump/restore or parent table drop."
640,5699f70d5a730035,qwen3:30b-a3b,v2,Wrong results & planner,0.95,"The fix addresses a scenario where generated columns were incorrectly allowed in partition keys, which could lead to invalid or unexpected behavior in query planning and execution, thus affecting result correctness."
641,adec3f1f475cd135,qwen3:30b-a3b,v2,Wrong results & planner,0.95,"The fix addresses incorrect behavior when referencing generated columns in COPY ... FROM ... WHERE clauses, which stems from the planner's inability to handle such references before column computation, leading to wrong results or errors."
642,269aab2464bf0e57,qwen3:30b-a3b,v2,Wrong results & planner,0.95,"The fix addresses a visibility check issue that could lead to incorrect object naming and description in functions like pg_describe_object(), resulting in wrong outputs rather than crashes or security issues."
643,fee18a4de03ed8d7,qwen3:30b-a3b,v2,Other functionality,0.9,"The fix addresses the reporting behavior of a function related to temporary objects, which is a functional enhancement rather than a security issue, crash, or performance problem."
644,df53e40f5cbd9561,qwen3:30b-a3b,v2,Crash & corruption,0.9,"The fix addresses a memory leak, which is a form of resource corruption that can lead to crashes or instability, rather than a security vulnerability or incorrect results."
645,473f65b48b37b169,qwen3:30b-a3b,v2,Crash & corruption,0.9,"The fix addresses a memory leak during WAL replay, which is a critical resource management issue that could lead to system instability or corruption over time."
646,6c077f57ea38be68,qwen3:30b-a3b,v2,Crash & corruption,0.95,"The fix addresses corruption in the shared statistics table caused by out-of-memory failures, which is a direct issue of data corruption rather than a security vulnerability or other category."
647,aab89c1f25cdec8d,qwen3:30b-a3b,v2,Wrong results & planner,0.95,"The fix addresses an issue where concurrent updates in a MERGE statement could lead to incorrect results due to improper handling of tuple versions, directly impacting query correctness and planner behavior."
648,3158a90f3c8b6ef1,qwen3:30b-a3b,v2,Replication & recovery,0.95,"The fix ensures proper replica identity checks for replication consistency during MERGE and INSERT operations, preventing silent replication breaks when updates or deletes are published."
649,4a1597ed247443b6,qwen3:30b-a3b,v2,Replication & recovery,0.95,"The fix addresses a deadlock scenario specifically during the DROP SUBSCRIPTION operation in a replication setup where the publisher and subscriber reside on the same server, directly relating to replication management and recovery processes."
650,c48bd825c7011629,qwen3:30b-a3b,v2,Wrong results & planner,0.95,"The fix addresses incorrect reporting of replication lag metrics in a system view, which directly impacts the accuracy of data presented to users and administrators, falling under wrong results rather than a crash or security issue."
651,a300b35e4d230d42,qwen3:30b-a3b,v2,Other functionality,0.9,"The fix addresses redundant log messages related to configuration settings, which is a minor usability or logging improvement rather than a security, crash, performance, or functional issue."
652,5e695e477892fc4b,qwen3:30b-a3b,v2,Replication & recovery,0.95,"The fix addresses a replication slot state file cleanup issue after a write failure, directly impacting replication slot management and recovery processes."
653,9bad67b483e2bc0d,qwen3:30b-a3b,v2,Replication & recovery,0.95,"The fix addresses a standby server's WAL receiver behavior during timeline changes, ensuring it remains active for streaming, which is a core replication and recovery issue."
654,344834c878047698,qwen3:30b-a3b,v2,Replication & recovery,0.95,"The fix addresses a specific issue in logical replication related to file number collisions between regular and temporary tables, which directly impacts replication consistency and error handling."
655,b9a98367dbaca7e2,qwen3:30b-a3b,v2,Crash & corruption,0.95,"The fix addresses a use-after-free issue that causes crashes during logical decoding, which is fundamentally about preventing crashes rather than security or other categories."
656,0348cd187bea3024,qwen3:30b-a3b,v2,Replication & recovery,0.95,"The fix addresses an issue with releasing a replication slot in single-user mode, which is directly related to replication functionality and recovery processes."
657,de5329915915e16d,qwen3:30b-a3b,v2,Crash & corruption,0.95,"The fix addresses a potential crash or garbage printing due to incorrect message handling in privilege checks, which aligns with the 'Crash & corruption' category as the primary issue is preventing a crash or corruption scenario."
658,a1a4556bc747e42a,qwen3:30b-a3b,v2,Build & platform,0.95,"The fix addresses a platform-specific issue with semaphore set initialization on macOS and BSD, which is a build or platform compatibility concern rather than a security, crash, or functional issue."
659,2bec18708b69fc37,qwen3:30b-a3b,v2,Build & platform,0.95,"The fix addresses memory-context-checking warnings in debug builds on 64-bit Windows, which relates to build configuration and platform-specific behavior rather than security, crashes, or functional correctness."
660,85baeecafa25268e,qwen3:30b-a3b,v2,Wrong results & planner,0.95,"The fix addresses a parser issue that caused GROUP BY DISTINCT to be treated as plain GROUP BY, leading to incorrect query results due to misinterpretation of the SQL syntax."
661,dfcec814dd44acac,qwen3:30b-a3b,v2,Crash & corruption,0.9,"The fix addresses a memory leak, which is a form of resource corruption that can lead to instability or crashes, rather than being a security issue or a correctness problem in query results."
662,419678baed7dd97d,qwen3:30b-a3b,v2,Other functionality,0.9,"The fix addresses a specific issue in libpq's trace output formatting for characters with the high bit set, which is a minor usability or display enhancement rather than a security, crash, performance, or other major category."
663,e14456a124309986,qwen3:30b-a3b,v2,Client tools,0.9,"The fix addresses a specific issue in libpq's handling of socket errors within GSSAPI logic on Windows, which is part of client-side connectivity tools."
664,396f4d06df53f364,qwen3:30b-a3b,v2,Other functionality,0.9,"The fix addresses a missing feature in pg_dump for dumping security labels on specific objects, which is a functional enhancement rather than a security hardening, crash, or other category."
665,b9b0251d117d0613,qwen3:30b-a3b,v2,Other functionality,0.95,"The fix addresses the consistent ordering of database object types in pg_dump, which is a functional improvement rather than a security, crash, performance, or other specific category."
666,de302aa25a0c0ae3,qwen3:30b-a3b,v2,Replication & recovery,0.9,"The fix addresses dependency labeling in pg_dump and pg_restore to prevent parallel restoration issues, which is fundamentally about ensuring correct data restoration order and consistency, aligning with replication and recovery processes."
667,bc76b06ff36f04f4,qwen3:30b-a3b,v2,Client tools,0.95,"The fix addresses behavior in pg_restore, a client tool, specifically skipping unnecessary commands for publications and subscriptions during restoration, which aligns with client tool functionality."
668,abef9c62b228d3bf,qwen3:30b-a3b,v2,Other functionality,0.9,"The fix addresses data compression logic errors in pg_dump and pg_restore, which is a functional improvement rather than a security issue, crash, or performance problem."
669,2f77a3a2fc583cee,qwen3:30b-a3b,v2,Client tools,0.95,"The fix addresses a specific issue in pgbench, a client tool, by ensuring it errors out cleanly instead of entering an infinite loop when encountering an unsupported COPY operation."
670,a99f966b03309e53,qwen3:30b-a3b,v2,Client tools,0.95,"The fix addresses an issue in pgbench, a client tool, specifically its error reporting behavior when handling multiple failed database operations."
671,c473dc9e38816830,qwen3:30b-a3b,v2,Other functionality,0.9,"The fix addresses a faulty assertion in pgbench's pipeline mode, which is a non-critical functionality issue rather than a security, crash, or performance problem."
672,395e8345a79c1aa9,qwen3:30b-a3b,v2,Other functionality,0.9,"The fix ensures that long-running functions in contrib/pg_buffercache can be canceled, addressing a usability and responsiveness issue rather than security, crashes, or performance."
673,364f77f9b74ef9eb,qwen3:30b-a3b,v2,Wrong results & planner,0.9,"The fix addresses a privilege check issue that caused incorrect behavior (non-superusers unable to prewarm indexes) due to misapplication of privilege checks, fundamentally about ensuring correct results based on privilege rules."
674,a597a6beb755747f,qwen3:30b-a3b,v2,Other functionality,0.9,"The fix improves robustness of pgstattuple for handling edge cases like empty or invalid index pages, which is a usability and reliability enhancement rather than addressing security, crashes, or core functionality issues."
675,ede1ca13e716c7aa,qwen3:30b-a3b,v2,Security hardening (no CVE),0.95,"The fix addresses a memory safety issue by adding explicit compiler barriers to prevent incorrect code generation on certain architectures, which could lead to undefined behavior or security vulnerabilities."
676,1b481dd396366256,qwen3:30b-a3b,v2,Build & platform,0.95,"The fix addresses compatibility issues with LLVM version 21 and later during the build process, which falls under platform-specific build concerns."
677,81cd1ca3e2e8a89a,qwen3:30b-a3b,v2,Extensions & contrib,0.95,"The fix addresses the PGXS build infrastructure specifically for handling NLS po files in extensions, which directly relates to extension development and maintenance."
678,5550dceeaa2b5e85,qwen3:30b-a3b,v2,Security hardening (no CVE),0.95,"The fix addresses a potential security vulnerability by adding checks to prevent misbehavior due to unexpected array dimensions in oidvector/int2vector types, which could lead to memory safety issues or data corruption."
679,618b876a8f286dfb,qwen3:30b-a3b,v2,Security hardening (no CVE),0.95,"The fix fundamentally addresses a security vulnerability (CVE-2026-2004) where a selectivity estimator could be abused for arbitrary code execution due to missing type checks, requiring superuser privilege to attach non-built-in estimators as a defensive measure."
680,b287330b373f2ff5,qwen3:30b-a3b,v2,Security hardening (no CVE),0.95,"The fix addresses a buffer overrun vulnerability that could lead to arbitrary code execution, which is a security weakness rather than a crash or other symptom."
681,606c1f26f2112760,qwen3:30b-a3b,v2,Security hardening (no CVE),0.95,"The fix addresses a security vulnerability involving buffer overruns from crafted SQL, which could lead to arbitrary code execution, making it a security hardening issue rather than a crash or other symptom."
682,a11d784d8a28fecd,qwen3:30b-a3b,v2,Wrong results & planner,0.95,"The fix addresses a semantic issue in how aggregate functions interact with CTEs in sub-selects, which could lead to incorrect query results or planner behavior, aligning with the 'Wrong results & planner' category."
683,713bc1fecfc351df,qwen3:30b-a3b,v2,Wrong results & planner,0.95,"The fix addresses an issue where transition tables for triggers were not correctly capturing rows affected by MERGE operations in CTE queries, leading to incorrect data visibility in trigger execution, which fundamentally relates to query result accuracy and planner behavior."
684,54467d12819b4382,qwen3:30b-a3b,v2,Wrong results & planner,0.95,"The fix addresses an error condition where the executor incorrectly reported a missing column during partition pruning, which would lead to incorrect behavior or failure in update/delete operations on partitioned tables."
685,4c60a881d93da82a,qwen3:30b-a3b,v2,Wrong results & planner,0.95,"The fix addresses a planner issue where indexscans were incorrectly prevented on partial hash indexes due to an overly aggressive elimination of implied WHERE clauses, which could lead to suboptimal or incorrect query plans."
686,a639594977394079,qwen3:30b-a3b,v2,Crash & corruption,0.95,"The fix addresses a crash during recovery due to incorrect WAL emission for unlogged BRIN indexes, which would cause replay failures when the file already exists."
687,e100881c68d22f65,qwen3:30b-a3b,v2,Crash & corruption,0.9,"The fix addresses a potential error related to transaction status access due to CLOG truncation, which could lead to crashes or data corruption if NOTIFY messages are not properly handled."
688,07da97324a69c36a,qwen3:30b-a3b,v2,Wrong results & planner,0.8,"The fix addresses a behavior where errors during NOTIFY message processing were not properly handled, leading to potential loss of notifications and application state issues, which affects the correctness of application logic rather than security, crashes, or other categories."
689,fdb380ca3dc25e3e,qwen3:30b-a3b,v2,Wrong results & planner,0.9,"The fix addresses a bug in the update chain logic that could lead to locking the wrong tuple, causing unexpected transaction delays, deadlocks, or errors due to incorrect tuple identification, which directly impacts query correctness and planner behavior."
690,7f1202dd648cb2c2,qwen3:30b-a3b,v2,Wrong results & planner,0.9,"The fix addresses inconsistencies in relation frozen-XID attributes that could lead to premature CLOG truncation and transaction status errors, which directly impacts data correctness and planner behavior."
691,0cd61c1e3bc736f0,qwen3:30b-a3b,v2,Crash & corruption,0.95,"The fix addresses a potential crash during process exit caused by attempting to release a lock in an unmapped shared memory segment, which directly relates to preventing crashes."
692,f199526add7a2903,qwen3:30b-a3b,v2,Replication & recovery,0.95,"The fix addresses a potential issue with the multixact log recovery after a crash, which is directly related to database recovery mechanisms and replication consistency."
693,b6328b6275ee6aa5,qwen3:30b-a3b,v2,Crash & corruption,0.9,"The fix addresses a potential issue where an incomplete multibyte character in a shared-memory buffer could lead to incorrect data handling, which may cause crashes or data corruption if not properly truncated."
694,b55750318389194d,qwen3:30b-a3b,v2,Crash & corruption,0.95,"The fix addresses a potential stack overflow from recursive memory context logging, which is a crash risk rather than a security vulnerability or other category."
695,05f986327d268289,qwen3:30b-a3b,v2,Crash & corruption,0.95,"The fix addresses a memory context usage issue that could cause a crash, specifically due to a subsidiary data structure having a shorter lifespan than the parallel context, which aligns with the 'Crash & corruption' category as the primary concern is preventing a crash rather than a security vulnerability or other issue."
696,fd615ed8ad8b3788,qwen3:30b-a3b,v2,Wrong results & planner,0.9,"The fix addresses a corner case where the system could get stuck waiting for an update that would never occur, which relates to the correctness of transaction management and multixid handling, impacting the reliability of query execution and results."
697,6a278433bff30e82,qwen3:30b-a3b,v2,Wrong results & planner,0.95,"The fix addresses an issue where the query planner incorrectly rewrote data-modifying CTEs multiple times, leading to potential false errors and inefficiency, which directly impacts query correctness and planning behavior."
698,d14508ea8576f173,qwen3:30b-a3b,v2,Crash & corruption,0.95,"The fix explicitly addresses preventing a crash or corruption during recovery by adding a check for missing WAL, which aligns with the 'Crash & corruption' category as it directly prevents database corruption or crashes."
699,6148d80d5fa8978c,qwen3:30b-a3b,v2,Wrong results & planner,0.95,"The fix addresses a bug where the query tree was being modified during ALTER PUBLICATION, causing event triggers and prepared statements to behave incorrectly, which directly impacts the correctness of query results and planner behavior."
700,0a71c4f8ab1c5a61,qwen3:30b-a3b,v2,Replication & recovery,0.95,"The fix addresses the handling of connection options in CREATE SUBSCRIPTION, which directly relates to replication setup and behavior between publisher and subscriber nodes."
701,f53ce007b17d49e2,qwen3:30b-a3b,v2,Replication & recovery,0.95,"The fix addresses a race condition affecting replication slots during checkpoints, which directly impacts replication consistency and recovery processes."
702,ffa0c882307be8b9,qwen3:30b-a3b,v2,Replication & recovery,0.95,"The fix addresses a race condition affecting replication slot management, specifically the computation of required xmin, which directly impacts replication consistency and recovery processes."
703,fba7f7bdcc8dda63,qwen3:30b-a3b,v2,Replication & recovery,0.95,"The fix addresses a consistency issue in logical replication subscription synchronization by ensuring the pg_replication_origin entry is committed before data copying begins, preventing state inconsistencies upon failure."
704,1bb8568197e56bfb,qwen3:30b-a3b,v2,Replication & recovery,0.95,"The fix addresses an issue related to restarting a streaming replica server, which directly pertains to replication and recovery processes in PostgreSQL."
705,f1ed4aa28a6aff64,qwen3:30b-a3b,v2,Wrong results & planner,0.95,"The fix addresses incorrect column position tracking during partition range parsing, which would result in misleading error messages about casting, directly impacting query correctness and planner behavior."
706,52de747c9187be8f,qwen3:30b-a3b,v2,Other functionality,0.9,"The fix addresses minor errors in error messages, which is a non-critical user experience improvement rather than a security, crash, performance, or functional issue."
707,f4f5a98d5c1413e1,qwen3:30b-a3b,v2,Performance,0.95,"The fix addresses an issue where function inlining was not performed during JIT compilation with LLVM 17+, which directly impacts performance by preventing optimization opportunities."
708,362ecdfae05b3fc4,qwen3:30b-a3b,v2,Build & platform,0.95,"The fix addresses a compilation issue specific to the aarch64 architecture when using LLVM 21, which falls under build and platform compatibility."
709,2484c32b6929e921,qwen3:30b-a3b,v2,Build & platform,0.95,"The fix addresses process title changes on GNU/Hurd, which relates to platform-specific build or runtime behavior, not security, crashes, or other functional aspects."
710,1873d632581a4614,qwen3:30b-a3b,v2,Client tools,0.95,"The fix modifies pg_resetwal, a client tool, to improve its output behavior by printing the updated value of OldestXID, aligning with its existing behavior for other variables."
711,a770c9b2d573496b,qwen3:30b-a3b,v2,Other functionality,0.9,"The fix adjusts pg_resetwal to accept valid multixact xid and offset values, addressing a usability issue without impacting security, stability, or performance."
712,7ef853b3b5f58117,qwen3:30b-a3b,v2,Wrong results & planner,0.95,"The fix addresses incorrect behavior in index checks due to snapshot usage, leading to spurious errors, which directly impacts result correctness and planner operations."
713,6790e87818378039,qwen3:30b-a3b,v2,Wrong results & planner,0.9,"The fix addresses a false error report in amcheck due to incorrect handling of index pages, which affects the accuracy of index verification and could lead to misleading results about index integrity."
714,7477c02f772fe102,qwen3:30b-a3b,v2,Wrong results & planner,0.95,"The fix addresses a false error reporting in amcheck related to btree root page splits, which affects the correctness of the results reported by the tool."
715,80558119cdd64d05,qwen3:30b-a3b,v2,Wrong results & planner,0.95,"The fix addresses an integer overflow in the selectivity estimator for the intarray extension, which would lead to incorrect query planning and potentially suboptimal query execution plans, directly impacting the accuracy of query results and planner decisions."
716,2293c097f49255ce,qwen3:30b-a3b,v2,Wrong results & planner,0.9,"The fix addresses an issue where incomplete multibyte characters could lead to incorrect behavior in the ltree contrib module, directly impacting result accuracy."
717,90bbc765ad352b36,qwen3:30b-a3b,v2,Replication & recovery,0.95,"The fix addresses a replay failure of a multixid truncation record from WAL, specifically related to version compatibility during replication, which directly impacts replication and recovery processes."
718,280d2370cdec9c0e,qwen3:30b-a3b,v2,Wrong results & planner,0.9,"The fix addresses an incorrect error message about encoding when processing toasted data, which affects the correctness of query results rather than security, crashes, or other categories."
719,d189b57218c933a5,qwen3:30b-a3b,v2,Wrong results & planner,0.95,"The fix addresses inconsistent reporting of wait event data for auxiliary processes, which affects the accuracy of query results and the planner's understanding of backend states."
720,c081d59aae0ada54,qwen3:30b-a3b,v2,Wrong results & planner,0.95,"The fix addresses a specific issue where casting a composite-type variable to a domain type in a PL/pgSQL function returned an incorrect error (cache lookup failure) when the value was NULL, which directly impacts the correctness of query results."
721,c4ade6d75284bf61,qwen3:30b-a3b,v2,Crash & corruption,0.95,"The fix addresses a crash caused by a null pointer dereference in the hstore binary input function, specifically when handling duplicate keys in malicious or corrupted data, which is a crash issue rather than a security vulnerability."
722,c2bb66f57e12ac40,qwen3:30b-a3b,v2,Security hardening (no CVE),0.95,"The fix addresses a security vulnerability where a malicious client could cause a denial-of-service via unbounded recursion in startup packet processing, which is fundamentally about closing a security weakness rather than just preventing a crash."
723,29faceb8e758c65f,qwen3:30b-a3b,v2,Security hardening (no CVE),0.95,"The fix addresses integer overflows in memory allocation calculations that could lead to buffer overflows and potential arbitrary code execution, which is a security vulnerability, not merely a crash or corruption issue."
724,987d15f3e606bc41,qwen3:30b-a3b,v2,Security hardening (no CVE),0.95,"The fix addresses a buffer overflow vulnerability where over-length strings could crash the server, which is a security hardening issue rather than a mere crash symptom."
725,21ef7cf51bac319f,qwen3:30b-a3b,v2,Security hardening (no CVE),0.95,"The fix addresses a security vulnerability involving malicious time zone names that could lead to crashes or memory disclosure, which is fundamentally about closing a security weakness rather than just fixing a crash or memory issue."
726,4e16231c53aa9722,qwen3:30b-a3b,v2,Security hardening (no CVE),0.95,"The fix addresses a missing privilege check for schema creation, which is a security control issue rather than a crash or functional error."
727,54f652a16153feeb,qwen3:30b-a3b,v2,Security hardening (no CVE),0.95,"The fix replaces insecure string comparison functions with timing-safe alternatives to prevent potential side-channel attacks, which is a fundamental security hardening measure."
728,924ade70a11f759f,qwen3:30b-a3b,v2,Security hardening (no CVE),0.95,"The fix addresses a memory safety vulnerability where a malicious server could overwrite client memory due to missing buffer size checks in PQfn(), marking the function as unsafe and deprecating it to prevent exploitation."
729,c3654262a9df9cb7,qwen3:30b-a3b,v2,Security hardening (no CVE),0.95,"The fix addresses a path traversal vulnerability that could allow a malicious source to overwrite arbitrary files, which is a security weakness rather than a crash or other symptom."
730,500a9aa5bd353bb9,qwen3:30b-a3b,v2,Security hardening (no CVE),0.95,"The fix addresses a field overflow vulnerability in contrib modules that could lead to a crash, but the primary focus is on preventing a security weakness (buffer overflow) rather than merely fixing a crash symptom."
731,115cfe2037182932,qwen3:30b-a3b,v2,Security hardening (no CVE),0.95,"The fix addresses a vulnerability where excessively long lquery values could cause internal overflows, leading to potential security issues like stack smashes or incorrect results, which aligns with security hardening as the primary focus."
732,cd9c100c6dc48b99,qwen3:30b-a3b,v2,Security hardening (no CVE),0.95,"The fix addresses SQL injection and buffer overruns in contrib/spi, which are fundamental security weaknesses, not just a symptom like a crash."
733,3699e454f1777026,qwen3:30b-a3b,v2,Wrong results & planner,0.95,"The fix addresses a planner optimization that could lead to incorrect query results due to nondeterministic collations, directly impacting the accuracy of query execution."
734,d443f97de7f8f2b6,qwen3:30b-a3b,v2,Wrong results & planner,0.95,"The fix addresses incorrect behavior in rule actions and qualifications involving NEW generated columns, which directly impacts query results and planner decisions, not security, crashes, or other categories."
735,94a1891bcbc0cc5e,qwen3:30b-a3b,v2,Wrong results & planner,0.95,"The fix addresses an incorrect error message related to generated columns in COPY FROM WHERE conditions, which affects query planning and result accuracy."
736,5d875003bd9809a3,qwen3:30b-a3b,v2,Wrong results & planner,0.95,"The fix addresses a scenario where the MERGE statement did not correctly report a serialization failure under repeatable-read or serializable isolation levels, which directly impacts the correctness of query results and transaction behavior."
737,8bf14ca761efe833,qwen3:30b-a3b,v2,Wrong results & planner,0.95,"The fix addresses incorrect copying of extended statistics objects when a source table has dropped columns, which affects query planning and result accuracy."
738,937d61f401c98094,qwen3:30b-a3b,v2,Other functionality,0.9,"The fix addresses a specific usability issue in managing partitioned indexes, allowing users to mark the parent index as valid when all leaf indexes are valid, which is a functional enhancement rather than a security, crash, or performance issue."
739,226a6315fbf819c3,qwen3:30b-a3b,v2,Wrong results & planner,0.85,"The fix addresses an issue where ALTER FOREIGN DATA WRAPPER would incorrectly drop a dependency on the handler function, which could lead to incorrect behavior or planner errors when using foreign data wrappers."
740,2d4f0bce8ddd168d,qwen3:30b-a3b,v2,Wrong results & planner,0.9,"The fix addresses a logical inconsistency in type membership rules, preventing invalid composite type structures that could lead to incorrect query results or planner behavior."
741,2f237e0c82aa5e2c,qwen3:30b-a3b,v2,Wrong results & planner,0.95,"The fix addresses incorrect query results due to datum-image comparisons being sensitive to sign-extension, directly impacting result accuracy and planner behavior."
742,338d289c578c6a7f,qwen3:30b-a3b,v2,Wrong results & planner,0.95,"The fix addresses incorrect logic in the planner for hashed IN/NOT IN operations with non-strict equality, which could lead to wrong answers or crashes, but the primary focus is on the correctness of query results rather than security or crash prevention."
743,83d406e516f1719a,qwen3:30b-a3b,v2,Security hardening (no CVE),0.95,"The fix addresses a potential buffer overrun vulnerability in to_char() by truncating overly-long locale-specific symbols, which is a memory-safety issue even though no real-world locales or attack vectors exist."
744,2e4dbf7ef4b8a61b,qwen3:30b-a3b,v2,Crash & corruption,0.95,"The fix addresses a buffer overrun that could cause a crash, which is a classic crash & corruption issue, not a security vulnerability as explicitly stated."
745,9d397c5439859fc4,qwen3:30b-a3b,v2,Wrong results & planner,0.95,"The fix addresses potential incorrect query results due to integer overflow in window aggregate calculations, which directly impacts result accuracy rather than security or crash behavior."
746,216618ebfbd1b0f2,qwen3:30b-a3b,v2,Wrong results & planner,0.9,"The fix addresses an unintended side-effect on statistics counters, which affects the accuracy of query planning and execution metrics, not a security issue, crash, or other category."
747,e2c55084632097e2,qwen3:30b-a3b,v2,Crash & corruption,0.95,"The fix addresses a buffer overread that could lead to a crash, which is fundamentally about preventing a crash due to memory access issues."
748,82b11f6219c9333e,qwen3:30b-a3b,v2,Crash & corruption,0.95,"The fix addresses internal inconsistency in tuplestore data structures that causes crashes, particularly with WITH HOLD cursors, which aligns with the 'Crash & corruption' category as the primary issue is preventing crashes due to data structure inconsistency."
749,20d4436cc466f6ac,qwen3:30b-a3b,v2,Replication & recovery,0.95,"The fix addresses an issue in the replication statistics reporting, specifically the premature NULL values in lag columns during active replication, which directly relates to replication monitoring and recovery metrics."
750,17dcf0293345c181,qwen3:30b-a3b,v2,Crash & corruption,0.9,"The fix addresses a rare error related to xlog flush failures, which could lead to data corruption or crashes in the database system."
751,8ae5fe0f8ebe2bb6,qwen3:30b-a3b,v2,Crash & corruption,0.95,"The fix addresses out-of-bounds accesses that caused server crashes, which directly falls under crash-related issues rather than security hardening or other categories."
752,cc0479a5a235b65b,qwen3:30b-a3b,v2,Crash & corruption,0.95,"The fix addresses a potential server crash caused by NULL pointer dereferences when processing extended statistics on expressions of extension data types, which is a direct crash issue rather than a security vulnerability or other category."
753,c1c15923c0d61076,qwen3:30b-a3b,v2,Replication & recovery,0.9,"The fix addresses the shutdown procedure of child processes during startup failure, which is related to the postmaster's role in managing processes for replication and recovery, not security, crashes, or other categories."
754,636b5b0fdc4854a6,qwen3:30b-a3b,v2,Replication & recovery,0.95,"The fix addresses a race condition affecting WAL replay during checkpoint processing on a standby server, directly impacting replication consistency and recovery behavior between primary and standby nodes."
755,addaf9c8be0757f9,qwen3:30b-a3b,v2,Replication & recovery,0.95,"The fix addresses a specific issue in the shutdown process of a walsender during logical replication, ensuring proper handling of pending WAL data to prevent indefinite waits, which is fundamentally about replication recovery behavior."
756,d215b1508a72adb1,qwen3:30b-a3b,v2,Replication & recovery,0.95,"The fix addresses a persistence issue with free space maps during WAL replay in recovery, specifically impacting standby servers and their promotion to active status, which is a core aspect of replication and recovery processes."
757,beb01544381d0208,qwen3:30b-a3b,v2,Crash & corruption,0.95,"The fix addresses crashes occurring in ecpg functions due to missing connection, which directly relates to preventing crashes and ensuring stability."
758,d1f8c7204220a9ed,qwen3:30b-a3b,v2,Crash & corruption,0.95,"The fix addresses data corruption in LZ4-compressed data, memory leaks, and error handling failures that could lead to cascading errors, which are fundamental issues related to data integrity and system stability."
759,2137fca7f4da2704,qwen3:30b-a3b,v2,Replication & recovery,0.9,"The fix addresses a protocol version issue in pg_upgrade, which is a tool for upgrading PostgreSQL clusters, and is fundamentally about ensuring compatibility during the upgrade process, a core aspect of replication and recovery workflows."
760,bff93b09953729fd,qwen3:30b-a3b,v2,Other functionality,0.95,"The fix allows the archive directory to be missing at startup, which is a functional improvement rather than addressing security, crashes, performance, or other specific categories."
761,2d75ff7b7dc642a0,qwen3:30b-a3b,v2,Wrong results & planner,0.95,"The fix addresses a case where lquery patterns for case-insensitive matching failed to match labels they should, directly impacting query results accuracy."
762,97b9abaff02362b2,qwen3:30b-a3b,v2,Crash & corruption,0.9,"The fix addresses a memory leak issue in pg_stat_statements when an error occurs during parsing, which is a resource management problem rather than a security vulnerability or functional error."
763,5819b327baa5268b,qwen3:30b-a3b,v2,Crash & corruption,0.95,"The fix addresses a crash caused by premature cleanup of a failed connection in postgres_fdw, ensuring the connection object is not closed too early to prevent crashes."
764,82d95cc5f8b43fb7,qwen3:30b-a3b,v2,Security hardening (no CVE),0.95,"The fix restricts logical decoding output plugins to a whitelist to prevent exploitation of vulnerabilities, addressing a security weakness rather than a crash or functional issue."
765,d08448b1afd541e3,qwen3:30b-a3b,v2,Security hardening (no CVE),0.95,"The fix addresses a security vulnerability where encryption was trivially breakable due to undetected cipher failures, which is fundamentally about closing a security weakness rather than a crash or other issue."
766,9fbc5d1dba7feb2a,qwen3:30b-a3b,v2,Security hardening (no CVE),0.95,"The fix addresses a potential SQL injection hazard by ensuring psql skips in-line data following a failing COPY command, which is a security vulnerability rather than a mere crash or incorrect result."
767,2fdf190dfb2ef898,qwen3:30b-a3b,v2,Security hardening (no CVE),0.95,"The fix addresses a memory disclosure and arbitrary code execution vulnerability, which is fundamentally a security hardening issue, not just a crash or corruption."
768,baec3e88ae26c0e9,qwen3:30b-a3b,v2,Security hardening (no CVE),0.95,"The fix addresses a buffer overrun vulnerability that can lead to crashes and potential arbitrary code execution, which is a security hardening issue rather than a mere crash or corruption."
769,a88c3768955ea701,qwen3:30b-a3b,v2,Security hardening (no CVE),0.95,"The fix addresses a buffer overrun vulnerability that could lead to memory corruption, which is a security hardening issue rather than a mere crash or symptom."
770,dc07374e22399a1e,qwen3:30b-a3b,v2,Security hardening (no CVE),0.95,"The fix addresses a vulnerability where the ascii() function could return unintended data from invalid input, which is a memory-safety issue that could lead to information leakage, aligning with the essence of security hardening."
771,c5af971d8af8642f,qwen3:30b-a3b,v2,Security hardening (no CVE),0.95,"The fix addresses a security vulnerability (CVE-2026-16238) related to incorrect handling of multirange types in pg_restore_attribute_stats(), which could lead to security issues if exploited."
772,228e50aeff313b4f,qwen3:30b-a3b,v2,Security hardening (no CVE),0.95,"The fix addresses a potential security vulnerability where a malicious operator could cause a crash or memory disclosure, which is fundamentally about closing a security weakness rather than just fixing a crash."
773,8f2cdc1a8792a765,qwen3:30b-a3b,v2,Security hardening (no CVE),0.95,"The fix addresses a security vulnerability related to buffer overflows or memory safety by enforcing documented limits on tsvector and tsquery lengths, which was reported as a CVE, but the category specifically covers security hardening without a CVE, focusing on the underlying weakness."
774,d59c47ea82e09a28,qwen3:30b-a3b,v2,Security hardening (no CVE),0.95,"The fix addresses a security vulnerability related to argument limits in aggregate functions, which could lead to memory safety issues or unexpected behavior, as indicated by the CVE reference and the description of 'hazards downstream'."
775,557226e89cb9c2a2,qwen3:30b-a3b,v2,Security hardening (no CVE),0.95,"The fix explicitly addresses a security vulnerability related to SQL function calls involving type internal, which was reported by a security researcher and assigned a CVE, indicating it's fundamentally about closing a security weakness rather than a crash or other issue."
776,a115d5341c33c914,qwen3:30b-a3b,v2,Security hardening (no CVE),0.9,"The fix addresses an ownership issue that could lead to privilege escalation or unauthorized access, making it a security hardening fix rather than a mere functional or ownership correction."
777,6e35315afbe5d759,qwen3:30b-a3b,v2,Security hardening (no CVE),0.95,"The fix addresses a potential SQL injection vulnerability by ensuring field names in EXTRACT() function calls are properly quoted during deparsing, which is a security hardening measure rather than a crash or incorrect result."
778,e8e22438fd01b99c,qwen3:30b-a3b,v2,Security hardening (no CVE),0.95,"The fix addresses a privilege check omission that could allow unauthorized access to data types, fundamentally a security weakness rather than a crash or functional error."
779,9cfaf44339db5cfe,qwen3:30b-a3b,v2,Security hardening (no CVE),0.95,"The fix addresses a security vulnerability related to row-level security policies and cached plans, which could lead to incorrect access control if role changes were not properly reflected in cached query plans."
780,811b718333d5a021,qwen3:30b-a3b,v2,Security hardening (no CVE),0.95,"The fix addresses a security misconfiguration where TLS-encrypted connections could bypass pg_hba rules intended to disallow TLS, allowing unauthorized access via GSSAPI, which is a security vulnerability (CVE-2026-14681)."
781,761cc70ac06ca9c8,qwen3:30b-a3b,v2,Security hardening (no CVE),0.95,"The fix addresses a security vulnerability where a fixed iteration count in mock SCRAM secrets could reveal information about non-existent roles or missing secrets, making it a security hardening issue rather than a crash or other symptom."
782,a61defa3bfd3d83e,qwen3:30b-a3b,v2,Security hardening (no CVE),0.95,"The fix addresses a memory safety vulnerability (out-of-bounds writes) caused by unvalidated bytea data, which is a security weakness rather than a mere crash or corruption issue."
783,3938ed3266b1ab47,qwen3:30b-a3b,v2,Security hardening (no CVE),0.95,"The fix addresses a security vulnerability (CVE-2026-18408) that allows malicious server to inject shell commands via psql's '\unrestrict' command, directly preventing a security flaw that was intended to be fixed by CVE-2025-8714."
784,0e493dd892b08640,qwen3:30b-a3b,v2,Security hardening (no CVE),0.95,"The fix addresses a potential memory clobber due to an array overrun in pg_dump, which is a security vulnerability (CVE-2026-19385) related to buffer overflow, not merely a crash or incorrect behavior."
785,7006fbebbfb9cc87,qwen3:30b-a3b,v2,Security hardening (no CVE),0.95,"The fix addresses a memory safety vulnerability in PL/Perl related to tied objects, which could lead to memory overwrite or corrupt results, aligning with the essence of security hardening rather than a mere crash or corruption."
786,9efa66d80985e18e,qwen3:30b-a3b,v2,Security hardening (no CVE),0.95,"The fix addresses integer overflows in memory-allocation calculations, which are security vulnerabilities that could lead to memory corruption or exploitation, aligning with the essence of security hardening rather than just a crash or performance issue."
787,303aa54490ccf204,qwen3:30b-a3b,v2,Security hardening (no CVE),0.95,"The fix addresses a potential security vulnerability where amcheck functions could be exploited to run arbitrary code as table owners by manipulating search_path, which is a memory-safety and privilege escalation issue."
788,cb87cb76d3e7f588,qwen3:30b-a3b,v2,Security hardening (no CVE),0.95,"The fix addresses integer overflows that could lead to out-of-bounds writes, which is a memory-safety vulnerability, making security hardening the primary focus rather than just a crash or wrong results."
789,856043412685074e,qwen3:30b-a3b,v2,Security hardening (no CVE),0.95,"The fix addresses a buffer overrun vulnerability, which is a memory-safety weakness, and the CVE identifier confirms it's a security issue, though the category specifies 'no CVE' as a note; however, the presence of a CVE means it's a security fix, but the category is for security hardening without a CVE, so this might be a misclassification. Wait, the category 'Security hardening (no CVE)' is for fixes that are security-related but don't have a CVE. The item explicitly mentions a CVE, so it should not be in 'Security hardening (no CVE)'. Let me re-read the instructions: 'Security hardening (no CVE)' is for fixes whose essence is closing a security or memory-safety weakness, and it's for when there's no CVE. The item has a CVE, so it's a security fix but not under 'Security hardening (no CVE)'. However, the allowed categories don't have a 'Security' category with CVE; they have 'Security hardening (no CVE)' for when there's no CVE. Since this has a CVE, it should be classified under 'Security hardening (no CVE)'? Wait, no, the category is specifically for when there's no CVE. The presence of a CVE means it's a security fix, but the category 'Security hardening (no CVE)' is for security fixes without a CVE. So this fix has a CVE, so it shouldn't be in that category. But the allowed categories don't have a 'Security' category; they have 'Security hardening (no CVE)' as the only security-related category. The instructions say: 'choose it when that is the primary point of the fix, rather than a downstream symptom like a crash.' And the category is for 'Security hardening (no CVE)', meaning fixes that are security-related but don't have a CVE. Since this fix has a CVE, it's a security fix, but the category is for no CVE. So what category should it be? Wait, the allowed categories don't include a 'Security' category with CVE; they only have 'Security hardening (no CVE)'. So perhaps the presence of a CVE means it's not 'Security hardening (no CVE)', but there's no other category for security. Wait, the instructions say: 'Security hardening (no CVE)' is for fixes whose essence is closing a security or memory-safety weakness, and it's for when there's no CVE. So if there is a CVE, it's still a security fix, but the category is specifically for no CVE. So maybe the correct category is 'Security hardening (no CVE)' regardless of the CVE? No, the category name says 'no CVE', so if there's a CVE, it shouldn't be in that category. But the allowed categories don't have another security category. Let me check the allowed categories again: ['Security hardening (no CVE)', 'Crash & corruption', 'Wrong results & planner', 'Replication & recovery', 'Client tools', 'Extensions & contrib', 'Performance', 'Build & platform', 'Other functionality'] So the only security-related category is 'Security hardening (no CVE)', which is for security fixes without a CVE. This fix has a CVE, so it's a security fix, but the category is for no CVE. So this is a problem. Wait, the instructions say: 'choose it when that is the primary point of the fix, rather than a downstream symptom like a crash.' And the category is 'Security hardening (no CVE)', so if the fix is about security, but there's a CVE, it's still a security fix, but the category name says 'no CVE', so maybe the category is misnamed, or perhaps the CVE is a mistake. Wait, the item says"
790,4525a356c58c592e,qwen3:30b-a3b,v2,Crash & corruption,0.95,"The fix addresses a buffer overflow that could cause crashes or bad split decisions, with the primary focus on preventing crashes rather than security vulnerabilities."
791,18c204e75aa6979d,qwen3:30b-a3b,v2,Security hardening (no CVE),0.95,"The fix addresses a security vulnerability (CVE-2026-14671) where cached plans could lead to incorrect foreign key checks, potentially allowing unauthorized data modifications or injection attacks."
792,a2adb06d9ed3f610,qwen3:30b-a3b,v2,Replication & recovery,0.95,"The fix addresses a self-deadlock during WAL replay between different minor versions, directly impacting replication consistency and recovery processes."
793,6bc87ec0e8c43745,qwen3:30b-a3b,v2,Wrong results & planner,0.95,"The fix addresses incorrect query results and planner behavior related to asynchronous reads in Append plan nodes, specifically preventing mis-handling that could lead to incorrect results or infinite loops."
794,92855ca5908df203,qwen3:30b-a3b,v2,Wrong results & planner,0.95,"The fix addresses a specific issue in partition pruning logic that causes the DEFAULT partition to be incorrectly skipped, resulting in missing query results, which directly impacts the correctness of query outcomes."
795,aedabf49aec4145e,qwen3:30b-a3b,v2,Wrong results & planner,0.95,"The fix addresses a planner issue where nullability and strictness checks for value IN (array) expressions were incorrectly applied, potentially leading to wrong query results when the array is empty."
796,6bef9003d0ea4178,qwen3:30b-a3b,v2,Wrong results & planner,0.95,"The fix addresses a planner issue where hashability checks for container datatypes were missed, causing execution failures due to missing hash functions, which directly impacts query planning and result correctness."
797,0f676bfd6beb2e39,qwen3:30b-a3b,v2,Wrong results & planner,0.95,"The fix addresses a mis-optimization in COUNT window functions with EXCLUDE clauses or missing ORDER BY, which led to incorrect query results due to improper treatment as monotonic, fundamentally affecting result accuracy."
798,da6a7f5a1fed404a,qwen3:30b-a3b,v2,Wrong results & planner,0.9,"The fix addresses an issue with ALTER COLUMN ... DROP EXPRESSION in partitioned tables, which relates to incorrect behavior or planner handling of partitioned column expressions."
799,5cf51d709808eab6,qwen3:30b-a3b,v2,Wrong results & planner,0.9,"The fix addresses a naming conflict that could lead to incorrect behavior or unexpected results when renaming rules, as it prevents a reserved name from being used, which could cause logical errors in query execution."
800,c631429cd4018a4b,qwen3:30b-a3b,v2,Wrong results & planner,0.95,"The fix addresses a scenario where REINDEX CONCURRENTLY incorrectly reported constraint violations due to improper handling of deferred uniqueness constraints, directly impacting query results and planner behavior."
801,f74c4ed6ed211d97,qwen3:30b-a3b,v2,Wrong results & planner,0.95,"The fix addresses incorrect behavior in the to_date() function when matching localized month/day names, which directly impacts the accuracy of date parsing results."
802,8386298389ac1dfd,qwen3:30b-a3b,v2,Wrong results & planner,0.95,"The fix addresses an incorrect handling of character normalization in Unicode, which leads to silent data loss during NFC recomposition, fundamentally affecting the correctness of string processing results."
803,c692d04794175117,qwen3:30b-a3b,v2,Wrong results & planner,0.95,"The fix addresses a potential truncation issue in lexeme output for case-insensitive synonym dictionaries, which would lead to incorrect results in text search operations."
804,d2dd610c35b156d7,qwen3:30b-a3b,v2,Other functionality,0.9,"The fix addresses a typo in a function's argument initialization, which is a minor code correction affecting extension-provided hash functions, not a security issue, crash, or other major category."
805,989f217199560e4e,qwen3:30b-a3b,v2,Crash & corruption,0.95,"The fix prevents a crash in the satisfies_hash_partition() function when encountering VARIADIC NULL, directly addressing a crash condition."
806,6c4e255e60a2c6a4,qwen3:30b-a3b,v2,Other functionality,0.9,"The fix improves error reporting consistency and clarity for invalid weight characters in tsvector functions, addressing user experience and error message formatting without impacting security, crashes, or core functionality."
807,39d03604d96375a5,qwen3:30b-a3b,v2,Wrong results & planner,0.9,"The fix addresses an error in handling namespace nodes within the xpath() function, which would lead to incorrect behavior or results, rather than a crash, security issue, or other category."
808,9af493c1b454a6a1,qwen3:30b-a3b,v2,Wrong results & planner,0.9,"The fix addresses an incorrect handling of undefined jsonpath variables in jsonb operators, which led to unexpected behavior (treating them as null instead of raising an error) and potential memory issues, but the core issue is about the wrong result behavior rather than a security flaw or crash."
809,f90f9b70ab8bcada,qwen3:30b-a3b,v2,Wrong results & planner,0.9,"The fix addresses a specific calculation issue with money values that could lead to incorrect results due to machine-dependent behavior in division, which falls under wrong results rather than security or other categories."
810,b6e4ff2399ab5432,qwen3:30b-a3b,v2,Crash & corruption,0.95,"The fix addresses a crash occurring due to an out-of-memory failure during cache entry creation, which directly relates to preventing crashes from memory-related issues."
811,93885c84d4d863d3,qwen3:30b-a3b,v2,Security hardening (no CVE),0.95,"The fix addresses memory-safety bugs related to processing dictionary files, which are fundamentally about preventing potential security vulnerabilities such as buffer overflows or out-of-bounds access."
812,385592f99f88aeb7,qwen3:30b-a3b,v2,Replication & recovery,0.8,"The fix addresses a vacuum delay issue during index cleanup, which relates to database recovery and maintenance processes, not security, crashes, or other categories."
813,bb33c0bc63c9fd98,qwen3:30b-a3b,v2,Wrong results & planner,0.95,"The fix addresses a specific issue where index-only scans could emit corrupted data due to mis-decoding of index tuples, directly impacting the correctness of query results and the planner's handling of index structures."
814,b60878a360e3f416,qwen3:30b-a3b,v2,Other functionality,0.9,"The fix addresses concurrent directory creation tolerance, which is a functional improvement in directory handling without security, crash, or performance implications."
815,e9061ce005213b40,qwen3:30b-a3b,v2,Wrong results & planner,0.95,"The fix addresses a race condition that could lead to invalid function definitions, which is a correctness issue in the planner or query execution, not a security vulnerability or crash."
816,7ac37272ce75082a,qwen3:30b-a3b,v2,Wrong results & planner,0.95,"The fix addresses a race condition that could lead to improperly allowing conflicting transactions to commit, which directly impacts the correctness of query results under SERIALIZABLE isolation, a core aspect of the planner's behavior."
817,5c2569354ffabd86,qwen3:30b-a3b,v2,Crash & corruption,0.95,"The fix addresses a race condition that could cause processes to get stuck, which aligns with crash or corruption issues as it prevents system instability."
818,e68416ecee777db7,qwen3:30b-a3b,v2,Crash & corruption,0.95,"The fix addresses race conditions that cause PANIC aborts, which are crashes, not security issues or other categories."
819,2077ab0df0390942,qwen3:30b-a3b,v2,Security hardening (no CVE),0.95,"The fix addresses a potential exposure of sensitive connection string data in a system view, which is a security hardening measure to prevent leakage of confidential information."
820,9d9e7eeeb3b77c38,qwen3:30b-a3b,v2,Security hardening (no CVE),0.95,"The fix addresses a potential security vulnerability by adding runtime checks to prevent inconsistent column counts in logical replication, which could be exploited by a malicious publisher to cause unexpected behavior, even if no immediate serious effects were found."
821,ca5ec822554fd044,qwen3:30b-a3b,v2,Security hardening (no CVE),0.9,"The fix addresses potential SQL injection vulnerabilities in replication commands due to inadequate quoting, though the practical risk is low, the primary focus is on preventing security weaknesses."
822,f665f67b1e443137,qwen3:30b-a3b,v2,Replication & recovery,0.95,"The fix addresses an issue in logical decoding of prepared transactions that affects replication behavior, specifically ensuring proper handling of COMMIT/ROLLBACK PREPARED messages to maintain replication integrity."
823,7ce14fe2e2361742,qwen3:30b-a3b,v2,Crash & corruption,0.95,"The fix addresses corruption of unlogged sequences after standby promotion, which directly relates to data corruption issues rather than security, performance, or other categories."
824,70e16057f04b0a10,qwen3:30b-a3b,v2,Replication & recovery,0.95,"The fix addresses a specific issue in cascading standby replication where the standby fails to reconnect after archive fallback, directly related to replication and recovery mechanisms."
825,907b278f53d7c113,qwen3:30b-a3b,v2,Replication & recovery,0.95,"The fix addresses a race condition in ephemeral replication slot management, specifically preventing unsafe updates to shared-memory entries after slot release, which is a core aspect of replication slot handling in PostgreSQL."
826,d245bbeb956e9c82,qwen3:30b-a3b,v2,Replication & recovery,0.95,"The fix addresses a stale progress report issue specifically within logical replication table synchronization, directly impacting the replication process and its monitoring via pg_stat_progress_copy."
827,dbfa9112e1d8d51e,qwen3:30b-a3b,v2,Replication & recovery,0.95,"The fix addresses stale progress tracking in base backup operations, which is directly related to replication and recovery processes in PostgreSQL."
828,6af9366bbf3966a2,qwen3:30b-a3b,v2,Crash & corruption,0.95,"The fix addresses a potential PANIC (crash) caused by concurrent operations on pgstats entries, which is a direct crash issue rather than a security or functional correctness problem."
829,06194fef4f1208db,qwen3:30b-a3b,v2,Crash & corruption,0.95,"The fix addresses a null-pointer dereference caused by a broken local pgstats entry, which directly leads to a crash when the entry is reused."
830,621e274248442366,qwen3:30b-a3b,v2,Crash & corruption,0.95,"The fix addresses a NULL pointer dereference crash in PL/Perl, which is fundamentally about preventing a crash due to invalid object handling."
831,b7830669ffc4d294,qwen3:30b-a3b,v2,Crash & corruption,0.95,"The fix addresses a NULL pointer dereference crash caused by unhandled exceptions in PL/Python, which is fundamentally about preventing crashes rather than security or other categories."
832,85b90f92a5328b7f,qwen3:30b-a3b,v2,Crash & corruption,0.9,"The fix addresses a potential issue where libpq might wait indefinitely for data that has already arrived, which could lead to hangs or unexpected behavior, but not directly to crashes or data corruption."
833,2cb7a843c3c12c67,qwen3:30b-a3b,v2,Client tools,0.95,"The fix addresses a limitation in libpq (PostgreSQL's client library) regarding parameter handling, specifically allowing larger ParameterDescription messages, which falls under client tool functionality."
834,9e0d4e9ff0a34acd,qwen3:30b-a3b,v2,Client tools,0.9,"The fix addresses a syntax issue in ecpg's GET/SET DESCRIPTOR statements, which is part of the client-side tooling for embedding SQL in C programs."
835,d624e72da22cbb66,qwen3:30b-a3b,v2,Other functionality,0.9,"The fix adjusts the formatting of psql's output to improve visual alignment, which is a minor user experience enhancement rather than addressing security, crashes, performance, or other core functionality categories."
836,1b8c085690932788,qwen3:30b-a3b,v2,Wrong results & planner,0.9,"The fix addresses a discrepancy in psql's behavior where it incorrectly required CONNECT privilege for database size display, which should have been allowed with pg_read_all_stats, leading to incorrect results in the \\l+ output."
837,ea122d9dc3cf1a5c,qwen3:30b-a3b,v2,Client tools,0.95,"The fix addresses a specific enhancement to the psql command-line tool's tab completion feature, which falls under client tool functionality."
838,518ea339d21cd83a,qwen3:30b-a3b,v2,Crash & corruption,0.95,"The fix addresses a thread-safety issue causing corrupted log output when multiple threads access the same buffer, which is a corruption problem rather than a security vulnerability or crash."
839,326f54b3a78c45a4,qwen3:30b-a3b,v2,Other functionality,0.9,"The fix adjusts file permission behavior for pg_recvlogical output files, which is a functional change related to file handling rather than security, crash, performance, or other primary categories."
840,d2f9f70a7f71cfda,qwen3:30b-a3b,v2,Wrong results & planner,0.9,"The fix addresses handling of varlena datums in amcheck, which affects the correctness of index verification, leading to potential wrong results in index checks."
841,899a2d59114689ef,qwen3:30b-a3b,v2,Wrong results & planner,0.95,"The fix addresses incorrect behavior in comparisons and functions due to improper handling of NaN values, leading to wrong results in queries involving float columns."
842,b32a456102e29cbc,qwen3:30b-a3b,v2,Wrong results & planner,0.95,"The fix addresses incorrect query results and potential crashes caused by a flawed comparison function in index scans for variable-length data types, directly impacting query correctness and planner behavior."
843,19b30e0fb390522a,qwen3:30b-a3b,v2,Crash & corruption,0.95,"The fix addresses unguarded recursion and loops that could cause stack overflow (a crash) and infinite loops (corruption of execution flow), specifically in Perl-based contrib modules handling nested JSON data."
844,2d5f32ee5123d59e,qwen3:30b-a3b,v2,Other functionality,0.9,"The fix addresses a resource leak in the statistics cache for the intarray extension, which is a maintenance issue rather than a security vulnerability, crash, or performance problem."
845,7e6978e7ee5b4c4d,qwen3:30b-a3b,v2,Wrong results & planner,0.95,"The fix addresses incorrect comparison results due to integer overflow in ltree values, which affects query outcomes and index integrity, aligning with the 'Wrong results & planner' category as the primary issue is erroneous data handling rather than security or crash concerns."
846,172fd2b7731dd2cb,qwen3:30b-a3b,v2,Crash & corruption,0.95,"The fix addresses a buffer overrun that could cause a server crash, which is a classic example of a crash-related issue rather than a security vulnerability or other category."
847,d563c2d017cb13f1,qwen3:30b-a3b,v2,Extensions & contrib,0.95,"The fix addresses a specific issue within the contrib/pg_surgery extension, focusing on handling TID arrays with excessive elements, which is a functionality concern within a PostgreSQL extension."
848,6f62100a2195b4a0,qwen3:30b-a3b,v2,Crash & corruption,0.95,"The fix addresses a NULL-pointer dereference causing a crash in the refint contrib module, specifically during on-update-cascade operations when a referenced column has a null value, which is a direct crash issue rather than a security vulnerability."
849,0926bc6d35ccf2b1,qwen3:30b-a3b,v2,Extensions & contrib,0.95,"The fix addresses a specific issue in the contrib/seg module, which is part of PostgreSQL's extensions, focusing on correct output formatting of segment boundaries."
850,20c9704497edbe16,qwen3:30b-a3b,v2,Crash & corruption,0.95,"The fix addresses a crash caused by namespace nodes in the xml2 extension's xpath_nodeset() function, directly relating to crash prevention."
851,04dddcbccc32d31e,qwen3:30b-a3b,v2,Build & platform,0.95,"The fix focuses on enabling PostgreSQL to be built with Visual Studio 2026, which directly relates to build system compatibility and platform support."
852,a1cf64820bb250af,qwen3:30b-a3b,v2,Build & platform,0.95,"The fix focuses on enabling compatibility with OpenSSL 4 during the build process, which is a platform or build-related adjustment rather than addressing security, performance, or functional issues."
868,ab0d0d3a2b326d7c,qwen3:30b-a3b,v2,Wrong results & planner,0.95,"The fix addresses an unintended behavior where the origin filter condition from one call was improperly carried over to subsequent calls, leading to incorrect results in logical replication slot changes retrieval."
874,c2923cbcd3cf9b64,qwen3:30b-a3b,v2,Other functionality,0.9,"The fix addresses a functional issue with the ALTER SUBSCRIPTION command not properly applying changes to the run_as_owner option, which is a feature implementation detail rather than a security, crash, or performance issue."
875,15c69b690dadfcb4,qwen3:30b-a3b,v2,Crash & corruption,0.95,"The fix addresses a failure during bulk insertion that could cause read errors and data corruption, specifically related to improper state sharing across partitions leading to read failures."
876,cf54b858e3d33a8b,qwen3:30b-a3b,v2,Wrong results & planner,0.9,"The fix addresses a scenario where column default values might be incorrectly evaluated during COPY FROM, potentially leading to errors or unexpected behavior, which aligns with the 'Wrong results & planner' category as it pertains to data integrity and command execution logic."
883,b74e1bee5c0b83ad,qwen3:30b-a3b,v2,Wrong results & planner,0.95,"The fix addresses an issue in query planning related to sorting aggregate functions with ORDER BY or DISTINCT, which directly impacts the correctness of query results and planner behavior."
888,a467b31c942fe58b,qwen3:30b-a3b,v2,Other functionality,0.9,"The fix addresses a specific tracking issue for temporary table statistics, which is a minor functional adjustment rather than a security, crash, performance, or other major category."
889,6546b1e07f256cc4,qwen3:30b-a3b,v2,Other functionality,0.9,"The fix adjusts timing tracking for relation extension operations when track_io_timing is enabled, which is a non-critical functional enhancement related to performance monitoring rather than security, crashes, or core functionality issues."
900,9826ecfc6b4a4b0c,qwen3:30b-a3b,v2,Extensions & contrib,0.9,"The fix addresses a specific feature (run_as_owner option) within a PostgreSQL extension (subscriptions), which falls under the 'Extensions & contrib' category as it relates to a functionality within a contributed module rather than core behavior."
904,a076f73b8d9acb5a,qwen3:30b-a3b,v2,Client tools,0.95,"The fix addresses a bug in the vacuumdb command-line tool's handling of multiple -N switches, which is a client tool functionality issue rather than a core database behavior or security concern."
905,3fbed8b0212e1598,qwen3:30b-a3b,v2,Other functionality,0.9,"The fix addresses a specific behavior of the vacuumdb tool regarding an option in analyze-only mode, which is a functional adjustment rather than a security, crash, performance, or other primary category."
917,98bf100e2401e5d8,qwen3:30b-a3b,v2,Wrong results & planner,0.95,"The fix addresses a planner issue related to Memoize plans, specifically preventing cache entry errors that could result in incorrect query results."
918,5fc7eed8818c04aa,qwen3:30b-a3b,v2,Wrong results & planner,0.95,"The fix addresses incorrect nullingrels computation during constant-folding, which directly impacts query result accuracy and planner behavior, not security, crashes, or other categories."
923,81bba8e6ffa79b19,qwen3:30b-a3b,v2,Crash & corruption,0.95,"The fix addresses corruption of local buffer state during error handling in temporary table extension, directly relating to data corruption rather than security or other categories."
924,6aee1a1ed43ca9f4,qwen3:30b-a3b,v2,Wrong results & planner,0.95,"The fix addresses an error in evaluating DISTINCT aggregates with multiple arguments, which directly impacts query results and planner behavior, not security, crashes, or other categories."
929,527e991a2da9909e,qwen3:30b-a3b,v2,Wrong results & planner,0.9,"The fix addresses a scenario where duplicate role names caused an error, leading to incorrect behavior rather than a crash or security issue, aligning with the 'Wrong results & planner' category."
936,831e47ec9d5b7005,qwen3:30b-a3b,v2,Other functionality,0.9,"The fix allows a function to be interrupted by query cancel requests, which is a usability and control enhancement rather than addressing security, crashes, performance, or other core categories."
944,205a89e00cb306c2,qwen3:30b-a3b,v2,Wrong results & planner,0.9,"The fix addresses an issue where operations on large objects with ownership privilege failed due to an unrecognized class ID, which affects the correctness of the operation results rather than security, crashes, or other categories."
950,97ac4f6e78b3cd94,qwen3:30b-a3b,v2,Replication & recovery,0.95,"The fix addresses signal handling in walreceiver processes, which is directly related to replication functionality and recovery processes in PostgreSQL."
955,c47570d25653ecbf,qwen3:30b-a3b,v2,Security hardening (no CVE),0.95,"The fix addresses a potential security issue by ensuring subscription connection strings are re-validated before use, preventing non-superusers from accessing subscriptions originally created without passwords by superusers."
960,690a3de077585fca,qwen3:30b-a3b,v2,Crash & corruption,0.9,"The fix addresses a memory leak, which is a form of resource corruption that can lead to instability or crashes over time, rather than a security vulnerability or incorrect results."
967,52860465df139c3c,qwen3:30b-a3b,v2,Other functionality,0.9,"The fix addresses a behavior change in initdb related to locale configuration parameters, which is a functional adjustment rather than a security, crash, performance, or other primary category."
970,de77a3fc9449a249,qwen3:30b-a3b,v2,Client tools,0.9,"The fix addresses an out-of-memory detection issue specifically within pg_dump, a client tool, focusing on its memory handling rather than security, crashes, or other categories."
993,160523c0d3675d1e,qwen3:30b-a3b,v2,Wrong results & planner,0.8,"The fix addresses an issue where visibility map bits were incorrectly set and not cleared, which could lead to incorrect visibility information affecting query results and planner decisions."
997,f97e6542f3e80ca6,qwen3:30b-a3b,v2,Wrong results & planner,0.95,"The fix addresses an issue in query planning related to sorting aggregate functions with ORDER BY or DISTINCT, which directly impacts the correctness of query results and planner behavior."
1003,9e592bef7d16e12e,qwen3:30b-a3b,v2,Performance,0.95,"The fix fundamentally addresses performance issues by replacing a linear search with a hash table for catcache list objects, directly improving efficiency for operations involving many roles."
1016,29f6026f169cc541,qwen3:30b-a3b,v2,Replication & recovery,0.95,"The fix addresses a race condition affecting replication slot invalidation, which is directly related to replication and recovery mechanisms in PostgreSQL."
1021,b87b128b719a23fb,qwen3:30b-a3b,v2,Client tools,0.9,"The fix addresses a thread-safety issue in error reporting for libpq client programs on Windows, which directly relates to client tool functionality."
1026,d2fa84bf2eae00d9,qwen3:30b-a3b,v2,Other functionality,0.9,"The fix adjusts initdb to handle parameter names case-insensitively, aligning with server behavior to prevent redundant entries in postgresql.conf, which is a functional adjustment rather than a security, crash, or performance issue."
1039,7dbf38cad7c7d291,qwen3:30b-a3b,v2,Wrong results & planner,0.95,The fix addresses incorrect query results caused by a planner issue in Merge Right Anti Join plans when handling duplicate join keys in the outer relation.
1047,79c63cfe2badeee1,qwen3:30b-a3b,v2,Other functionality,0.9,"The fix addresses input parsing for ISO-8601 extended time format, which is a functional enhancement to the time and timetz data types, not related to security, crashes, performance, or other specified categories."
1054,9db94fb61e9d52fb,qwen3:30b-a3b,v2,Build & platform,0.9,"The fix addresses an unportable usage of a function (strnxfrm) related to collation handling, which is a platform-specific or build-related issue rather than a security, crash, or functional problem."
1065,bddaea1d86a081b8,qwen3:30b-a3b,v2,Wrong results & planner,0.9,"The fix addresses an issue where input like $1_234 was incorrectly parsed as a single token, leading to potential misinterpretation of parameter syntax, which affects query parsing and execution correctness."
1079,e28ccf873b313e64,qwen3:30b-a3b,v2,Other functionality,0.95,"The fix addresses a specific syntax handling issue in PL/pgSQL related to integer literals with underscores, which is a minor language feature enhancement rather than a security, crash, or performance issue."
1086,d084cd11ce03e45f,qwen3:30b-a3b,v2,Extensions & contrib,0.95,"The fix specifically addresses a feature enhancement for the contrib/pg_stat_statements extension, enabling it to correctly track utility statements within SQL functions, which falls under extension functionality."
1101,927f7055ea64fd7d,qwen3:30b-a3b,v2,Performance,0.95,"The fix addresses performance regressions caused by suboptimal query optimization, specifically related to query-pullup logic and join flattening, which directly impacts query execution speed."
1104,de6cce102d7fed85,qwen3:30b-a3b,v2,Crash & corruption,0.95,"The fix addresses a server crash caused by a specific function call, directly relating to crash prevention."
1105,6fb793110befea47,qwen3:30b-a3b,v2,Wrong results & planner,0.95,"The fix addresses incorrect handling of duplicate keys in JSON object construction, which could lead to invalid data being accepted or false error reports, directly impacting result correctness."
1107,abcc670bb24298ef,qwen3:30b-a3b,v2,Build & platform,0.9,"The fix addresses a Windows-specific issue with locale names containing non-ASCII characters, which relates to platform-specific build and runtime behavior rather than security, crashes, or other categories."
1116,bf5a88060713da3b,qwen3:30b-a3b,v2,Other functionality,0.9,"The fix addresses formatting issues in XMLSERIALIZE output, specifically whitespace and indentation, which falls under minor functional adjustments rather than security, crashes, performance, or other core categories."
1118,579a5a8b6cf07c37,qwen3:30b-a3b,v2,Wrong results & planner,0.95,"The fix addresses a mis-parsing issue in the ORDER BY clause that could lead to incorrect display of view definitions due to name conflicts between output and input columns, directly impacting query result correctness and planner behavior."
1122,665003ccf833a9d8,qwen3:30b-a3b,v2,Wrong results & planner,0.95,"The fix addresses incorrect output in a system view, specifically the pg_stat_io view displaying garbage data for the stats_reset timestamp on 32-bit machines, which directly relates to producing wrong results rather than a crash, security issue, or other category."
1126,a188a7c00ce60e5d,qwen3:30b-a3b,v2,Replication & recovery,0.95,"The fix addresses a logical replication apply worker's behavior during errors or shutdowns, specifically preventing premature advancement of origin progress to avoid transaction loss, which is a core aspect of replication and recovery mechanisms."
1136,699dea7f921dac30,qwen3:30b-a3b,v2,Client tools,0.95,"The fix addresses a memory leak specifically in the psql client tool during repeated use of the \bind command, which falls under client tool maintenance rather than security, crashes, or other categories."
1137,08bd6ad72cb6e5c8,qwen3:30b-a3b,v2,Client tools,0.95,"The fix addresses a specific behavior in the psql client tool's \watch command, adjusting how it handles very short intervals to prevent hanging, which is a client-side usability issue."
1168,aabca326e44d28f7,qwen3:30b-a3b,v2,Wrong results & planner,0.95,"The fix addresses a planner error that could lead to incorrect query results due to improper handling of subqueries within outer joins, directly impacting query correctness."
1169,a483a752e5abfb82,qwen3:30b-a3b,v2,Wrong results & planner,0.95,"The fix addresses a potential failure to use relevant statistics for expressions, which directly impacts query planning and result accuracy, rather than security, crashes, or other categories."
1173,f1afaf7dd4a5002e,qwen3:30b-a3b,v2,Crash & corruption,0.9,"The fix addresses a scenario where the postmaster might fail to respond to client connections due to process latch issues, which could lead to unresponsiveness or crashes under heavy load."
1178,0a1d0a4c6c408382,qwen3:30b-a3b,v2,Crash & corruption,0.9,"The fix addresses a memory leak, which is a form of resource corruption that can lead to crashes or instability, rather than a security vulnerability or other category."
1198,713244866b8658c3,qwen3:30b-a3b,v2,Crash & corruption,0.9,"The fix addresses a memory leak, which is a resource management issue that can lead to crashes or corruption if not resolved."
1200,878a41d2aaf97bbd,qwen3:30b-a3b,v2,Security hardening (no CVE),0.95,The fix addresses a security-related issue by resolving search-path dependencies to prevent potential attacks and ensure compatibility with PostgreSQL v17's security restrictions on generated columns.
1202,f3fa6e00457a21d5,qwen3:30b-a3b,v2,Build & platform,0.95,"The fix addresses compatibility with older OpenSSL libraries during the build process on Windows, which is a platform-specific build issue."
1203,ec54ce1a60a8ab53,qwen3:30b-a3b,v2,Build & platform,0.95,"The fix addresses build errors related to symbol exports in Windows builds using meson, which is a platform-specific build issue."
1204,dae13f3d39e11576,qwen3:30b-a3b,v2,Build & platform,0.95,"The fix addresses a build-time issue with detecting a header file under MSVC, which is a platform-specific build configuration problem."
1205,60c9ad4ce0260a69,qwen3:30b-a3b,v2,Build & platform,0.95,"The fix addresses the installation path for pgevent during the Meson build process, aligning it with existing build systems, which is a build configuration and platform-specific adjustment."
1206,d46a7ddf0f9fb8f7,qwen3:30b-a3b,v2,Extensions & contrib,0.95,"The fix addresses the installation path for a contrib module (sepgsql.sql) during the build process, aligning with the expected directory structure for PostgreSQL extensions."
1208,3d028517bab8df0e,qwen3:30b-a3b,v2,Build & platform,0.95,"The fix addresses a build system issue related to detecting a system header, which falls under platform or build configuration concerns."
1216,3fc0fa748dd98a8b,qwen3:30b-a3b,v2,Wrong results & planner,0.95,"The fix addresses a planner issue where array_agg() was incorrectly being parallelized for anonymous record types, which could lead to incorrect results due to unsupported protocol for record type communication."
1223,26f83a0094555402,qwen3:30b-a3b,v2,Wrong results & planner,0.95,"The fix addresses a missing deparsing of the INDENT option in XMLSERIALIZE(), which caused incorrect results when restoring views or rules, directly impacting query output accuracy."
1224,2a60f4b874ef348a,qwen3:30b-a3b,v2,Wrong results & planner,0.95,"The fix addresses a planner issue where premature evaluation of aggregate function arguments could lead to incorrect results or failures due to improper handling of FILTER clauses with complex expressions, ensuring the correct order of operations for accurate query execution."
1230,c1111654c48ca140,qwen3:30b-a3b,v2,Replication & recovery,0.95,"The fix addresses WAL sender I/O statistics reporting, which is directly related to replication and recovery processes in PostgreSQL."
1232,70068ba82e5e98cc,qwen3:30b-a3b,v2,Wrong results & planner,0.8,"The fix addresses a potential infinite loop caused by an extreme value (INT_MAX) in scram_iterations, which could lead to incorrect behavior or resource exhaustion, but not directly a security issue or crash."
1233,70f8e77f4a63d96a,qwen3:30b-a3b,v2,Crash & corruption,0.95,"The fix addresses potential crashes caused by double transformation of a JSON subquery, directly targeting crash prevention."
1235,1489d1467969d22a,qwen3:30b-a3b,v2,Crash & corruption,0.95,"The fix addresses a crash caused by out-of-memory conditions during GUC assignments, which directly relates to preventing crashes and potential data corruption."
1237,5b920f3719a09bc0,qwen3:30b-a3b,v2,Replication & recovery,0.95,"The fix addresses an issue with replication slots becoming invalidated and points to WAL removal, which is directly related to replication slot management and recovery processes."
1238,dee35e90a6da4d28,qwen3:30b-a3b,v2,Replication & recovery,0.95,"The fix addresses a logical replication slot restoration issue on standby servers not in hot-standby mode, directly relating to replication behavior and recovery processes."
1241,5dea1ebdd189d480,qwen3:30b-a3b,v2,Replication & recovery,0.95,"The fix addresses a replication origin reset issue that could cause duplicate data application, directly impacting replication consistency and recovery behavior."
1243,09c420e008ba28a2,qwen3:30b-a3b,v2,Replication & recovery,0.95,"The fix addresses a logic improvement in subscription creation to prevent duplicate data from mixed-origin subscriptions, which is fundamentally about replication behavior and data consistency in a replication setup."
1279,92f0483b6a8fd92d,qwen3:30b-a3b,v2,Replication & recovery,0.95,"The fix addresses delays in launching logical replication workers, directly related to replication worker management and timing in logical replication, which falls under replication and recovery."
1280,cbe614634d85dd9e,qwen3:30b-a3b,v2,Crash & corruption,0.95,"The fix addresses a use-after-free issue that could cause a crash in the WAL sender process during logical replication, which directly relates to crash prevention and data integrity."
1282,8c17cc46850481a8,qwen3:30b-a3b,v2,Replication & recovery,0.95,"The fix addresses a specific issue in logical WAL sender behavior during standby server shutdown, preventing potential hangs by ensuring senders do not attempt to send data beyond what has been replayed, which is fundamentally about replication and recovery processes."
1284,2ffeb22d7d862592,qwen3:30b-a3b,v2,Other functionality,0.9,"The fix addresses memory leaks related to XMLSERIALIZE with INDENT, which is a functional improvement rather than a security issue, crash, or performance problem."
1311,4c7d3abe728314e3,qwen3:30b-a3b,v2,Build & platform,0.95,"The fix addresses a compatibility warning during the build process using Meson with MSVC, which is directly related to build configuration and platform-specific tooling."
1317,25ed1f923d7970fb,qwen3:30b-a3b,v2,Wrong results & planner,0.95,"The fix addresses a planner misclassification of JSON constructor expressions as strict, leading to incorrect query transformations and potentially wrong results, which aligns with the 'Wrong results & planner' category."
1345,af8d2d5a9ddc0f3a,qwen3:30b-a3b,v2,Replication & recovery,0.95,"The fix addresses a specific issue in logical replication workers related to lock timeout signals, which directly impacts replication behavior and recovery processes."
1349,b986920760b9a8d6,qwen3:30b-a3b,v2,Replication & recovery,0.95,"The fix addresses logical replication slot management, which is directly related to replication functionality and recovery processes."
1353,7e637fc14d7ebe21,qwen3:30b-a3b,v2,Crash & corruption,0.95,"The fix addresses a crash during testing with specific libsanitizer options, directly relating to preventing crashes in the software."
1372,5c2674526dc73c2a,qwen3:30b-a3b,v2,Build & platform,0.95,"The fix addresses build configuration differences between Meson and Makefile builds, specifically applying optimization flags to certain source files to ensure consistent compilation behavior."
1381,3240515b40643663,qwen3:30b-a3b,v2,Wrong results & planner,0.95,"The fix addresses a planner error caused by duplicate window function calls, which could lead to incorrect query execution or planner failures, directly impacting query correctness and planning behavior."
1401,6257421433b62d2e,qwen3:30b-a3b,v2,Replication & recovery,0.95,"The fix addresses a logical replication issue where transaction loss could occur due to parallel worker apply failures, directly impacting replication consistency and recovery processes."
1407,8afaa625b37b155b,qwen3:30b-a3b,v2,Other functionality,0.9,"The fix introduces a new server parameter to control file extension behavior, addressing platform-specific file system interactions without impacting security, crashes, or core functionality."
1408,ad4962aa9722b9ed,qwen3:30b-a3b,v2,Other functionality,0.9,"The fix addresses file handle leakage in child processes by honoring the O_CLOEXEC flag on Windows, which is a functional improvement rather than a security hardening, crash, or other category."
1409,94d8ad029eadd8e4,qwen3:30b-a3b,v2,Build & platform,0.95,"The fix addresses a build-related issue with parsing long options on Solaris for Meson-built executables, which is a platform-specific build problem rather than a functional or security issue."
1420,92dce9ae5d2dee4f,qwen3:30b-a3b,v2,Wrong results & planner,0.95,The fix addresses a planner error causing incorrect query results due to improper handling of NOT NULL tests in a LATERAL UNION ALL subquery.
1426,735a0530946ca7ec,qwen3:30b-a3b,v2,Security hardening (no CVE),0.95,"The fix addresses a security vulnerability where unquoted object names in logical replication origin checks could lead to arbitrary SQL execution, which is a classic injection flaw requiring security hardening."
1437,ad246c42254f43ac,qwen3:30b-a3b,v2,Wrong results & planner,0.95,"The fix addresses a planner failure that leads to incorrect query execution paths and unexpected errors, fundamentally about ensuring the query planner correctly handles join conditions and plan generation."
1450,255209e5df001a57,qwen3:30b-a3b,v2,Wrong results & planner,0.95,"The fix addresses an incorrect output from parallelized array_agg calculations due to improper handling of null bitmaps, directly impacting result accuracy."
1451,8d3d6b08b8cdbe9f,qwen3:30b-a3b,v2,Build & platform,0.9,"The fix addresses a specific system call error handling (EINTR) in file synchronization, which relates to platform-specific behavior and build compatibility rather than security, crashes, or functional correctness."
1453,9a1b270fdc6b0cb8,qwen3:30b-a3b,v2,Other functionality,0.9,"The fix addresses reporting behavior of activity statistics during idle parallel apply workers, which is a functional adjustment rather than a security, crash, performance, or other core category."
1460,0a9a1d6b56e6bf3b,qwen3:30b-a3b,v2,Crash & corruption,0.9,"The fix addresses memory leaks, which are a form of resource corruption that can lead to crashes or instability, rather than being a security vulnerability or other category."
1467,bd8ce7977593fc8e,qwen3:30b-a3b,v2,Other functionality,0.95,"The fix addresses a specific behavior in pg_dumpall regarding handling role grants with dangling grantor OIDs, which is a functional adjustment rather than a security, crash, performance, or other primary category."
1505,41b4ebc8b45cd975,qwen3:30b-a3b,v2,Wrong results & planner,0.95,"The fix addresses a logical error in the query planner that could lead to incorrect results due to improper handling of outer join conditions, specifically when a constant value from the nullable side of an outer join isn't replaced with NULL as required."
1510,6c7dc42480b70c18,qwen3:30b-a3b,v2,Wrong results & planner,0.8,"The fix addresses a missing lock release that caused a warning and retained a lock, which impacts transaction integrity and could lead to incorrect behavior or resource leaks, but the core issue is about ensuring proper transaction handling rather than security or crashes."
1511,dcf82d575729a8d9,qwen3:30b-a3b,v2,Wrong results & planner,0.95,"The fix addresses an issue where EXPLAIN failed to correctly deparsed SQL/JSON aggregates, leading to invalid node type errors, which directly impacts query planning and result accuracy."
1517,731d977ccdcab8ba,qwen3:30b-a3b,v2,Wrong results & planner,0.9,"The fix addresses a scenario where a function fails to return correct results due to concurrent table drops, directly impacting query output and planner behavior."
1522,aa7ff528942b9176,qwen3:30b-a3b,v2,Crash & corruption,0.95,"The fix addresses a NULL-pointer crash caused by improper handling of string category arguments without a text cast, which is a direct crash issue rather than a security vulnerability or other category."
1526,beb17d2cea61d72d,qwen3:30b-a3b,v2,Wrong results & planner,0.95,"The fix addresses a scenario where temporary tables from other sessions were accessible, causing inconsistent and incorrect query results, which directly relates to query result accuracy and planner behavior."
1529,c826dec193d7d5a5,qwen3:30b-a3b,v2,Wrong results & planner,0.9,"The fix addresses an off-by-one error in the free space map management, which could lead to incorrect space allocation and potentially wrong query results due to mismanagement of table storage."
1535,b339144d5c9e0188,qwen3:30b-a3b,v2,Replication & recovery,0.95,"The fix addresses a race condition during standby promotion affecting logical decoding, which is directly related to replication and recovery processes in PostgreSQL."
1575,3bf35b0608aba6f8,qwen3:30b-a3b,v2,Wrong results & planner,0.95,"The fix addresses a test error that could lead to incorrect query results and index corruption when LC_COLLATE and LC_CTYPE settings differ, directly impacting data correctness and planner behavior."
1577,ab9462c6884adbfe,qwen3:30b-a3b,v2,Wrong results & planner,0.95,"The fix addresses a planner issue where an IS NULL test on a NOT NULL column was incorrectly converted to constant FALSE, leading to errors in query planning and potentially incorrect query execution."
1578,23f8ce31a56a6cfc,qwen3:30b-a3b,v2,Crash & corruption,0.95,"The fix addresses a potential planner crash caused by inlining a SQL function with specific array constructs, directly targeting a crash condition rather than a security issue or other category."
1579,0509f50f8e5d3760,qwen3:30b-a3b,v2,Wrong results & planner,0.95,"The fix addresses incorrect query results or planner errors related to the MERGE statement's WHEN NOT MATCHED BY SOURCE clause, directly impacting query correctness and execution planning."
1581,1f2c490148d606fb,qwen3:30b-a3b,v2,Wrong results & planner,0.95,"The fix addresses a scenario where incorrect query results could occur due to a specific edge case in B-tree index scans, directly impacting the accuracy of query outputs."
1583,b11398dc21a02cc9,qwen3:30b-a3b,v2,Wrong results & planner,0.9,"The fix addresses incorrect validation of COPY options, which affects data integrity and correctness of COPY operations, aligning with the 'Wrong results & planner' category as it ensures proper handling of data input rather than security or crash issues."
1586,ed5787f6018db8f1,qwen3:30b-a3b,v2,Crash & corruption,0.95,"The fix addresses a crash caused by an invalid operation during a database alteration, specifically related to parameter lookup requiring search-path, indicating a crash vulnerability rather than a security issue or other category."
1587,906105307dc0a2b6,qwen3:30b-a3b,v2,Wrong results & planner,0.9,"The fix addresses issues with index creation on partitioned tables, specifically preventing unexpected failures due to restricted search_path and ensuring correct behavior in index metadata handling, which relates to planner and result accuracy."
1588,80099225aa9d08b4,qwen3:30b-a3b,v2,Extensions & contrib,0.8,"The fix addresses a dependency issue related to partitioned tables and access methods in CREATE TABLE, which falls under extension or contrib functionality as it involves table creation mechanics and access method dependencies."
1602,938aea86070949c3,qwen3:30b-a3b,v2,Client tools,0.95,"The fix addresses a compatibility issue in the psql client tool's describe commands with older PostgreSQL server versions, specifically related to ACL display functionality."
1604,792cc893c8f3e71b,qwen3:30b-a3b,v2,Client tools,0.95,"The fix addresses a specific issue with client tools pg_basebackup and pg_receivewal failing to correctly use the ~/.pgpass file for replication passwords, which is a client-side functionality problem."
1605,a14ad73472a59d40,qwen3:30b-a3b,v2,Client tools,0.95,"The fix addresses a specific error condition in the pg_combinebackup tool, which is a client-side utility for managing backups, not a core database function or security issue."
1606,a55f6b1f9be6d350,qwen3:30b-a3b,v2,Other functionality,0.9,"The fix addresses a cosmetic issue in error message formatting, not a functional bug, security flaw, or performance problem."
1619,87527405395bf48e,qwen3:30b-a3b,v2,Other functionality,0.9,"The fix reverts a change related to name truncation in connection requests, addressing a usability or compatibility issue rather than security, crashes, performance, or other core categories."
1621,ac9ba4280034e4f4,qwen3:30b-a3b,v2,Other functionality,0.9,"The fix addresses a naming inconsistency in the pg_stat_activity view that affects query joins, which is a minor functional adjustment rather than a security, crash, performance, or other major category."
1622,c9e88dc58b45bb90,qwen3:30b-a3b,v2,Wrong results & planner,0.95,"The fix addresses an issue where the query planner might not return all matching tuples for a specific index scan condition, directly impacting query correctness."
1632,043f135224125bdf,qwen3:30b-a3b,v2,Other functionality,0.9,"The fix addresses a specific functionality issue in pg_get_constraintdef related to domain constraints, which falls under general functionality improvements rather than security, crashes, performance, or other defined categories."
1634,6515e1cb60877a46,qwen3:30b-a3b,v2,Other functionality,0.9,"The fix addresses proper handling of variable name quoting in SQL/JSON query functions, which is a functional correctness issue related to query syntax rather than security, crashes, performance, or other primary categories."
1637,7f79d87ca1c4b115,qwen3:30b-a3b,v2,Wrong results & planner,0.95,"The fix addresses incorrect planning of UNION operations due to mismatched column datatypes, which could result in wrong sort operators being used, leading to potential incorrect results or crashes, but the primary focus is on the planner's behavior causing incorrect results."
1642,dda24b93e6370732,qwen3:30b-a3b,v2,Replication & recovery,0.95,"The fix addresses a resource allocation issue specific to the slotsync worker process in replication, ensuring proper handling of process slots to prevent connection failures during replication operations."
1645,5603bf4b3258e0ef,qwen3:30b-a3b,v2,Performance,0.9,"The fix addresses a miscalculation in SLRU bank numbers that caused increased contention, which directly impacts performance by reducing efficiency in memory management."
1652,ed11bde13e4264f9,qwen3:30b-a3b,v2,Crash & corruption,0.95,"The fix addresses a crash condition triggered by a background process checking a new value of synchronized_standby_slots, directly preventing a crash."
1655,ab090c011ea998c4,qwen3:30b-a3b,v2,Crash & corruption,0.9,"The fix addresses a potential use-after-free issue in parallel vacuum, which is a memory safety hazard that could lead to crashes or data corruption."
1661,8d287f38c9f69ba7,qwen3:30b-a3b,v2,Build & platform,0.95,"The fix addresses valgrind complaints related to string hashing code, which pertains to build-time or platform-specific issues rather than security, crashes, or functional correctness."
1664,8859eb5ec417fa6d,qwen3:30b-a3b,v2,Wrong results & planner,0.9,"The fix addresses a scenario where pre-existing data would be overwritten with zeroes during a bulk write operation, leading to incorrect data preservation and potential data loss, which falls under wrong results due to improper handling of data during write operations."
1665,f77f550b492149ec,qwen3:30b-a3b,v2,Crash & corruption,0.95,"The fix addresses a potential crash scenario when iterating over a shared radix tree not created by the process, which directly relates to preventing crashes in edge cases, even if the core code doesn't trigger it."
1671,71efc42df08c5e3a,qwen3:30b-a3b,v2,Client tools,0.95,"The fix adds tab completion for COPY (MERGE INTO) in psql, which is a client tool feature, not related to security, crashes, or other categories."
1680,5c04659e5d4279ec,qwen3:30b-a3b,v2,Wrong results & planner,0.8,"The fix addresses a version mismatch between SQL declarations and the shared library, which could lead to a crash, but the primary focus is on preventing incorrect behavior (crash) by throwing an error, not on security or memory safety."
1681,3e14c8f40431e34a,qwen3:30b-a3b,v2,Replication & recovery,0.9,"The fix addresses a race condition in canceling remote queries via postgres_fdw, which relates to query management and coordination between local and remote servers, falling under replication and recovery mechanisms."
1689,ae876fdf2f20454b,qwen3:30b-a3b,v2,Crash & corruption,0.9,"The fix addresses a memory leak, which is a form of resource corruption that can lead to crashes or instability, rather than being a security issue or other category."
1698,8d241186b2636e3b,qwen3:30b-a3b,v2,Wrong results & planner,0.95,"The fix addresses incorrect handling of casts in JSON constructor expressions, which would lead to erroneous query results or planner behavior, not a crash, security issue, or other category."
1708,ea33bda45304d82f,qwen3:30b-a3b,v2,Wrong results & planner,0.95,"The fix addresses a planner error where NOT NULL constraints were incorrectly discarded in outer join scenarios, leading to potentially incorrect query results due to flawed optimization decisions."
1709,ac580b151857cf64,qwen3:30b-a3b,v2,Wrong results & planner,0.95,"The fix addresses incorrect query optimization due to IS [NOT] NULL tests on composite values, which directly impacts query result accuracy and planner behavior."
1711,b1bc25d708c24b7a,qwen3:30b-a3b,v2,Wrong results & planner,0.95,"The fix addresses an incorrect row count estimation in the query planner due to improper handling of fillfactor, directly impacting query planning accuracy."
1718,48af06cb81f79e23,qwen3:30b-a3b,v2,Performance,0.9,"The fix addresses handling of io_combine_limit during queries, which relates to optimizing I/O operations for better performance."
1724,0d4af13add821e0d,qwen3:30b-a3b,v2,Crash & corruption,0.95,"The fix addresses a crash during planning caused by over-enthusiastic freeing of SpecialJoinInfo structs, which is a direct crash issue rather than a security or other category."
1730,b95fe1a384a2d022,qwen3:30b-a3b,v2,Crash & corruption,0.95,"The fix addresses a crash occurring during logical replication when a subscriber's partitioned table includes a BRIN index, directly relating to a crash condition."
1734,df7754b838661e8a,qwen3:30b-a3b,v2,Crash & corruption,0.9,"The fix ensures proper initialization of the SMgrRelation object before calling a callback, preventing potential crashes or corruption if the callback fails."
1737,fa5ba8fe3f0c8431,qwen3:30b-a3b,v2,Crash & corruption,0.95,"The fix addresses an assertion failure during parallel vacuum operations, which is a crash-related issue rather than a security vulnerability or other category."
1743,7beee9f236c3da59,qwen3:30b-a3b,v2,Performance,0.95,"The fix addresses the scheduling of parallel reindex operations, which directly impacts the efficiency and speed of database reindexing, making it a performance-related improvement."
1746,238e04fa721258f2,qwen3:30b-a3b,v2,Wrong results & planner,0.95,"The fix addresses unexpected expression errors in subquery output, which relates to query planning and result correctness."
1747,893528fc06a04f51,qwen3:30b-a3b,v2,Build & platform,0.95,"The fix addresses a build failure caused by an outdated libpq_fe.h header file, which is a platform or build-related issue rather than a functional or security concern."
1749,42a91c9223ca8f3c,qwen3:30b-a3b,v2,Other functionality,0.9,"The fix addresses a valgrind labeling issue related to per-buffer data in an extension, not core functionality or security, and does not impact released versions of PostgreSQL."
1750,8d287f38c9f69ba7,qwen3:30b-a3b,v2,Build & platform,0.95,"The fix addresses valgrind complaints related to string hashing code, which pertains to build-time or platform-specific issues rather than security, crashes, or functional correctness."
1756,e71f7ac6e31148b4,qwen3:30b-a3b,v2,Wrong results & planner,0.95,"The fix addresses a scenario where MERGE operations with concurrent updates and triggers could lead to incorrect execution of actions (e.g., wrong delete or update), fundamentally impacting result correctness rather than causing crashes or security issues."
1764,69edf2322750a24a,qwen3:30b-a3b,v2,Wrong results & planner,0.8,"The fix addresses an issue where the free-space map (FSM) wasn't updated during vacuuming for tables without indexes, which could lead to suboptimal space management and potentially incorrect planner decisions due to outdated FSM data."
1769,87b960189dd7efcd,qwen3:30b-a3b,v2,Other functionality,0.9,"The fix addresses inconsistent spelling of LWLock names, which affects monitoring and display but does not relate to security, crashes, performance, or other core categories."
1775,fd13cdf0107ec661,qwen3:30b-a3b,v2,Replication & recovery,0.95,"The fix addresses a misconfiguration issue in replication slot synchronization, specifically preventing an unexpected server shutdown when sync_replication_slots is enabled with insufficient wal_level, which is fundamentally about replication behavior and recovery mechanisms."
1784,fdeae847272eed56,qwen3:30b-a3b,v2,Crash & corruption,0.95,"The fix addresses a potential crash due to out-of-memory conditions during large memory allocations, which directly relates to crash prevention rather than security or other categories."
1791,7a2f87f7e45e150e,qwen3:30b-a3b,v2,Crash & corruption,0.95,"The fix addresses a crash in libpq's PQcancelCreate() function when using hostaddr, which is a direct crash issue rather than a security vulnerability or other category."
1798,8d77a59ca1046317,qwen3:30b-a3b,v2,Replication & recovery,0.95,"The fix addresses a specific issue in replication where a transaction was being replayed twice during subscription initialization, directly impacting replication consistency and recovery processes."
1799,13445d8543167210,qwen3:30b-a3b,v2,Other functionality,0.9,"The fix ensures pg_dump correctly handles comments on domain types' not-null constraints, which is a functional enhancement to the tool's behavior rather than addressing security, crashes, performance, or other core categories."
1802,30b1605ccc3e099c,qwen3:30b-a3b,v2,Client tools,0.95,"The fix addresses a parsing issue in pg_dump filter files, which is a client tool used for database backups, making it a client tool category fix."
1803,4550483aba0eb0ef,qwen3:30b-a3b,v2,Extensions & contrib,0.9,"The fix addresses an issue with pg_restore's handling of large objects in directory-format dumps, which is related to the functionality of a client tool (pg_restore) and its interaction with dump formats, falling under 'Extensions & contrib' as it involves a utility tool's behavior."
1805,0fb428fb8eed58e6,qwen3:30b-a3b,v2,Replication & recovery,0.95,"The fix addresses a requirement related to replication slot configuration during database upgrades, specifically concerning the 'max_slot_wal_keep_size' parameter, which is directly tied to replication and recovery mechanisms in PostgreSQL."
1810,d73ffcd16e9fefeb,qwen3:30b-a3b,v2,Wrong results & planner,0.8,"The fix addresses an error condition where a function (pg_prewarm) was applied to an invalid object (a view without storage), which could lead to incorrect behavior or unexpected results, rather than a crash or security issue."
1824,e0da75bc87662c3b,qwen3:30b-a3b,v2,Wrong results & planner,0.9,"The fix addresses an issue where SQL/JSON functions with DEFAULT clauses containing COLLATE expressions caused unrecognized node type errors, which affects query execution and result correctness."
1842,a6d10baa61628545,qwen3:30b-a3b,v2,Crash & corruption,0.9,"The fix addresses a potential use-after-free issue in parallel vacuum, which is a memory safety concern that could lead to crashes or data corruption, though the bug is noted as having no consequences in standard builds."
1846,23d547c5770fabcd,qwen3:30b-a3b,v2,Replication & recovery,0.9,"The fix addresses a memory leak in the startup process of a standby server, which directly impacts replication and recovery operations by preventing hashtable bloat that could occur during prolonged standby operation."
1854,a93cc4ff3c3021ad,qwen3:30b-a3b,v2,Replication & recovery,0.95,"The fix addresses an issue related to replication slots in synchronous standby configurations, which is a core aspect of replication and recovery mechanisms in PostgreSQL."
1870,97847293f24769c4,qwen3:30b-a3b,v2,Wrong results & planner,0.9,"The fix addresses an issue where pg_dump failed to correctly preserve non-inherited not-null constraints on inherited table columns, which would lead to incorrect data integrity when restoring from a dump, fundamentally affecting the correctness of the data representation."
1879,8e076426c7e17c58,qwen3:30b-a3b,v2,Other functionality,0.9,"The fix addresses a memory leakage issue in pg_combinebackup, which is a utility tool, not a security vulnerability, crash, or performance issue."
1899,1fea7cde133cbdc0,qwen3:30b-a3b,v2,Wrong results & planner,0.95,"The fix addresses an incorrect count of skipped tuples in EXPLAIN ANALYZE output, which directly relates to the planner's behavior and the accuracy of query result reporting."
1902,25f0124aface89a0,qwen3:30b-a3b,v2,Replication & recovery,0.95,"The fix addresses an issue with incremental backups and restoration, specifically related to pg_combinebackup failing when a large table is truncated during the backup process, which is a recovery-related problem."
1910,4762286f9bce26e7,qwen3:30b-a3b,v2,Other functionality,0.9,"The fix allows retrying initialization of a DSM registry entry, which is a functional enhancement to the dynamic shared memory system without addressing security, crashes, or other primary categories."
1918,80732debd7faf360,qwen3:30b-a3b,v2,Replication & recovery,0.95,"The fix addresses a specific issue in logical replication slot synchronization worker processes related to handling LOCK_TIMEOUT signals, which is fundamentally about ensuring correct replication behavior and recovery mechanisms."
1920,deb647b0828f434f,qwen3:30b-a3b,v2,Wrong results & planner,0.95,"The fix addresses incorrect error reporting for SQL/JSON path type mismatches, which affects the correctness of query results and error messages, aligning with the 'Wrong results & planner' category as it pertains to the planner's handling of type mismatches."
1929,80d293d65ddc8103,qwen3:30b-a3b,v2,Crash & corruption,0.95,"The fix addresses an assertion failure during pg_dump in binary-upgrade mode, which is a crash-related issue rather than a security vulnerability or other category."
1930,c0c96a361c484544,qwen3:30b-a3b,v2,Client tools,0.95,"The fix addresses an error handling issue specifically within the pgbench client tool when processing multiple \syncpipeline commands, which is a client-side utility for benchmarking PostgreSQL."
1946,87d1daeb8c587342,qwen3:30b-a3b,v2,Security hardening (no CVE),0.95,"The fix addresses a SQL injection vulnerability by properly quoting subscription names, which is a security hardening measure rather than a crash or other issue."
1975,3eb128ecdbfe3b66,qwen3:30b-a3b,v2,Wrong results & planner,0.95,"The fix addresses an issue in query planning related to array length estimation, which would lead to incorrect results or planner behavior when dealing with relation IDs."
1977,8bbcc1cceb135945,qwen3:30b-a3b,v2,Wrong results & planner,0.9,"The fix addresses incorrect handling of numeric tokens in the JSON parser, which could lead to accepting invalid numbers and subsequent failures, indicating a potential for wrong results in query processing."
1978,01479fbeb8ce3566,qwen3:30b-a3b,v2,Other functionality,0.9,"The fix addresses a non-critical inefficiency in disk space usage during backup restoration, not a security flaw, crash, corruption, or other primary category."
1979,c6967e3410155ccf,qwen3:30b-a3b,v2,Replication & recovery,0.9,"The fix addresses a specific issue during physical replication startup by ensuring consistent collation usage in catalog cache lookups, directly impacting replication behavior."
1980,84ec7561dc136050,qwen3:30b-a3b,v2,Replication & recovery,0.95,"The fix addresses a replication issue where a stuck worker process delays standby server promotion, directly impacting replication and recovery workflows."
1981,3819564096120921,qwen3:30b-a3b,v2,Other functionality,0.9,"The fix addresses excessive log output from idle slot sync worker processes, which is a non-critical operational issue related to logging behavior rather than security, crashes, performance, or other core categories."
1986,fd736635082786c5,qwen3:30b-a3b,v2,Wrong results & planner,0.95,"The fix addresses visibility issues in transaction row locks, which directly impacts the correctness of query results and transaction visibility, a core aspect of the planner and query execution."
2036,355006fa2d121a50,qwen3:30b-a3b,v2,Wrong results & planner,0.9,"The fix addresses an issue with attaching partitions of indexes that are exclusion constraints, which affects the correctness of data operations and the planner's handling of partitioned indexes, rather than security, crashes, or other categories."
2044,3511bcfc7770ab99,qwen3:30b-a3b,v2,Security hardening (no CVE),0.95,"The fix addresses a potential security vulnerability related to handling truncated UTF-8 characters in case-conversion logic, which could lead to memory safety issues or unexpected behavior in string processing."
2050,a34742d40e3cc98a,qwen3:30b-a3b,v2,Wrong results & planner,0.9,"The fix addresses an issue where the jsonpath '.decimal' method incorrectly threw errors for invalid precision/scale, which affects the correctness of query results rather than security, crashes, or other categories."
2052,a02a8f768054b49b,qwen3:30b-a3b,v2,Wrong results & planner,0.95,"The fix ensures that SQL/JSON default values are correctly coerced to the target column's typmod, addressing a potential issue where the declared precision and scale were not applied, which could lead to incorrect data handling or results."
2057,810fd9d379560c8d,qwen3:30b-a3b,v2,Wrong results & planner,0.9,"The fix addresses the incorrect order of autovacuum processing, which affects the planner's decision-making and could lead to suboptimal or incorrect vacuuming behavior, thus falling under 'Wrong results & planner'."
2058,32093e95e5257549,qwen3:30b-a3b,v2,Crash & corruption,0.9,"The fix addresses a memory leak in parallel vacuum worker processes, which is a resource management issue that could lead to memory exhaustion and potential system instability, falling under crash and corruption category."
2062,7df9bf335065d772,qwen3:30b-a3b,v2,Crash & corruption,0.95,"The fix addresses a potential double-free or infinite error recovery loop during transaction abort, which directly relates to preventing crashes or data corruption in the database system."
2068,b24b19ecd8a92363,qwen3:30b-a3b,v2,Crash & corruption,0.9,"The fix addresses potential data corruption from missed WAL logging of visibility map changes, which could lead to incorrect incremental backups and torn page writes, causing data integrity issues."
2069,8968a636d4565987,qwen3:30b-a3b,v2,Replication & recovery,0.95,"The fix addresses a specific issue with the WAL summarizer process during a timeline switch, which is a core aspect of PostgreSQL's replication and recovery mechanisms."
2077,62f0caf26f152bae,qwen3:30b-a3b,v2,Replication & recovery,0.95,"The fix addresses an issue with event trigger cleanup on standby servers, which is directly related to replication and recovery processes in PostgreSQL."
2078,89e37f9afca6233d,qwen3:30b-a3b,v2,Replication & recovery,0.95,"The fix addresses a race condition related to replication slots, which are a core part of PostgreSQL's replication and recovery mechanisms, specifically preventing incorrect unlock and log messages during slot management."
2093,cbc6ee6c600a0d55,qwen3:30b-a3b,v2,Crash & corruption,0.95,"The fix prevents an infinite loop in pg_combinebackup when a source file is shorter than expected, which could lead to a crash or corruption if the loop were to occur."
2094,234af5d389298f13,qwen3:30b-a3b,v2,Replication & recovery,0.95,"The fix addresses the cleanup of replication objects (publication and replication slot) after a failure in pg_createsubscriber, which is directly related to replication management and recovery procedures."
2102,724a3c27a65925ff,qwen3:30b-a3b,v2,Crash & corruption,0.95,"The fix addresses a double-free crash in pgcrypto, which is a direct issue of memory corruption leading to a crash."
2112,45254f1c26652c1b,qwen3:30b-a3b,v2,Wrong results & planner,0.95,"The fix addresses an incorrect optimization in the query planner related to HAVING clauses with grouping sets, which would lead to wrong query results."
2113,f22bd366ef7c21fc,qwen3:30b-a3b,v2,Wrong results & planner,0.95,"The fix addresses a reliability issue in hash right semi joins caused by a race condition, which affects the correctness of query results and the planner's behavior."
2114,e05193d8c6be3051,qwen3:30b-a3b,v2,Wrong results & planner,0.95,"The fix addresses a potential division-by-zero error that could lead to incorrect path selection in the query planner, directly impacting query results and planner behavior."
2115,ed3414471da05ce9,qwen3:30b-a3b,v2,Wrong results & planner,0.95,"The fix addresses a planner error causing incorrect query results (no data returned) due to a missing capability check for index-only scans, fundamentally about query planning and result accuracy."
2117,319194886b4cb5d2,qwen3:30b-a3b,v2,Crash & corruption,0.95,"The fix addresses potential out-of-memory or invalid memory allocation issues during parallel GIN index build, which are fundamentally about preventing crashes or data corruption due to memory management problems."
2121,2b3473b8572beffa,qwen3:30b-a3b,v2,Crash & corruption,0.95,"The fix addresses a rare crash during query processing, which directly relates to preventing crashes and potential data corruption in the database system."
2122,60c3af7729bd51e6,qwen3:30b-a3b,v2,Performance,0.95,"The fix addresses inefficiencies in memory usage during hash joins, which directly impacts query performance by optimizing resource allocation."
2123,2b606ce8a5ffbaaa,qwen3:30b-a3b,v2,Wrong results & planner,0.8,"The fix addresses privilege checks before locking relations in statistics functions, which affects data integrity and query planning by ensuring proper access control before modifying statistics, preventing incorrect results or planner behavior due to unauthorized access."
2125,26231d0dd2c6d6f8,qwen3:30b-a3b,v2,Crash & corruption,0.95,"The fix addresses a crash occurring during EvalPlanQual rechecks on partitioned tables, which directly relates to preventing crashes in query execution."
2130,498e957dcc76c8aa,qwen3:30b-a3b,v2,Wrong results & planner,0.95,"The fix addresses a scenario where a column could be incorrectly set as an identity column despite having a not-null constraint marked as invalid, which could lead to inconsistent or incorrect behavior in the database schema, affecting query results and planner decisions."
2142,5f9a400f67e68610,qwen3:30b-a3b,v2,Other functionality,0.9,"The fix addresses a regression in shared catalog access during backend startup, affecting extensions but not core PostgreSQL, making it a functional adjustment rather than a security, crash, or performance issue."
2150,867fe185cddd373f,qwen3:30b-a3b,v2,Other functionality,0.9,"The fix addresses the consistent ordering of foreign key constraints in pg_dump, which is a functional improvement to the tool's behavior rather than a security issue, crash, performance problem, or other primary category."
2158,7957d2dfa5821582,qwen3:30b-a3b,v2,Crash & corruption,0.95,"The fix addresses a crash in pg_stat_statements when handling SQL statements with multiple constants at the same location, directly preventing a crash condition."
2166,4e6afe9b4f3cd7ea,qwen3:30b-a3b,v2,Security hardening (no CVE),0.95,"The fix addresses a potential buffer overrun vulnerability caused by locale-specific string lowercasing behavior, which is a memory-safety issue rather than a mere crash or functional bug."
2167,41a037af498d552f,qwen3:30b-a3b,v2,Wrong results & planner,0.95,"The fix addresses inconsistent behavior in case-insensitive matching for the ltree extension, which would lead to incorrect query results due to mismatched collation handling between index routines and operators."
2168,7b0eb2a3de6abb4b,qwen3:30b-a3b,v2,Wrong results & planner,0.9,"The fix addresses a scenario where adding a named not-null constraint with a name that doesn't match an existing constraint would cause issues, ensuring correct constraint management and preventing potential logical errors in the database schema."
2171,a26f6538462c9732,qwen3:30b-a3b,v2,Wrong results & planner,0.95,"The fix addresses incorrect results caused by improper pruning of rowmarks in the query planner, specifically when dealing with subqueries and EvalPlanQual rechecking."
2173,e1377e155d1d58e6,qwen3:30b-a3b,v2,Wrong results & planner,0.95,"The fix addresses an issue with expression evaluation in a sub-select within an array subscript, which directly impacts query results and planner behavior, not security, crashes, or other categories."
2174,231c8fd7d23e2c9a,qwen3:30b-a3b,v2,Wrong results & planner,0.95,"The fix addresses a failure to detect a match at the end of a string during text substring search with non-deterministic collations, which directly impacts query results accuracy."
2176,421fc1b21e66ce9c,qwen3:30b-a3b,v2,Wrong results & planner,0.95,"The fix addresses a planner error related to set-returning functions and grouping sets, which directly impacts query planning and can lead to incorrect results or plan inefficiencies."
2177,1c11f0071a3acf93,qwen3:30b-a3b,v2,Wrong results & planner,0.95,"The fix addresses incorrect query results caused by the planner's flawed optimization involving volatile functions in subquery grouping clauses, directly impacting result accuracy."
2178,4175b708f670a01b,qwen3:30b-a3b,v2,Wrong results & planner,0.95,"The fix addresses a planner issue where statistics were not being properly considered for PlaceHolderVar nodes, leading to potential incorrect query plans and estimates, which falls under 'Wrong results & planner' as it directly impacts the accuracy of query planning and execution."
2179,8265fe6a0d60c75e,qwen3:30b-a3b,v2,Wrong results & planner,0.95,"The fix addresses a regression in index usage due to changes in PlaceHolderVar handling, which affects query planning and results, not security, crashes, or other categories."
2180,8acc0c95d4cb14f2,qwen3:30b-a3b,v2,Wrong results & planner,0.95,"The fix addresses an issue in the query planner's handling of OR clauses and ScalarArrayOp index conditions, which could lead to incorrect query execution or invalid expressions, directly impacting result accuracy."
2183,26531523d79aa172,qwen3:30b-a3b,v2,Wrong results & planner,0.95,"The fix addresses an issue where the parallel GIN index build used an incorrect ordering function, potentially leading to invalid indexes or failures, which directly impacts query results and planner behavior."
2186,8360f99ccc4292bd,qwen3:30b-a3b,v2,Wrong results & planner,0.95,"The fix addresses how query IDs are computed, specifically ensuring that queries differing in GROUP BY expressions are not incorrectly merged, which affects query planning and result accuracy."
2191,beac4dee73951927,qwen3:30b-a3b,v2,Crash & corruption,0.9,"The fix addresses a race condition in async I/O code that could lead to overwriting result codes, potentially causing data corruption or crashes in concurrent operations."
2199,b62509097a940509,qwen3:30b-a3b,v2,Other functionality,0.9,"The fix addresses a specific issue with NUMA status views when pages are swapped out, which is a functional adjustment rather than a security, crash, performance, or other primary category."
2200,aafb76269cb02291,qwen3:30b-a3b,v2,Build & platform,0.9,"The fix addresses compatibility issues with older libnuma versions, which relates to platform-specific build or runtime dependencies rather than security, crashes, or functional correctness."
2215,b9eca7cbaac14cbe,qwen3:30b-a3b,v2,Build & platform,0.95,"The fix addresses compatibility issues with older system header files on aarch64 architecture, which is fundamentally about build and platform compatibility rather than security, performance, or other categories."
2216,f26f44e8af2e4a42,qwen3:30b-a3b,v2,Build & platform,0.95,"The fix addresses a configure probe issue affecting build systems (autotools vs. meson), specifically related to io_uring_queue_init_mem() optimization, which is a build-time configuration problem rather than runtime behavior."
2221,00318ee590961736,qwen3:30b-a3b,v2,Client tools,0.95,"The fix addresses tab completion behavior in the psql client tool, which is a user interface feature specific to the client application, not related to security, performance, or core database functionality."
2222,081c267f38f1c598,qwen3:30b-a3b,v2,Client tools,0.95,"The fix addresses behavior in the psql command-line tool's prompt formatting, specifically handling the %P escape sequence when no server connection is active, which falls under client tool functionality."
2223,131d9362644aec3a,qwen3:30b-a3b,v2,Wrong results & planner,0.9,"The fix addresses incorrect behavior in pg_dump's sequence value collection, leading to erroneous output when sequences are dropped or privileges are insufficient, which directly impacts result accuracy."
2224,ddf24906078c9c8c,qwen3:30b-a3b,v2,Client tools,0.95,"The fix addresses an issue in pg_dump, a client tool, specifically regarding incorrect quoting of a configuration value, which is a functionality issue within the tool itself."
2232,96a9652dd534239c,qwen3:30b-a3b,v2,Performance,0.95,"The fix addresses an inefficiency in memory allocation, specifically reducing unnecessary memory usage, which directly impacts performance by optimizing resource utilization."
2235,64d97401302e6b8b,qwen3:30b-a3b,v2,Crash & corruption,0.95,"The fix addresses a crash condition in pg_stat_statements when handling mixed IN list expressions, directly targeting a crash scenario."
2238,2644af926368dd37,qwen3:30b-a3b,v2,Wrong results & planner,0.95,"The fix addresses incorrect output from functions like strict_word_similarity() due to a missing return of a modified array pointer, which is a fundamental issue in result accuracy rather than a security vulnerability or crash symptom."
2239,1ab72974ff676aa4,qwen3:30b-a3b,v2,Wrong results & planner,0.95,"The fix addresses an incorrect volatility marking that affects query planning and execution, potentially causing unnecessary evaluations or preventing use in index expressions, which directly impacts query correctness and planner behavior."
2241,f1c11a105793c5b5,qwen3:30b-a3b,v2,Wrong results & planner,0.9,"The fix addresses a naming conflict that could lead to incorrect constraint handling or unexpected behavior in table creation, affecting the planner's interpretation of constraints."
2250,106e849192aeab9b,qwen3:30b-a3b,v2,Crash & corruption,0.95,"The fix addresses a vulnerability in statistics restoration that could lead to planner crashes, which is fundamentally about preventing crashes rather than security hardening or other categories."
2261,6f46dec1b16dbafd,qwen3:30b-a3b,v2,Wrong results & planner,0.95,"The fix addresses a planner issue where partition pruning failed due to improper matching of partition key columns to sub-query outputs, directly impacting query result correctness and planner behavior."
2262,812b22fffe56b1d9,qwen3:30b-a3b,v2,Wrong results & planner,0.95,"The fix addresses an issue where a self-join with a boolean column in the join clause caused an incorrect error, directly impacting query planning and result accuracy."
2263,dd4dac944b23faaa,qwen3:30b-a3b,v2,Wrong results & planner,0.9,"The fix addresses an issue where UPDATE/DELETE statements using WHERE CURRENT OF failed on tables with virtual generated columns, which relates to incorrect behavior in query execution or planning, not security, crashes, or other categories."
2264,59fbee83b0bf13a7,qwen3:30b-a3b,v2,Wrong results & planner,0.95,"The fix addresses incorrect handling of virtual generated columns in INSERT ... ON CONFLICT statements, which affects query planning and result accuracy."
2266,0aa2817a6bbc5ca5,qwen3:30b-a3b,v2,Wrong results & planner,0.95,"The fix addresses an incorrect error message during expression index creation, which relates to the planner's handling of virtual generated columns, not a security issue, crash, or other category."
2271,ddb1afcdeba5ae64,qwen3:30b-a3b,v2,Wrong results & planner,0.9,"The fix ensures that object-access hook functions are invoked only after the catalog change is completed, preventing potential inconsistencies or incorrect behavior during the ALTER TABLE operation."
2273,8a60df4b3fd3d59c,qwen3:30b-a3b,v2,Wrong results & planner,0.95,"The fix addresses a logical inconsistency in foreign key behavior, specifically the loss of deferrability after toggling enforcement status, which affects query results and planner behavior."
2274,d70277c1acf37244,qwen3:30b-a3b,v2,Wrong results & planner,0.95,"The fix addresses a logical error in the handling of domain types with UNIQUE/PRIMARY KEY constraints that require no-overlap checks, which affects query planning and result correctness."
2293,14c72113bed944e5,qwen3:30b-a3b,v2,Other functionality,0.9,"The fix adjusts the display of a system view's column to show NULL instead of 0 for entries without an owning process, which is a minor functional adjustment rather than addressing security, crashes, performance, or other core categories."
2295,1533c9cbd2030f85,qwen3:30b-a3b,v2,Crash & corruption,0.95,"The fix addresses an under-allocation of shared memory that could cause a server crash, which directly relates to crash prevention rather than security or other categories."
2299,610a21bce078667e,qwen3:30b-a3b,v2,Crash & corruption,0.95,"The fix addresses an array overrun, which is a memory corruption issue that could lead to crashes or undefined behavior."
2301,89a07166bd0bbf9d,qwen3:30b-a3b,v2,Wrong results & planner,0.95,"The fix addresses an incorrect display of join alias Vars in GROUP BY clauses during deparsing, which could lead to dump/restore failures due to misrepresentation of query structure, fundamentally affecting query result correctness and planner behavior."
2308,bf386830ffc14701,qwen3:30b-a3b,v2,Security hardening (no CVE),0.95,"The fix addresses a vulnerability in tar-file parsing logic that could allow handling of arbitrary or maliciously crafted tar files, which is a security hardening measure to prevent potential exploitation."
2310,7ffdeccadd704c73,qwen3:30b-a3b,v2,Other functionality,0.9,"The fix addresses a specific behavior in pg_dump related to preserving the NO INHERIT property of NOT NULL constraints, which is a minor functional adjustment rather than a security, crash, performance, or other major category."
2315,10d6ab27b82f84d0,qwen3:30b-a3b,v2,Extensions & contrib,0.95,"The fix addresses a structural issue in the output format of the contrib/pg_overexplain extension, specifically for the RANGE_TABLE option, which falls under extension functionality."
2346,3a948430ecce48f7,qwen3:30b-a3b,v2,Wrong results & planner,0.95,"The fix addresses an incorrect update of the reltuples value during parallel GIN index builds, which could lead to inaccurate statistics affecting query planning and autovacuum decisions, resulting in wrong behavior or results."
2349,0af46f69db9d4e5b,qwen3:30b-a3b,v2,Crash & corruption,0.95,"The fix addresses a crash or erroneous behavior caused by incorrect state updates in a ModifyTable plan node after partition pruning, which directly relates to preventing crashes or data corruption."
2350,9907f1bcc5788190,qwen3:30b-a3b,v2,Wrong results & planner,0.95,"The fix addresses a scenario where the RETURNING clause in an UPDATE statement with a BEFORE UPDATE trigger incorrectly returned stale OLD values due to concurrent updates, which directly impacts the correctness of query results and the planner's handling of transaction isolation."
2351,30c5cf8682702dfe,qwen3:30b-a3b,v2,Performance,0.95,"The fix addresses a performance issue related to hash join optimization by preventing unnecessary insertion of null-keyed tuples into the hash table, which reduces bloat and improves efficiency."
2352,f92b71eed8c32ffe,qwen3:30b-a3b,v2,Wrong results & planner,0.95,"The fix addresses incorrect handling of parenthesized OLD/NEW references in RETURNING expressions, which would lead to wrong results by misinterpreting the references as NEW instead of OLD."
2355,811ab0b6321da0e4,qwen3:30b-a3b,v2,Wrong results & planner,0.95,"The fix addresses edge cases in query planning that could lead to incorrect execution plans, directly impacting result accuracy and planner behavior."
2357,fe2ddcbb1694094c,qwen3:30b-a3b,v2,Wrong results & planner,0.95,"The fix addresses a planner issue where WHERE clauses were incorrectly pushed past a grouping step, potentially leading to incorrect query results due to collation handling."
2359,030eab27b5eb5d3f,qwen3:30b-a3b,v2,Wrong results & planner,0.95,"The fix addresses an issue where the planner incorrectly handled statistics lookup for a 'char' column, leading to a cache lookup error, which directly impacts query planning and result accuracy."
2362,f1a7844f582dcee7,qwen3:30b-a3b,v2,Wrong results & planner,0.9,"The fix addresses a logical inconsistency in constraint inheritance behavior, which could lead to incorrect constraint enforcement across partitions, fundamentally affecting query results and planner decisions."
2367,103b1c6e16afbddc,qwen3:30b-a3b,v2,Wrong results & planner,0.95,"The fix addresses incorrect behavior in the LIKE operator's handling of backslashes under nondeterministic collations, which leads to mismatched results compared to expected collation rules."
2368,2f3182d5d00e824c,qwen3:30b-a3b,v2,Wrong results & planner,0.95,"The fix addresses a planner optimization issue where LIKE/regex exact-match patterns were incorrectly handled, leading to suboptimal query plans and slower execution of commands like \d tablename."
2370,d45246ca26aa096d,qwen3:30b-a3b,v2,Other functionality,0.9,"The fix adjusts case-folding rules for Greek final sigma in the pg_unicode_fast locale, which is a linguistic or localization behavior change rather than a security, crash, performance, or other core category."
2378,59f51c8c9ae99707,qwen3:30b-a3b,v2,Wrong results & planner,0.9,"The fix addresses an issue where invalid input led to incorrect UUID generation, which is a case of producing wrong results rather than a security vulnerability or crash."
2387,ec4a5231b6bd1d4d,qwen3:30b-a3b,v2,Performance,0.95,"The fix limits the number of local buffers used by the read streaming mechanism to prevent errors, optimizing resource usage and improving performance under high concurrency."
2389,d2ae9d2a44cdd0e4,qwen3:30b-a3b,v2,Wrong results & planner,0.9,"The fix addresses a regression in VACUUM's behavior that affects transaction ID reclamation speed, which is a core aspect of database integrity and performance, but not a security issue or crash/corruption."
2396,6f27eb5077d34578,qwen3:30b-a3b,v2,Wrong results & planner,0.95,"The fix addresses incorrect handling of virtual generated columns in JIT-compiled tuple deconstruction, which directly impacts query result accuracy and planner behavior."
2410,6b95f702fa89c66f,qwen3:30b-a3b,v2,Replication & recovery,0.95,"The fix addresses a replication-related issue where hot-standby connections were being accepted before the database state was consistent, directly impacting replication and recovery processes."
2418,8fa5d7015ec0b948,qwen3:30b-a3b,v2,Other functionality,0.9,"The fix addresses incorrect I/O operation statistics recording after failed reads/writes, which is a functional behavior adjustment rather than a security issue, crash, or performance problem."
2422,90542a6e3babc13d,qwen3:30b-a3b,v2,Crash & corruption,0.9,"The fix addresses out-of-memory conditions in libpq, which can lead to crashes or data corruption if not handled properly."
2423,43d4ff286e726414,qwen3:30b-a3b,v2,Client tools,0.95,"The fix addresses the libpq trace facility, which is part of the client-side library for PostgreSQL, specifically improving how it prints certain messages related to backend communication."
2425,bd7b49f5139f85ad,qwen3:30b-a3b,v2,Crash & corruption,0.95,"The fix addresses a null-pointer crash in the ecpg compiler, which is a direct crash issue rather than a security vulnerability or other category."
2427,731288b80af05a28,qwen3:30b-a3b,v2,Crash & corruption,0.95,"The fix addresses a scenario where psql could get stuck or trigger an assertion failure, which directly relates to preventing crashes or corruption in the client tool."
2429,306bda11460a7bc9,qwen3:30b-a3b,v2,Client tools,0.95,"The fix addresses a client tool (psql) behavior regarding a special variable, specifically enforcing an upper limit to prevent incorrect application of a setting."
2436,96b6cadbc58b18c4,qwen3:30b-a3b,v2,Client tools,0.95,"The fix addresses inconsistent behavior in pg_restore, a client tool, specifically regarding its command-line options for selective restoration."
2437,21e82f897944c50f,qwen3:30b-a3b,v2,Other functionality,0.9,"The fix addresses a specific behavior of the vacuumdb tool regarding partitioned indexes, which is a functional improvement rather than a security, crash, performance, or other primary category."
2438,c86c66760cb8be9e,qwen3:30b-a3b,v2,Wrong results & planner,0.9,"The fix addresses a failure to report corruption in a btree metapage's allequalimage flag, which affects data integrity and query results, not a crash or security issue."
2439,5c4a78095c8435a1,qwen3:30b-a3b,v2,Other functionality,0.9,"The fix addresses a memory leak in the amcheck contrib module, which is a maintenance tool for index verification, not a security issue, crash, or performance problem."
2442,31d142cfe31177aa,qwen3:30b-a3b,v2,Wrong results & planner,0.9,"The fix addresses incorrect sorting behavior of bit/varbit types during index construction, which would lead to inefficient indexes and potentially wrong query results due to improper index usage."
2444,9f3a767ddff8d20a,qwen3:30b-a3b,v2,Extensions & contrib,0.95,"The fix addresses a precedence issue in user-mapping settings for contrib extensions dblink and postgres_fdw, which falls under the category of extensions and contrib modules."
2445,3675ef3e49ea173d,qwen3:30b-a3b,v2,Extensions & contrib,0.95,"The fix addresses an incorrect configuration option in the dblink extension, which is part of PostgreSQL's contrib modules, and specifically relates to how the extension handles foreign-data wrapper settings."
2450,e0fbdf9747efab5e,qwen3:30b-a3b,v2,Crash & corruption,0.95,"The fix addresses an out-of-bounds array access that could cause a segmentation fault, which is a classic crash issue rather than a security vulnerability or other category."
