item_ord,content_hash,model,prompt_version,category_content,confidence,is_security_hardening,is_performance,rationale
1,0f60f288e829c66c,qwen3:30b-a3b,v2,"Concurrency, locking & crashes",0.95,false,false,"The fix addresses a crash that occurs during an ALTER TABLE operation when adding a column without a default value while also making other changes that require a table rewrite. This is a backend stability issue related to table rewrite operations, which falls under the 'Concurrency, locking & crashes' category as it involves a crash during a table modification operation."
2,d1b2bf5d612c8ad6,qwen3:30b-a3b,v2,"Concurrency, locking & crashes",0.95,false,false,"The fix addresses a concurrency issue in REINDEX CONCURRENTLY where session-level locks were not properly handled, leading to potential race conditions and failure to release locks under certain conditions. This is fundamentally about ensuring correct locking behavior during index operations, which falls under concurrency and locking."
3,962205d9a641c409,qwen3:30b-a3b,v2,"Concurrency, locking & crashes",0.95,false,false,"The fix addresses a race condition causing a crash during the reporting of progress for concurrent index creation or reindexing commands, which relates to backend stability and concurrency issues."
4,fdeb33de721b1144,qwen3:30b-a3b,v2,"Storage, vacuum & TOAST",0.95,false,false,"The fix addresses a bug where duplicate entries were being created in the pg_depend system catalog during a REINDEX CONCURRENTLY operation, leading to bloat in pg_depend. This is a correctness issue related to the internal management of system catalogs, not a security vulnerability or performance improvement."
5,bac3cdf5f1913523,qwen3:30b-a3b,v2,"Storage, vacuum & TOAST",0.95,false,false,"The fix addresses a scenario where VACUUM attempts to freeze an old multixact ID associated with a still-running transaction, which would cause VACUUM to fail until the transaction completes. This is fundamentally about ensuring correct behavior during vacuum operations, specifically related to transaction management and multixact handling, which falls under storage and space management."
6,344fce6ba7a108be,qwen3:30b-a3b,v2,Indexes,0.95,false,false,"The fix addresses an error related to the type of slot when using the CLUSTER command on an expression index, which pertains to the internal handling of indexes during index operations."
7,740da59eecfbb1cc,qwen3:30b-a3b,v2,Partitioning & inheritance,0.95,false,false,"The fix addresses an issue where SET CONSTRAINTS ... DEFERRED was incorrectly failing on partitioned tables due to a false trigger-related error, which is a correctness issue in query execution related to partitioned table behavior."
8,5c5f4120cb8b6017,qwen3:30b-a3b,v2,Partitioning & inheritance,0.95,false,false,"The fix addresses an issue where creating indexes on a partition fails if the parent partitioned table has dropped columns, which relates to partitioning behavior and index creation within partitioned tables."
9,4c5bfde52b187813,qwen3:30b-a3b,v2,Indexes,0.95,false,false,"The fix addresses an issue where dropping indexed columns in partitioned tables failed due to index dependencies, now automatically dropping the indexes instead. This is fundamentally about the behavior of indexes in partitioned tables, which falls under the 'Indexes' category."
10,235ddf9b26f87618,qwen3:30b-a3b,v2,Indexes,0.95,false,false,"The fix addresses a state inconsistency in the partition index metadata after a failed concurrent reindex operation, specifically the relispartition flag being incorrectly set, which prevents the index from being dropped. This is a correctness issue related to index management and metadata handling, not a security or performance problem."
11,1a1be16a0f7e46bd,qwen3:30b-a3b,v2,Planner & optimizer,0.95,false,false,"The fix addresses an issue in the planner's handling of equivalence classes during partition-wise joins, which could cause incorrect query planning or planner failures. This is fundamentally about query planning and optimization, specifically related to partition-wise join planning and equivalence classes."
12,ccb4f4d2d348fa55,qwen3:30b-a3b,v2,Execution & correctness,0.95,false,false,"The fix addresses an issue where offset expressions in WINDOW clauses were not being properly processed when query expressions were manipulated, specifically affecting cases with nontrivial expressions like function parameter references. This is fundamentally about query execution correctness, as it impacts how window functions handle expressions during query processing."
13,73599c1babd69b20,qwen3:30b-a3b,v2,"Concurrency, locking & crashes",0.95,false,false,"The fix addresses a scenario where a parallel query attempts to request a background worker but fails due to no available slots in the postmaster child process array, preventing a postmaster failure. This is fundamentally about backend stability and resource management, not a security issue or performance improvement."
14,3bf0138e6760dadc,qwen3:30b-a3b,v2,"Concurrency, locking & crashes",0.95,false,false,"The fix addresses a crash occurring during a recheck of a query plan involving a BEFORE UPDATE trigger, which relates to backend stability and execution behavior rather than query results or performance. This is a crash condition tied to trigger execution during query planning, falling under backend stability."
15,d7e17591fc8c0d86,qwen3:30b-a3b,v2,Execution & correctness,0.95,false,false,"The fix addresses an error message that incorrectly reports a relkind issue when accessing a TOAST table, which should instead indicate a permission denial. This relates to the correct handling of permissions and error messages during table access, falling under the 'Execution & correctness' category as it involves incorrect behavior during query execution."
16,24a99a1ddf9b6124,qwen3:30b-a3b,v2,Execution & correctness,0.95,false,false,"The fix addresses an issue where errors during GUC parameter setup in parallel workers lacked proper context, improving error reporting for debugging. This is about execution correctness and error handling, not security or performance."
17,b712cdb9cba0dc30,qwen3:30b-a3b,v2,"Storage, vacuum & TOAST",0.95,false,false,"The fix ensures that fsync() is only applied to files opened in read/write mode, preventing errors on platforms where attempting fsync() on a read-only file causes issues. This is about file handling correctness and stability, not security or performance."
18,b46542daeafe6420,qwen3:30b-a3b,v2,"Data types, text & collation",0.95,false,false,"The fix addresses a limitation in string encoding conversion, specifically increasing the maximum input string size from 0.25GB to allow conversion as long as the output does not exceed 1GB. This is fundamentally about handling text and encoding within the data types and text processing capabilities of PostgreSQL."
19,4e5b89e65f75cc82,qwen3:30b-a3b,v2,Execution & correctness,0.95,false,true,"The fix addresses an inefficiency in how tuple storage is managed for window functions, specifically preventing the inclusion of unnecessary columns that aren't required by the query. This is a performance optimization related to query execution and resource usage."
20,43a59c7e270138b4,qwen3:30b-a3b,v2,"Storage, vacuum & TOAST",0.95,false,true,"The fix allows repalloc() to return unused space when a large memory allocation is reduced, which is a memory management optimization. This is not a security issue but a performance improvement related to memory allocation efficiency."
21,9faacffc1fa4f64f,qwen3:30b-a3b,v2,"Storage, vacuum & TOAST",0.95,false,false,"The fix ensures that temporary WAL and history files are properly cleaned up after archive recovery, which is a part of the recovery process in PostgreSQL. This relates to the management of files during recovery operations, specifically ensuring that temporary files are removed to prevent clutter or potential issues."
22,b507a2cfd37e5852,qwen3:30b-a3b,v2,Replication & recovery,0.95,false,false,"The fix addresses a failure during archive recovery when recovery_min_apply_delay is enabled, which relates to the timing and application of WAL records during recovery. This is fundamentally about the recovery process in PostgreSQL, specifically how delays in applying WAL records are handled."
23,5ed3614ae68cf92a,qwen3:30b-a3b,v2,Replication & recovery,0.95,false,false,"The fix addresses the behavior of specific recovery-related settings during crash recovery, ensuring they are ignored until recovery is complete to prevent unintended behavior. This is about the correct handling of recovery settings in the context of crash recovery, which falls under replication and recovery."
24,a28f6f7fb08ee681,qwen3:30b-a3b,v2,Replication & recovery,0.95,false,false,"The fix addresses a logical replication issue where a mismatch in replica identity columns between publisher and subscriber causes a logical replication failure, specifically due to a column declared as part of the replica identity on the subscriber that doesn't exist on the publisher. This is fundamentally about the behavior of logical replication in handling replica identity configurations."
25,438d995dff5928a8,qwen3:30b-a3b,v2,Replication & recovery,0.95,false,true,"The fix addresses a delay during the shutdown of a logical replication walsender, which is related to the replication process. Logical replication involves the walsender process, and the issue is about optimizing its shutdown behavior to prevent unnecessary delays."
26,dee93d03586353fb,qwen3:30b-a3b,v2,Replication & recovery,0.95,false,false,"The fix addresses a bug where the wal_receiver_timeout parameter was not functioning correctly in logical replication, specifically in the walreceiver process. This is a correctness issue related to replication behavior, not a security or performance fix."
27,7a41bc46fc1d3e52,qwen3:30b-a3b,v2,Replication & recovery,0.95,false,false,"The fix addresses a timing issue in logical replication messages, specifically ensuring that replication messages are correctly time-stamped, which affects the accuracy of the pg_stat_subscription.last_msg_send_time metric. This is not a security or performance issue but rather a correctness issue in replication metadata."
28,a2f08fd5833a4984,qwen3:30b-a3b,v2,"Concurrency, locking & crashes",0.95,false,false,"The fix addresses a race condition during backend exit when a backend process has waited for synchronous replication, which relates to concurrency and stability issues in the replication process."
29,1f89b7ca4865f0d0,qwen3:30b-a3b,v2,Client interfaces,0.95,false,false,"The fix addresses a logging issue specific to PAM authentication in PostgreSQL, where unnecessary log messages were generated due to the server's handling of client connection attempts. This is not a security or performance issue but rather a refinement in the authentication process logging."
30,4036ef23ecf60e77,qwen3:30b-a3b,v2,"Data types, text & collation",0.95,false,false,"The fix addresses an issue where the bitshiftright() function did not properly zero out padding bits in the last byte of a bitstring result when the length isn't a multiple of 8, leading to potential unexpected comparison behavior due to non-zero padding bits. This is fundamentally about data type behavior related to bitstring operations and their internal representation."
31,b2457d720e8bdaca,qwen3:30b-a3b,v2,"Data types, text & collation",0.95,false,false,"The fix addresses the behavior of the `position()` function when searching for an empty string, correcting it to return 1 as specified by the SQL standard instead of 0. This is a correctness issue in the function's implementation, not related to performance, security, or other categories."
32,b1db5b63336f21a9,qwen3:30b-a3b,v2,"Numeric, overflow & limits",0.95,false,false,"The fix addresses a specific edge case where integer overflow occurs during interval multiplication, which is a numeric arithmetic issue. This is not a security vulnerability but a correctness issue related to numeric operations."
33,19603851932a4d85,qwen3:30b-a3b,v2,"Concurrency, locking & crashes",0.95,false,false,"The fix addresses crashes caused by incorrect affix data in ispell text search dictionaries, which relates to the stability of the text search functionality when encountering malformed data. This is a backend stability issue not tied to a more specific area, falling under 'Concurrency, locking & crashes'."
34,3bbfc04df96973d4,qwen3:30b-a3b,v2,Indexes,0.95,true,false,"The fix addresses a memory leak specifically during the vacuuming process of a GiST index, which is a type of index. Memory leaks are a form of memory-safety weakness that can lead to resource exhaustion and potential security issues, so it should be classified under security hardening. The core issue is not about the index's correctness or performance but about preventing a memory leak, which is a security concern."
35,68cf484e58adf70d,qwen3:30b-a3b,v2,"Data types, text & collation",0.95,false,false,"The fix addresses recognizing additional spellings of the Norwegian (Bokmål) locale name on Windows, which relates to locale handling and text processing. This is about data type and text behavior, specifically locale name recognition."
36,0acb57d72d70929b,qwen3:30b-a3b,v2,Client interfaces,0.95,false,false,"The fix addresses a validation issue in libpq where integer parameters were incorrectly disallowing trailing whitespace, which is a client-side library behavior rather than a security or performance issue."
37,e1731ef2782b568e,qwen3:30b-a3b,v2,Client interfaces,0.95,false,false,"The fix addresses a specific issue in libpq where the connection status is not correctly reported as CONNECTION_BAD when a syntactically invalid connect_timeout parameter value is provided. This is about the behavior of the client interface library in handling invalid parameters, which falls under client interfaces."
38,0ac015f0d2c08dbf,qwen3:30b-a3b,v2,Client interfaces,0.95,false,false,"The fix addresses a compile failure caused by a misplaced declaration in ECPG client code when ENABLE_NLS is defined, specifically making ecpg_gettext() visible to client code where it shouldn't be. This is about client interface compatibility and build correctness, not security or performance."
39,3f411275aa3228c2,qwen3:30b-a3b,v2,"Data types, text & collation",0.95,false,false,"The fix addresses an issue where pg_dump did not correctly emit dependency information for foreign key constraints on partitioned tables, which could cause parallel pg_restore to attempt to recreate the constraints prematurely. This is fundamentally about the correct handling of dependencies during the dump and restore process for partitioned tables."
40,7d742d215ca8394f,qwen3:30b-a3b,v2,Client tools,0.95,false,false,"The fix ensures consistent sorting of triggers and RLS policies by table name instead of OID in pg_dump output, addressing a non-crash, non-security issue related to the order of output objects."
41,ada3b9ee1482de1a,qwen3:30b-a3b,v2,"Data types, text & collation",0.95,false,false,"The fix addresses a compatibility issue in pg_upgrade where tables containing columns of type sql_identifier are rejected, as the representation of this type changed in version 12. This is about ensuring correct handling of data types during database upgrades, specifically related to a type that has undergone a representation change."
42,5cedd5f0586b699c,qwen3:30b-a3b,v2,"Data types, text & collation",0.95,false,false,"The fix addresses a flaw in pg_upgrade's ability to detect data type changes that affect underlying columns in domains or composite types, ensuring accurate migration checks for data type representations."
43,f18bb0e9787f264a,qwen3:30b-a3b,v2,Client tools,0.95,false,false,"The fix addresses a specific behavior in pg_rewind's dry-run mode where pg_control was being incorrectly updated, which could cause subsequent pg_rewind operations to fail. This is about ensuring correct execution of a tool's functionality without altering critical system state during dry runs."
44,8e8ba1a7013bfed1,qwen3:30b-a3b,v2,Client tools,0.95,false,false,"The fix addresses an issue in pg_waldump, a client tool, where it fails when processing a WAL record that ends at a page boundary with the -s option. This is a correctness issue in the tool's handling of WAL records, not related to security, performance, or other categories."
45,5b0a373aa28bd018,qwen3:30b-a3b,v2,Client tools,0.95,false,false,"The fix addresses an issue in pg_waldump, a client tool, where extra newlines were being emitted for WAL records with full-page writes. This is a correctness issue in the output formatting of the tool, not related to query execution, security, or performance."
46,1384a07fdd80227c,qwen3:30b-a3b,v2,Client tools,0.95,true,false,"The fix addresses a small memory leak in pg_waldump, a client tool used for examining WAL (Write-Ahead Logging) files. Memory leaks are a type of memory-safety weakness that can lead to resource exhaustion, so this should be classified under security hardening."
47,e803b4432bba712e,qwen3:30b-a3b,v2,Client interfaces,0.95,false,false,"The fix addresses a regression caused by removing the `pqsignal()` function from libpq, which broke compatibility with older applications like psql. This is about maintaining backward compatibility in client interfaces, not security or performance."
48,7114e2f4c881c127,qwen3:30b-a3b,v2,Build & platform,0.95,false,false,The fix addresses a configuration test for libperl that was failing on recent Red Hat releases due to CFLAGS being set to -O0. This is a build system issue related to compiler flags and platform compatibility.
49,012a5b9b41aa1d44,qwen3:30b-a3b,v2,Build & platform,0.95,false,false,"The fix addresses a compiler-specific issue with spinlock code generation on PowerPC architecture, where the compiler was incorrectly selecting register zero for an assembly instruction that doesn't accept it. This is a build-time issue related to architecture-specific code generation, not a runtime correctness or security issue."
50,5a7dae3d59365342,qwen3:30b-a3b,v2,Build & platform,0.95,false,false,"The fix addresses a compiler option issue specific to the AIX platform and the xlc compiler, preventing an internal compiler error without affecting functionality. It is not related to security, performance, or any of the listed categories except possibly 'Build & platform', which covers build system and compiler concerns."
51,fd238c00e07d47b6,qwen3:30b-a3b,v2,Build & platform,0.95,false,false,"The fix addresses an issue with the MSVC build process when OpenSSL's file path contains spaces, which is a build system or platform compatibility problem."
52,c7c55bb0c0d58c15,qwen3:30b-a3b,v2,"Concurrency, locking & crashes",0.95,true,false,"The fix addresses a security oversight where users could mark objects as dependent on an extension without proper ownership checks, allowing unauthorized users to mark objects for deletion. This is a privilege control issue, not a performance or numeric problem."
53,cb07af365d205190,qwen3:30b-a3b,v2,Execution & correctness,0.95,false,false,"The fix addresses a bug in the TRUNCATE ... CASCADE command when dealing with partitioned tables and foreign key constraints, specifically ensuring that all relevant partitions are truncated to maintain referential integrity. This is about correct behavior of the TRUNCATE command in the context of partitioned tables and foreign keys, which falls under execution and correctness."
54,bc989254c4605de1,qwen3:30b-a3b,v2,Partitioning & inheritance,0.95,false,false,"The fix addresses an issue where foreign key constraints were not properly cloned to sub-partitions when adding a new partition to a multi-level partitioned table, which could lead to constraint violations. This is fundamentally about the behavior of partitioning and how constraints are managed within partitioned tables."
55,d151bc19c1f1cabc,qwen3:30b-a3b,v2,"Concurrency, locking & crashes",0.95,false,false,"The fix addresses a crash occurring during concurrent updates on partitioned tables or inheritance structures, which relates to backend stability under concurrency conditions."
56,aa686bc93d8085fd,qwen3:30b-a3b,v2,Partitioning & inheritance,0.95,false,false,"The fix addresses an issue where row triggers on partitioned tables were not being correctly cloned to sub-partitions during partition creation or attachment, which could lead to missing triggers for user-defined triggers (excluding those for foreign key or deferred unique constraints). This is fundamentally about the behavior of triggers in the context of partitioned tables, which falls under the category of partitioning and inheritance."
57,16f740898069307d,qwen3:30b-a3b,v2,Execution & correctness,0.95,false,false,"The fix addresses the execution of per-column UPDATE triggers in logical replication subscribers, which relates to the correct behavior of triggers during replication, not to query results, performance, or security."
58,471083bc0ffd5d09,qwen3:30b-a3b,v2,Replication & recovery,0.95,false,false,"The fix addresses an issue where large transactions in logical decoding cause failures due to spilling into multiple temporary files, which relates to the handling of transaction data in logical replication."
59,109387af797fbb8e,qwen3:30b-a3b,v2,Replication & recovery,0.95,false,false,"The fix addresses a potential crash or data corruption issue during logical replication when processing row updates, specifically related to columns with pass-by-reference data types not being copied from the publisher. This is fundamentally about backend stability and correctness in replication, not a security or performance issue."
60,a6c107c6a6d195c5,qwen3:30b-a3b,v2,Replication & recovery,0.95,false,false,"The fix addresses a crash occurring in the logical replication subscriber when DDL changes are made to a subscribed relation, which relates to the stability of the replication subsystem under schema modifications."
61,818b2b04dd2b9d09,qwen3:30b-a3b,v2,Replication & recovery,0.95,false,false,"The fix addresses an issue where logical replication publisher fails after a database crash and restart, which relates to the stability and reliability of replication processes following a crash."
62,7373349a796d1361,qwen3:30b-a3b,v2,Replication & recovery,0.95,false,false,"The fix ensures that the advancement of a physical replication slot's position in the WAL stream persists after a server restart, addressing a behavior where the slot's state would reset upon restart. This is about replication slot management and its persistence across restarts, which falls under replication and recovery."
63,fecf9eef5970a3be,qwen3:30b-a3b,v2,Replication & recovery,0.95,false,true,"The fix improves the efficiency of logical replication by changing the tuple search behavior from returning the last matching tuple to the first one during update or delete operations, which is a performance optimization in the replication process."
64,8969c819bf20018c,qwen3:30b-a3b,v2,"Data types, text & collation",0.95,false,false,"The fix addresses an issue where base backup fails when database OIDs exceed INT32_MAX, which relates to handling large numeric values in the backup process. This is not a security vulnerability or performance issue but a data type handling problem."
65,954e0e049e621679,qwen3:30b-a3b,v2,Execution & correctness,0.95,false,false,"The fix addresses a timing issue in parallel query execution where parallel plans are not shut down correctly, leading to temporary file leak warnings in multi-batch parallel hash joins. This is fundamentally about ensuring proper execution and resource management during parallel query processing, which falls under execution correctness and stability."
66,50c8085bbb14dbf3,qwen3:30b-a3b,v2,Execution & correctness,0.95,false,false,"The fix addresses a scenario where a Gather or GatherMerge plan node, when placed under a Limit node, could prematurely shut down, causing failures when the node needs to be scanned multiple times (e.g., in a nested loop). This is fundamentally about query execution logic and plan node behavior, specifically ensuring correct handling of plan nodes during query execution."
67,e8c5d95ba3d907e2,qwen3:30b-a3b,v2,Planner & optimizer,0.95,false,true,"The fix improves the efficiency of parallel hash join operations on systems with many CPU cores, which directly relates to query execution performance. This is a performance optimization rather than a security or correctness issue."
68,63bbf184f1bca06e,qwen3:30b-a3b,v2,"Concurrency, locking & crashes",0.95,false,false,"The fix addresses a crash that occurs during parallel index creation when no dynamic shared memory slots are available, falling back to a non-parallel build to prevent the crash. This is fundamentally about backend stability related to memory allocation during index operations, not about query results, performance, or security."
69,1bf79601054fe9aa,qwen3:30b-a3b,v2,"Concurrency, locking & crashes",0.95,false,false,"The fix addresses a memory leak related to dynamic shared memory slots, which is a stability issue rather than a security vulnerability or performance improvement. It involves backend stability and resource management, falling under the 'Concurrency, locking & crashes' category."
70,374dd26c4eb58169,qwen3:30b-a3b,v2,Indexes,0.95,false,false,"The fix addresses the handling of the CONCURRENTLY option during index operations on temporary tables, which is unnecessary and can cause failures due to ON COMMIT actions. This is about the correct behavior of index operations, specifically related to temporary tables and their constraints."
71,7b586c1640fe1f3a,qwen3:30b-a3b,v2,Indexes,0.95,false,false,"The fix addresses an issue with expression indexes on temporary tables that are configured to delete rows on commit, specifically preventing a potential failure during the reset process. This relates to the correct handling of index operations on temporary tables under specific commit behavior, which falls under index management."
72,d745385e56532cf1,qwen3:30b-a3b,v2,Indexes,0.95,false,false,"The fix addresses a potential crash during BRIN index operations specifically with box, range, and inet data types, which relates to index access method stability and correctness under certain data type conditions."
73,510ea28ee268b757,qwen3:30b-a3b,v2,Indexes,0.95,false,false,"The fix addresses a crash occurring during a recursive page split in GiST index building, which relates to the internal mechanics of index construction and stability. This is a backend stability issue tied to the GiST index implementation, not a security vulnerability or performance improvement."
74,abfb5927e8c6c785,qwen3:30b-a3b,v2,Indexes,0.95,false,false,"The fix addresses issues in GIN index handling related to deleted pages, specifically preventing deadlocks and ensuring correct state updates and traversal. This is fundamentally about index correctness and stability, not security or performance."
75,f79d8b54b644cdf7,qwen3:30b-a3b,v2,Execution & correctness,0.95,false,false,"The fix addresses a potential crash when using a SubPlan (sub-SELECT) inside a multi-row VALUES list, which relates to backend stability during query execution. This is not a security issue or performance improvement but a correctness issue in query execution."
76,298d1b13eccfcf4c,qwen3:30b-a3b,v2,Execution & correctness,0.95,false,false,"The fix addresses an issue where altering a table with a column referenced in a generated expression fails if the column was added or had its type changed earlier in the same ALTER command. This is fundamentally about the correctness of SQL semantics during execution, specifically related to generated columns and their dependencies in ALTER TABLE operations."
77,fe6ff3a473d917b8,qwen3:30b-a3b,v2,Execution & correctness,0.95,false,false,"The fix addresses an issue where default values for columns added via ALTER TABLE were not being correctly inserted during tuple conversion, leading to incorrect NULL values instead of the expected defaults. This is fundamentally about ensuring correct data handling during table modifications and query execution, specifically related to default value behavior in column additions."
78,03e36dec9e73b18c,qwen3:30b-a3b,v2,"Concurrency, locking & crashes",0.95,false,false,"The fix addresses a panic in the checkpointer process due to opening relation segments that may have been removed, which relates to backend stability and process crashes not tied to a specific component."
79,77aca30515e6418e,qwen3:30b-a3b,v2,"Concurrency, locking & crashes",0.95,false,false,"The fix addresses a crash that occurs after a FileClose() failure, specifically when data_sync_retry is enabled. This is a backend stability issue related to handling file operations, which falls under crashes or assertions, not a security vulnerability or performance improvement."
80,03dd523315985073,qwen3:30b-a3b,v2,Execution & correctness,0.95,false,false,"The fix addresses an issue with the handling of multiple AFTER ROW triggers on a foreign table, which relates to the behavior of triggers during data modification operations on foreign tables. This is about the correctness of trigger execution, not performance or security."
81,9253064361533318,qwen3:30b-a3b,v2,"Concurrency, locking & crashes",0.95,false,false,"The fix addresses a crash related to aggregate transition states when passed by reference, which is a backend stability issue not tied to a specific component like indexing or replication. This falls under crashes or assertions, so it belongs to category 6."
82,7c1935e6d8fdbbaf,qwen3:30b-a3b,v2,"Data types, text & collation",0.95,false,false,"The fix addresses an issue where error messages for to_date() and to_timestamp() could truncate input strings at the middle of a multi-byte character, causing improperly encoded error messages. This is fundamentally about improving error message handling for text processing functions, which falls under data types, text & collation."
83,4580f8ae41bff24d,qwen3:30b-a3b,v2,"Numeric, overflow & limits",0.95,false,false,"The fix addresses an incorrect result in the EXTRACT function for ISOYEAR when dealing with BC dates, specifically an off-by-one error. This is a correctness issue in the handling of date and time semantics, not a security or performance problem."
84,9b8dc8c8c55ca486,qwen3:30b-a3b,v2,"Data types, text & collation",0.95,false,false,"The fix addresses a specific issue with the behavior of the char type's <> operator when encountering indeterminate collation, ensuring it reports the correct error message instead of a misleading cache lookup failure. This is fundamentally about data type and collation handling, not performance, security, or other categories."
85,c7bf4d86dd9f8bcb,qwen3:30b-a3b,v2,"Concurrency, locking & crashes",0.95,false,false,"The fix addresses a refactoring oversight where TID scans were incorrectly treated as sequential scans, leading to unnecessary predicate locks in serializable transactions. This affects transaction behavior and locking, not query results or performance."
86,75d527dc841cac8c,qwen3:30b-a3b,v2,"Concurrency, locking & crashes",0.95,false,false,"The fix addresses a stack overflow issue caused by a self-referential view in the information_schema, which leads to infinite recursion during metadata queries. This is a stability issue related to backend behavior, not a security vulnerability or performance improvement."
87,edee48d8b121344f,qwen3:30b-a3b,v2,Replication & recovery,0.95,false,false,"The fix ensures that the walsender process correctly displays NULL for the transaction start time in pg_stat_activity, addressing a display inconsistency where it previously showed the process start time instead. This is about correct behavior in the statistics view, not a security or performance issue."
88,d1cbd026a0a336c7,qwen3:30b-a3b,v2,Planner & optimizer,0.95,false,true,"The fix improves the performance of hash joins when the inner relation is very large, which directly relates to query execution efficiency. This is a performance optimization, not a security or correctness issue."
89,45ba373a4612435f,qwen3:30b-a3b,v2,Replication & recovery,0.95,false,true,"The fix addresses reducing spinlock contention caused by numerous active walsender processes, which relates to concurrency and locking mechanisms within the replication subsystem."
90,80a5eb4ecae65fb4,qwen3:30b-a3b,v2,Execution & correctness,0.95,false,false,"The fix addresses an issue in the EXPLAIN output formatting, specifically the placement of the 'Subplans Removed' field in non-text output formats, which was causing syntactically invalid output. This is about the correct presentation of query plan details in the output, not about query results, performance, or security."
91,196914fc88aa47bb,qwen3:30b-a3b,v2,Execution & correctness,0.95,false,false,"The fix addresses an issue where EXPLAIN's SETTINGS option did not correctly display empty values in non-text output formats, ensuring that fields appear as requested even when empty. This is about the correct behavior of the EXPLAIN command's output formatting, which falls under the execution and correctness of query result presentation."
92,2063683c646dce25,qwen3:30b-a3b,v2,Planner & optimizer,0.95,false,false,"The fix addresses a performance issue related to query planning for partitioned tables, specifically allowing the planner to use child-table statistics when the user has read permissions on the parent table column. This was a regression from a security fix (CVE-2017-7484) that unnecessarily restricted planner optimizations for partitioned tables when permissions were granted only on the parent table. The core issue is about query planning and optimization, not security or performance improvements in the strict sense."
93,3b00d34699e47ea4,qwen3:30b-a3b,v2,Planner & optimizer,0.95,false,false,"The fix addresses an issue in the query planner where overly-aggressive join collapsing to single-row subqueries caused planner errors, specifically failing to construct the join relation. This is fundamentally about the query planning process and how joins are handled during optimization."
94,a41fde95f04c468d,qwen3:30b-a3b,v2,Planner & optimizer,0.95,false,false,"The fix addresses a planner error related to matching a LIKE or regex pattern-match operator to a binary-compatible index opclass, which is fundamentally about query planning and optimization."
95,f4f391b30d43d8c0,qwen3:30b-a3b,v2,Planner & optimizer,0.95,false,false,"The fix addresses crashes and incorrect selectivity calculations specifically for the <@ and @> range operators, which are related to query planning and optimization. This falls under the planner & optimizer category as it involves cost and selectivity estimation during query planning."
96,65cf9a3989213c88,qwen3:30b-a3b,v2,Planner & optimizer,0.95,false,false,"The fix addresses an issue with the planner's estimation of query execution costs when using extended statistics for OR clauses, specifically related to most-common-value statistics. This falls under query planning and optimization."
97,3070a63fe0edbb81,qwen3:30b-a3b,v2,Planner & optimizer,0.95,false,false,"The fix addresses a planner error related to most-common-value extended statistics by ignoring system columns, which prevents a specific planner error (negative bitmapset member not allowed). This is fundamentally about query planning and optimization, specifically how statistics are applied during the planning phase."
98,2750a180ac8f9ae3,qwen3:30b-a3b,v2,Indexes,0.95,false,false,"The fix addresses a specific issue in BRIN index cost estimation logic when dealing with hypothetical indexes, ensuring the planner can correctly handle such cases without attempting physical access to non-existent index metadata."
99,a5424f57432f2902,qwen3:30b-a3b,v2,Execution & correctness,0.95,false,false,"The fix improves error reporting for a scenario where automatic updating of views with conditional INSTEAD rules is attempted, which has never been supported. The issue is about incorrect SQL semantics during execution, specifically related to view updates and rules, which falls under the 'Execution & correctness' category. There is no indication of security hardening or performance improvement."
100,ba94f8e712559cb0,qwen3:30b-a3b,v2,"Data types, text & collation",0.95,false,false,"The fix prevents a composite type from being indirectly included in itself via a range type, addressing a structural issue in type handling that could lead to incorrect behavior or crashes when dealing with composite types and range types. This is fundamentally about data type semantics and correctness, not performance or security."
101,c0251f5ca3835ff3,qwen3:30b-a3b,v2,Partitioning & inheritance,0.95,false,false,"The fix prevents using partition key expressions that return pseudo-types like 'record', which is a correctness issue related to partitioning logic. This is not a security or performance fix."
102,0522954063c6c6ac,qwen3:30b-a3b,v2,Indexes,0.95,false,false,"The fix addresses an error reporting issue related to index expressions involving prohibited types, which falls under the handling of index expressions and their validity checks. This is not a security or performance issue but rather a correctness issue in how errors are reported for index expressions."
103,26324786b04db761,qwen3:30b-a3b,v2,Client tools,0.95,false,false,"The fix addresses an issue with dumping views that contain a VALUES list, specifically when a view's output column has been renamed. This relates to the correct handling of view definitions during dump operations, which falls under client tools as it involves the pg_dump utility."
104,8ef401d68537c99f,qwen3:30b-a3b,v2,"Data types, text & collation",0.95,false,false,"The fix addresses a dependency tracking issue in XMLTABLE constructs within views or rules, ensuring that data types and collations used in these constructs are properly accounted for in dependency computation. This prevents breaking views when a referenced type is dropped, which is a correctness issue related to how dependencies are managed during view or rule creation."
105,204692286dc581d5,qwen3:30b-a3b,v2,"Data types, text & collation",0.95,false,false,"The fix addresses a parser issue in pg_hba.conf where RADIUS authentication parameters were incorrectly processed as SQL identifiers, leading to unintended downcasing and truncation. This is a correctness issue in how the parser handles non-SQL identifier fields."
106,258402208247a951,qwen3:30b-a3b,v2,Client interfaces,0.95,false,false,"The fix addresses the timing of sending NOTIFY messages relative to ReadyForQuery in client communication, ensuring notifications are delivered before the client considers the transaction complete. This is about the correct sequencing of messages in the client-server interaction, not a security issue or performance improvement."
107,2a12f41ecc63040a,qwen3:30b-a3b,v2,Client interfaces,0.95,false,false,"The fix addresses issues with non-blocking I/O handling in GSSAPI encryption, specifically preventing data loss and livelock scenarios, and ensuring proper encryption state management across multiple connections. This is fundamentally about client-side protocol and connection handling, not security hardening or performance."
108,669d49f1e436a3b6,qwen3:30b-a3b,v2,Client interfaces,0.95,false,false,"The fix allows libpq to parse GSS-related connection parameters regardless of whether GSSAPI support is compiled in, aligning with SSL parameter handling. This is about client interface behavior, not security hardening or performance."
109,a15d22c0f82c9c4e,qwen3:30b-a3b,v2,"Data types, text & collation",0.95,false,false,"The fix addresses an off-by-one error in the ECpg timestamp formatting function, which caused incorrect month names or potential crashes. This is a correctness issue in the client interface's handling of date formatting, not a security vulnerability or performance improvement."
110,1cb04f4e073e6aaf,qwen3:30b-a3b,v2,Client interfaces,0.95,false,false,"The fix addresses a crash occurring after an out-of-memory failure in ecpglib, which is a client-side library for embedding SQL in C programs. The crash is due to improper handling of memory allocation failures, leading to a program termination. This is a stability issue related to memory management, not a security vulnerability or performance improvement."
111,709d35d74a3b0794,qwen3:30b-a3b,v2,Client tools,0.95,false,false,"The fix addresses an issue where parallel pg_dump or pg_restore fails to create worker processes, which is a client tool issue related to process management during backup operations."
112,94b747bb1e9fb6d1,qwen3:30b-a3b,v2,"Concurrency, locking & crashes",0.95,false,false,"The fix addresses a potential crash or lockup during the termination of parallel pg_dump/pg_restore processes via signals, which relates to backend stability and process management under signal handling."
113,560e91267168ffda,qwen3:30b-a3b,v2,Indexes,0.95,false,false,"The fix addresses a specific issue in pg_upgrade where it failed to properly inspect arrays and ranges for non-upgradable data types during the upgrade process, ensuring that all relevant data types are correctly identified and handled."
114,cf0de4fe109e3e0d,qwen3:30b-a3b,v2,Client tools,0.95,false,false,"The fix addresses syntax checking for the `createuser` command's `--connection-limit` option, which is a client tool command-line interface issue. It ensures proper validation of the input syntax for this option, preventing invalid or malformed inputs from causing errors or unexpected behavior."
115,e014b7b038960d92,qwen3:30b-a3b,v2,"Data types, text & collation",0.95,false,false,"The fix addresses an issue where dropping and re-creating a composite type referenced by a PL/pgSQL variable causes errors, specifically related to the handling of composite types within PL/pgSQL variables. This is about the correct behavior of PL/pgSQL when dealing with composite types, which falls under the category of ""Data types, text & collation"" as it involves the semantics of data types and their usage in PL/pgSQL."
116,16dc2eb7a01f13c2,qwen3:30b-a3b,v2,Extensions & contrib,0.95,false,false,"The fix addresses a crash occurring when using postgres_fdw to send a specific UPDATE command with a subquery to a remote server, which relates to the behavior of the foreign data wrapper in handling such queries."
117,2b0249b5429d9d11,qwen3:30b-a3b,v2,"Concurrency, locking & crashes",0.95,false,false,"The fix addresses a validation issue in the 'dict_int' contrib module, specifically rejecting invalid 'maxlen' settings that are less than one to prevent crashes. This is fundamentally about ensuring correct input validation to avoid backend crashes, which falls under 'Concurrency, locking & crashes' as it prevents a crash condition."
118,acad92fb04e8cb62,qwen3:30b-a3b,v2,"Data types, text & collation",0.95,false,false,"The fix addresses a crash caused by allowing NULL category values in the crosstab() function, which was never functional and led to crashes on certain platforms. This is a correctness issue related to the function's behavior, not a security vulnerability or performance improvement."
119,11a2495b9940fa85,qwen3:30b-a3b,v2,Build & platform,0.95,false,false,"The fix addresses a configuration probe for OpenSSL's SSL_clear_options() function to work with older OpenSSL versions, ensuring SSL compression settings are correctly applied. This is not a security hardening issue as it's about compatibility and configuration, not closing a vulnerability."
120,6c260bb7c7a2a49a,qwen3:30b-a3b,v2,Client interfaces,0.95,false,false,"The fix addresses the accessibility of certain GUC variables on Windows by marking them with PGDLLIMPORT, enabling extensions to access these variables. This is about making internal server variables available to extensions, which falls under client interfaces or extensions, but the primary focus is on enabling extension access to server variables, which is a client interface concern."
121,3cf269585eeee3dd,qwen3:30b-a3b,v2,"Concurrency, locking & crashes",0.95,false,false,"The fix addresses a memory leak in memory context sanity checks, which is a stability issue related to memory management. This is not a security vulnerability but a memory management problem that could cause crashes or resource exhaustion in debug builds."
122,03e6f669978c8f1d,qwen3:30b-a3b,v2,"Concurrency, locking & crashes",0.95,false,false,"The fix addresses an issue in the LWLock statistics mechanism where multiple entries for the same LWLock and backend process were being reported due to faulty hashtable key creation. This is a correctness issue in the statistics reporting code, not a security vulnerability or performance improvement."
123,6ad5d707a66fe00a,qwen3:30b-a3b,v2,"Concurrency, locking & crashes",0.95,false,false,"The fix addresses a race condition affecting interprocess signal delivery on Windows, specifically impacting NOTIFY functionality and potentially other operations. This is a concurrency issue related to process synchronization, not a security vulnerability or performance improvement."
124,904b7f5ef98c3fa0,qwen3:30b-a3b,v2,Build & platform,0.95,false,false,"The fix addresses a corner-case error handling issue with Windows' ReadFile() function, which only caused noisy log messages without affecting query results or behavior. This is not a security vulnerability or performance issue, but rather a minor stability or logging concern related to the operating system interface."
125,c1d8f8e73b99a063,qwen3:30b-a3b,v2,Build & platform,0.95,false,false,"The fix addresses a Windows-specific issue where file access fails due to a file being flagged for deletion but not yet removed, causing failures in operations like pg_ctl checking if the postmaster has shut down. This is about handling a transient file access error, not a security vulnerability or performance issue."
126,95be23630e1e0b79,qwen3:30b-a3b,v2,Build & platform,0.95,false,false,"The fix addresses a Windows-specific issue where a sharing violation occurs with the postmaster's log file when pg_ctl is used to restart the server immediately after stopping it. This is a platform-specific file handling problem related to Windows file sharing semantics, not a security vulnerability, performance issue, or a core database functionality."
127,b7b4534d9a2fa3c3,qwen3:30b-a3b,v2,Execution & correctness,0.95,false,false,"The fix addresses a scenario where a GENERATED column, which duplicates another column's value, could cause a crash or corrupt data due to a pass-by-reference data type handling issue. This is fundamentally about incorrect behavior during query execution, specifically related to generated columns and their semantics."
128,ddd687a63b6f46c5,qwen3:30b-a3b,v2,"Data types, text & collation",0.95,false,false,"The fix addresses how generated columns are handled during table inheritance, specifically disallowing changes to generation properties when the parent column is already marked as GENERATED, and allowing a child column to be marked GENERATED if the parent isn't. This relates to the behavior of generated columns in inheritance structures, which falls under the category of data-type behavior and semantics."
129,4803a2f5a666eb55,qwen3:30b-a3b,v2,"Data types, text & collation",0.95,false,false,"The fix addresses an issue where a CREATE TABLE ... LIKE statement failed to copy a GENERATED expression that references a column defined later in the table. This relates to the handling of generated columns during table creation, specifically ensuring that cross-column references are correctly processed. The problem is about the correctness of the SQL semantics during table definition, not a security or performance issue."
130,ceabcc999a41c7e9,qwen3:30b-a3b,v2,Indexes,0.95,false,false,"The fix ensures that when the storage type of a table column is altered using ALTER TABLE ... SET STORAGE, the corresponding indexes on that column are also updated to reflect the new storage setting. This addresses consistency between table columns and their indexes, which falls under the category of Indexes as it directly involves index behavior and maintenance."
131,1e2d9c4f9ed065cf,qwen3:30b-a3b,v2,Indexes,0.95,false,false,"The fix addresses a specific issue where the 'indisclustered' setting of indexes was not preserved during an ALTER TABLE operation that rewrites indexes. This relates to the correct behavior of index management during table alterations, specifically maintaining the cluster status of indexes."
132,193503e35d0fefee,qwen3:30b-a3b,v2,Replication & recovery,0.95,false,false,"The fix addresses preserving replica identity properties of indexes during ALTER TABLE operations, which relates to replication behavior and index management. This is not a security or performance issue, but rather a correctness issue in how indexes are handled during table alterations in a replication context."
133,b4dc3daa676189f5,qwen3:30b-a3b,v2,Indexes,0.95,false,false,"The fix addresses preserving the 'indisclustered' setting for indexes rebuilt with REINDEX CONCURRENTLY, which relates to index behavior and correctness during rebuild operations."
134,d8a3dd74c478ecf6,qwen3:30b-a3b,v2,"Concurrency, locking & crashes",0.95,false,false,"The fix addresses a race condition during the DROP OWNED BY operation by locking objects sooner, preventing failures when another session is concurrently deleting objects. This is fundamentally about concurrency and locking, not about query results, performance, or security."
135,b55b19fe65bb39b5,qwen3:30b-a3b,v2,Execution & correctness,0.95,false,false,"The fix addresses an error-handling issue in the CREATE ROLE ... IN ROLE command, specifically ensuring that error messages are correctly reported instead of being misreported as unexpected node types. This is about correct SQL semantics during execution, not about performance, security, or other categories."
136,6281124dd59ceffd,qwen3:30b-a3b,v2,Execution & correctness,0.95,false,false,"The fix addresses the removal of triggers cloned from a parent table when a partition is detached, which relates to the behavior of triggers in partitioned tables. This is about ensuring correct trigger management during partition detachment, falling under the category of 'Execution & correctness' as it pertains to the correct behavior of triggers during execution."
137,22966f4d968537ae,qwen3:30b-a3b,v2,"Data types, text & collation",0.95,false,false,"The fix addresses a crash that occurs when applying COLLATE to a non-collatable type in a partition bound expression. This is fundamentally about handling incorrect usage of COLLATE with types that don't support it, which falls under data type behavior and text handling. The crash is due to an invalid operation, not a security vulnerability or performance issue."
138,a87c9aef76674ce7,qwen3:30b-a3b,v2,Indexes,0.95,false,false,"The fix addresses a theoretical inconsistency in how unique indexes interact with partitioning keys, specifically ensuring that the equality semantics of the index align with the partitioning key's behavior. This is about correctness in index behavior with partitioned tables, not performance or security."
139,5a20a42b0b4b1018,qwen3:30b-a3b,v2,"Data types, text & collation",0.95,false,false,"The fix ensures that users with the pg_read_all_stats role can access all statistics views, addressing a permissions issue where the underlying functions for pg_stat_progress_* views were not properly configured for this role. This is about correct access control and role-based permissions for statistics views."
140,edf79fef747573c8,qwen3:30b-a3b,v2,Planner & optimizer,0.95,false,true,"The fix addresses a performance regression in the information_schema.triggers view by optimizing query execution through better query planning, specifically allowing a WHERE clause to be pushed down into the view for efficiency. This is a performance improvement, not a security or correctness issue."
141,24932d90480c6e97,qwen3:30b-a3b,v2,"Numeric, overflow & limits",0.95,false,true,"The fix addresses a performance regression caused by unnecessary calls to `isinf()` in hot code paths, specifically related to floating point overflow/underflow detection. This is a performance improvement, not a security issue or a correctness problem."
142,978707ddd1960fd9,qwen3:30b-a3b,v2,Execution & correctness,0.95,false,false,"The fix addresses an issue in full-text search where the NOT operator combined with a phrase search (e.g., !(foo<->bar)) did not correctly find matching rows when using GiST or GIN indexes. This is about the correct behavior of query execution involving full-text search operators and index types, specifically related to how the query is processed and indexed."
143,7b7be000271f8f3b,qwen3:30b-a3b,v2,Execution & correctness,0.95,false,false,"The fix addresses an issue in full-text search functionality where phrase searches with specific conditions (prefix matching and weight restrictions) were not working correctly, which falls under the execution and correctness of query results."
144,7698088042fd6662,qwen3:30b-a3b,v2,"Data types, text & collation",0.95,false,false,"The fix addresses the behavior of the ts_headline() function when handling phrase queries, which is related to how text is processed and highlighted in full-text search. This falls under text and collation handling, specifically within the data types, text & collation category."
145,117350329d48bd49,qwen3:30b-a3b,v2,Indexes,0.95,false,true,"The fix addresses an issue in the GIN index's fuzzy search functionality where a small value of gin_fuzzy_search_limit caused inefficient rescanning of index pages and incorrect filtering, leading to performance degradation and potential incorrect results. This is fundamentally about index processing and behavior, specifically within the GIN index implementation."
146,18bce7f67dc6e225,qwen3:30b-a3b,v2,"Data types, text & collation",0.95,false,false,"The fix allows the circle data type to accept the input format (x, y), r as documented, addressing a discrepancy between the documentation and the actual implementation. This is about the correct handling of input formats for a data type, which falls under data type behavior."
147,2ba1c4a9097c6cb8,qwen3:30b-a3b,v2,"Data types, text & collation",0.95,false,false,"The fix addresses a limitation in the get_bit() and set_bit() functions where they could not handle bytea strings longer than 256MB due to the bit number argument being limited to int4. This is fundamentally about extending the functionality of these functions to work with longer bytea strings, which falls under data type behavior and text handling."
148,f68e0bf01df3b5fd,qwen3:30b-a3b,v2,"Concurrency, locking & crashes",0.95,false,false,"The fix addresses a race condition where file-not-found errors occur during directory listing operations, specifically in pg_ls_waldir() and related functions. This is a stability issue related to handling concurrent file system changes, not a security vulnerability or performance improvement."
149,c62f69a79a4b6da5,qwen3:30b-a3b,v2,"Concurrency, locking & crashes",0.85,false,false,"The fix addresses a potential leak of an open file descriptor for a directory in several functions, which is a resource management issue related to file handling. This is not a security vulnerability in the traditional sense (like buffer overflows), but it could lead to resource exhaustion or other issues if not properly managed."
150,dbee6a8634e0a58a,qwen3:30b-a3b,v2,"Data types, text & collation",0.95,false,false,"The fix addresses a type resolution issue in polymorphic functions, specifically ensuring correct inference of the actual type for an anyarray output when provided with an anyrange input. This relates to how PostgreSQL handles data types and function signatures during query execution, not to performance, security, or other categories."
151,a8654bd0d3c7b5a3,qwen3:30b-a3b,v2,Client interfaces,0.95,false,false,"The fix addresses a specific issue in the server's connection-startup logic where a GSSAPI connection attempt fails due to missing compilation support, causing the server to incorrectly report an unsupported frontend protocol when the client tries SSL instead. This is fundamentally about the handling of client connection protocols and error reporting during the startup phase, which falls under client interfaces as it involves the protocol handling between client and server."
152,d3a24c8a0c92f0ef,qwen3:30b-a3b,v2,Client interfaces,0.95,true,false,"The fix addresses a memory leakage issue specifically related to GSSAPI encryption in both the backend and libpq, which is a security and memory-safety concern."
153,7e715488896c1567,qwen3:30b-a3b,v2,Execution & correctness,0.95,false,false,"The fix addresses a memory leak related to a set-returning function in the FROM clause, which is a resource management issue during query execution, not a security vulnerability or performance improvement."
154,972f59ad1e014b18,qwen3:30b-a3b,v2,"Concurrency, locking & crashes",0.95,true,false,"The fix addresses a memory management issue where hashed subplan hash tables were not properly cleared between query executions, leading to potential memory bloat. This is a memory safety issue related to improper resource handling, not a numeric overflow or performance improvement."
155,e9be3e30c6f837d9,qwen3:30b-a3b,v2,Planner & optimizer,0.95,false,true,"The fix addresses the planner's handling of domain coercions that do not change the data, specifically removing unnecessary coercions from expressions to improve query planning efficiency."
156,32007ee0615e8ad1,qwen3:30b-a3b,v2,"Concurrency, locking & crashes",0.95,false,false,"The fix addresses a crash that occurs when a REINDEX operation is interrupted by a session-shutdown signal, which relates to backend stability during operation termination. This is not a security issue or performance improvement but rather a stability concern in the execution phase."
157,d78a84bee89ac306,qwen3:30b-a3b,v2,Planner & optimizer,0.95,false,false,"The fix addresses the issue of printing potentially incorrect statistics related to hash join tables in EXPLAIN output, which is about the accuracy of query planning and optimization information displayed to users. This falls under the planner and optimizer category as it pertains to the display of statistics used in query planning."
158,a35e2705b60c7112,qwen3:30b-a3b,v2,"Storage, vacuum & TOAST",0.95,false,false,"The fix addresses the reporting of elapsed time during heap truncation steps in VACUUM VERBOSE, which is related to the internal timing and output of the VACUUM process. This is about the accuracy of the timing information provided during the VACUUM operation, not about query results, performance, or security."
159,8a39a23206522f84,qwen3:30b-a3b,v2,Indexes,0.95,false,false,"The fix addresses an issue in VACUUM VERBOSE output where B-tree index pages marked for deletion were not being counted correctly, which affects the accuracy of the output but does not involve query results, security, or performance. This is a correctness issue related to index maintenance."
160,0f98f7ac7aeac449,qwen3:30b-a3b,v2,Indexes,0.95,false,false,"The fix addresses a bookkeeping error in B-tree index management related to tracking the oldest deleted page, which affects VACUUM's decision-making for index cleanup scans. This is a correctness issue within index management, not a security or performance fix."
161,3ee01509dc7332d6,qwen3:30b-a3b,v2,Replication & recovery,0.95,false,false,"The fix ensures that timeline history read and write operations consistently report their wait states across all code paths, addressing a potential issue in the reporting mechanism for these operations within the replication and recovery subsystem."
162,a4b795081185ee9c,qwen3:30b-a3b,v2,"Concurrency, locking & crashes",0.95,false,false,"The fix addresses a potential issue where a process's status might incorrectly display 'waiting' twice in the PS status output, which relates to how process status is reported in the system. This is not a security vulnerability or performance issue but rather a correctness issue in process status reporting."
163,9ae5733602383d42,qwen3:30b-a3b,v2,"Concurrency, locking & crashes",0.95,false,false,"The fix addresses a race condition during the ANALYZE operation when replacing catalog tuples for extended statistics data, which relates to concurrent access and stability in the catalog management system."
164,60a1f85060cda935,qwen3:30b-a3b,v2,"Storage, vacuum & TOAST",0.95,false,false,"The fix addresses a corner case in autovacuum where it would repeatedly attempt and skip the same vacuum job, leading to a loop. This is fundamentally about the behavior of the vacuum process, which falls under storage management and space management."
165,0c21cd568a4f7a84,qwen3:30b-a3b,v2,Indexes,0.95,false,false,"The fix addresses a specific issue in B-tree index storage where INCLUDE'd columns were not being properly removed from pivot tuples, leading to unnecessary space usage. This is a storage efficiency issue within the index structure, not a correctness or security problem."
166,da450eada5bcd842,qwen3:30b-a3b,v2,"Storage, vacuum & TOAST",0.95,false,false,"The fix addresses invalid TOAST indexes remaining after a failed REINDEX CONCURRENTLY operation, which relates to storage management and TOAST handling. This is not a security issue or performance improvement."
167,c216aa8c71db9a5b,qwen3:30b-a3b,v2,Indexes,0.95,false,false,"The fix addresses an issue where a failed REINDEX CONCURRENTLY operation could leave an old index without proper dependencies (pg_depend links), which would prevent the index from being automatically dropped when the parent table is dropped. This is fundamentally about ensuring correct index management and dependency tracking, which falls under the 'Indexes' category."
168,2a6e95f520949fe7,qwen3:30b-a3b,v2,"Concurrency, locking & crashes",0.95,false,false,"The fix addresses a scenario where autovacuum attempts to access a temporary schema that has been dropped, which could lead to a crash or unexpected behavior. This is fundamentally about backend stability and preventing crashes, not about query results, performance, or security."
169,6195c39daf65e1e7,qwen3:30b-a3b,v2,Replication & recovery,0.95,false,false,"The fix addresses a potential issue where WAL segments were being recycled prematurely during crash recovery before being archived, which could lead to data loss or corruption if the archive process was not completed. This is fundamentally about the reliability of WAL management during recovery, which falls under the 'Replication & recovery' category."
170,fa2c9098364db12d,qwen3:30b-a3b,v2,Replication & recovery,0.95,false,true,"The fix addresses a performance issue in archive recovery by avoiding unnecessary scans of irrelevant timelines, which reduces the number of attempts to fetch non-existent WAL files from slow archive storage."
171,3eb924a32fe2436a,qwen3:30b-a3b,v2,Execution & correctness,0.95,false,false,"The fix addresses a condition in logical decoding where a subtransaction was being logged without a corresponding top-level transaction record, which was incorrectly flagged as an error. This is about ensuring correct behavior in logical decoding, which falls under the execution and correctness of the system."
172,7822062ff1efb4c7,qwen3:30b-a3b,v2,Replication & recovery,0.95,false,false,"The fix addresses a potential failure in replication slot management where WAL data might be removed too early, causing issues in replication. This relates to replication stability and data integrity during replication processes."
173,0bf38cf8f103e212,qwen3:30b-a3b,v2,Replication & recovery,0.95,false,false,"The fix addresses a failure in releasing a lock on a replication slot's io_in_progress_lock during error conditions, which could cause a walsender to become stuck. This is a concurrency and stability issue related to replication."
174,a94092c58b939777,qwen3:30b-a3b,v2,Execution & correctness,0.95,false,false,"The fix addresses how generated columns are processed during updates from logical replication, ensuring they are correctly handled. This relates to the execution of queries involving generated columns, which falls under the category of execution and correctness."
175,ecba8dfcbc9a449f,qwen3:30b-a3b,v2,Replication & recovery,0.95,false,false,"The fix addresses race conditions in synchronous standby management, specifically related to decisions about releasing transactions waiting for synchronous commit during changes to the synchronous_standby_names setting or when a walsender process exits and is replaced. This involves concurrency and locking issues in the replication subsystem."
176,d03832080dbf3159,qwen3:30b-a3b,v2,Execution & correctness,0.95,false,false,"The fix adds missing SQLSTATE values to error reports, which relates to the standardization and correctness of error reporting in PostgreSQL. This is about ensuring that error messages conform to the SQL standard by providing the correct SQLSTATE codes, which is a part of the error handling mechanism during query execution."
177,bdedc230b472db7b,qwen3:30b-a3b,v2,Build & platform,0.95,false,false,"The fix addresses a specific behavior in PL/pgSQL where it was not properly preventing the execution of an event trigger function as a regular function, which could lead to incorrect or unintended behavior. This is fundamentally about ensuring correct execution semantics for trigger functions within the PL/pgSQL procedural language."
178,0295ed64257d87be,qwen3:30b-a3b,v2,Client interfaces,0.95,false,false,"The fix addresses a memory leak in libpq during SSL certificate verification when using sslmode=verify-full, which is a resource management issue rather than a security vulnerability or performance improvement. The memory leak could lead to resource exhaustion over time but does not directly involve a security weakness like buffer overruns or injection."
179,5980de7b47aaba41,qwen3:30b-a3b,v2,Client tools,0.95,false,false,"The fix addresses a specific behavior in ecpg (Embedded SQL for C) where an argument of just '-' should be interpreted as reading from standard input across all platforms. This is a client tool behavior adjustment, not related to security, performance, or other categories like execution correctness or data types."
180,5cdf8c6bd2d4a851,qwen3:30b-a3b,v2,Client tools,0.95,false,false,"The fix addresses a crash in the psql client when trying to reconnect after a failed connection, which relates to client tool stability and behavior."
181,78521f2b3954713b,qwen3:30b-a3b,v2,Client tools,0.95,false,false,"The fix allows tab-completion for the filename argument in the psql '\gx' command, which is a feature enhancement for the command-line interface of the psql client tool. This is about improving user experience in the client tool, not about performance, security, or any other category."
182,2de17bd16ab13b54,qwen3:30b-a3b,v2,Client tools,0.95,false,false,"The fix adds support for 'ALTER ... DEPENDS ON EXTENSION' in pg_dump, which previously ignored these dependencies, leading to issues during dump/restore or pg_upgrade. This is about ensuring correct handling of database object dependencies in the client tool pg_dump."
183,51ea93c213134dcb,qwen3:30b-a3b,v2,Client tools,0.95,false,false,"The fix addresses an issue where pg_dump was not correctly dumping comments associated with Row-Level Security (RLS) policy objects, which is a functionality related to the client tool pg_dump. This is not a security hardening or performance issue but rather a correction in the behavior of a client tool."
184,b9969e2b98c5b8c9,qwen3:30b-a3b,v2,Client tools,0.95,false,false,"The fix addresses a timing issue in pg_dump where event triggers are restored too early, potentially interfering with the restoration of other objects. The core issue is about the sequence of operations during the dump and restore process to ensure correctness."
185,4a8a5d2ed981002f,qwen3:30b-a3b,v2,Client tools,0.95,false,false,"The fix ensures pg_basebackup produces tar files compliant with POSIX specifications by preventing partial zero blocks at the end of files, which is a correctness issue in the client tool's output format."
186,cabd9adeb7d6e8fe,qwen3:30b-a3b,v2,"Storage, vacuum & TOAST",0.95,false,false,"The fix addresses a specific issue in pg_checksums where it was processing tablespace subdirectories belonging to a different PostgreSQL major version, which are not part of the current cluster. This is about ensuring the tool correctly identifies and skips irrelevant directories, which falls under storage management and cluster integrity."
187,423a8e7c74ee7eb5,qwen3:30b-a3b,v2,Client tools,0.95,false,false,"The fix addresses ignoring temporary copies of pg_internal.init in pg_checksums and related programs, which relates to handling of internal files during checksum operations. This is about the correctness of checksum programs, not security or performance."
188,5409a743713957b3,qwen3:30b-a3b,v2,Client tools,0.95,false,false,"The fix addresses the quoting of command-line options in the createdb utility, specifically for encoding and locale settings. This is about correct handling of user input in a client tool, ensuring proper syntax and avoiding potential issues with special characters in the arguments."
189,8e51d32ff7ae9479,qwen3:30b-a3b,v2,Execution & correctness,0.95,false,false,"The fix addresses a crash in the 'lo_manage()' function when called directly, not as a trigger. This is a stability issue related to function invocation, not a security vulnerability or performance improvement."
190,f8fc27af41343cea,qwen3:30b-a3b,v2,"Data types, text & collation",0.95,true,false,"The fix addresses a potential overflow in the length fields of ltree and lquery data types within the ltree contrib module, which could lead to memory safety issues."
191,3f8cd95006def8b8,qwen3:30b-a3b,v2,"Data types, text & collation",0.95,false,false,"The fix addresses a specific issue in the 'pageinspect' contrib module where the 'bt_metap()' function fails when the oldest_xact value exceeds 2^31-1, by widening the output argument to int8 to handle larger values and report them as negative integers instead of throwing an error. This is fundamentally about handling numeric overflow in a data type's representation within a contrib module."
192,e27f47f59bb65ae8,qwen3:30b-a3b,v2,Extensions & contrib,0.95,true,false,"The fix addresses a cache reference leak in the sepgsql contrib module, which is a security module for SELinux integration. A reference leak is a memory management issue that could lead to resource exhaustion or potential security vulnerabilities if not properly handled."
193,05f73a5594e79fdd,qwen3:30b-a3b,v2,Client tools,0.95,true,false,"The fix addresses a permission issue on Windows where the log file was being created with incorrect permissions, preventing the postmaster from writing to it. This is a security hardening issue as it involves access control permissions."
194,eb3eb3b096ffb983,qwen3:30b-a3b,v2,"Data types, text & collation",0.95,false,false,"The fix addresses an issue with Unix-style locale names on Windows, which relates to handling locale names in a cross-platform context. This is about data-type behavior and text handling, specifically related to locale names and their interpretation across different operating systems."
195,749549a6ff5ef8ac,qwen3:30b-a3b,v2,Client tools,0.95,false,false,"The fix addresses an issue with colorization in Windows console applications by enabling VT100 compatibility mode, which is necessary for colorization to function properly. This is not related to security, performance, or any of the technical categories like execution, indexes, or storage; it's about the behavior of client tools on Windows."
196,5ef9c806faf37443,qwen3:30b-a3b,v2,Client interfaces,0.95,false,false,"The fix addresses a requirement for extra parentheses in ereport() calls, which relates to the syntax or usage of a function within the PostgreSQL codebase. This is not about query results, performance, security, or data types, but rather about the internal function call syntax, which falls under the category of 'Client interfaces' as it involves the interface for reporting errors from the server to the client or within the server's internal error handling."
197,aa65e2d6ae8e21c2,qwen3:30b-a3b,v2,Build & platform,0.95,false,false,"The fix addresses the build process for PostgreSQL, specifically how it locates the libxml2 library during configuration. It updates the build system to prefer pkg-config for finding libxml2, while maintaining compatibility with the older xml2-config method. This is a change to the build configuration logic, not related to runtime behavior, security, or performance."
198,8e060fdca72ed256,qwen3:30b-a3b,v2,Build & platform,0.95,false,false,"The fix addresses Makefile dependencies related to libpq and ecpg, which are part of the build system and platform configuration. This is not a security or performance issue but rather a build-related adjustment."
199,921119651be08919,qwen3:30b-a3b,v2,Build & platform,0.95,false,false,"The fix addresses an issue with handling spaces in Python paths during MSVC builds, which is related to the build process and path handling in the build system."
200,a9774d477a41f619,qwen3:30b-a3b,v2,Build & platform,0.95,false,false,"The fix addresses an issue in MSVC builds related to detecting the Visual Studio version, specifically to work with more language settings. This is a build system or platform-related issue, not related to query execution, security, or performance."
201,000c4a02744b5f83,qwen3:30b-a3b,v2,Build & platform,0.95,false,false,"The fix addresses a build-time warning in MSVC builds by adjusting compiler flags to match non-Windows builds, specifically handling Bison version compatibility. This is a build system adjustment, not related to query execution, security, or performance."
202,a5398715846bf0e2,qwen3:30b-a3b,v2,Replication & recovery,0.95,true,false,"The fix addresses a security vulnerability where a malicious user could exploit replication to execute arbitrary SQL code by manipulating the search_path, which is mitigated by setting a secure empty search_path for replication processes. This is fundamentally about closing a security weakness related to access control and privilege escalation."
203,bec7aa2c417a2f35,qwen3:30b-a3b,v2,"Numeric, overflow & limits",0.95,true,false,"The fix addresses security vulnerabilities in extension installation scripts, specifically mitigating risks related to privilege escalation through insecure script execution and catalog adjustments, which falls under security hardening rather than a specific functional category."
204,14c1a9a1fcd535e2,qwen3:30b-a3b,v2,Partitioning & inheritance,0.95,false,false,"The fix addresses issues in partition pruning logic when multiple partition key columns are involved, specifically handling cases where some columns lack constraining WHERE clauses or have multiple ones. This affects query correctness and stability, leading to crashes or incorrect results."
205,718b1c322d991282,qwen3:30b-a3b,v2,Execution & correctness,0.95,false,false,"The fix addresses a crash occurring during execution of a specific type of query plan involving partition-wise nestloop joins and index scans, which falls under backend stability and execution correctness rather than a security or performance issue."
206,3f5ac07bc675d2e6,qwen3:30b-a3b,v2,Partitioning & inheritance,0.95,false,false,"The fix addresses a scenario where a query on a partitioned table experiences incorrect execution due to concurrent addition of a new partition while both static and runtime partition pruning are applied. This relates to the behavior of partitioning logic during query execution, specifically how partitions are pruned under concurrent modifications."
207,583c8435ac3e8946,qwen3:30b-a3b,v2,Replication & recovery,0.95,false,true,"The fix addresses an issue in logical replication where walsender fails to send feedback messages after sending a keepalive message, which can cause performance problems with certain replication systems like pglogical. This is fundamentally about the behavior of logical replication components, specifically the walsender and feedback message handling."
208,c35221cded945735,qwen3:30b-a3b,v2,Replication & recovery,0.95,false,false,"The fix addresses a discrepancy in column numbering between publisher and subscriber tables that could lead to incorrect trigger firing during logical replication, which is a correctness issue in replication behavior."
209,152f9035094f692f,qwen3:30b-a3b,v2,Replication & recovery,0.95,false,false,"The fix addresses an issue where the function pg_replication_slot_advance() did not update the oldest xmin and LSN values, which is critical for proper resource cleanup in replication slots, specifically related to WAL segment management."
210,ddabb146de4f16d7,qwen3:30b-a3b,v2,Execution & correctness,0.95,false,true,"The fix addresses a performance issue in the ts_headline() function, specifically preventing unreasonable execution time for long documents and making the query cancellable. This is a performance improvement, not a security or correctness issue."
211,9977c3d70cee57f1,qwen3:30b-a3b,v2,Execution & correctness,0.95,false,false,"The fix ensures that the repeat() function can be interrupted by a query cancel, addressing a potential issue where the function might not respond to cancellation signals during execution. This relates to the execution behavior of a function under query cancellation, which falls under the category of Execution & correctness as it affects how the function behaves during query execution."
212,2b691875d94d41fd,qwen3:30b-a3b,v2,"Data types, text & collation",0.95,false,false,"The fix addresses an issue with the pg_current_logfile() function on Windows, specifically removing a carriage return character from its output. This is a text handling issue related to platform-specific behavior in a client-facing function."
213,df2675406f5551c1,qwen3:30b-a3b,v2,"Data types, text & collation",0.95,false,false,"The fix ensures that pg_read_file() and related functions correctly read until EOF for all file types, including pipes, by changing the behavior from stopping at the stat() reported length to reading until EOF. This is about correct behavior of a function handling file reading, not a security issue or performance improvement."
214,9a4ff04f518a91d0,qwen3:30b-a3b,v2,"Data types, text & collation",0.95,false,false,"The fix addresses the handling of NaN (not-a-number) values in jsonpath computations, which are not supported by SQL or JSON standards. The code was incorrectly allowing such values, leading to nonstandard behavior, so the fix explicitly forbids them to align with standard specifications."
215,0b1b2c89780af2dc,qwen3:30b-a3b,v2,"Numeric, overflow & limits",0.95,false,false,"The fix addresses a specific issue in floating-point aggregate functions where they incorrectly returned zero instead of NaN for inputs containing Inf or NaN values. This is a correctness issue related to numeric behavior in aggregate computations, not a security or performance problem."
216,68462e10322d0509,qwen3:30b-a3b,v2,Execution & correctness,0.95,false,false,"The fix addresses an issue where parallel aggregation of numeric columns with NaN values was producing incorrect results due to improper handling of NaNs in partial aggregations. This is fundamentally about query execution correctness, specifically the behavior of aggregation functions with special numeric values."
217,c0ee44c4e49b225e,qwen3:30b-a3b,v2,"Data types, text & collation",0.95,false,false,"The fix addresses a bug where time-of-day values exceeding 24 hours (specifically 23:59:60) were incorrectly accepted, leading to potential misbehavior in time and timetz types. This is fundamentally about data type behavior and validation, not numeric overflow or security issues."
218,22f2c6beb26145a8,qwen3:30b-a3b,v2,Client tools,0.95,false,false,"The fix addresses an issue where index names were being double-quoted in EXPLAIN output for non-text formats, which is a formatting or display error rather than a functional or security issue. This does not relate to query results, performance, or security, but rather to the presentation of output in a debugging tool."
219,b1fff541f3a8ec84,qwen3:30b-a3b,v2,Planner & optimizer,0.95,false,false,"The fix addresses how EXPLAIN reports resource usage, specifically buffer accesses, in parallel workers within a Gather Merge plan structure. This is about the accuracy of query execution statistics during planning and execution, not about performance improvements or security."
220,59befde18e7846cc,qwen3:30b-a3b,v2,Execution & correctness,0.95,false,false,"The fix addresses an issue where the order of operations during an ALTER TABLE with a full table rewrite and constraint revalidation was incorrect, causing read errors. This is fundamentally about the correct execution of table alteration operations, specifically related to constraint validation timing."
221,f5ae3c55a3bf38a1,qwen3:30b-a3b,v2,Indexes,0.95,false,false,"The fix addresses a bug where REINDEX CONCURRENTLY was losing the index's replication identity flag, which is critical for logical decoding to include old tuple values. This is about ensuring correct behavior of index-related replication features, not a security issue or performance improvement."
222,59d06adc49a099f1,qwen3:30b-a3b,v2,Execution & correctness,0.95,false,false,"The fix addresses incorrect nullability markings in catalog columns (subslotname and srsublsn) that could lead to potential crashes during JIT tuple deconstruction or C code access. This is fundamentally about backend stability and correctness in catalog handling, not security or performance."
223,52dda2f0f5151bb9,qwen3:30b-a3b,v2,Execution & correctness,0.95,false,false,"The fix addresses a specific issue where LATERAL references in restriction clauses attached to an un-flattened sub-SELECT in the FROM clause could cause assertion failures or crashes during query execution. This is fundamentally about ensuring correct query execution behavior, specifically preventing crashes related to query structure handling."
224,e50543ccff13d091,qwen3:30b-a3b,v2,"Data types, text & collation",0.95,false,false,"The fix addresses the use of collation during query planning, specifically ensuring that the query-specified collation is used for operators during selectivity estimation instead of the column's collation. This is about correct handling of collation in the planning phase to prevent failures with nondeterministic collations."
225,91cadf8b9571cc29,qwen3:30b-a3b,v2,Planner & optimizer,0.95,false,false,"The fix addresses a planner's incorrect assumption about the number of tuples in a foreign table, specifically correcting the estimation for GROUP BY operations. This is fundamentally about query planning and optimization, not about security, performance, or other categories."
226,d36a52df0c2e6ddc,qwen3:30b-a3b,v2,Indexes,0.95,false,false,"The fix addresses a misleading warning message related to BRIN index de-summarization, specifically when a vacuum operation is cancelled. The warning was incorrectly triggered in a legitimate scenario, causing unnecessary noise in logs. This is about correcting a non-critical message that does not affect query correctness or performance, but rather the logging behavior."
227,d2f0257754b42ec4,qwen3:30b-a3b,v2,"Storage, vacuum & TOAST",0.95,false,false,"The fix addresses an issue where temporary files for shared fileset were incorrectly placed in pg_default instead of the database's primary tablespace when temp_tablespaces was empty or explicitly set to the primary tablespace. This is about storage location behavior, not performance or security."
228,529a11326d53a17f,qwen3:30b-a3b,v2,Indexes,0.95,false,false,"The fix addresses a corner-case error in SP-GiST index page masking during WAL consistency checking, which could lead to false failure reports when wal_consistency_checking is enabled. This is about ensuring correct behavior of index operations under specific conditions, not about security or performance."
229,511e5ece7c51d934,qwen3:30b-a3b,v2,"Storage, vacuum & TOAST",0.95,false,false,"The fix addresses error handling in the server's buffile module, specifically improving the distinction between I/O errors and EOF conditions, and adding more detailed error information like block numbers and byte counts. This is about enhancing the reliability and clarity of error reporting in the storage layer, not about security, performance, or other categories."
230,4a71f16255f462ae,qwen3:30b-a3b,v2,Execution & correctness,0.95,false,false,"The fix addresses a correctness issue in the SERIALIZABLE isolation mode where serialization conflict checking could incorrectly allow a transaction to commit when it should have failed, leading to potential data inconsistency. This is fundamentally about ensuring correct transaction behavior under serializable isolation, which falls under execution and correctness."
231,fb08f1f797caadab,qwen3:30b-a3b,v2,Indexes,0.95,false,false,"The fix addresses unnecessary WAL traffic caused by repeatedly marking dead index entries as dead in a B-tree index, which is a storage and index management issue. This is not a security or performance fix but relates to index correctness and storage efficiency."
232,4f3b90f240e011fe,qwen3:30b-a3b,v2,"Concurrency, locking & crashes",0.95,false,false,"The fix addresses a memory management issue where the checkpointer process was not discarding file sync requests when fsync was disabled, leading to table bloat and potential assertion failures. This is a stability issue related to backend processes and memory handling, not a security vulnerability or performance improvement."
233,7707baa02c2d0b5a,qwen3:30b-a3b,v2,"Storage, vacuum & TOAST",0.95,false,false,"The fix addresses an issue during the cleanup of a non-exclusive backup when JIT compilation is active, which relates to the stability and correctness of backup operations under specific conditions. This is not a security or performance issue but rather a stability concern tied to backup processes."
234,449878854fc02c80,qwen3:30b-a3b,v2,"Storage, vacuum & TOAST",0.95,false,false,"The fix addresses a scenario where pg_control might be written with an inconsistent checksum due to a missing lock acquisition, which could lead to database restart failures after a crash. This is a stability and correctness issue related to the database's internal state management during crash recovery."
235,c60219a5ee6d4016,qwen3:30b-a3b,v2,"Concurrency, locking & crashes",0.95,true,false,"The fix addresses coding errors in undocumented functions that could cause crashes or misleading error messages, specifically related to handling relations without storage. This is a backend stability issue not tied to a more specific area, falling under 'Concurrency, locking & crashes' as it involves crashes due to incorrect handling of relation storage states."
236,9daf4f8cb3b16dfb,qwen3:30b-a3b,v2,"Concurrency, locking & crashes",0.95,true,false,"The fix addresses a coding violation where functions like elog() or palloc() were called while holding a spinlock, which could lead to a stuck spinlock if an error occurred in those functions. This is fundamentally about backend stability and avoiding potential crashes due to improper locking behavior."
237,be4dff5e2dcb0b2a,qwen3:30b-a3b,v2,Replication & recovery,0.95,false,false,"The fix addresses an incorrect assertion in logical replication subscriber when using REPLICA IDENTITY FULL, which is a correctness issue in the replication mechanism rather than a security or performance problem."
238,2d5f44204d6c21d6,qwen3:30b-a3b,v2,Client interfaces,0.95,false,false,"The fix addresses a scenario where libpq (the PostgreSQL client library) fails to properly handle a write failure during a COPY operation, leading to indefinite retries instead of reporting the connection loss. This is fundamentally about client-side connection handling and error reporting, which falls under the 'Client interfaces' category as it involves the libpq library's behavior during network communication."
239,388ebb3ef67f6b43,qwen3:30b-a3b,v2,Client interfaces,0.95,false,false,"The fix addresses a bug in libpq's handling of GSS encryption state, specifically preventing a connection freeze during server restarts or when switching between candidate servers. This is related to client-side encryption management, not security hardening or performance."
240,4f5c28d9b9f1b339,qwen3:30b-a3b,v2,Client interfaces,0.95,false,false,"The fix addresses a crash occurring when using bytea data type with cursor variables in ECPG, which is a client-side interface for embedding SQL in C programs. This crash is related to the handling of data types and client interfaces, specifically within the ECPG client interface component."
241,80571b137caae0b1,qwen3:30b-a3b,v2,"Data types, text & collation",0.95,false,false,"The fix addresses incorrect error reporting in pg_dump and pg_basebackup when encountering out-of-disk-space conditions, specifically correcting misleading messages like 'could not write file: Success'. This is about proper error handling for disk space issues, not a security vulnerability or performance improvement."
242,5bd539967e11f780,qwen3:30b-a3b,v2,Client tools,0.95,false,false,"The fix addresses an issue where pg_restore cannot handle custom-format archive files without data offsets during parallel restores, specifically when the output is piped (e.g., to a pipe). This is about improving the functionality of pg_restore to manage data restoration from non-seekable outputs, which falls under client tools as it involves the pg_restore utility."
243,264b3ce92772dfda,qwen3:30b-a3b,v2,Client tools,0.95,false,false,"The fix addresses an issue in the parallel restore process where table-level and per-column privileges were not applied in the correct order, potentially causing errors or missing privilege grants. This is fundamentally about the correct handling of privilege application during restore operations, which falls under the category of 'Client tools' as it involves pg_dump and restore behavior."
244,27270f83891a2369,qwen3:30b-a3b,v2,Client tools,0.95,false,false,"The fix ensures pg_upgrade correctly handles the vacuum_defer_cleanup_age setting by overriding it to zero during the upgrade process, preventing failures related to system catalog freezing. This is about ensuring correct behavior during a specific operation (pg_upgrade) without involving security or performance improvements."
245,2b17685d6e34e015,qwen3:30b-a3b,v2,Replication & recovery,0.95,false,false,"The fix addresses an issue where pg_recvlogical, a replication client tool, fails to properly drain pending messages before exiting, causing replication slot LSN position mismanagement and potential data retransmission. This is fundamentally about replication behavior and slot management, not security or performance."
246,c54709e99d0dfc04,qwen3:30b-a3b,v2,Client tools,0.95,false,false,"The fix addresses a race condition in pg_rewind where it could mishandle files deleted concurrently during operation, leading to potential confusion or errors when processing the source data directory. This is a stability issue related to concurrent file operations, not a security vulnerability or performance improvement."
247,5e2c98ff041ee938,qwen3:30b-a3b,v2,Client tools,0.95,false,false,"The fix changes pg_test_fsync to use binary I/O mode on Windows, addressing a discrepancy where the test file was previously written in text mode, which does not accurately reflect PostgreSQL's actual usage. This is a correction to the behavior of a client tool to ensure accurate testing."
248,aab9071b5f9082de,qwen3:30b-a3b,v2,Extensions & contrib,0.95,false,false,"The fix addresses a false positive in the amcheck contrib module during WAL replay, where it incorrectly flagged empty deleted index pages as errors. This is about ensuring correct behavior of a utility tool (amcheck) in a specific scenario, not about query results, performance, or security."
249,23b047909b78697e,qwen3:30b-a3b,v2,Extensions & contrib,0.95,false,false,"The fix addresses an issue in the dblink contrib module where local state wasn't initialized correctly, potentially causing an unexpected remote COMMIT during dblink_close(). This is a correctness issue in the behavior of a contrib module, not a security vulnerability or performance improvement."
250,0ab6673378de58ed,qwen3:30b-a3b,v2,Extensions & contrib,0.95,false,false,"The fix addresses a misuse of the zlib API in the pgcrypto extension, specifically in the handling of compression for pgp_sym_encrypt functions, which could lead to incorrect compressed data. This is not a security vulnerability but a correctness issue in the extension's implementation."
251,4a6280c6db56f51f,qwen3:30b-a3b,v2,Extensions & contrib,0.95,false,false,"The fix addresses a specific corner case in the decompression logic of the pgcrypto extension's pgp_sym_decrypt function, where the decompressor incorrectly failed to handle a valid empty packet at the end of a compressed stream, leading to a false error about corrupt data. This is a correctness issue within the extension's functionality, not a security vulnerability or performance improvement."
252,f5d9227cce27040a,qwen3:30b-a3b,v2,Build & platform,0.95,false,false,"The fix is about enabling the build of NLS (National Language Support) code with Microsoft Visual Studio 2015 or later, which relates to the build system and compatibility with a specific compiler."
253,a7b7d74473249a34,qwen3:30b-a3b,v2,Build & platform,0.95,false,false,"The fix addresses a potential issue in the MSVC install script where a file named 'configure' at a higher directory level could interfere with the script's logic for identifying the source tree's top level. This is a build system issue related to the script's logic, not a security or performance concern."
254,9953eb98d6573d9c,qwen3:30b-a3b,v2,"Numeric, overflow & limits",0.95,true,false,"The fix addresses a security vulnerability where a user with permission to create non-temporary SQL objects could exploit a leak in the security sandbox to execute arbitrary SQL as a superuser, which is a memory-safety or privilege escalation issue."
255,dbe059977e7d20c3,qwen3:30b-a3b,v2,Client tools,0.95,true,false,"The fix addresses a security vulnerability in connection string handling for PostgreSQL client tools, where additional connections were not using the full connection parameters, potentially leading to unencrypted or insecure connections. This is a security hardening issue due to improper handling of connection parameters that could expose data to man-in-the-middle attacks."
256,1919b1f71c73b39a,qwen3:30b-a3b,v2,Client interfaces,0.95,true,false,"The fix addresses a security vulnerability in psql's connection handling where reusing connection parameters could omit critical security settings like SSL or GSS, potentially leading to unencrypted connections or man-in-the-middle attacks. This is fundamentally about closing a security weakness in connection parameter handling."
257,466197d9597a1fb8,qwen3:30b-a3b,v2,Client tools,0.95,true,false,"The fix addresses a security vulnerability where the psql '\gset' command could be exploited by a compromised server to overwrite specially-treated variables like PROMPT1, enabling arbitrary shell code execution. This is a security hardening issue due to the potential for arbitrary code execution via variable manipulation."
258,5ac00f5964b2b199,qwen3:30b-a3b,v2,"Concurrency, locking & crashes",0.95,false,false,"The fix addresses a rare issue where concurrent truncations of SLRU (Shared Large Read-Only) logs could lead to data loss, specifically related to transaction status errors or wraparound problems. This is fundamentally about backend stability and crash prevention, not about query results, performance, or security vulnerabilities."
259,849a8eba67050d4e,qwen3:30b-a3b,v2,"Storage, vacuum & TOAST",0.95,false,false,"The fix ensures that SLRU (Simple Large Read-Only) directories are properly fsync'd during checkpoints, which prevents data loss in the event of an OS crash. This is fundamentally about ensuring data integrity and durability during checkpoint operations, which falls under storage and recovery mechanisms."
260,b018ab09f6b74638,qwen3:30b-a3b,v2,Execution & correctness,0.95,false,false,"The fix addresses a permission issue where ALTER ROLE operations for users with the BYPASSRLS attribute were incorrectly restricted to superusers, allowing only superusers to modify such roles. The fix ensures that only the BYPASSRLS attribute requires superuser permission, while other operations like password changes can be performed with ordinary permissions."
261,417ced5771ee6b2f,qwen3:30b-a3b,v2,Indexes,0.95,false,false,"The fix addresses a behavior where ALTER TABLE ONLY ... ENABLE/DISABLE TRIGGER was incorrectly applying to child tables, which is a correctness issue in the handling of table inheritance and trigger management. This is not a security or performance issue, but rather a correction to the expected SQL semantics."
262,80af0ea5e27fbf8d,qwen3:30b-a3b,v2,Execution & correctness,0.95,false,true,"The fix addresses an unnecessary recursion to partitions during an ALTER TABLE operation when the column is already NOT NULL, preventing a potential deadlock in parallel pg_restore. This is fundamentally about optimizing the ALTER TABLE process to avoid redundant operations, which relates to execution efficiency and deadlock prevention."
263,05afffdaf045cb74,qwen3:30b-a3b,v2,Execution & correctness,0.95,false,false,"The fix addresses an issue where expressions in CREATE TABLE LIKE with inheritance caused mis-numbering of column references in CHECK constraints, expression indexes, and GENERATED expressions, leading to incorrect results or error messages. This is fundamentally about query execution and correctness due to improper handling of column references in inherited table structures."
264,46ff972fd9f8f34f,qwen3:30b-a3b,v2,Indexes,0.95,false,false,"The fix addresses an issue where attempting to drop an index concurrently on a partitioned table was disallowed, which previously resulted in a confusing error message. The core problem is related to the behavior of index operations on partitioned tables, specifically the incompatibility of concurrent index drops with partitioned table structures."
265,9501663c4a0c1864,qwen3:30b-a3b,v2,Execution & correctness,0.95,false,false,"The fix addresses a specific issue where LOCK TABLE on a self-referential view was incorrectly failing due to an infinite recursion error. This is about query execution behavior and semantics, not about performance, security, or other categories. The error was related to the rewriter or execution logic handling views, which falls under 'Execution & correctness' as it affects how queries are processed without causing crashes or security issues."
266,47bcb137f3afc8b5,qwen3:30b-a3b,v2,Indexes,0.95,false,false,"The fix addresses the behavior of statistics retention during a concurrent index reindex operation, specifically ensuring that statistics about an index are preserved across REINDEX CONCURRENTLY, which was not the case before. This relates to the internal handling of index statistics during index maintenance operations."
267,7b41bf2699004155,qwen3:30b-a3b,v2,Indexes,0.95,false,false,"The fix addresses incorrect progress reporting during the REINDEX CONCURRENTLY operation, which is related to the execution and reporting of index maintenance operations. This does not involve security, performance, or numeric issues, but rather the correct behavior of the index reindexing process."
268,67d74467c352cf6a,qwen3:30b-a3b,v2,Execution & correctness,0.95,false,false,"The fix addresses an issue where GENERATED columns were not being updated correctly when their dependent columns were modified through rules or updatable views, which affects the correctness of query results and trigger behavior. This is fundamentally about ensuring proper execution and semantics of generated columns and triggers, not about performance or security."
269,0021a6e50551ace7,qwen3:30b-a3b,v2,Partitioning & inheritance,0.95,false,false,"The fix addresses a race condition that occurs when inserting or updating tuples in a partitioned table while partitions are being added concurrently, ensuring that default partition constraints are rechecked to route tuples correctly. This is fundamentally about ensuring correct behavior in partitioned tables under concurrent operations, which falls under the 'Partitioning & inheritance' category."
270,2c520f1964cd7ee2,qwen3:30b-a3b,v2,Partitioning & inheritance,0.95,false,false,"The fix addresses issues related to partition bound expressions that depend on collation, which directly involves how collation is handled in partitioning logic. This falls under the category of ""Partitioning & inheritance"" as it pertains to the behavior of partitioned tables and their constraints."
271,9428d44763ee375c,qwen3:30b-a3b,v2,"Data types, text & collation",0.95,false,false,"The fix addresses an issue where array hashing failed for collatable text arrays, specifically preventing hash partitioning with a text array column as a partition key. This relates to the handling of array data types and their hashing behavior, which falls under data type semantics."
272,d129bba334eba0f7,qwen3:30b-a3b,v2,"Data types, text & collation",0.95,false,false,"The fix addresses a specific issue in date conversion functions where negative years were incorrectly converted to BC dates, and also handles the interaction between negative years and explicit BC markers. This is fundamentally about the correct handling of date and time data types and their semantics, particularly in the context of historical date representations."
273,d830850368bc43e8,qwen3:30b-a3b,v2,Replication & recovery,0.95,false,false,"The fix ensures that standby servers archive WAL timeline history files when archive_mode is set to always, preventing failures in point-in-time recovery (PITR) attempts. This addresses a gap in replication and recovery behavior related to WAL file management."
274,6436b00e0f2c7488,qwen3:30b-a3b,v2,Replication & recovery,0.95,false,false,"The fix addresses a cache lookup failure for relation 0 in logical replication workers, which is a stability issue related to replication workers not handling a specific cache state correctly. This is not a security or performance issue but rather a correctness problem in replication logic."
275,4d82c62e719c565f,qwen3:30b-a3b,v2,Replication & recovery,0.95,false,false,"The fix prevents logical replication workers from sending redundant ping requests, which addresses an inefficiency in the replication process. This is not a security issue or a performance improvement but rather a correction to the behavior of logical replication workers."
276,26c2fd51366479a2,qwen3:30b-a3b,v2,"Concurrency, locking & crashes",0.95,false,false,"The fix addresses a timing issue during smart shutdown where background processes (like parallel workers and autovacuum) are prematurely terminated before foreground sessions complete, causing disruptions in parallel query processing and autovacuum functionality. This is fundamentally about ensuring proper coordination between background and foreground processes during shutdown, which falls under backend stability and process management."
277,6840d55754213132,qwen3:30b-a3b,v2,"Concurrency, locking & crashes",0.95,false,false,"The fix addresses a postmaster crash caused by excessive stack consumption during signal processing in parallel worker creation, which is a stability issue related to backend behavior under high concurrency, not a security vulnerability or performance improvement."
278,b64b9e2cb6fd26ab,qwen3:30b-a3b,v2,"Concurrency, locking & crashes",0.95,false,false,"The fix addresses a specific issue where the archiver process and backends waiting for a client startup packet were incorrectly running atexit handlers upon receiving a SIGQUIT signal, which is a signal used for immediate termination. This is a stability and process management issue, not related to query results, security vulnerabilities, or performance."
279,3110a71fbb2a5fb5,qwen3:30b-a3b,v2,Planner & optimizer,0.95,false,false,"The fix addresses a misoptimization in query planning where subquery qualifications referencing grouping columns were incorrectly treated as constant, leading to potential incorrect query results. This is fundamentally about query planning and optimization, specifically the planner's handling of grouping columns in subqueries."
280,ac4baabf1ead422e,qwen3:30b-a3b,v2,Planner & optimizer,0.95,false,false,"The fix addresses a potential crash during GEQO planning when handling partition-wise joins, which relates to query planning and optimization. This is not a security issue or performance improvement, but a stability issue within the planner."
281,3390b74e3b2dcd19,qwen3:30b-a3b,v2,Planner & optimizer,0.95,false,false,"The fix addresses an issue where SQL function inlining alters the structure of a subplan comparison expression, potentially affecting hashability. This relates to query planning and optimization, specifically how expressions are handled during the planning phase."
282,d7f097267716c683,qwen3:30b-a3b,v2,Indexes,0.95,false,false,"The fix addresses a scenario where concurrent updates during index building can cause HOT (Heap-Only Tuple) chains to appear, leading to errors in finding parent tuples. This is fundamentally about ensuring correct index behavior during concurrent operations, which falls under Indexes."
283,08e5e4343e2616ff,qwen3:30b-a3b,v2,Execution & correctness,0.95,false,false,"The fix addresses an issue where parallel B-tree index scans fail when the index condition is unsatisfiable, which relates to the correct behavior of index scans under specific conditions. This is about ensuring the execution of index scans works as intended, not about performance or security."
284,ac6028a52e5d2ed6,qwen3:30b-a3b,v2,Indexes,0.95,false,false,"The fix ensures that data is detoasted before insertion into a BRIN index, addressing an issue where BRIN indexes were incorrectly handling TOAST pointers, which could cause errors like 'missing chunk number 0 for toast value NNN'. This is fundamentally about the correctness of index operations, specifically BRIN index handling."
285,3c93b37877c30b80,qwen3:30b-a3b,v2,Indexes,0.95,false,false,"The fix addresses a concurrency issue during BRIN index scans where a page range desummarization could cause a false error about index corruption. This is fundamentally about ensuring correct behavior of index operations under concurrent access, which falls under the 'Indexes' category. The issue involves a race condition in index handling, not a security vulnerability or performance improvement."
286,62396a64353e3336,qwen3:30b-a3b,v2,Indexes,0.95,false,false,"The fix addresses a rare issue where saved points in index errors were lost during scans of multicolumn GIN indexes, which relates to the correctness of index operations. This is not a security or performance issue but rather a correctness problem in index handling."
287,0073bd17897bc4d9,qwen3:30b-a3b,v2,Indexes,0.95,false,false,"The fix addresses an issue with GiST index builds when the index includes additional columns, specifically ensuring that the build process works correctly in such cases. This relates to the internal mechanics of index construction and handling of included columns within the GiST access method."
288,f38b3d1e64812537,qwen3:30b-a3b,v2,Build & platform,0.95,false,false,"The fix addresses an issue where the `pg_hba_file_rules` view's address and netmask columns were always null on FreeBSD 11 due to an unportable use of `getnameinfo()`, which is a platform-specific networking API call. This is a platform-specific bug affecting the behavior of a view on certain operating systems, not a security vulnerability or performance issue."
289,9caf69f20adc1b82,qwen3:30b-a3b,v2,"Concurrency, locking & crashes",0.95,false,false,"The fix addresses a potential crash when debug_query_string is NULL during parallel worker initialization, which relates to backend stability and crash prevention."
290,ad94b3a8e6be64ec,qwen3:30b-a3b,v2,"Concurrency, locking & crashes",0.95,true,false,"The fix addresses a use-after-free hazard, which is a memory safety issue where a pointer is used after the memory it points to has been freed. This is a security vulnerability related to memory management, not a performance issue or a correctness problem in query execution."
291,c71ebcc5219975b0,qwen3:30b-a3b,v2,Execution & correctness,0.95,false,false,"The fix addresses a scenario where a BEFORE ROW UPDATE trigger returning the old row causes issues due to missing or dropped columns, leading to potential crashes or incorrect behavior. This is fundamentally about ensuring correct execution of triggers and query results, not about performance or security vulnerabilities."
292,77edac1ddeff8bd4,qwen3:30b-a3b,v2,Execution & correctness,0.95,false,false,"The fix addresses an incorrect error message related to moving-aggregate data types, which pertains to the semantics of SQL operations during query execution. This is not a security or performance issue, but rather a correctness issue in how the system handles aggregate functions."
293,aa9e6b01832c209c,qwen3:30b-a3b,v2,"Concurrency, locking & crashes",0.95,false,false,"The fix addresses a scenario where a parallel worker's long error message could cause a lockup, which relates to backend stability and process management during error handling in parallel execution. This is not about query results, performance, or security, but rather about preventing a crash or hang in the system."
294,21b584a133fc60bf,qwen3:30b-a3b,v2,"Concurrency, locking & crashes",0.95,false,false,"The fix addresses an issue where transferring very large payloads through shared memory queues could fail unnecessarily, which relates to the stability and handling of shared memory operations within the backend. This is not a security vulnerability or performance improvement but rather a correctness issue in how shared memory queues manage large data transfers."
295,c8fa713bd613a187,qwen3:30b-a3b,v2,"Concurrency, locking & crashes",0.95,false,false,"The fix addresses a crash caused by incorrect handling of template function attributes in JIT code generation, specifically on s390x architecture. This is a backend stability issue related to JIT code generation, which falls under 'Concurrency, locking & crashes' as it involves a crash due to a bug in the JIT code generation process."
296,92e4703f093be698,qwen3:30b-a3b,v2,"Concurrency, locking & crashes",0.95,false,false,"The fix addresses memory leaks related to the relation cache when using Row-Level Security (RLS) policies, which is a stability issue affecting backend memory management."
297,e9f70c56a8c05709,qwen3:30b-a3b,v2,Indexes,0.95,false,false,"The fix addresses a memory leak in the index_get_partition() function, which is a memory management issue rather than a security vulnerability or performance problem. Memory leaks are not classified under 'Numeric, overflow & limits' but fall under the component's category, which in this case is related to indexes."
298,c10d87ba2dff45d3,qwen3:30b-a3b,v2,"Concurrency, locking & crashes",0.95,false,false,"The fix addresses a memory leak during SIGHUP processing when a GUC variable value cannot be applied without a restart, which is a stability issue related to memory management in the backend."
299,fd66f08cd98529d0,qwen3:30b-a3b,v2,"Numeric, overflow & limits",0.95,true,false,"The fix addresses memory leaks in PL/pgSQL's CALL processing, which is a procedural language feature. Memory leaks are a type of memory-safety weakness that can lead to resource exhaustion or potential security issues, so it should be classified under security hardening. The category is not directly related to the PL/pgSQL language itself but rather to the memory management aspect of its execution."
300,78cd6cc1d98c61ec,qwen3:30b-a3b,v2,Client interfaces,0.95,false,false,"The fix addresses the ability of libpq to handle longer lines in .pgpass files, specifically to accommodate very long security tokens as passwords. This is about extending the functionality of a client interface to support longer input lengths, not about security hardening or performance."
301,efd29316f7a17fec,qwen3:30b-a3b,v2,Client interfaces,0.95,false,true,"The fix addresses a Windows-specific issue in libpq where WSAStartup() was called repeatedly and WSACleanup() was called at connection cleanup, which could interfere with other program operations and cause performance issues due to repeated DLL loads. The fix changes the behavior to call WSAStartup() once per process and omit WSACleanup() entirely."
302,873800240d45c8d3,qwen3:30b-a3b,v2,Client interfaces,0.95,false,false,"The fix addresses a threading issue in the ecpg library on Windows, specifically related to per-thread initialization and locking, which could cause rare misbehavior in multi-threaded applications. This is fundamentally about ensuring correct behavior in a multi-threaded environment, which falls under client interfaces or client tools, but since ecpg is a client interface library, it's more about the client-facing library handling."
303,106ee1626abc7c75,qwen3:30b-a3b,v2,Client tools,0.95,false,false,"The fix addresses how psql handles the output of backtick commands on Windows, specifically ensuring newlines are processed correctly by reading in text mode instead of binary mode. This is about client tool behavior and text handling, not security, performance, or other categories."
304,a78373bc23647391,qwen3:30b-a3b,v2,Client tools,0.95,false,false,"The fix addresses an issue where pg_dump failed to collect per-column information for extension configuration tables, causing crashes during --inserts or COPY operations. This is fundamentally about the correctness of data extraction and reloading in pg_dump, which falls under client tools as it involves the pg_dump utility's behavior."
305,61c77c6f055d351f,qwen3:30b-a3b,v2,"Data types, text & collation",0.95,false,false,"The fix addresses an issue where parallel pg_restore processes were attempting to restore foreign key constraints before the necessary indexes for partitioned tables were fully in place, causing errors. This is fundamentally about the correct ordering of operations during the restoration process, specifically related to foreign keys and indexes in the context of partitioned tables."
306,7d7003bc8c4962eb,qwen3:30b-a3b,v2,Build & platform,0.95,false,false,"The fix ensures that pg_upgrade checks for the existence of tablespace directories in the target cluster before proceeding, preventing potential errors or failures during the upgrade process by verifying directory presence."
307,876b09343c7e0170,qwen3:30b-a3b,v2,Extensions & contrib,0.95,true,false,"The fix addresses a potential memory leak in the pgcrypto extension, which is a security-related issue as memory leaks can lead to resource exhaustion and potential security vulnerabilities. This is not a performance improvement but a stability and security hardening fix."
308,f2b933c97233e949,qwen3:30b-a3b,v2,Extensions & contrib,0.95,false,false,"The fix adds a check for an unlikely failure case in the pgcrypto extension, which is a contrib module handling cryptographic functions. This is about ensuring correctness within the extension's functionality, not a security vulnerability or performance issue."
309,e99a173dad589575,qwen3:30b-a3b,v2,"Data types, text & collation",0.95,false,false,"The fix addresses a test case for the timetz data type that fails under specific daylight saving time conditions, indicating a problem with time zone handling in the test logic rather than the core functionality of the data type itself."
310,8cf11623051a0b1b,qwen3:30b-a3b,v2,"Data types, text & collation",0.95,false,false,"The fix updates the timezone library to match the IANA tzcode release 2020d, which changes the default output option for zic from 'fat' to 'slim' but maintains fat mode for pre-v13 branches. It also ensures strftime() does not alter errno unless it fails. This is about timezone handling and library synchronization, not security, performance, or other categories."
311,998d8fea5b8fa6b0,qwen3:30b-a3b,v2,"Concurrency, locking & crashes",0.95,true,false,"The fix addresses a security vulnerability where error messages could leak sensitive column data due to constraint violations during partition moves, specifically when columns are in different physical positions between parent and child tables. This is a security issue related to information leakage in error messages, not a performance or numeric issue."
312,e6d93e92654d810a,qwen3:30b-a3b,v2,Indexes,0.95,false,false,"The fix addresses a concurrency issue in GiST index insertion that could cause index corruption due to incorrect detection of concurrent page splits, which is a correctness problem in index handling."
313,bc739ada5bf763d4,qwen3:30b-a3b,v2,Execution & correctness,0.95,false,false,"The fix addresses a scenario where CREATE INDEX CONCURRENTLY fails to wait for prepared transactions, leading to missing rows in the index. This is fundamentally about ensuring correct index construction by accounting for all transaction states, which falls under execution correctness."
314,d9594a72f9924577,qwen3:30b-a3b,v2,"Concurrency, locking & crashes",0.95,false,false,"The fix addresses a crash caused by a null-pointer dereference when executing a CALL or DO statement with a transaction rollback via the extended query protocol. This is a backend stability issue not tied to a specific component like query execution or storage, but rather a crash condition."
315,485795d877362451,qwen3:30b-a3b,v2,Planner & optimizer,0.95,false,false,"The fix addresses a flaw in the planner's logic for partition pruning when dealing with hash-partitioned tables that have unevenly sized partitions or missing remainder values, which could cause queries to miss rows that should be returned. This is fundamentally about query planning and optimization, specifically the planner's ability to correctly identify which partitions need to be scanned."
316,6801d45404183fb5,qwen3:30b-a3b,v2,Execution & correctness,0.95,false,false,"The fix addresses a scenario where a cursor with a MergeAppend node in its plan was incorrectly allowed to use WHERE CURRENT OF, which could lead to false matches due to unsupported usage. This is fundamentally about query execution correctness, specifically related to cursor behavior and the rewriter."
317,e4d3f81078bb479f,qwen3:30b-a3b,v2,"Concurrency, locking & crashes",0.95,false,false,"The fix addresses a crash occurring when using WHERE CURRENT OF with a cursor that has a custom scan node in its plan. This is a backend stability issue related to cursor handling and execution, not a security vulnerability or performance improvement."
318,927eb79530f6aea9,qwen3:30b-a3b,v2,Planner & optimizer,0.95,false,false,"The fix addresses a specific issue in the query planner related to handling placeholders and outer joins, which could lead to malformed plans or errors during query execution. This falls under the planner and optimizer category as it involves the planning phase of query execution, not execution correctness or other areas."
319,ddc72ebc10a15a6f,qwen3:30b-a3b,v2,Planner & optimizer,0.95,false,false,"The fix addresses an issue in the query planner related to handling placeholders when removing unnecessary RESULT RTEs, which could cause errors about missing relation entries. This is fundamentally about query planning and optimization, specifically the planner's logic for managing relation entries during query restructuring."
320,a110b03b88cfcf42,qwen3:30b-a3b,v2,Planner & optimizer,0.95,false,false,"The fix addresses an issue in the query planner where a placeholder computed at a specific join level was not correctly handled, leading to errors in building N-way joins. This is fundamentally about the planner's logic for handling placeholders during query planning."
321,50ed29575a1de5ac,qwen3:30b-a3b,v2,Indexes,0.95,false,false,"The fix addresses a specific issue related to index access methods (AMs) not properly supporting the mark/restore functionality, which could lead to errors in rare edge cases. This is fundamentally about ensuring correct behavior of index access methods, which falls under the 'Indexes' category."
322,2f30e341ec8d7cd5,qwen3:30b-a3b,v2,"Concurrency, locking & crashes",0.95,false,false,"The fix addresses a resource limitation issue related to DSM (Dynamic Shared Memory) slots during parallel query execution, which is a resource management problem in the context of concurrency and resource allocation, not a security or performance issue per se."
323,70104a1dc65b9019,qwen3:30b-a3b,v2,Planner & optimizer,0.95,false,true,"The fix addresses an overestimation of shared memory requirements for parallel queries, which is a performance-related issue as it affects resource allocation efficiency without impacting correctness or security."
324,8eb2949572610e8a,qwen3:30b-a3b,v2,Execution & correctness,0.95,false,false,"The fix addresses a scenario where duplicate role or schema names in an ALTER DEFAULT PRIVILEGES command could cause errors related to tuple updates or unique constraints, which is a correctness issue in SQL semantics during execution."
325,0c72221d4356d087,qwen3:30b-a3b,v2,Execution & correctness,0.95,false,false,"The fix addresses the need to flush ACL-related caches when changes are made to pg_authid, ensuring that permission decisions reflect the updated role settings immediately. This is about maintaining correct access control behavior after role modifications."
326,539c10b95e208c54,qwen3:30b-a3b,v2,Execution & correctness,0.95,false,false,"The fix addresses a scenario where a CREATE TABLE LIKE clause could misbehave due to a temporary table having the same name as the target table, leading to unexpected behavior during the re-examination phase of table creation. This is fundamentally about ensuring correct SQL semantics during table creation, specifically related to the handling of LIKE clauses and temporary tables."
327,d3ad734ad90a0e10,qwen3:30b-a3b,v2,Execution & correctness,0.95,false,false,"The fix addresses the order of operations in creating a table with LIKE, specifically ensuring indexes are cloned before foreign key constraints are built to handle self-referential foreign keys. This is about correct execution of table creation logic, not performance or security."
328,5fbb0d88221aa4b1,qwen3:30b-a3b,v2,"Numeric, overflow & limits",0.95,true,false,"The fix prevents creating statistics on system catalogs, which is a security and access control measure to restrict operations on internal system tables."
329,53cabfc3c33c9b08,qwen3:30b-a3b,v2,Partitioning & inheritance,0.95,false,false,"The fix prevents converting an inheritance child table into a view, which relates to the structural behavior of inheritance in PostgreSQL. This is about ensuring that the system does not allow invalid operations on inheritance child tables, which falls under the category of ""Partitioning & inheritance"" as it directly addresses the behavior of inheritance structures."
330,02550d38bb36dab5,qwen3:30b-a3b,v2,"Storage, vacuum & TOAST",0.95,false,false,"The fix addresses a delay in releasing disk space after dropping a relation, specifically ensuring that all segments of a dropped relation are properly truncated and unlinked to allow the kernel to reclaim storage promptly. This is about storage management and space release, not security or performance."
331,c30a92fef9aa1eaf,qwen3:30b-a3b,v2,Partitioning & inheritance,0.95,false,false,"The fix prevents dropping a tablespace referenced by a partitioned relation but not used for actual storage, addressing a potential error in partitioned table management. This is about ensuring correct behavior of partitioned relations when dealing with tablespaces, which falls under partitioning logic."
332,e824a9a4fe59139c,qwen3:30b-a3b,v2,"Storage, vacuum & TOAST",0.95,false,false,"The fix addresses progress reporting during the CLUSTER operation, which is a storage and maintenance task. CLUSTER reorganizes table data based on an index, and progress reporting is part of the storage and vacuum management process."
333,e52528e25a176987,qwen3:30b-a3b,v2,"Data types, text & collation",0.95,false,false,"The fix addresses an issue where backslash-escaped multibyte characters were not correctly handled during COPY FROM operations, which could cause misinterpretation of field separators or end-of-copy markers due to character encoding issues."
334,80f917bc8dd79369,qwen3:30b-a3b,v2,Planner & optimizer,0.95,false,false,"The fix addresses the unnecessary preallocation of executor hash tables during EXPLAIN without ANALYZE, which is related to query planning and optimization behavior."
335,78e89f3266fc7bec,qwen3:30b-a3b,v2,"Concurrency, locking & crashes",0.95,false,false,"The fix addresses a race condition in the LISTEN/NOTIFY queue handling, specifically preventing a newly-listening backend from reading SLRU pages during truncation, which could cause errors and disable queue functionality. This is a concurrency issue related to backend stability and queue management."
336,25f823ae08bcc5c3,qwen3:30b-a3b,v2,"Data types, text & collation",0.95,false,false,"The fix addresses the behavior of the jsonb concatenation operator to handle all combinations of JSON data types, specifically by wrapping non-array inputs in arrays before concatenation, which was previously erroring on some inputs. This is fundamentally about the correct handling of data types and semantics in JSON operations, not about performance, security, or other categories."
337,120e074d6dd2fd99,qwen3:30b-a3b,v2,"Data types, text & collation",0.95,false,false,"The fix addresses an uninitialized value in regular expression parsing, specifically for a * quantifier in BRE mode, which could lead to incorrect behavior (non-greedy matching). This is a correctness issue in text processing, not a security vulnerability or performance improvement."
338,9bd1a65aff9b9f55,qwen3:30b-a3b,v2,"Numeric, overflow & limits",0.95,false,false,"The fix addresses a specific issue in the numeric power function when the exponent is exactly INT_MIN (-2147483648), which previously resulted in a calculation with no significant digits. This is fundamentally about numeric arithmetic behavior and overflow handling in the context of the power function."
339,5ad6edefb5d850e0,qwen3:30b-a3b,v2,"Numeric, overflow & limits",0.95,false,false,"The fix addresses integer overflow in the substring() function when calculating the starting index and length, which could lead to incorrect behavior such as returning the whole string or throwing an erroneous error. This is fundamentally about numeric overflow in arithmetic operations, not a security vulnerability or performance issue."
340,3d186208370934b7,qwen3:30b-a3b,v2,"Storage, vacuum & TOAST",0.95,false,false,"The fix addresses a potential data loss issue caused by incorrect handling of the SLRU (Shared Log Recovery Unit) wraparound point, which involves rounding a page boundary incorrectly. This is a stability and correctness issue related to the storage and management of SLRU logs, not a security vulnerability or performance improvement."
341,f05b1f25bb2214d8,qwen3:30b-a3b,v2,Replication & recovery,0.95,false,false,"The fix addresses a memory leak in walsender processes during logical decoding snapshot transmission, which is a stability issue related to memory management in a replication component."
342,5dc3ad640bae4a8c,qwen3:30b-a3b,v2,Replication & recovery,0.95,false,false,"The fix addresses a specific issue in the walsender component, which is responsible for sending WAL (Write-Ahead Logging) data during replication. The problem was that walsender would not accept additional commands after terminating replication, which is a behavior related to replication protocol handling."
343,d338301686901e0e,qwen3:30b-a3b,v2,"Concurrency, locking & crashes",0.95,false,false,"The fix addresses a deadlock detection issue specifically between hot standby backends and the startup process (WAL-application), which is a concurrency and locking problem. It does not involve security hardening or performance improvements."
344,1cb04951ee76e435,qwen3:30b-a3b,v2,Replication & recovery,0.95,false,false,"The fix addresses a potential issue in recovery conflict detection during index entry deletion, specifically related to traversing a HOT chain and computing an XID horizon. This affects the correctness of conflict processing in hot standby, which falls under the 'Replication & recovery' category as it involves WAL and recovery mechanisms."
345,a4be94851e6ddf03,qwen3:30b-a3b,v2,Client interfaces,0.95,false,false,"The fix ensures that the krb_server_keyfile configuration setting takes precedence over the KRB5_KTNAME environment variable for GSS encryption, addressing a precedence issue in authentication configuration."
346,99f282446d030667,qwen3:30b-a3b,v2,Client interfaces,0.95,false,false,"The fix adds details to server log messages regarding pg_hba.conf connection matching, specifically indicating whether GSS encryption is activated. This is about improving log clarity for connection authentication issues, not about security hardening or performance."
347,1eb1e593b360e005,qwen3:30b-a3b,v2,Client interfaces,0.95,false,false,"The fix addresses issues related to GSS (Generic Security Service) encryption support in the server, specifically removing a restriction, adding log information, and preventing potential memory issues. It does not involve security vulnerabilities or performance improvements but rather corrects functionality and logging related to GSS encryption."
348,3fe1de6a5eb8f91a,qwen3:30b-a3b,v2,"Concurrency, locking & crashes",0.95,false,false,"The fix addresses a race condition during shutdown where background worker requests were not cleaned up, causing indefinite waiting and preventing shutdown completion. This is fundamentally about backend stability and process management during shutdown sequences."
349,9fb2a588fb2bd645,qwen3:30b-a3b,v2,"Numeric, overflow & limits",0.95,false,false,"The fix addresses a portability issue related to parsing a 64-bit XID value using a 32-bit function (strtoul) on platforms like Windows, which could lead to incorrect behavior due to integer overflow or truncation. This is fundamentally about handling numeric limits and overflow in a platform-specific context, not a security vulnerability or performance issue."
350,54d06041e928b3d4,qwen3:30b-a3b,v2,Indexes,0.95,false,false,"The fix prevents parallel index build from being attempted in a standalone backend, which is a stability and correctness issue related to index operations not being properly handled in non-parallel contexts."
351,b88c47dfe5d30139,qwen3:30b-a3b,v2,Indexes,0.95,false,false,"The fix allows index access methods (AMs) to handle included columns even if they don't support multiple key columns, which relates to how indexes are structured and managed. This is about the functionality of index access methods, specifically addressing a limitation in their implementation regarding included columns."
352,13bc47fd930e3a51,qwen3:30b-a3b,v2,Execution & correctness,0.95,false,false,"The fix addresses an assertion failure during parallel aggregation when using a non-strict deserialization function, which is related to query execution behavior rather than security or performance. The issue is about handling specific function types in parallel execution, falling under execution correctness."
353,ddbf0694f94d368c,qwen3:30b-a3b,v2,"Data types, text & collation",0.95,false,false,"The fix addresses an assertion failure in pg_get_functiondef() when dealing with a function that has a TRANSFORM option, which relates to the internal handling of function definitions and their metadata. This is not a security issue or performance improvement, but rather a correctness issue in the function definition retrieval process."
354,b15ee8df0bb766a0,qwen3:30b-a3b,v2,Execution & correctness,0.95,false,false,"The fix addresses a misallocation in PL/pgSQL's CALL statement when handling procedures with OUT parameters that perform COMMIT or ROLLBACK operations, which could lead to incorrect behavior or crashes. This is fundamentally about the execution semantics of PL/pgSQL procedures, specifically related to how OUT parameters and transaction control interact."
355,7effb26b8ec8df64,qwen3:30b-a3b,v2,Client interfaces,0.95,false,false,"The fix addresses a bug in libpq where, after a successful GSS-encrypted connection but failed authentication, the system incorrectly fell back to an unencrypted connection instead of attempting SSL. This is about ensuring proper encryption protocol handling in client-server communication, specifically related to SSL and GSS encryption fallback behavior."
356,0928d8ba281126ba,qwen3:30b-a3b,v2,Client tools,0.95,false,false,"The fix addresses an issue where the password was being ignored in the psql connection string, causing unexpected password prompts. This is a client tool behavior issue, specifically related to the psql command-line interface's handling of connection strings."
357,f390abc2c55ae113,qwen3:30b-a3b,v2,Client tools,0.95,false,false,"The fix addresses an issue in psql's command output where column default values were being truncated at 128 characters, which is a display behavior rather than a functional or security issue."
358,abe5c045d1cf0de6,qwen3:30b-a3b,v2,Client tools,0.95,false,false,"The fix addresses issues in the psql command-line tool's \help functionality, specifically handling multi-word commands, pager invocation, and memory leaks. These are related to the tool's behavior and stability, not core database functionality."
359,2252cd65f1c7e2fd,qwen3:30b-a3b,v2,Client tools,0.95,false,false,"The fix addresses an issue where pg_dump incorrectly handled inherited generated columns, causing harmless errors during restore. This relates to the correct handling of generated columns during backup and restore operations, which falls under client tools as pg_dump is a client utility."
360,9539e91ce4bfb5ea,qwen3:30b-a3b,v2,Client tools,0.95,false,false,"The fix ensures that specific database commands (ALTER PUBLICATION ADD TABLE and ALTER INDEX ATTACH PARTITION) are executed with the correct ownership during a pg_dump restore, addressing permission issues that could arise if the restoring role lacked necessary privileges. This is about ensuring correct execution semantics and permissions, not about performance or security hardening."
361,3993c437de2cc671,qwen3:30b-a3b,v2,Client tools,0.95,false,false,"The fix addresses an issue in pg_dump where it incorrectly handled WITH GRANT OPTION in extension initial privileges, leading to incorrect SQL generation when privileges are revoked. This is about the correctness of the client tool's output for a specific scenario."
362,c28073a9330f8473,qwen3:30b-a3b,v2,Replication & recovery,0.95,false,false,"The fix ensures that all WAL (Write-Ahead Logging) is properly accounted for during the rewinding process of a standby server in pg_rewind, which is a tool for synchronizing a standby server with its primary. This relates to the correct handling of WAL data, which is critical for replication consistency and recovery."
363,53614525b0a7b46b,qwen3:30b-a3b,v2,Client tools,0.95,false,false,"The fix addresses a specific issue in pgbench where variable names starting with a digit could cause unintended substitution into timestamp literals, which are string values. This is a correctness issue related to variable handling in the client tool, not a security or performance problem."
364,8f73d330d2486657,qwen3:30b-a3b,v2,Client tools,0.95,false,false,"The fix addresses incorrect error messages in client programs when a database name is defaulted, specifically improving the accuracy of connection failure messages for pg_dumpall, pgbench, oid2name, and vacuumlo. This is about client tool behavior and error reporting, not security, performance, or other categories."
365,cac2cd2e9180505b,qwen3:30b-a3b,v2,Extensions & contrib,0.95,false,false,"The fix addresses a memory leak in the contrib/auto_explain module, where memory used for EXPLAIN output was not freed until transaction or statement completion, causing unnecessary memory consumption. This is a resource management issue, not a security vulnerability or performance improvement."
366,1866a30ded925241,qwen3:30b-a3b,v2,Extensions & contrib,0.95,false,false,"The fix addresses a resource leak in the postgres_fdw extension where open connections to remote servers were not properly closed when user mappings or foreign servers were dropped, leading to unnecessary resource consumption."
367,04519db9e5825709,qwen3:30b-a3b,v2,Extensions & contrib,0.95,false,false,"The fix checks for error returns from OpenSSL's EVP functions in the pgcrypto extension, which is a security-related change to handle potential errors and silence static analysis warnings, but it does not address a security vulnerability or memory safety issue directly."
368,d8b8b93843dc0c78,qwen3:30b-a3b,v2,Extensions & contrib,0.95,false,false,"The fix addresses a robustness issue in the contrib/pg_prewarm module, specifically preventing premature updates to the status file during cluster shutdown, which could disable prewarm functionality on next startup. This is about ensuring correct behavior of the prewarm mechanism under shutdown conditions, not a security or performance issue."
369,cfc3ce126b31f137,qwen3:30b-a3b,v2,"Concurrency, locking & crashes",0.95,false,false,"The fix addresses a crash in the pg_trgm extension's GiST index support when picksplit is called on exactly two index items, which falls under backend stability and crashes not tied to a more specific area."
370,a9fe81440b96feb6,qwen3:30b-a3b,v2,Client interfaces,0.95,false,false,"The fix addresses a miscalculation in timeout values due to incorrect conversion between seconds/microseconds and milliseconds in two contrib modules, leading to excessive CPU usage and potential timeout issues. This is a correctness issue in the behavior of the modules, not a security or performance improvement."
371,c73d7524d0c754b1,qwen3:30b-a3b,v2,Build & platform,0.95,false,false,"The fix improves the configure script's heuristics for selecting PG_SYSROOT on macOS, specifically addressing compatibility when Xcode is newer than the OS version. This is a build-time configuration adjustment to ensure correct system root selection for compilation."
372,a19f4fcc76a2db35,qwen3:30b-a3b,v2,Build & platform,0.95,false,false,"The fix addresses a build-time issue on macOS by ensuring the -isysroot flag is applied during both compilation and linking steps, which resolves inconsistencies when Xcode and the OS are out of sync. This is a build system adjustment, not related to runtime behavior, security, or performance."
373,9e72dd9573870292,qwen3:30b-a3b,v2,Build & platform,0.95,false,false,"The fix addresses compatibility issues with LLVM 11 and 12 during JIT compilation, which relates to the build and platform integration of the JIT compiler with LLVM versions."
374,7211c1ee38d6262a,qwen3:30b-a3b,v2,Execution & correctness,0.95,false,false,"The fix addresses a potential issue in JIT expression compilation related to boolean variables, which could lead to incorrect behavior or crashes on certain architectures. This is not a security vulnerability but rather a correctness issue in the execution phase."
375,25d95129b5b489a7,qwen3:30b-a3b,v2,Build & platform,0.95,false,false,"The fix addresses a compile failure related to ICU 68 and later versions, which involves compatibility with the ICU library. This is a build-time issue, not related to runtime behavior, performance, or security."
376,e6359aafce100d56,qwen3:30b-a3b,v2,"Concurrency, locking & crashes",0.95,true,false,"The fix addresses a potential issue with memcpy() being called with a NULL source pointer and zero count during partitioned index creation. This is a memory safety concern as some compilers might optimize incorrectly based on the assumption that memcpy() arguments are never NULL, which could lead to undefined behavior or security vulnerabilities."
377,6938e325e45d059a,qwen3:30b-a3b,v2,"Numeric, overflow & limits",0.95,true,false,"The fix addresses integer overflows in array subscripting calculations, which could lead to memory overwrites and crashes. This is a security hardening issue due to the potential for memory safety vulnerabilities."
378,d33a6cbdabe00292,qwen3:30b-a3b,v2,Execution & correctness,0.95,true,false,"The fix addresses an issue where INSERT ... ON CONFLICT ... UPDATE statements with multi-column sub-selects incorrectly handled junk columns, which could lead to data corruption or crashes when new columns are added or during cross-partition updates. This is fundamentally about query execution correctness, as it involves the behavior of the UPDATE path and the handling of column data during query execution."
379,5076fadaf01cd123,qwen3:30b-a3b,v2,Execution & correctness,0.95,true,false,"The fix addresses a bug in the handling of UPDATE ... RETURNING for partitioned tables where rows moved between partitions with different column structures could lead to incorrect results or errors, specifically when joined with other tables. This is fundamentally about query execution correctness in partitioned tables."
380,082a4e070645296b,qwen3:30b-a3b,v2,Partitioning & inheritance,0.95,false,false,"The fix addresses an issue where ALTER TABLE ... ALTER CONSTRAINT failed to properly adjust DEFERRABLE and INITIALLY DEFERRED properties for constraints on leaf partitions of a partitioned table, leading to unexpected behavior. This is fundamentally about ensuring correct constraint management within partitioned tables, which falls under the 'Partitioning & inheritance' category."
381,98bbce7bdf75eff4,qwen3:30b-a3b,v2,"Data types, text & collation",0.95,false,false,"The fix ensures that when a child table inherits from a parent, any generated columns in the parent must be generated identically in the child, preventing inconsistencies in how these columns are computed across the inheritance hierarchy."
382,c19902bf5cdaab76,qwen3:30b-a3b,v2,"Data types, text & collation",0.95,false,false,"The fix prevents an identity column from being marked as nullable, as the GENERATED ... AS IDENTITY syntax inherently implies NOT NULL. This addresses a semantic inconsistency in column definition rather than a performance or security issue."
383,e859119d58baf72a,qwen3:30b-a3b,v2,"Data types, text & collation",0.95,false,false,"The fix addresses a command ordering hazard in ALTER ROLE/DATABASE ... SET commands by relaxing overly strict validity checks for specific parameters (role, session_authorization, temp_buffers), ensuring they can be set without premature rejection during dump/reload or upgrade processes."
384,9323724e579e0a68,qwen3:30b-a3b,v2,Indexes,0.95,false,false,"The fix ensures that the REINDEX CONCURRENTLY command maintains the statistics target settings for an index, which is a behavior related to index management and configuration rather than performance, security, or other categories. It does not involve query results, crashes, or numeric issues."
385,f90fd181625cc45d,qwen3:30b-a3b,v2,Execution & correctness,0.95,false,false,"The fix addresses an issue with the COMMIT AND CHAIN command when savepoints are active, which relates to transaction management and behavior during commit operations. This is not a security or performance issue but rather a correctness problem in transaction handling."
386,de97cd11d19a1997,qwen3:30b-a3b,v2,"Data types, text & collation",0.95,false,false,"The fix addresses an issue where a COLLATE expression was incorrectly applied to a non-collatable type, causing problems during dump/reload operations. This relates to how collation is handled in the SQL semantics, specifically in the context of view definitions and data type coercion."
387,032229c7154bf068,qwen3:30b-a3b,v2,"Concurrency, locking & crashes",0.95,true,false,"The fix addresses a use-after-free bug related to saving tuples for AFTER triggers, which is a memory safety issue causing crashes. This is not about query results or performance but about a memory management flaw that could lead to crashes."
388,d54f952ea19ef642,qwen3:30b-a3b,v2,Client interfaces,0.95,false,false,"The fix addresses a crash that occurs when attempting to call window functions or procedures through the fast path wire protocol, which is a client interface issue. It restricts the use of the fast path to plain functions only, preventing crashes and ensuring correct behavior."
389,4e3fc545586bef6b,qwen3:30b-a3b,v2,"Numeric, overflow & limits",0.95,false,false,"The fix extends a function to support event triggers, which relates to the internal handling of object identification within the PostgreSQL system, specifically for event triggers. This is not about performance, security, or a specific component like indexes or execution, but rather about the functionality of a system catalog or object identification mechanism."
390,b98ab363281e6e31,qwen3:30b-a3b,v2,"Data types, text & collation",0.95,false,false,"The fix addresses a crash caused by improper handling of negative intervals in the to_char() function when using Roman-numeral month format codes, which relates to the correct behavior of a data type function."
391,f0b98cef97e6893d,qwen3:30b-a3b,v2,"Data types, text & collation",0.95,false,false,"The fix ensures that the argument passed to pg_import_system_collations() is a valid schema OID, which is a data validation check for a function parameter. This is about ensuring correct input handling for a function related to collation management, falling under data type and input validation."
392,3891abd92cb9c928,qwen3:30b-a3b,v2,"Data types, text & collation",0.95,false,false,"The fix addresses an uninitialized value in the parsing of a BRE-mode regular expression quantifier, which could lead to incorrect behavior (non-greedy matching) due to a bug in the regular expression engine. This is fundamentally about data type and text handling, specifically in the context of regular expression parsing and semantics."
393,6f01b3beec66bbf1,qwen3:30b-a3b,v2,Planner & optimizer,0.95,false,false,"The fix addresses an issue where system columns like ctid were not being considered in group count estimation with extended statistics, leading to inaccurate query plan estimates. This is fundamentally about query planning and optimization, specifically how the planner estimates the number of groups for queries involving extended statistics."
394,c08ae510230f0210,qwen3:30b-a3b,v2,Planner & optimizer,0.95,false,false,"The fix addresses a divide-by-zero error in selectivity estimation for regular expressions with long fixed prefixes, which caused NaN values and planner issues. This is fundamentally about query planning and optimization, specifically selectivity estimation."
395,0391d26ac5326a62,qwen3:30b-a3b,v2,Indexes,0.95,false,false,"The fix addresses a bug in BRIN index bitmap scans where the page range size not being a power of two caused attempts to access pages beyond the table's end, resulting in file open errors. This is fundamentally about index access method correctness, specifically within BRIN indexes."
396,3bdc083b0b9677ce,qwen3:30b-a3b,v2,Replication & recovery,0.95,false,false,"The fix addresses a bug in WAL recovery related to uncommitted two-phase transactions, specifically preventing incorrect timeline changes that could cause consistency issues or server restart failures. This is fundamentally about replication and recovery processes, as it involves WAL (Write-Ahead Logging) and timeline management during recovery."
397,6df52d622e26c8cd,qwen3:30b-a3b,v2,"Concurrency, locking & crashes",0.95,false,false,"The fix addresses a scenario where locks are not properly released during the shutdown of a standby server's startup process, which could lead to assertion failures in debug builds and potential issues in production. This is fundamentally about ensuring proper lock management during server shutdown, which falls under backend stability and locking mechanisms."
398,5ec03e0d04bda57f,qwen3:30b-a3b,v2,Replication & recovery,0.95,false,false,"The fix addresses a crash occurring during a logical replication worker's ALTER SUBSCRIPTION REFRESH operation, which can be triggered by a replica trigger. This is a stability issue related to replication workers, not a security vulnerability or performance improvement."
399,730c03be9cf1855c,qwen3:30b-a3b,v2,Replication & recovery,0.95,false,false,"The fix addresses the default behavior of the wal_sync_method configuration parameter on FreeBSD 13, specifically reverting to fdatasync instead of using open_datasync due to uncertainty about its benefits for PostgreSQL. This is related to the replication and recovery subsystem's handling of WAL synchronization methods."
400,c91717cc67ff1c34,qwen3:30b-a3b,v2,Execution & correctness,0.95,false,false,"The fix addresses an issue where the wrong OID (object identifier) was passed to a post-alter hook during an ALTER CONSTRAINT operation, specifically confusing the constraint's OID with the trigger's OID. This is a correctness issue related to how triggers are handled during constraint alterations, falling under execution and correctness."
401,3702c429638163b9,qwen3:30b-a3b,v2,"Concurrency, locking & crashes",0.95,false,false,"The fix addresses a cleanup issue during the detachment of a DSM (Dynamic Shared Memory) segment, specifically ensuring temporary files are properly cleaned up after a parallel query is interrupted. This relates to backend stability and resource management, not security or performance."
402,74f8f92e7a500210,qwen3:30b-a3b,v2,"Concurrency, locking & crashes",0.95,false,false,"The fix addresses a memory leak during SSL parameter initialization, which can accumulate with repeated SIGHUP signals. This is a memory management issue that could lead to resource exhaustion, but it's not a security vulnerability like buffer overruns. The core issue is about memory stability, not security or performance."
403,06a68eae8d4cc1cb,qwen3:30b-a3b,v2,"Numeric, overflow & limits",0.95,true,false,"The fix addresses memory leaks in the server, which are a type of memory-safety weakness. Memory leaks, while not always critical, can lead to resource exhaustion and potential security issues if exploited. This is not a performance improvement but a security hardening issue."
404,fbf363479efd12ff,qwen3:30b-a3b,v2,Planner & optimizer,0.95,false,false,"The fix addresses an issue where a PL/pgSQL DO block using composite-type variables and transaction control caused errors due to leaked tuple descriptors. This relates to the behavior of PL/pgSQL (a procedural language) when handling composite types and transaction control, which falls under the category of procedural language behavior and correctness."
405,b95ff75fe2ffd30b,qwen3:30b-a3b,v2,Client interfaces,0.95,true,false,"The fix addresses a potential infinite loop in libpq when processing a malformed ParameterDescription message with an invalid length, which could lead to a denial-of-service condition. This is a memory safety issue related to handling corrupt input, not a numeric overflow or performance problem."
406,d7a987be82b54fdf,qwen3:30b-a3b,v2,Client tools,0.95,false,false,"The fix addresses the display of file paths in a Windows environment, specifically ensuring that backslashes are used instead of forward slashes in the instructions printed by initdb. This is a minor adjustment to the user interface for Windows users, not related to functionality, security, or performance."
407,a0ccfecc3269b72f,qwen3:30b-a3b,v2,Client tools,0.95,false,false,"The fix addresses a regression in psql's behavior regarding service file configuration precedence, specifically restoring the order where service file entries take priority over environment variables for connection parameters like PGPORT. This is a client tool behavior correction, not a security or performance issue."
408,b235ce0453ecafed,qwen3:30b-a3b,v2,Client tools,0.95,false,false,"The fix addresses an issue in psql's ON_ERROR_ROLLBACK feature where COMMIT AND CHAIN commands were not handled correctly, causing an error about a non-existent savepoint. This is a client tool behavior issue, not related to security, performance, or other categories."
409,937d363d46bb53a0,qwen3:30b-a3b,v2,Client tools,0.95,false,false,"The fix addresses a race condition in psql's handling of temporary edit files, specifically related to detecting file modifications via timestamp checks. This is a concurrency issue affecting backend stability and correctness of the client tool's behavior."
410,fddcc927c9a171fc,qwen3:30b-a3b,v2,Client tools,0.95,false,false,"The fix addresses an issue where pg_dump incorrectly handled generated columns in partitioned tables, specifically preventing a previously introduced fix from being applied to partitioned tables instead of inherited tables. This is about the correct behavior of a client tool (pg_dump) when dealing with specific table structures."
411,c245600c481eb523,qwen3:30b-a3b,v2,Client tools,0.95,false,false,"The fix addresses a missing version check in pg_restore when processing custom-format archives from non-seekable sources, which could lead to a failure when encountering an unsupported archive version. This is about ensuring correct handling of archive formats and version compatibility in a client tool."
412,6991a466a16444b5,qwen3:30b-a3b,v2,"Data types, text & collation",0.95,false,false,"The fix addresses issues in pg_upgrade related to handling non-upgradable data types in user tables, specifically checking for embedded non-upgradable types within container types and disallowing upgrades when system-defined composite types are present. This is about ensuring correct data type handling during upgrades, not about security, performance, or other categories."
413,473874c1604421ed,qwen3:30b-a3b,v2,Client tools,0.95,false,false,"The fix addresses an incorrect calculation in the progress reporting of pg_checksums, which is a utility tool for checking database integrity. This is a correctness issue in a client tool, not related to security, performance, or other categories."
414,395b7de622154148,qwen3:30b-a3b,v2,Client tools,0.95,false,false,"The fix addresses an issue in pg_waldump, a tool for analyzing WAL (Write-Ahead Logging) records, specifically correcting how it counts XACT (transaction) records for statistics generation. This is a tooling issue related to the accuracy of a utility program, not a core database functionality or security flaw."
415,997d6cd821869800,qwen3:30b-a3b,v2,Extensions & contrib,0.95,false,false,The fix addresses a false positive in the amcheck contrib module when it incorrectly flagged a valid tuple state (HEAP_XMAX_LOCK_ONLY and HEAP_KEYS_UPDATED both set) during a SELECT FOR UPDATE operation. This is about ensuring correct behavior of a utility tool without affecting query results or security.
416,812224eab1a7b18d,qwen3:30b-a3b,v2,Build & platform,0.95,false,false,"The fix adjusts build rules to support newer compiler versions, which is about the build system and compatibility with specific compilers, not about query execution, security, or performance."
417,2783b568b59d61a3,qwen3:30b-a3b,v2,Planner & optimizer,0.95,false,false,"The fix addresses a testing issue specific to PL/Python on Solaris, which relates to the compatibility or functionality of the PL/Python procedural language when running on the Solaris operating system. This is not a security or performance issue but rather a compatibility or build-related fix for a specific platform."
418,150ec54cc21e2986,qwen3:30b-a3b,v2,Planner & optimizer,0.95,true,false,"The fix addresses a planner issue where stacked ProjectionPaths could lead to incorrect plans, causing crashes or wrong results, with potential memory disclosure. This is fundamentally about query planning and optimization, not security hardening (though memory disclosure is a side effect, the core issue is planner misbehavior)."
419,1ecae78e6661f9c7,qwen3:30b-a3b,v2,Client interfaces,0.95,true,false,"The fix completely disables SSL renegotiation to prevent a potential server crash caused by a malicious client request, addressing a security vulnerability related to OpenSSL's renegotiation feature."
420,888a5ca64399cb38,qwen3:30b-a3b,v2,Execution & correctness,0.95,false,false,"The fix addresses a specific issue where fetching toasted values after COMMIT/ROLLBACK within a procedure failed due to missing snapshots, ensuring consistent behavior by requiring an outer snapshot for SQL execution outside a Portal. This is fundamentally about correct execution semantics during transaction control, not performance or security."
421,c6109ef568d36faa,qwen3:30b-a3b,v2,Execution & correctness,0.95,false,false,"The fix addresses a behavior issue with cursors reading non-stable queries, specifically ensuring that NO SCROLL cursors correctly store only the not-yet-read portion of the query result to prevent inconsistent results upon re-reading. This is about correct cursor behavior during query execution, not security or performance."
422,5cce9950171532c0,qwen3:30b-a3b,v2,Execution & correctness,0.95,false,false,"The fix addresses a specific SQL syntax error where an empty GROUPING SETS clause is used with FOR UPDATE, which previously caused a null-pointer dereference. This is fundamentally about incorrect query execution semantics leading to a crash, not a performance issue or security vulnerability."
423,bc8e50a796b34a08,qwen3:30b-a3b,v2,"Concurrency, locking & crashes",0.95,false,false,"The fix addresses a scenario where a query in a WITH clause rewrites to just a NOTIFY statement, which previously caused a crash. This is fundamentally about preventing a crash during query execution, which falls under backend stability not tied to a more specific area."
424,390dd4f8dc426c57,qwen3:30b-a3b,v2,"Numeric, overflow & limits",0.95,false,false,"The fix addresses a specific edge case in numeric multiplication where the result would exceed a decimal digit limit, rounding the result instead of causing an error. This is fundamentally about numeric arithmetic behavior within the numeric data type handling."
425,a66f8bade0b73f41,qwen3:30b-a3b,v2,"Numeric, overflow & limits",0.95,false,false,"The fix addresses issues with numeric precision and errors when performing exponentiation on very large numeric values, which falls under arithmetic operations and precision handling."
426,7a759dbd81422543,qwen3:30b-a3b,v2,"Numeric, overflow & limits",0.95,false,false,The fix addresses a division-by-zero error in the to_char() function when processing numeric inputs with a very small magnitude (less than 10^-1001) in the EEEE format. This is fundamentally a numeric arithmetic issue related to handling extremely small values in a formatting function.
427,4ab29dac3d307a9a,qwen3:30b-a3b,v2,"Numeric, overflow & limits",0.95,false,false,"The fix addresses the rounding behavior of pg_size_pretty for negative values, ensuring consistency with positive values and the numeric version. This is about the correct handling of numeric values in a function, not a security issue or performance improvement."
428,c7aa0983a09dc467,qwen3:30b-a3b,v2,Execution & correctness,0.95,false,false,"The fix addresses a specific function call that previously failed when given zero arguments, now returning NULL instead. This is about handling edge cases in a function's behavior, not a security issue or performance improvement."
429,c8be6a075fc63995,qwen3:30b-a3b,v2,"Concurrency, locking & crashes",0.95,false,false,"The fix addresses a concurrency issue where ALTER EXTENSION operations could conflict with DROP EXTENSION, causing crashes or catalog corruption. This is fundamentally about backend stability and locking mechanisms, not query results or performance."
430,8d27dc4a3191e055,qwen3:30b-a3b,v2,Replication & recovery,0.95,false,false,"The fix addresses a specific validation issue in the ALTER SUBSCRIPTION command, ensuring it rejects an empty slot name. This is about enforcing correct syntax and input validation for a replication-related command, which falls under the category of replication command behavior."
431,c57e8fe76dc62450,qwen3:30b-a3b,v2,Execution & correctness,0.95,false,false,"The fix ensures that the enabled status of triggers is correctly copied when cloning triggers from a partitioned table to a new partition, addressing a correctness issue in trigger management during partition operations."
432,0e59e7bb4c525325,qwen3:30b-a3b,v2,Execution & correctness,0.95,false,false,"The fix addresses a specific issue where queries generated for REFRESH MATERIALIZED VIEW CONCURRENTLY failed due to alias conflicts in materialized views with certain column names (e.g., 'mv' and 'newdata'). This is fundamentally about query generation and execution correctness, specifically related to the behavior of materialized views and their internal query handling."
433,58eeea6625515372,qwen3:30b-a3b,v2,"Concurrency, locking & crashes",0.95,false,false,"The fix addresses a bug where PREPARE TRANSACTION failed to properly check for conflicting locks (session-lifespan vs transaction-lifespan) on the same advisory lock ID, which could cause a panic. This is fundamentally about ensuring correct transaction handling and preventing crashes during transaction preparation."
434,348ed1678afc7010,qwen3:30b-a3b,v2,"Data types, text & collation",0.95,false,false,"The fix addresses an issue where DROP OWNED BY command behaves incorrectly when a role appears multiple times in a Row-Level Security (RLS) policy, which relates to the correct handling of security policies and role management in PostgreSQL."
435,f3665f0dc536a42d,qwen3:30b-a3b,v2,"Numeric, overflow & limits",0.95,true,false,"The fix addresses a scenario where removing a role from an RLS policy during DROP OWNED BY required superuser privileges unnecessarily. This relates to the behavior of role management and access control within RLS policies, which falls under the category of access control issues."
436,80f3c1b444f7bf16,qwen3:30b-a3b,v2,Execution & correctness,0.95,false,false,"The fix addresses a scenario where using a whole-row variable in a generated column expression leads to undefined behavior and crashes, which is fundamentally about preventing incorrect SQL semantics during execution that cause crashes. This is not a security issue but a correctness problem in how generated columns are handled."
437,8865971c71bfac19,qwen3:30b-a3b,v2,Execution & correctness,0.95,false,false,"The fix addresses an issue where the system column 'tableoid' was not being properly provided in certain code paths when evaluating GENERATED expressions, which could lead to incorrect behavior in expressions that rely on this column. This is fundamentally about the correct handling of system columns within expression evaluation, falling under the category of execution and correctness."
438,fe3d7c9c1d88f54c,qwen3:30b-a3b,v2,"Data types, text & collation",0.95,false,false,"The fix addresses an issue where a 'fast default' was being stored for columns added to foreign tables, which is unnecessary because foreign tables don't have local heap storage. This is about incorrect behavior in handling foreign table column additions, specifically related to catalog entries and subsequent operations."
439,71580ca41b89c5dc,qwen3:30b-a3b,v2,Indexes,0.95,false,false,"The fix addresses the transactional updating of index state flags, which relates to how indexes are managed during transactions, specifically avoiding failures with index predicates. This is fundamentally about index management and correctness within the index access methods."
440,37335163e7dbeb4b,qwen3:30b-a3b,v2,Planner & optimizer,0.95,false,false,"The fix addresses a potential corruption in the plan cache when domain-related DDL statements (CREATE DOMAIN or ALTER DOMAIN) are encountered in a cached plan. This relates to query planning and optimization, specifically how the planner handles cached plans during DDL operations."
441,77e4f59c3896375c,qwen3:30b-a3b,v2,Replication & recovery,0.95,false,false,"The fix addresses the display of replication-related commands in pg_stat_activity, ensuring that walsenders correctly show their current replication protocol operations rather than outdated SQL commands. This is about improving the accuracy of monitoring and visibility for replication processes."
442,d7683622383444ca,qwen3:30b-a3b,v2,"Data types, text & collation",0.95,false,false,"The fix addresses a specific behavior in the pg_settings view where the 'pending_restart' flag should correctly indicate when a configuration entry in postgresql.conf has been removed, not just modified. This is about the correct reporting of configuration changes requiring a restart, which falls under the management of configuration settings and their impact on server behavior."
443,75a4a84eec585450,qwen3:30b-a3b,v2,Planner & optimizer,0.95,false,false,"The fix addresses a planning issue where queries involving regular tables that are inheritance children of foreign tables were misplanned, leading to assertion failures or errors related to missing junk columns. This is fundamentally about query planning and optimization, specifically the handling of inheritance and foreign tables in the planner."
444,65b82d2c879a0c4e,qwen3:30b-a3b,v2,Replication & recovery,0.95,false,false,"The fix addresses a specific issue where a standby server might incorrectly follow the wrong WAL timeline when transitioning to a new primary, which relates to replication behavior and timeline management in a replication setup."
445,494028764cd4a841,qwen3:30b-a3b,v2,Replication & recovery,0.95,false,false,"The fix addresses a scenario where WAL replay of a transaction abort record leads to file truncation, which is irreversible. This affects the recovery process, specifically ensuring that the minimum recovery point is updated to prevent stopping recovery at an unsafe point. The issue is related to the correctness of the recovery process, not a security or performance issue."
446,80420cf9962b65f3,qwen3:30b-a3b,v2,Indexes,0.95,false,false,"The fix addresses a scenario in walreceivers where catalog lookups are attempted after an error has occurred, which could lead to instability or incorrect behavior. This is fundamentally about backend stability and preventing crashes or unexpected behavior in the replication process."
447,2763a504d3075ac3,qwen3:30b-a3b,v2,Replication & recovery,0.95,false,false,"The fix ensures that a standby server's startup process promptly responds to a shutdown signal while waiting for WAL, addressing a potential delay in shutdown handling during standby operations."
448,4abbd88b95be4f6f,qwen3:30b-a3b,v2,"Concurrency, locking & crashes",0.95,false,false,"The fix addresses a scenario where failing to join a transaction commit group leaves shared state uncleared, potentially causing an assertion failure in subsequent sessions using the same PGPROC object. This is fundamentally about backend stability and race conditions related to transaction management, not query results, performance, or security."
449,51bd57812165dce1,qwen3:30b-a3b,v2,"Concurrency, locking & crashes",0.95,false,false,"The fix addresses a concurrency issue where reading relmapper data could be incorrect due to concurrent writes from another process, which relates to locking mechanisms to ensure data consistency during concurrent operations."
450,a4796cbfdf034893,qwen3:30b-a3b,v2,Indexes,0.95,false,false,"The fix improves progress reporting during the sort phase of a parallel btree index build, which is related to the internal mechanics of index creation and progress tracking. This does not involve security, performance, or other flagged categories, but rather the index build process itself."
451,cb98b67c3993956b,qwen3:30b-a3b,v2,Replication & recovery,0.95,false,false,"The fix addresses logical replication workers' protocol checks, moving from assertions to regular error checks to handle invalid or out-of-order commands more robustly, which is a stability and correctness issue in replication."
452,da0e28caec2d8d0e,qwen3:30b-a3b,v2,"Concurrency, locking & crashes",0.95,false,false,"The fix addresses a deadlock scenario involving multiple logical replication workers attempting to truncate the same table, which relates to concurrency and locking issues in replication."
453,2c08ebafdd80cf90,qwen3:30b-a3b,v2,Replication & recovery,0.95,false,false,"The fix addresses memory leaks and error handling in logical decoding of speculative insertions, which relates to the stability and correctness of the replication and recovery process. This is not a security issue or performance improvement, but rather a correctness issue in the replication subsystem."
454,c746586305ba9eac,qwen3:30b-a3b,v2,"Concurrency, locking & crashes",0.95,false,false,"The fix addresses a scenario where an error leaves an invalid record-type hash table entry, which could cause crashes or memory leaks. This is fundamentally about backend stability and preventing crashes, not about query results, performance, or security vulnerabilities like buffer overruns."
455,79d9f84027760ebe,qwen3:30b-a3b,v2,Planner & optimizer,0.95,false,false,"The fix addresses reference leaks in the plan cache during error cases when executing CREATE TABLE ... AS EXECUTE, which relates to query planning and optimization."
456,2f1961630f9f2624,qwen3:30b-a3b,v2,"Concurrency, locking & crashes",0.95,false,false,"The fix addresses a race condition in the code that shares tuple descriptors between parallel workers, which could lead to a crash under specific timing conditions. This is fundamentally about backend stability related to parallel execution, not a security issue or performance improvement."
457,8392c35481514051,qwen3:30b-a3b,v2,"Concurrency, locking & crashes",0.95,false,false,"The fix addresses a potential race condition in the BackgroundWorkerSlots release mechanism, which could lead to instability on systems with weaker memory ordering guarantees. This is a concurrency issue affecting backend stability, not a security vulnerability or performance improvement."
458,d11b09686051901f,qwen3:30b-a3b,v2,"Concurrency, locking & crashes",0.95,true,false,"The fix addresses a latent crash caused by attempting to free a null pointer in the sorting code, which is a stability issue not related to query results or performance. This is a backend crash scenario, so it falls under 'Concurrency, locking & crashes' as it involves a potential process crash due to a null pointer dereference."
459,39d75a3f5faf68bf,qwen3:30b-a3b,v2,Indexes,0.95,false,false,"The fix addresses an infinite loop during SP-GiST index insertion caused by INCLUDE columns consuming excessive space, preventing tuple fitting on a page. This is fundamentally about index behavior and correctness, not security or performance."
460,4f8bb7326fdd382a,qwen3:30b-a3b,v2,Indexes,0.95,false,false,"The fix ensures that SP-GiST index insertion can be terminated by a query cancel request, which relates to the behavior of index operations during execution. This is about the correct handling of cancellation during index insertion, not about performance or security."
461,209a451d53020031,qwen3:30b-a3b,v2,Planner & optimizer,0.95,false,false,"The fix addresses an uninitialized variable in PL/pgSQL that caused incorrect behavior when an INTO clause was used without STRICT, making the system act as if STRICT was specified. This is a correctness issue in the PL/pgSQL procedural language, not a security or performance problem."
462,c7492f3146e75ca7,qwen3:30b-a3b,v2,Client interfaces,0.95,true,false,"The fix addresses an out-of-memory failure in libpq's printing functions, which is a memory-safety issue that could lead to process termination. This is not a numeric overflow or limit issue but a memory management problem that could be exploited for security purposes."
463,7b8e51d8d9c7e526,qwen3:30b-a3b,v2,"Numeric, overflow & limits",0.95,false,false,"The fix allows the conversion of the numeric value INT_MIN to an integer in ecpg, addressing a specific numeric value handling issue within the embedded SQL preprocessor. This is about numeric value conversion and handling, not a security or performance issue."
464,65f00ce5c2191d02,qwen3:30b-a3b,v2,Client interfaces,0.95,true,false,"The fix addresses a potential buffer overrun in client programs like psql when processing invalidly-encoded multibyte characters, which could lead to crashes or undefined behavior. This is a memory-safety issue, not a numeric or performance problem."
465,73816ae4157a1a7b,qwen3:30b-a3b,v2,Client tools,0.95,false,false,"The fix addresses an issue where pg_dump incorrectly handled triggers on partitioned tables when their enabled status differed from the parent table's triggers, which is a specific behavior of the client tool pg_dump related to partitioned table metadata."
466,1aa3a9e019ba2a2e,qwen3:30b-a3b,v2,Client tools,0.95,false,false,"The fix addresses an issue where pg_restore generates incorrect header warnings due to time zone differences when restoring from an archive created in a different time zone. This is about handling time zone conversions correctly during restore operations, which falls under client tool behavior."
467,b436d09453eba087,qwen3:30b-a3b,v2,"Storage, vacuum & TOAST",0.95,false,true,"The fix addresses the handling of the oldestXID value during a pg_upgrade, ensuring it carries forward the old installation's value instead of resetting it to a conservative default. This prevents unnecessary anti-wraparound autovacuuming and potential forced shutdowns due to large autovacuum_freeze_max_age settings, which is a performance and stability issue related to transaction ID management."
468,95bd86740e572854,qwen3:30b-a3b,v2,Extensions & contrib,0.95,false,false,"The fix extends pg_upgrade to detect extensions requiring manual upgrade and generates a script with ALTER EXTENSION UPDATE commands, which is about managing extension upgrades during version transitions."
469,5f3f1dae85c6b76f,qwen3:30b-a3b,v2,Replication & recovery,0.95,false,false,"The fix addresses an issue related to switching between compressed and non-compressed WAL storage in pg_receivewal, which is a replication tool. This is about the behavior of a replication tool handling WAL storage formats, falling under replication functionality."
470,d9aed94e6381a8eb,qwen3:30b-a3b,v2,Extensions & contrib,0.95,false,false,"The fix addresses how postgres_fdw handles generated columns in foreign tables, ensuring it correctly interacts with generated columns in the remote table. This is about the behavior of a specific extension (postgres_fdw) with respect to SQL features (generated columns), not a security issue or performance improvement."
471,54631ba2ce9a2db3,qwen3:30b-a3b,v2,Indexes,0.95,false,false,"The fix addresses a safety issue in postgres_fdw by preventing catalog lookups after an error, which could lead to instability or incorrect behavior. It also improves error messages to include table and column aliases, enhancing user experience without changing core functionality."
472,39208c3a13cd6d17,qwen3:30b-a3b,v2,Client tools,0.95,false,false,"The fix focuses on improving the infrastructure for isolation tests, specifically addressing race conditions, test stability, and memory leaks in the test framework itself, rather than affecting core database functionality or security."
473,bc09e1063944ebc7,qwen3:30b-a3b,v2,"Numeric, overflow & limits",0.95,false,true,"The fix reduces the overhead of cache-clobber testing, which relates to optimizing the performance of cache management operations. This is a performance improvement, not a security hardening or a fix for a specific component like planner or execution."
474,5fd9a40be799a278,qwen3:30b-a3b,v2,Planner & optimizer,0.95,false,false,"The fix addresses compatibility issues in PL/Python's regression tests when using Python 3.10, ensuring the tests pass with the newer Python version. This is about adapting the extension to work with a specific Python version, not a security or performance issue."
475,d1b2e09a42b5447f,qwen3:30b-a3b,v2,"Data types, text & collation",0.95,false,false,"The fix addresses a crash when using printf with a NULL string argument, changing it to print '(null)' instead. This is a stability improvement in the server's string handling, not related to security vulnerabilities or performance."
476,cafa5325bf8c11b1,qwen3:30b-a3b,v2,Replication & recovery,0.95,false,false,"The fix addresses a log message issue during point-in-time recovery when stopping at a ROLLBACK PREPARED record, which relates to the recovery process and its logging behavior."
477,e304ff888ab007dd,qwen3:30b-a3b,v2,Execution & correctness,0.95,false,false,"The fix improves error messages for ALTER TABLE when the wrong relation kind is specified, which is about enhancing user feedback for a specific SQL command's error handling, not about query results, performance, or security."
478,5901cecd91db3f56,qwen3:30b-a3b,v2,"Data types, text & collation",0.95,false,false,"The fix clarifies error messages related to non-negative values, which pertains to the clarity and correctness of error messages when dealing with numeric constraints, specifically ensuring that users are informed about non-negative value requirements. This is fundamentally about improving the user experience and correctness of error messages, which falls under the category of 'Data types, text & collation' as it involves handling of numeric values and their constraints in error messaging."
479,088dc3e00b0c87db,qwen3:30b-a3b,v2,Build & platform,0.95,false,false,"The fix addresses a configuration issue related to OpenLDAP 2.5, which has removed the separate libldap_r library. The change ensures that the build process correctly assumes libldap is thread-safe when libldap_r is not present, resolving a build-time dependency issue."
480,a071de6853ff85c3,qwen3:30b-a3b,v2,Build & platform,0.95,false,false,"The fix adds new make targets for building and installing binaries without documentation, which is a build system improvement related to the build process and not tied to any specific functional area like query execution or storage."
481,2661dabe6ff0d0ee,qwen3:30b-a3b,v2,Build & platform,0.95,false,false,"The fix addresses a build-related issue with the TAP test make rule in PGXS (PostgreSQL Extension Building System), specifically ensuring the 'prove_installcheck' rule functions correctly when used within extension builds. This is a build system adjustment, not related to query execution, security, or performance."
482,d283ad3cb72586ad,qwen3:30b-a3b,v2,Build & platform,0.95,false,false,"The fix addresses an upcoming API change in LLVM 13 that would cause the JIT compiler to crash, requiring adjustments to the JIT code to maintain compatibility and prevent crashes."
483,82f5562e481f245b,qwen3:30b-a3b,v2,Client interfaces,0.95,true,false,"The fix addresses a potential issue with GSSAPI string handling by not assuming null-termination, which could lead to security vulnerabilities like buffer overruns. This is fundamentally about memory safety and security hardening, not about the specific component or performance."
484,53fe52e5ebc3aa8b,qwen3:30b-a3b,v2,Build & platform,0.95,false,false,"The fix addresses building PostgreSQL with GSSAPI on MSVC, specifically resolving incompatibilities with modern Kerberos builds. This is about the build system and platform compatibility, not security hardening or performance."
485,6af7b2ced67c89f1,qwen3:30b-a3b,v2,Client tools,0.95,false,false,"The fix addresses a reporting issue in pg_config for MSVC builds, specifically ensuring that the --with-pgport option is included in the reported configure options when specified. This is a minor adjustment to the output of a client tool, not related to query execution, security, performance, or other core database functionality."
486,207b45e842b4c06c,qwen3:30b-a3b,v2,Client interfaces,0.95,true,false,"The fix addresses a security vulnerability where the server did not reject extraneous data after an SSL/GSS handshake, allowing a man-in-the-middle attacker to inject cleartext data and potentially send fake SQL commands. This is a security weakness related to encryption handling and authentication."
487,2e24e0c202712d2e,qwen3:30b-a3b,v2,Client interfaces,0.95,true,false,"The fix addresses a security vulnerability where libpq allows extraneous data after an SSL or GSS handshake, potentially enabling man-in-the-middle attacks to inject cleartext data or exfiltrate sensitive information like passwords. This is fundamentally about closing a security weakness in the encryption handshake process."
488,b793c7f3d782d802,qwen3:30b-a3b,v2,Replication & recovery,0.95,false,false,"The fix addresses a specific issue in physical replication where a primary server crash after writing a partial WAL segment causes inconsistencies in standby servers. The problem involves WAL (Write-Ahead Logging) handling during crash recovery, specifically ensuring that incomplete WAL records are properly managed to prevent standby servers from encountering inconsistent WAL segments."
489,c17434cb75839d1d,qwen3:30b-a3b,v2,Execution & correctness,0.95,false,false,"The fix addresses a scenario where CREATE INDEX CONCURRENTLY might omit rows inserted by transactions that were in a prepared state but not yet committed, leading to missing data in the index. This is a correctness issue related to transaction handling during index creation, specifically involving prepared transactions and their visibility to the index build process."
490,d4d52aaf1fba8d16,qwen3:30b-a3b,v2,"Concurrency, locking & crashes",0.95,false,false,"The fix addresses a race condition during concurrent index building, which could cause backend failures in adding index entries. This is fundamentally about backend stability and concurrency issues, not about query results, performance, or security."
491,2471c808f2ddf732,qwen3:30b-a3b,v2,"Data types, text & collation",0.95,false,false,"The fix addresses the behavior of hash functions for NaN values in floating-point types, ensuring consistent hashing across all NaN representations to prevent incorrect results in hash indexes and query plans. This is a correctness issue related to data type handling and hash function implementation, not a security or performance fix."
492,c6eda08893edb97b,qwen3:30b-a3b,v2,Replication & recovery,0.95,false,false,"The fix addresses a crash recovery issue related to CREATE TABLESPACE when wal_level is set to minimal, preventing data loss by ensuring proper WAL replay to restore tablespace contents after a crash."
493,d10b150aaaaa00e3,qwen3:30b-a3b,v2,Indexes,0.95,false,false,"The fix addresses a cache invalidation issue related to attaching or detaching tables from a partitioned table, which could lead to incorrect behavior in subsequent operations on partitions within existing sessions. This is fundamentally about ensuring correct behavior of partitioned table operations, not about security, performance, or other categories."
494,6f7354d408e351a9,qwen3:30b-a3b,v2,Replication & recovery,0.95,false,false,"The fix addresses an issue where the relation cache wasn't invalidated after creating or dropping a publication for all tables, which could cause incorrect replication behavior until sessions were restarted. This is fundamentally about ensuring correct replication behavior through cache management, falling under replication-related functionality."
495,83c76030d1c4f6d3,qwen3:30b-a3b,v2,"Data types, text & collation",0.95,false,false,"The fix addresses a parser issue where a cast to the same type with unspecified modifiers was incorrectly discarded, affecting type resolution in expressions like recursive UNIONs. This is about correct type handling during query parsing and execution, not security or performance."
496,4b9a79910dc7b125,qwen3:30b-a3b,v2,"Data types, text & collation",0.95,false,false,"The fix addresses an issue where updating a field within an array of domain-over-composite types failed, which relates to the correct handling of composite types and domain constraints during data modification operations."
497,63894cbb23464816,qwen3:30b-a3b,v2,"Data types, text & collation",0.95,false,false,"The fix prevents creating an ICU collation when the database encoding cannot support it, addressing a scenario where the collation would be unusable due to encoding incompatibility. This is about data-type and collation behavior, not security or performance."
498,0d49bb629c31c35d,qwen3:30b-a3b,v2,"Numeric, overflow & limits",0.95,false,false,"The fix addresses a precision issue in the numeric power() function when the first argument is near 1, which is a numeric calculation error rather than a security or performance issue."
499,3ccb6fac1d5aaf00,qwen3:30b-a3b,v2,"Data types, text & collation",0.95,false,false,"The fix addresses a specific issue in regular expression handling where capturing parentheses inside a quantifier like {0} caused invalid backreference errors or assertion failures. This is fundamentally about the behavior of regular expressions within the database's text processing, which falls under data types, text, and collation handling."
500,91eff42d406cadba,qwen3:30b-a3b,v2,"Data types, text & collation",0.95,false,false,"The fix addresses an issue in the regular expression engine where back-references could incorrectly match due to improper clearing of match data after a partial match rejection. This is a correctness issue in text processing, specifically related to how regex patterns are evaluated and back-references are handled."
501,d6659d0f26e04751,qwen3:30b-a3b,v2,"Data types, text & collation",0.95,false,true,"The fix addresses a performance issue in regular expression matching, specifically related to back-references inside iteration nodes causing exponential time complexity due to incorrect back-tracking logic. This is a performance improvement, not a security or correctness issue."
502,1f5fc422aeb46b52,qwen3:30b-a3b,v2,"Data types, text & collation",0.95,false,false,"The fix addresses incorrect query results when using AT TIME ZONE on a time with time zone value, specifically when the target time zone uses a dynamic abbreviation (e.g., 'EST' instead of a fixed UTC offset). This relates to the semantics of time zone handling in SQL, which falls under data type behavior and text/collation handling."
503,90794289c8ac38d9,qwen3:30b-a3b,v2,Planner & optimizer,0.95,false,false,"The fix addresses a mistranslation of PlaceHolderVars in the context of inheritance child relations, which could lead to assertion failures or incorrect query planning for queries involving partitioned or inherited tables in outer joins. This is fundamentally about query planning and optimization, specifically related to how the planner handles partitioned or inherited tables in complex join scenarios."
504,20c38b7f8e61e168,qwen3:30b-a3b,v2,Planner & optimizer,0.95,false,false,"The fix addresses a planner issue where the query optimizer incorrectly uses MCV-only statistics for column range estimation, leading to potential inaccuracies in query planning. This is fundamentally about the planner's handling of statistics for cost and selectivity estimation."
505,bb1c6d8cd80366ae,qwen3:30b-a3b,v2,"Concurrency, locking & crashes",0.95,false,false,"The fix addresses a snapshot management issue within a subtransaction, specifically preventing a dangling pointer and potential crash when a transaction commits/rolls back followed by a new subtransaction. This relates to backend stability and correct transaction handling, not performance or security."
506,2703c51820333959,qwen3:30b-a3b,v2,Replication & recovery,0.95,false,false,"The fix addresses a scenario where a transaction failure after snapshot export could lead to issues, specifically when attempting to create a replication slot followed by a rollback and then another replication slot creation. This relates to replication slot management and transaction handling within replication, which falls under replication and recovery."
507,2389549e45257397,qwen3:30b-a3b,v2,Replication & recovery,0.95,false,true,"The fix addresses a performance issue related to subtransaction tracking on standby servers, specifically preventing wraparound that causes excessive SubtransSLRU traffic. This is a performance degradation problem, not a security or memory safety issue."
508,282961f03b634551,qwen3:30b-a3b,v2,Replication & recovery,0.95,false,false,"The fix addresses a scenario where prepared transactions might not be properly accounted for during a standby server promotion, potentially leading to data corruption due to an inconsistent snapshot. This relates to the consistency and correctness of transaction handling during replication or recovery processes."
509,1a791a7c502e6c9c,qwen3:30b-a3b,v2,Execution & correctness,0.95,false,false,"The fix addresses a behavior where a non-scrollable cursor marked WITH HOLD could be rewound, leading to inconsistencies, particularly for cursors held across transactions. This is about ensuring correct cursor behavior during execution, not about performance or security."
510,b82cf6b33de1512d,qwen3:30b-a3b,v2,Execution & correctness,0.95,false,false,"The fix addresses a specific issue with saving a WITH HOLD cursor at transaction end when it has already been read to completion, which relates to cursor management and transaction handling in the execution phase."
511,cc7b872c5fdd381b,qwen3:30b-a3b,v2,"Numeric, overflow & limits",0.95,false,false,"The fix addresses a scenario where a table or index exceeding the maximum block limit (2^32-1) was not properly rejected early, leading to inconsistent internal state. This is fundamentally about numeric overflow and limits, specifically the block count limit."
512,85d3d8b934071cdb,qwen3:30b-a3b,v2,Planner & optimizer,0.95,false,false,"The fix addresses an issue in the handling of data-modifying CTEs (Common Table Expressions) within DO INSTEAD rules, which could cause incorrect query planning decisions, specifically related to parallel plan selection. This is fundamentally about query planning and optimization, as it affects how the planner evaluates and chooses execution paths based on the presence of data-modifying operations."
513,13839ec083246317,qwen3:30b-a3b,v2,Execution & correctness,0.95,false,false,"The fix addresses a reporting issue where permission failures on extended statistics objects were incorrectly reported as cache lookup errors instead of the proper message. This is about the correctness of error messages during execution, specifically related to permissions handling, which falls under execution and correctness rather than a security hardening or performance issue."
514,aac2884e5f67f405,qwen3:30b-a3b,v2,Execution & correctness,0.95,false,false,"The fix addresses a snapshot handling issue in parallel workers that could cause incorrect behavior in parallel queries under certain transaction isolation levels, which relates to query execution correctness under specific concurrency conditions."
515,4690e065bf135f64,qwen3:30b-a3b,v2,Replication & recovery,0.95,false,false,"The fix addresses an issue in logical decoding where changes to toast tables associated with transient tables were not being ignored, which could cause errors during table rewrites. This is fundamentally about ensuring correct behavior in logical decoding, which falls under the category of ""Replication & recovery"" as it involves logical decoding and replication-related functionality."
516,89ede8f3259253cc,qwen3:30b-a3b,v2,Replication & recovery,0.95,false,false,"The fix addresses a scenario where the walreceiver process fails to create an archive notification file for the last-received WAL segment when exiting at a segment boundary, which delays archiving on the standby. This is fundamentally about ensuring correct behavior in replication and recovery processes, specifically related to WAL archiving."
517,58b7fd766d96e146,qwen3:30b-a3b,v2,Execution & correctness,0.95,false,false,"The fix addresses a rule that uses SELECT FOR UPDATE, preventing an unnecessary attempt to lock the OLD and NEW pseudo-relations, which could lead to incorrect behavior or deadlocks in rule processing. This is fundamentally about ensuring correct execution semantics of SQL rules and triggers, not about performance or security hardening."
518,b9046599048772de,qwen3:30b-a3b,v2,Execution & correctness,0.95,false,false,"The fix addresses a semantic error in the parser's handling of aggregate FILTER clauses, specifically when the FILTER expression involves boolean columns or boolean-returning aggregates. This affects query correctness and could lead to incorrect behavior or crashes, but it's not about performance, security, or a specific component like indexes or storage."
519,32e6795002a975ad,qwen3:30b-a3b,v2,"Concurrency, locking & crashes",0.95,false,false,"The fix addresses a bug where the wrong lock level was used when renaming an index, specifically ensuring that the correct lock level is applied for ALTER INDEX ... RENAME commands. This is about ensuring proper locking behavior during table/index operations, which falls under concurrency and locking issues."
520,6af88678395b485f,qwen3:30b-a3b,v2,"Concurrency, locking & crashes",0.95,false,false,"The fix addresses a crash that occurs during backend exit after a fatal LLVM error, specifically by avoiding cleanup attempts on LLVM state post-error. This is a backend stability issue not tied to a more specific area, falling under 'Concurrency, locking & crashes' as it involves process crashes and assertions."
521,672e6cbd96309692,qwen3:30b-a3b,v2,"Concurrency, locking & crashes",0.95,false,false,"The fix addresses a crash caused by a null pointer dereference when dropping a role that owns objects being dropped concurrently. This is a backend stability issue related to concurrent operations, not a security vulnerability or performance improvement."
522,e8e236e8d75c0fe5,qwen3:30b-a3b,v2,"Concurrency, locking & crashes",0.95,false,false,"The fix addresses a warning related to a snapshot reference leak when functions like lo_export() fail, which is about backend stability and resource management during function execution, not about query results, performance, or security vulnerabilities."
523,3b3f195d2f6a6d1c,qwen3:30b-a3b,v2,Indexes,0.95,false,false,"The fix addresses a missing increment of the index scan counter in SP-GiST index code, which affects statistics collection but does not impact query correctness, performance, or security. It's about ensuring accurate statistics for SP-GiST indexes, which falls under index-related functionality."
524,39a5c8c633377884,qwen3:30b-a3b,v2,Replication & recovery,0.95,false,false,"The fix addresses a scenario where the recovery_min_apply_delay parameter, which controls the delay in applying WAL records during recovery, is modified while recovery is ongoing. This requires recalculating wait intervals to ensure the delay is properly applied, which is a behavior specific to replication and recovery processes."
525,8ce5646290b60133,qwen3:30b-a3b,v2,"Concurrency, locking & crashes",0.95,true,false,"The fix addresses an infinite loop condition when a hash table reaches 2^32 elements, which is a memory management issue related to the simplehash.h implementation. This is not a numeric overflow in arithmetic but a potential memory safety issue due to an unbounded loop condition."
526,a7051d8ebfef8b11,qwen3:30b-a3b,v2,Planner & optimizer,0.95,false,true,"The fix addresses reducing memory usage during the calculation of extended statistics, which is a performance-related optimization rather than a security or correctness issue. Extended statistics calculation is part of the planner and optimizer, but the focus here is on memory consumption, which is a performance improvement."
527,e2eb04cbb18b2d8c,qwen3:30b-a3b,v2,Build & platform,0.95,false,false,"The fix addresses a configuration setting that was previously accepted but had no effect due to lack of implementation, specifically disallowing 'huge_pages' when 'shared_memory_type' is 'sysv'. This is about configuration validation and preventing invalid settings, which falls under the 'Build & platform' category as it relates to system configuration and implementation constraints."
528,5b03f6e789016c0f,qwen3:30b-a3b,v2,Client interfaces,0.95,false,false,"The fix addresses a specific issue in the ECPG client interface where it fails to handle a malloc() failure correctly during connection establishment, which could lead to instability or crashes. This is fundamentally about client interface stability and error handling, not security or performance."
529,ab0adc1877c942fa,qwen3:30b-a3b,v2,Execution & correctness,0.95,false,false,"The fix addresses a bug where stable functions in PL/pgSQL CALL statements were evaluated with an outdated snapshot, causing them to miss database changes made during the session. This affects query correctness by producing incorrect results due to snapshot mismanagement."
530,6097eceae0284510,qwen3:30b-a3b,v2,Planner & optimizer,0.95,false,false,"The fix allows the use of EXIT in the outermost block of a PL/pgSQL routine, which was previously rejected even when no explicit RETURN was required. This addresses a correctness issue in the language's syntax handling within PL/pgSQL routines."
531,263cf096d79596a4,qwen3:30b-a3b,v2,Client tools,0.95,false,false,"The fix addresses a limitation in pg_ctl where the total length of generated commands was hard-coded, removing this restriction to allow more command-line options. This is about client tool functionality, not security or performance."
532,c665ad97639e6b83,qwen3:30b-a3b,v2,Client tools,0.95,false,false,"The fix addresses an issue in pg_dump where it incorrectly handled the dumping of restricted default privileges after a global privilege revocation and subsequent re-grant. This pertains to the correct representation of privilege settings in the dump output, which is a client tool functionality."
533,a97436f8ff8c445b,qwen3:30b-a3b,v2,Client tools,0.95,false,false,"The fix addresses a scenario where pg_dump fails to acquire a shared lock on partitioned tables, specifically when dealing with childless partitioned tables. This ensures that DDL operations are prevented during the dump process, maintaining data consistency."
534,abebf76937bf4212,qwen3:30b-a3b,v2,"Data types, text & collation",0.95,false,true,"The fix improves pg_dump's performance by reducing the number of queries and function calls, specifically avoiding per-table RLS policy queries and repetitive format_type() calls, which minimizes network round-trips for remote dumps."
535,efb0d4d4333fd3d8,qwen3:30b-a3b,v2,Client tools,0.95,false,false,"The fix addresses a crash occurring during pg_dump when dumping trigger definitions from a pre-8.3 server, which relates to the client tool pg_dump handling specific legacy server versions."
536,1a2b62535b977b3f,qwen3:30b-a3b,v2,Client tools,0.95,false,false,"The fix addresses an incorrect filename mentioned in an error message within pg_restore when encountering an invalid large object TOC file. This is a correction to a user-facing message, not a functional or security issue."
537,efff0fcf8249cff8,qwen3:30b-a3b,v2,Client tools,0.95,false,false,"The fix ensures that pgbench, a client tool, exits with a non-zero status upon encountering a socket-level failure, aligning with expected behavior for error reporting. This is about correct program termination and error handling in a client utility, not a security or performance issue."
538,2d1ce52aa25dc054,qwen3:30b-a3b,v2,Indexes,0.95,false,false,"The fix addresses an issue with btree_gin indexes on 'char' columns (not char(n)) when using < or <= operators, causing missing index scan results. This is fundamentally about index correctness and behavior, specifically related to how the btree_gin index handles certain data types and operators."
539,c5801504df19d3a0,qwen3:30b-a3b,v2,"Storage, vacuum & TOAST",0.95,false,false,"The fix addresses a limitation in reading large query text files in contrib/pg_stat_statements, specifically preventing failures on Windows 64-bit systems due to a 2GB read request limit. This is a storage or file handling issue related to the size of data being processed, not a security vulnerability or performance improvement."
540,58a8e3764768a5cb,qwen3:30b-a3b,v2,"Concurrency, locking & crashes",0.95,false,false,"The fix addresses a null-pointer crash in the postgres_fdw extension when reporting a data conversion error, which is a stability issue related to backend crashes during error handling in a specific extension."
541,c7c5ec766af88d19,qwen3:30b-a3b,v2,Build & platform,0.95,false,true,"The fix adds spinlock support for the RISC-V architecture, which is a low-level concurrency mechanism to improve performance on that platform. Spinlocks are used to manage concurrent access to shared resources in a multi-threaded environment, and their implementation is critical for efficient operation on specific hardware architectures."
542,ddd58472ee4c81a6,qwen3:30b-a3b,v2,Client interfaces,0.95,false,false,"The fix adds support for OpenSSL 3.0.0, which is a cryptographic library. This is about ensuring compatibility with a newer version of a security-related library, not about a security vulnerability or performance issue in PostgreSQL itself. The primary focus is on enabling the use of OpenSSL 3.0.0, which falls under the broader category of client interfaces or extensions, but since it's about the underlying library used for SSL/TLS, it's most closely related to client interfaces (category 10) as it affects how connections are handled via SSL/TLS."
543,4acfdc2f23548b40,qwen3:30b-a3b,v2,Client interfaces,0.95,false,false,"The fix addresses a type identifier mismatch in OpenSSL BIO objects created by PostgreSQL, which is a violation of the OpenSSL API. This is not a security vulnerability but a compliance issue with the external library's API."
544,9f1701702266a58c,qwen3:30b-a3b,v2,Build & platform,0.95,false,false,"The fix addresses pkg-config files to support static linking of libpq, which relates to the build and configuration process for the client library, not to runtime behavior or security."
545,15dddd05c42bd2b2,qwen3:30b-a3b,v2,"Concurrency, locking & crashes",0.95,true,false,"The fix addresses a potential crash caused by an out-of-range parameter in pg_regexec(), specifically when search_start exceeds the string length. This is a memory safety issue (out-of-bounds access) rather than a numeric overflow or arithmetic error."
546,e3dea903b2906783,qwen3:30b-a3b,v2,Execution & correctness,0.95,false,false,"The fix ensures that a function can be used in a session before the critical relation cache is built, addressing a potential issue in session initialization related to security labels. This is about correct behavior during execution, not a security vulnerability or performance issue."
547,61a277144ecda9d3,qwen3:30b-a3b,v2,"Data types, text & collation",0.95,false,false,"The fix updates the timezone mapping mechanism on Windows to use CLDR data instead of an outdated internal table, ensuring accurate IANA timezone matching for new clusters without affecting existing installations."
548,e4fe3737e6c1517c,qwen3:30b-a3b,v2,"Concurrency, locking & crashes",0.95,false,false,"The fix addresses a concurrency issue where TOAST table updates prematurely released locks, causing index corruption during REINDEX CONCURRENTLY. This is fundamentally about ensuring proper locking behavior to maintain data integrity during concurrent operations."
549,a4b19bc8cad606ef,qwen3:30b-a3b,v2,Planner & optimizer,0.95,false,false,"The fix addresses a scenario where the query planner incorrectly simplified an Append node in a parallel query plan, causing duplicated rows in the results. This is fundamentally about the query planning process and how the planner handles specific node structures, leading to incorrect results."
550,74d0c4256a37b081,qwen3:30b-a3b,v2,Execution & correctness,0.95,false,false,"The fix addresses a scenario where index-only scans incorrectly attempt to read non-returnable index columns instead of recomputing expressions from returnable columns, leading to wrong query results. This is fundamentally about query execution correctness due to improper handling of index columns in index-only scans."
551,f796301f6cf90fe8,qwen3:30b-a3b,v2,Execution & correctness,0.95,false,false,"The fix addresses an inefficiency in the translation of type casting operations, specifically ensuring that casting to an unspecified typmod uses a RelabelType node instead of a less efficient function call. This is about optimizing the execution path for type casting, not about security, performance improvements, or other categories."
552,04c0956931a7646e,qwen3:30b-a3b,v2,Replication & recovery,0.95,false,false,"The fix addresses a failure during WAL replay when database consistency is reached precisely at a WAL page boundary, which relates to the recovery process after a crash or during replication."
553,c327a99448cd1d12,qwen3:30b-a3b,v2,Replication & recovery,0.95,false,false,"The fix addresses a scenario where a physical replica fails to start due to transaction ID wraparound issues on the primary, specifically handling out-of-order XID insertion in KnownAssignedXids. This is a replication and recovery issue related to transaction ID management during replication startup."
554,daa4ca3204be1172,qwen3:30b-a3b,v2,Execution & correctness,0.95,false,false,"The fix addresses issues with handling SQL commands on logical replication connections, specifically related to lexical parsing of commands containing semicolons, dollar-quoted literals, or comments. This is about ensuring correct parsing and execution of SQL commands during replication, which falls under the category of ""Execution & correctness"" as it prevents incorrect behavior during command processing."
555,6644e857b1e635e8,qwen3:30b-a3b,v2,Replication & recovery,0.95,false,false,"The fix addresses a potential issue where the commit timestamp for the last subtransaction might not be properly recorded, which relates to transaction management and recovery mechanisms in PostgreSQL. This is not a security or performance issue but rather a correctness problem in how transaction timestamps are handled during commit operations."
556,d731e0b151fc1cee,qwen3:30b-a3b,v2,Replication & recovery,0.95,false,false,"The fix ensures that the pg_logical/mappings subdirectory is fsynced during checkpoints, preventing loss of logical rewrite status files after a system crash. This addresses a potential data loss issue related to filesystem synchronization during crash recovery."
557,7665368167266ac5,qwen3:30b-a3b,v2,Planner & optimizer,0.95,false,false,"The fix addresses the ability to build extended statistics for partitioned tables during ANALYZE, which was previously restricted due to a bug fix that incorrectly applied to partitioned tables. This is about the correct behavior of statistics collection for partitioned tables, falling under the category of statistics handling within the broader context of query planning and optimization."
558,675be293787f3237,qwen3:30b-a3b,v2,Planner & optimizer,0.95,false,false,"The fix addresses a planner issue where extended statistics for inheritance trees were incorrectly consulted during query planning, leading to suboptimal estimates. This is fundamentally about query planning and optimization, specifically related to how statistics are handled for inheritance structures."
559,a13b15472ee06504,qwen3:30b-a3b,v2,Partitioning & inheritance,0.95,false,false,"The fix addresses a restriction that was missing for partitioned tables, specifically disallowing altering the data type of columns in a partitioned table when the table's row type is used as a composite type elsewhere. This is about ensuring correctness in the behavior of partitioned tables and their interaction with composite types, which falls under the category of 'Partitioning & inheritance' as it involves partitioned table structure and constraints."
560,648b6f010791c7ff,qwen3:30b-a3b,v2,Execution & correctness,0.95,false,false,"The fix prevents dropping NOT NULL constraints on columns used in replica identity indexes, which is a correctness issue related to maintaining the integrity of replication metadata. This is not a security or performance fix."
561,9bb14a3ff2eac5cb,qwen3:30b-a3b,v2,Replication & recovery,0.95,false,false,"The fix addresses a concurrency issue where concurrent sessions did not correctly update their cached state regarding the presence of a primary key after an ALTER TABLE ADD PRIMARY KEY USING INDEX operation, which could lead to incorrect logical replication behavior. This is fundamentally about ensuring correct state management in a concurrent environment, affecting replication consistency."
562,770e436934e20818,qwen3:30b-a3b,v2,Replication & recovery,0.95,false,false,"The fix addresses a concurrency issue where multiple sessions fail to correctly update their cached state regarding the replica identity index, which is critical for logical replication consistency. This is a correctness issue in replication behavior, not a security or performance fix."
563,c2a3f9a1b86f36cf,qwen3:30b-a3b,v2,"Concurrency, locking & crashes",0.95,false,false,"The fix addresses memory leakage during REASSIGN OWNED BY operations, which involves reassigning ownership of multiple database objects. This is a memory management issue, not a security vulnerability or performance improvement. The core problem is improper memory handling leading to potential resource leaks, which falls under backend stability and memory management."
564,953f5f6ddb39a348,qwen3:30b-a3b,v2,"Data types, text & collation",0.95,false,false,"The fix addresses an incorrect display of the clientcert option in the pg_hba_file_rules view for the cert authentication method, which was misreporting clientcert=verify-ca instead of the correct clientcert=verify-full. This is a correctness issue in the view's output, not a security or performance problem."
565,b879e2db5adb845e,qwen3:30b-a3b,v2,Execution & correctness,0.95,false,false,"The fix addresses an issue where whole-row variables in INSERT ... VALUES rules were displayed incorrectly, causing potential semantic changes upon rule reloading. This is about ensuring correct SQL semantics during execution, specifically in the context of rules and their re-evaluation."
566,8d1b6ca9db46b855,qwen3:30b-a3b,v2,"Concurrency, locking & crashes",0.95,false,false,"The fix addresses incorrect assertions in the codebase, which are typically used for debugging and validation during development. Since assertions are not part of production code and the issue is limited to debug builds, it does not affect runtime correctness or security in production environments."
567,023f24b17d22ae2f,qwen3:30b-a3b,v2,"Concurrency, locking & crashes",0.95,false,false,"The fix addresses a race condition in libpq or ecpglib that affects error message localization during multi-threaded operations, which is a concurrency issue impacting backend stability and correct error reporting."
568,512cefd66fe4762d,qwen3:30b-a3b,v2,Client interfaces,0.95,true,false,"The fix addresses a potential issue in the PQcancel function where strerror was being called from a signal handler, which is not safe. This is a safety concern related to signal handling and memory safety, not a performance or numeric issue."
569,15d02c4e86971e9d,qwen3:30b-a3b,v2,Client tools,0.95,false,false,"The fix addresses the behavior of the psql '\password' command, ensuring it defaults to setting the password for CURRENT_USER instead of the original connection user. This corrects a discrepancy between the command's actual behavior and its documentation, preventing potential permission issues when role switching has occurred."
570,931082e7a1f65541,qwen3:30b-a3b,v2,Client tools,0.95,false,false,"The fix addresses a potential issue in client programs like psql where gettext() is called from a signal handler, which is unsafe. This is not about query results, performance, or security vulnerabilities but about client program stability and safe signal handling."
571,e1eb08b19fcb5a55,qwen3:30b-a3b,v2,Client tools,0.95,false,false,"The fix addresses the ability to cancel the initial password prompt in pg_receivewal and pg_recvlogical using control-C, which is a usability and client interaction issue rather than a security or performance problem."
572,899002f12b38e738,qwen3:30b-a3b,v2,Client tools,0.95,false,false,"The fix addresses an issue in pg_dump where the order of operations in the generated SQL script could reference a user-defined cast before it was created, leading to potential errors during restoration. This is fundamentally about the correct sequencing of operations in the dump process, which falls under client tools as it pertains to the pg_dump utility's behavior."
573,f684b44329e03b05,qwen3:30b-a3b,v2,Client tools,0.95,false,false,"The fix addresses an issue in pg_dump's handling of tables with both generated columns and dropped columns in --inserts or --column-inserts modes, which is a client tool behavior issue."
574,1044d87f319f6e8c,qwen3:30b-a3b,v2,Client tools,0.95,false,false,"The fix addresses a bug where pg_dump and pg_basebackup failed to properly check for errors from kernel calls, leading to incorrect error reporting (wrong errno values). This is about ensuring correct error handling in client tools, not about security or performance."
575,65cd617164dd78e1,qwen3:30b-a3b,v2,Indexes,0.95,false,false,"The fix addresses an issue where index-only scans on btree_gist indexes for char(N) columns were returning values with trailing spaces removed, which was due to how the data was stored in the index. The fix ensures char(N) values are stored with the correct padding, aligning with expected behavior without immediate changes unless a REINDEX is performed."
576,4850884c9aa1a072,qwen3:30b-a3b,v2,Build & platform,0.95,false,false,"The fix updates the build configuration to use Python's sysconfig module instead of the deprecated distutils module for building PL/Python, addressing deprecation warnings and future compatibility with Python 3.10+."
577,401898e8330799e5,qwen3:30b-a3b,v2,Build & platform,0.95,false,false,"The fix addresses a compilation issue for PL/Perl on Windows when using Perl 5.28 and later versions, which is a build or platform compatibility problem."
578,1f64df9c2b1ece6d,qwen3:30b-a3b,v2,Planner & optimizer,0.95,false,false,"The fix addresses a compilation issue with PL/Python when using Python 3.11 and later versions, which is related to the compatibility of the PL/Python procedural language with newer Python versions."
579,ca57d26a4de76872,qwen3:30b-a3b,v2,Build & platform,0.95,false,false,"The fix item describes adding support for building with Visual Studio 2022, which is a change related to the build system and compatibility with a specific compiler version. This does not involve query execution, security, performance, or any of the other categories listed. It is about the build process and toolchain compatibility."
580,a4bd18e85bc658b2,qwen3:30b-a3b,v2,Build & platform,0.95,false,false,"The fix allows MSVC build system .bat wrapper scripts to be executed without changing directories first, addressing a usability issue in the build process. This is not related to security, performance, or any of the technical categories like execution, storage, or concurrency."
581,30825741fc6157d0,qwen3:30b-a3b,v2,"Numeric, overflow & limits",0.95,true,false,"The fix addresses a security vulnerability where certain database operations (autovacuum, CLUSTER, etc.) failed to properly enforce security restrictions, allowing a user with limited permissions to execute arbitrary SQL as superuser. This is a security weakness related to privilege escalation and access control."
582,1b7556371461465f,qwen3:30b-a3b,v2,Execution & correctness,0.95,false,false,"The fix addresses a semantic inconsistency in how whole-row variables (e.g., `tbl.*`) handle column aliases, ensuring they consistently use the composite type's column names rather than attempting to track aliases from the FROM clause. This is a correctness issue in query execution semantics, not a performance or security fix."
583,d556289b2c5504f7,qwen3:30b-a3b,v2,"Data types, text & collation",0.95,false,false,"The fix addresses an issue in the XML schema generation for timestamptz and timetz data types, specifically correcting a malformed regular expression in the output. This is about the correct handling of data type semantics in a function, not about performance, security, or other categories."
584,f1b12204c2bf4e6d,qwen3:30b-a3b,v2,"Concurrency, locking & crashes",0.95,false,false,"The fix addresses a core dump (crash) occurring when parsing a VALUES clause with zero columns, which is a backend stability issue not tied to a specific component like execution or indexing. This is a crash during parsing, falling under backend stability and crashes."
585,2107e2b8b0c1e1c1,qwen3:30b-a3b,v2,Planner & optimizer,0.95,false,false,"The fix addresses an issue in the query planner related to GROUPING() constructs referencing outer query levels, which affects how the planner handles such constructs during query planning."
586,47d55806af107e5d,qwen3:30b-a3b,v2,Planner & optimizer,0.95,false,false,"The fix addresses an issue in the query planner where index-only scans were incorrectly attempting to read non-returnable columns, which was caught by a new error check. This is fundamentally about query planning and optimization, specifically how the planner handles index-only scans with mixed column types."
587,b16e3c89bba078aa,qwen3:30b-a3b,v2,"Concurrency, locking & crashes",0.95,false,false,"The fix addresses a race condition where a shared buffer is accessed after being unpinned, potentially leading to incorrect tuple lookup or failure due to buffer recycling by another process. This is fundamentally about backend stability and concurrency, not a security issue or performance improvement."
588,dd074ac92fa90c80,qwen3:30b-a3b,v2,Execution & correctness,0.95,false,false,"The fix addresses a memory leak in an IndexScan node during reordering, which is a resource management issue within query execution. This is not a security vulnerability or performance improvement but a correctness issue related to memory handling during query execution."
589,32ba0399c8d9d2a1,qwen3:30b-a3b,v2,Execution & correctness,0.95,false,false,"The fix addresses an issue where changing a function's parallelism property and its SET clause in a single ALTER FUNCTION command would cause the parallelism change to be ignored. This is about the correct behavior of the ALTER FUNCTION command in handling multiple properties simultaneously, which falls under the execution and correctness of SQL semantics."
590,86fed077bfa99b1c,qwen3:30b-a3b,v2,Execution & correctness,0.95,false,false,"The fix addresses an incorrect error message when attempting to alter system columns of tables, which is a correctness issue in SQL semantics during execution, not a crash or performance problem."
591,b2c4fe13d9f0ad3c,qwen3:30b-a3b,v2,Execution & correctness,0.95,false,false,"The fix addresses a mis-sorting issue during the CLUSTER operation when using an index with an expression as the leading key, which affects the correct ordering of table rows during the rebuild process."
592,572da32a5283e720,qwen3:30b-a3b,v2,"Concurrency, locking & crashes",0.95,false,false,"The fix addresses a deadlock scenario that occurs when dropping a partitioned index, specifically by ensuring that locks are acquired in a consistent order (parents before children, tables before indexes) to prevent deadlocks with concurrent operations. This is fundamentally about concurrency and locking issues, not about query results, performance, or security."
593,6719953308cda3a8,qwen3:30b-a3b,v2,"Concurrency, locking & crashes",0.95,false,false,"The fix addresses a race condition between dropping a tablespace and checkpointing, where a checkpoint might fail to remove all dead files, causing an error. This is fundamentally about backend stability and concurrency issues related to file management during operations."
594,da6665dfc2e3ae4b,qwen3:30b-a3b,v2,"Storage, vacuum & TOAST",0.95,false,false,"The fix addresses a potential issue in crash recovery when a TRUNCATE command overlaps with a checkpoint, ensuring the table's disk file is truncated before the checkpoint completes to prevent replay failures."
595,1b48a1e5cbbd8ccf,qwen3:30b-a3b,v2,"Concurrency, locking & crashes",0.95,false,false,"The fix addresses a failure during temporary object cleanup that could cause a FATAL error when accessing toast data without an active snapshot. This is a stability issue related to backend processes and memory handling during cleanup, not a security vulnerability or performance improvement."
596,cb69b15a4c3b5ed4,qwen3:30b-a3b,v2,"Concurrency, locking & crashes",0.95,false,false,"The fix addresses a wait logic issue in the checkpointer sync request queue, specifically improving how the system handles waiting for the queue to drain and reporting the wait event to users. This is about backend stability and process behavior, not a security or performance issue."
597,006e017b444e43dc,qwen3:30b-a3b,v2,Replication & recovery,0.95,false,false,"The fix addresses a panic during standby promotion caused by a missing WAL continuation record, which relates to the replication and recovery process. This is a stability issue in the replication subsystem, not a security or performance fix."
598,9507532b401126d8,qwen3:30b-a3b,v2,"Concurrency, locking & crashes",0.95,false,false,"The fix addresses a potential deadlock scenario in the hot standby conflict handling mechanism, specifically involving buffer locks during WAL application. This is a concurrency issue related to locking and deadlock prevention in a replication context."
599,63308bd3a7031723,qwen3:30b-a3b,v2,Replication & recovery,0.95,false,false,"The fix addresses a logical replication issue where apply workers were prematurely exiting due to a faulty limit check, causing an insufficient number of workers to be active. This is about ensuring correct behavior of replication workers under specific configuration limits, not about security, performance, or other categories."
600,0a3b95bc0b430da7,qwen3:30b-a3b,v2,Replication & recovery,0.95,false,false,"The fix addresses a replication issue where unchanged replica identity key columns stored out-of-line were not included in the WAL log, causing replication failures for subscribers. This is fundamentally about ensuring correct data replication behavior in logical replication."
601,613f0fdf2211768e,qwen3:30b-a3b,v2,Replication & recovery,0.95,false,false,"The fix improves the error message for a logical replication subscriber when encountering an unsupported relation kind (partitioned tables from newer servers), addressing a clarity issue in error reporting rather than a functional or security problem."
602,7474a13817cf566b,qwen3:30b-a3b,v2,Client interfaces,0.95,true,false,"The fix prevents PL/Perl from executing user-defined code during function compilation, which could lead to crashes or security hazards from unauthorized SQL operations via SPI. This is fundamentally about preventing a security vulnerability where code execution during validation could allow unauthorized access or operations."
603,db45a0294bc3ba88,qwen3:30b-a3b,v2,"Data types, text & collation",0.95,false,false,"The fix addresses libpq's handling of SSL private key file ownership and permissions, specifically allowing root-owned key files with certain permissions, aligning with server-side rules since PostgreSQL 9.6. This is about client-side SSL configuration and security policy, not a security vulnerability or performance issue."
604,dac3e5c34c32a17d,qwen3:30b-a3b,v2,Client interfaces,0.95,false,false,"The fix addresses a bug in the libpq library's PQisBusy() function, which incorrectly returned true after a write failure, causing applications to not properly detect connection loss until a subsequent operation failed. This is about the correct behavior of the client interface library during connection failures, not a security or performance issue."
605,efa28d0956600aaa,qwen3:30b-a3b,v2,Client tools,0.95,false,false,"The fix addresses a scenario where pg_ctl might wait indefinitely for a postmaster process to stop or restart if the process died uncleanly without removing its PID file or updating the control file. This is about ensuring pg_ctl correctly checks the postmaster's status during these operations, preventing unnecessary waiting and improving reliability."
606,68cba24870f5eff1,qwen3:30b-a3b,v2,Client tools,0.95,false,false,"The fix addresses an error handling issue in pg_waldump, specifically improving the error message when encountering a too-short WAL file, ensuring the correct file name is reported instead of garbage. This is a client tool issue related to error reporting and message accuracy."
607,d16dd5a70eaaf17e,qwen3:30b-a3b,v2,Extensions & contrib,0.95,false,false,"The fix addresses a specific edge case in the pageinspect contrib module where it fails to handle all-zero pages correctly, ensuring it returns appropriate nulls or no rows instead of raising an error. This is about correct behavior of a contrib module for a specific input scenario, not security, performance, or other categories."
608,07134536b3f7f69d,qwen3:30b-a3b,v2,"Concurrency, locking & crashes",0.95,true,false,"The fix addresses vulnerabilities in the pageinspect contrib module by adding checks for page special space contents, page size, and index type, preventing crashes on bad data. This is fundamentally about improving stability and preventing crashes due to incorrect data handling, which falls under 'Concurrency, locking & crashes' as it relates to backend stability."
609,6f99d9e583be37a8,qwen3:30b-a3b,v2,Indexes,0.95,false,false,"The fix addresses a correctness issue in the postgres_fdw extension where ORDER BY clauses might not be safely shipped to the remote server, potentially leading to incorrect query results due to mismatched sorting orders affecting merge joins. This is fundamentally about ensuring correct query execution semantics when dealing with remote data handling."
610,55d7f4cb3b1368ad,qwen3:30b-a3b,v2,Build & platform,0.95,false,false,"The fix updates JIT code to work with LLVM 14, which is a change to the Just-In-Time compilation component to ensure compatibility with a newer version of the LLVM compiler infrastructure. This is not a security hardening or performance improvement but rather a compatibility update within the JIT subsystem."
611,f3efb279e9008000,qwen3:30b-a3b,v2,Build & platform,0.95,true,false,"The fix addresses undefined behavior under clang's -fsanitize=undefined checks, which are related to compiler warnings about potential memory safety issues. This is not about numeric overflow or limits but rather about ensuring code complies with C and POSIX standards to avoid undefined behavior, which could lead to security vulnerabilities."
612,ec5a53dd434a563d,qwen3:30b-a3b,v2,Extensions & contrib,0.95,false,false,"The fix addresses a build issue with PL/Perl on certain C compilers that do not support statements nested within expressions, which is a compilation problem related to the PL/Perl procedural language extension."
613,e74e992a00dcae5b,qwen3:30b-a3b,v2,Build & platform,0.95,false,false,"The fix addresses a build failure for pg_dumpall on Windows when not using MSVC, which is a build system or platform-specific issue."
614,459a2b2822c44e8d,qwen3:30b-a3b,v2,Build & platform,0.95,false,false,"The fix addresses a build process issue specific to Windows, adapting the build tool from pexports to gendef to work with recent MSys toolchains. This is a change in the build system rather than a functional or security-related fix."
615,4592fe270f7454ed,qwen3:30b-a3b,v2,Build & platform,0.95,false,false,"The fix addresses a behavior where MinGW's C library unexpectedly expands shell wildcard patterns in command-line arguments, which is inconsistent with MSVC behavior. This is a build and platform issue related to how the C library handles command-line arguments on Windows."
616,cbdbd6de07f72bad,qwen3:30b-a3b,v2,Extensions & contrib,0.95,true,false,"The fix prevents extension scripts from replacing objects not owned by the extension, addressing a security vulnerability where a malicious user could take ownership of extension objects and compromise them. This is a security hardening fix targeting a trojan-horse attack vector."
617,f64add0f5606946e,qwen3:30b-a3b,v2,Replication & recovery,0.95,false,false,"The fix addresses a scenario where standby servers fail to recover due to missing tablespace directories when replaying CREATE DATABASE WAL records. The issue is about ensuring proper handling of tablespace directories during WAL replay, which falls under replication and recovery processes."
618,b32f717991de995d,qwen3:30b-a3b,v2,"Storage, vacuum & TOAST",0.95,false,false,"The fix allows tablespaces to be plain directories instead of symbolic links, which is a change in how tablespaces are managed and stored, falling under storage and file management. This is not a security or performance issue but a functional change in storage handling."
619,c5b1a0a35d99bbd4,qwen3:30b-a3b,v2,"Numeric, overflow & limits",0.95,true,false,"The fix addresses a permissions issue in CREATE INDEX where the table owner's permissions were incorrectly used instead of the calling user's permissions, affecting dump/restore operations. This is a security-related access control issue."
620,5b62157214129728,qwen3:30b-a3b,v2,Execution & correctness,0.95,false,false,"The fix addresses a potential inconsistency in the database state caused by the lack of an immediate commit after certain commands like CREATE DATABASE in the extended query protocol, which could lead to partial state changes if subsequent commands fail. This is fundamentally about ensuring correct transactional behavior and preventing inconsistent database states, which falls under execution and correctness."
621,5a5a691059100f35,qwen3:30b-a3b,v2,"Concurrency, locking & crashes",0.95,false,false,"The fix addresses a race condition in transaction visibility checks, specifically when determining if a transaction is in progress. This affects concurrency and locking behavior, as the race condition could lead to incorrect visibility reports, especially under synchronous replication. The issue is not about query results, performance, or security, but rather about ensuring correct transaction state handling during concurrent operations."
622,fcb4263eff61613d,qwen3:30b-a3b,v2,Execution & correctness,0.95,false,false,"The fix addresses an issue where a whole-row variable references a function returning a domain over a composite type, which relates to how SQL semantics handle composite types and domain constraints during query execution."
623,f34b17bc42c97f21,qwen3:30b-a3b,v2,Planner & optimizer,0.95,false,false,"The fix addresses a planner error related to a sub-SELECT referenced in a GROUPING function, specifically when pulling up a subplan. This involves query planning and optimization logic, as it pertains to how the planner handles subqueries and grouping functions."
624,788510cd377d42f8,qwen3:30b-a3b,v2,Indexes,0.95,false,false,"The fix addresses a specific issue with handling triggers on partitioned tables during ALTER TABLE operations, ensuring that the command correctly manages trigger recursion without attempting to adjust non-existent triggers on child partitions."
625,115a4fe4fc3c22aa,qwen3:30b-a3b,v2,"Data types, text & collation",0.95,false,false,"The fix improves syntax error messages for the JSONPath type, which relates to how the system handles and reports errors in the syntax of JSONPath expressions. This is about the clarity and accuracy of error messages, not about query execution, data types, or other categories."
626,ccdeafb37933ceaf,qwen3:30b-a3b,v2,Execution & correctness,0.95,false,false,"The fix addresses a potential issue in pg_stat_get_subscription() where it might return an extra row with garbage values, which relates to the correctness of the function's output during execution."
627,4edf059bd71d919d,qwen3:30b-a3b,v2,Build & platform,0.95,false,false,"The fix ensures that pg_stop_backup() properly cleans up session state, preventing assertion failures or crashes. This addresses backend stability related to session management during backup operations."
628,04771cae700153f6,qwen3:30b-a3b,v2,Execution & correctness,0.95,false,false,"The fix addresses an issue where join alias matching was incorrect in FOR [KEY] UPDATE/SHARE clauses, leading to misleading error messages. This pertains to the correct handling of SQL syntax and semantics during query execution, specifically in the context of locking clauses with joins."
629,730c4dc51e98b03b,qwen3:30b-a3b,v2,"Concurrency, locking & crashes",0.95,false,false,"The fix addresses a crash condition caused by an excessive number of column aliases in XMLTABLE or JSON_TABLE constructs, which relates to backend stability and error handling during query execution."
630,d39b185083f6d289,qwen3:30b-a3b,v2,"Concurrency, locking & crashes",0.95,true,false,"The fix addresses a potential crash or assertion failure caused by queries with an excessive number of columns (over 32K), which was previously only detected at execution time. This is fundamentally about preventing backend crashes due to invalid input, not about query results, performance, or numeric limits."
631,36b81f4eeec269a1,qwen3:30b-a3b,v2,"Data types, text & collation",0.95,false,false,"The fix addresses the display of auto-generated column aliases in view or rule definitions, ensuring that these aliases are shown when they could be referenced elsewhere, which was previously hidden and caused issues in restoring view or rule definitions."
632,d30c1b309d58e452,qwen3:30b-a3b,v2,"Data types, text & collation",0.95,false,false,"The fix addresses an issue where a view using a function returning a composite type would fail to dump correctly if columns of the composite type were later dropped, causing mismatched column aliases. This is fundamentally about ensuring correct behavior during data export operations, specifically related to view definitions and composite types in the context of dumping."
633,e357b9838be1d5a2,qwen3:30b-a3b,v2,Execution & correctness,0.95,false,false,"The fix addresses a missing event trigger notification when an operator family is implicitly created by a CREATE OPERATOR CLASS statement, which is a correctness issue in how event triggers interact with operator family creation."
634,d45d965adda08f84,qwen3:30b-a3b,v2,Replication & recovery,0.95,false,false,"The fix addresses an issue where the control file's last-checkpoint fields were incorrectly updated during a restartpoint while promoting a standby server, which could cause a PANIC and prevent restart after a crash. This is fundamentally about ensuring correct behavior during replication and recovery processes, specifically related to control file management during promotion."
635,80c495978c9c0b51,qwen3:30b-a3b,v2,Replication & recovery,0.95,false,false,"The fix addresses a timeout issue in logical replication where large transactions on the primary server might not send data to the standby, causing the standby to time out due to lack of activity. The solution involves sending periodic keepalive messages to prevent the timeout."
636,f4a3b726f9ff4a21,qwen3:30b-a3b,v2,Replication & recovery,0.95,false,false,"The fix addresses a specific issue in logical replication where nested backup operations were allowed in walsenders, which could lead to unexpected behavior or crashes. This is fundamentally about the stability and correctness of the replication process, specifically within the replication and recovery component."
637,9ed2aaba8b56b7b3,qwen3:30b-a3b,v2,Replication & recovery,0.95,false,false,"The fix addresses a memory leak in logical replication subscribers, which is a stability issue related to resource management in the replication subsystem. Memory leaks are not classified under 'Numeric, overflow & limits' but rather under the affected component with a security hardening flag if they could lead to security vulnerabilities, though here it's primarily a stability fix."
638,108d44930acb217d,qwen3:30b-a3b,v2,Client tools,0.95,false,false,"The fix addresses an open-file leak when reading an invalid timezone abbreviation file, which is a resource management issue related to file handling. This does not involve security vulnerabilities like buffer overruns but rather a resource leak that could lead to resource exhaustion or warnings."
639,77b447218a41cf5c,qwen3:30b-a3b,v2,Client interfaces,0.95,false,false,"The fix addresses a crash that occurred when processing custom server parameters with NULL short descriptions, which is a stability issue related to handling NULL values in server configuration parameters. This is not a security vulnerability or performance issue, but rather a correctness problem in how the server handles NULL descriptions for custom parameters."
640,b4da7ce2a0da7966,qwen3:30b-a3b,v2,"Storage, vacuum & TOAST",0.95,false,false,"The fix addresses a bug in the WAL consistency checking logic related to BRIN_EVACUATE_PAGE flags, which is part of the storage and recovery mechanisms. This is not a security issue or performance improvement but a correctness issue in how WAL checks are handled for BRIN indexes during evacuation."
641,0469f44a9c478e53,qwen3:30b-a3b,v2,"Concurrency, locking & crashes",0.95,false,false,"The fix addresses erroneous assertion checks in shared hashtable management, which relates to backend stability and internal data structure management. This is not a security issue or performance improvement but rather a stability concern within the backend."
642,27c270da92d33a22,qwen3:30b-a3b,v2,Execution & correctness,0.95,false,false,"The fix addresses a cleanup issue within SPI_commit() and SPI_rollback() functions, specifically ensuring proper handling of commit-time errors by redefining these functions to start a new transaction. This prevents misbehaviors and crashes, particularly in PL procedures and PL/Python, where errors were not properly managed, leading to potential crashes or memory leaks."
643,6f814f2042d84fad,qwen3:30b-a3b,v2,Client interfaces,0.95,false,false,"The fix addresses an unnecessary file-ownership check in libpq's SSL key handling, which was incorrectly mirroring server-side behavior. This is a client-side protocol and security handling issue, not a performance or numeric problem."
644,3b685ea43f1373b1,qwen3:30b-a3b,v2,Client tools,0.95,false,false,"The fix addresses a specific issue where the ECPG client tool mishandled a libpq error related to server connection loss, causing either a null string to be printed or a crash. This is fundamentally about the client tool's error handling behavior, not a security vulnerability or performance issue."
645,86a0f2604b87b146,qwen3:30b-a3b,v2,Client interfaces,0.95,false,false,"The fix addresses a crash that occurs when certain operations like EXEC SQL PREPARE are called before a database connection is established, which should instead report an error. This is a stability issue related to client-side operations before a connection is made."
646,40abd91049c23b5c,qwen3:30b-a3b,v2,Client interfaces,0.95,false,true,"The fix addresses a memory leak in the ecpglib library by optimizing locale object allocation to occur once per process instead of per query, which also potentially improves performance. This is not a security vulnerability but a memory management optimization."
647,0b62e84f76551cf7,qwen3:30b-a3b,v2,Client tools,0.95,false,false,"The fix addresses an issue in the psql command-line tool where the cursor position was becoming confused after canceling a command with Ctrl-C, specifically by adding a newline to prevent libedit/libreadline from misinterpreting the cursor's location."
648,90ce5d0c88e9b50d,qwen3:30b-a3b,v2,Client tools,0.95,false,false,"The fix addresses an error condition related to a clone() failure during pg_upgrade's --clone option, which is a client tool operation. The issue is about handling a specific error scenario in the pg_upgrade utility, not a security vulnerability or performance issue."
649,be961497c361483b,qwen3:30b-a3b,v2,Extensions & contrib,0.95,false,false,"The fix addresses an issue with the pg_stat_statements contrib module on 32-bit platforms when handling very large query-text files, which is related to storage or memory handling of query text in a specific extension."
650,42b1092ad298487d,qwen3:30b-a3b,v2,Extensions & contrib,0.95,false,false,"The fix ensures that constants of regconfig and other reg* types are sent with proper schema qualification in postgres_fdw, addressing a potential issue in how these types are handled during data transmission between databases."
651,1165857731480f1d,qwen3:30b-a3b,v2,"Concurrency, locking & crashes",0.95,false,false,"The fix addresses a potential issue where signals could interrupt the allocation of dynamic shared memory on Linux, specifically during the posix_fallocate() call. This is a stability and concurrency issue related to signal handling during memory allocation, which could lead to crashes or undefined behavior."
652,ad6e9791063dd327,qwen3:30b-a3b,v2,"Concurrency, locking & crashes",0.95,false,false,"The fix addresses an unexpected EEXIST error from shm_open() on Solaris, which could lead to a crash. This is a backend stability issue related to shared memory operations, not a security vulnerability or performance improvement."
653,b48f028d784c1cd4,qwen3:30b-a3b,v2,Planner & optimizer,0.95,false,false,"The fix adjusts a PL/Perl test case to be compatible with Perl 5.36, addressing a compatibility issue with a newer version of Perl. This is not related to security, performance, or any of the core PostgreSQL functionality categories but rather to the compatibility of a procedural language extension with a specific Perl version."
654,978f295c15c969d2,qwen3:30b-a3b,v2,Build & platform,0.95,false,false,"The fix addresses a build-time issue where PostgreSQL incorrectly uses an outdated libldap_r library when multiple OpenLDAP installations exist, which is a build system or platform compatibility problem."
655,6115742b811c1248,qwen3:30b-a3b,v2,"Concurrency, locking & crashes",0.95,false,false,"The fix addresses a concurrency issue where a VACUUM operation can set an all-visible flag on a page that an UPDATE or DELETE is modifying, causing a panic if the flag isn't cleared. This is a backend stability issue related to concurrent operations, not a security or performance fix."
656,19e90ff816906afc,qwen3:30b-a3b,v2,Indexes,0.95,false,false,"The fix addresses a scenario where VACUUM would halt due to a failed page deletion in a btree index, specifically when the parent downlink isn't found. Instead of aborting, it now logs the issue and continues, preventing indefinite blocking of vacuum operations. This is about ensuring the correct execution of VACUUM on indexes without crashing or halting, which falls under index management."
657,117af1fb73640f27,qwen3:30b-a3b,v2,Execution & correctness,0.95,false,false,"The fix addresses an issue with handling DEFAULT tokens in a multi-row VALUES clause for an INSERT on an updatable view, which could cause cache lookup failures or crashes. This relates to query execution correctness and potential crashes, not to numeric errors or security vulnerabilities."
658,9a34b92c1085d509,qwen3:30b-a3b,v2,Execution & correctness,0.95,false,false,"The fix addresses a specific issue with rules named _RETURN not being allowed unless they are on SELECT statements, preventing confusion between view rules and other rules. This is about correct SQL semantics during execution, specifically rule behavior for views."
659,fcc12a24a163cb19,qwen3:30b-a3b,v2,"Concurrency, locking & crashes",0.95,false,false,"The fix addresses a resource management issue related to tuple saving in AFTER triggers, which caused a reference error and panic. This is fundamentally about backend stability and resource handling during trigger execution, not about query results, performance, or security."
660,e2c15afb7df1e45a,qwen3:30b-a3b,v2,Partitioning & inheritance,0.95,false,false,"The fix addresses a failure in handling subplans within inherited or partitioned tables during UPDATE operations, specifically when child tables have dissimilar structures. This relates to the execution of queries on partitioned or inherited tables, which falls under the 'Partitioning & inheritance' category as it involves the behavior of partitioned or inherited tables during query execution."
661,ae6a6c17ea2205eb,qwen3:30b-a3b,v2,Partitioning & inheritance,0.95,false,false,"The fix addresses an issue with constructing foreign key constraints when attaching a partition, which relates to the correctness of constraint handling during partition management. This is not a security or performance issue but rather a correctness problem in how constraints are managed during partition operations."
662,0cc69df2cdb68a3a,qwen3:30b-a3b,v2,Partitioning & inheritance,0.95,false,false,"The fix addresses an issue with generating constraint names for foreign key constraints on partitioned tables, specifically ensuring that names are correctly spelled when a conflict arises with an existing constraint name. This relates to the naming and management of constraints within partitioned table structures."
663,98367be7e1cd2a22,qwen3:30b-a3b,v2,Indexes,0.95,false,false,"The fix addresses an issue where partitioned index creation incorrectly failed to match existing indexes on partitions, causing unnecessary duplicate index creation. This is fundamentally about the correct handling of index expressions and predicates during partitioned index management, which falls under the 'Indexes' category."
664,7f8f28248b15201c,qwen3:30b-a3b,v2,Replication & recovery,0.95,false,false,"The fix addresses a scenario where promoting a standby instance during archive recovery leads to WAL corruption due to a partial WAL record, which is a critical issue in replication and recovery processes."
665,8aec689c557208c7,qwen3:30b-a3b,v2,Indexes,0.95,false,false,"The fix addresses a mis-ordering of WAL operations in the fast insert path for GIN indexes, which is a storage and index-related issue affecting the correctness of index operations during writes. This is not a security or performance issue but rather a correctness problem in index handling."
666,226bd819fe971c4a,qwen3:30b-a3b,v2,"Concurrency, locking & crashes",0.95,false,false,"The fix addresses issues in logical decoding related to replaying transactions between transaction and subtransaction boundaries, which could cause assertion failures or memory leaks. This is fundamentally about backend stability and memory management, not query results, performance, or security vulnerabilities."
667,0f482151f42b741c,qwen3:30b-a3b,v2,Execution & correctness,0.95,false,false,"The fix addresses a scenario where logical decoding fails to properly handle transactions modifying system catalogs, specifically ensuring the decoder recognizes in-progress transactions for catalog lookups. This is about ensuring correct behavior during logical decoding, which falls under execution correctness."
668,bd68c7a1dd21dfc7,qwen3:30b-a3b,v2,Build & platform,0.95,false,false,"The fix addresses interrupt handling during logical decoding, specifically improving the shutdown process for replication workers by accepting interrupts in more locations. This is about ensuring replication workers can shut down more efficiently without getting stuck, which relates to replication behavior and stability."
669,9789337a7a09adf9,qwen3:30b-a3b,v2,"Concurrency, locking & crashes",0.95,false,false,"The fix addresses a crash in logical replication workers caused by a syntax error in function creation commands, which falls under backend stability issues not tied to a more specific area."
670,92bf0967b67ff58c,qwen3:30b-a3b,v2,Execution & correctness,0.95,false,false,"The fix addresses a bug where read-write expanded datums passed to SQL functions could lead to incorrect values being observed in subsequent uses of the parameter, specifically affecting array and composite types. This is a correctness issue in how SQL functions handle mutable parameters during execution."
671,7dba5baa3fe8135d,qwen3:30b-a3b,v2,"Data types, text & collation",0.95,false,false,"The fix addresses how the equality comparator for the 'circle' data type handles NaN values in the radius, ensuring that a circle with a NaN radius is not incorrectly considered equal to another circle with the same center but any radius. This is a data type behavior issue related to numeric handling and floating-point semantics."
672,c44db27e6d28b1dd,qwen3:30b-a3b,v2,"Numeric, overflow & limits",0.95,true,false,"The fix addresses a potential security vulnerability in the Snowball stemmer by preventing excessive recursion and stack overflow when processing words longer than 1000 bytes, which is a memory-safety issue."
673,2ea0c7515c0b1501,qwen3:30b-a3b,v2,"Concurrency, locking & crashes",0.95,true,false,"The fix addresses a memory management issue in string comparison functions, specifically a use-after-free hazard that could lead to memory corruption when using ICU collations with long strings. This is a security vulnerability related to improper memory handling, not a performance issue or a correctness problem in query results."
674,52fa6f2b7772ac41,qwen3:30b-a3b,v2,"Concurrency, locking & crashes",0.95,false,false,"The fix addresses a scenario where a table with no table access method is accessed, preventing a crash in catalog-corruption cases like a missing ON SELECT rule for a view. This is fundamentally about backend stability and preventing crashes, not about query results, indexes, or other categories."
675,1dc174a42002ea3e,qwen3:30b-a3b,v2,"Concurrency, locking & crashes",0.95,false,false,"The fix addresses a scenario where the postmaster process crashes due to insufficient caution when handling corrupted shared memory, which is a stability issue related to backend processes and shared memory management."
676,d9ee592d7e8b5787,qwen3:30b-a3b,v2,"Concurrency, locking & crashes",0.95,true,false,"The fix addresses recursion limits to prevent stack overflows, which is a stability issue related to backend processes and potential crashes due to excessive recursion."
677,cc0e5523791b752e,qwen3:30b-a3b,v2,"Concurrency, locking & crashes",0.95,false,false,"The fix addresses a memory leakage issue in the autovacuum launcher process, which is a stability and resource management problem, not related to query results, performance, or security vulnerabilities. Memory leakage falls under backend stability, which is categorized as 'Concurrency, locking & crashes' (category 6)."
678,03e8971929494c1a,qwen3:30b-a3b,v2,Planner & optimizer,0.95,false,false,"The fix addresses a limitation in PL/pgSQL where RECORD parameters could not handle different concrete types during a session, requiring a separate function cache entry per type to resolve type mismatches during plan preparation."
679,e8bac45f6e101f65,qwen3:30b-a3b,v2,Client interfaces,0.95,true,false,"The fix addresses a missing NULL pointer check in libpq functions (PQflush and PQisnonblocking), which would prevent crashes when a NULL connection pointer is passed. This is a memory safety issue related to pointer dereferencing without validation."
680,3bee971533c1c22a,qwen3:30b-a3b,v2,Client interfaces,0.95,false,false,The fix addresses a bug in ecpg (Embedded SQL for C) where variable storage classes (specifically 'static') were not correctly applied to multiple declared variables of types like varchar or bytea. This is a correctness issue in the client interface handling of variable declarations.
681,2794bb257eef244a,qwen3:30b-a3b,v2,Client tools,0.95,false,false,"The fix allows pg_basebackup to handle tablespace paths in both Unix-style and Windows-style absolute paths, enabling cross-platform tablespace relocation. This is about client tool behavior when dealing with different OS path conventions."
682,5dfad0041131296c,qwen3:30b-a3b,v2,"Concurrency, locking & crashes",0.95,true,false,"The fix addresses a memory access issue in pg_stat_statements where it accesses memory that has already been freed, specifically during a ROLLBACK command via the extended query protocol. This is a memory safety issue, not a numeric or overflow problem."
683,cec78244a453ebda,qwen3:30b-a3b,v2,Execution & correctness,0.95,false,false,"The fix addresses an issue in postgres_fdw where target lists for EvalPlanQual plans were missing required columns, causing errors when variables weren't found in subplan target lists. This is fundamentally about ensuring correct query execution and data handling within the foreign data wrapper, which falls under the 'Execution & correctness' category as it relates to query result accuracy and behavior during execution."
684,df9efec5505e01a6,qwen3:30b-a3b,v2,"Data types, text & collation",0.95,false,false,"The fix addresses a discrepancy in the UUID generation behavior between the uuid-ossp module and the NetBSD libc implementation, specifically rejecting version-4 UUIDs when version-1 is expected. This is about ensuring correct data type behavior and compatibility with expected UUID formats, not security or performance."
685,535de4f1ac18697c,qwen3:30b-a3b,v2,Client tools,0.95,false,false,"The fix involves adding new Perl test modules to the standard installation for extensions to use in older branches, which is about improving the test infrastructure for extensions."
686,34500172bdc571a1,qwen3:30b-a3b,v2,"Numeric, overflow & limits",0.95,false,false,"The fix addresses a potential deadlock in the dynamic linker on NetBSD 10 by forcing dynamic symbol resolution at postmaster start, which relates to backend stability and process management."
687,c0a16a8e3e2906d8,qwen3:30b-a3b,v2,Build & platform,0.95,false,false,"The fix addresses incompatibilities with LLVM 15, which relates to the build system or compiler compatibility, not to query execution, security, or performance. This falls under the 'Build & platform' category as it involves the build system and compiler toolchain compatibility."
688,dcd2afcf350cc703,qwen3:30b-a3b,v2,Build & platform,0.95,false,false,"The fix allows the use of a GCC builtin function for spinlocks on any machine, easing portability to new architectures. This is about improving build and platform compatibility, not security, performance, or other categories."
689,f1618b5d18e77c11,qwen3:30b-a3b,v2,Build & platform,0.95,false,false,"The fix addresses a symbol name conflict with a recent macOS system header, which is a build-time issue related to compiler compatibility on a specific platform."
690,6466cbf45b928ba8,qwen3:30b-a3b,v2,Build & platform,0.95,false,false,"The fix addresses compile-time deprecation warnings related to the use of sprintf, which is a C library function. This is a code maintenance issue to avoid warnings, not a functional or security-related fix."
691,11713c046e429c91,qwen3:30b-a3b,v2,Build & platform,0.95,false,false,"The fix addresses compiler warnings from newer versions of clang, which is a routine maintenance task related to code cleanliness and build compatibility, not a functional change to the database behavior or performance."
692,e1fb548e96ce33e1,qwen3:30b-a3b,v2,Client interfaces,0.95,true,false,"The fix addresses a memory disclosure vulnerability where libpq copies unbounded application memory contents into an error report after a GSSAPI encryption setup failure, which could lead to sensitive data exposure. This is a security hardening issue due to improper handling of error messages leading to memory leakage."
693,f3dfeb4b795bfa1a,qwen3:30b-a3b,v2,Partitioning & inheritance,0.95,false,false,"The fix addresses an issue where setting REPLICA IDENTITY on a partitioned index before it's valid causes restore failures in pg_dump, allowing the order to be reversed without affecting functionality since the index won't be valid until later."
694,6f9654a1ea5a26fc,qwen3:30b-a3b,v2,Execution & correctness,0.95,false,false,"The fix addresses an issue where DEFAULT markers in rules for multi-row INSERT operations were not being correctly replaced with default-value expressions, causing an error. This relates to the correct handling of SQL semantics during query execution, specifically in the context of rules and INSERT operations."
695,e257c93662363c3e,qwen3:30b-a3b,v2,Execution & correctness,0.95,false,false,"The fix addresses an issue where jsonpath existence operators incorrectly treated undefined variables as matches, which is a correctness problem in how the JSON path expressions are evaluated. This falls under the category of execution and correctness, as it pertains to the behavior of the query execution engine when handling JSON path expressions."
696,f578b6fe8b6e7d64,qwen3:30b-a3b,v2,Execution & correctness,0.95,false,false,"The fix addresses a data corruption issue in parallel hash joins caused by a fencepost bug when writing large tuples to temporary files, which is a correctness problem in query execution."
697,6f06c79f1e2ac7e2,qwen3:30b-a3b,v2,"Storage, vacuum & TOAST",0.95,false,true,"The fix addresses an issue where the internal state of checkpoint completion target settings was not updated after a change, leading to potential discrepancies in checkpoint I/O performance. This is about ensuring the system correctly applies configuration changes to checkpoint behavior, which falls under storage and vacuum management."
698,4862be874c1dfac0,qwen3:30b-a3b,v2,Replication & recovery,0.95,false,false,"The fix addresses an incorrect timestamp being logged during recovery when using recovery_target_xid mode with recovery_target_inclusive = off, which is a correctness issue in the recovery process."
699,31380e1523deec9c,qwen3:30b-a3b,v2,"Storage, vacuum & TOAST",0.95,false,false,"The fix addresses a specific issue during VACUUM where the datfrozenxid update fails due to an out-of-line datacl value caused by excessive privileges, which is a storage and vacuum-related problem."
700,fce1f6fb05590680,qwen3:30b-a3b,v2,Execution & correctness,0.95,false,false,"The fix addresses a behavior where ANALYZE would incorrectly commit a transaction within a pipelined command sequence, which is a correctness issue in query execution rather than a security or performance problem."
701,c1c58dd4441faae1,qwen3:30b-a3b,v2,"Concurrency, locking & crashes",0.95,true,false,"The fix addresses a buffer overrun vulnerability where the server processed cancel request packets with insufficient length, potentially causing out-of-bounds memory access. This is a security hardening issue as it prevents memory safety issues."
702,830b6795b033fc86,qwen3:30b-a3b,v2,Planner & optimizer,0.95,false,true,"The fix addresses a potential for deep recursion and excessive time consumption during subquery flattening, which could lead to unresponsive queries. This is fundamentally about preventing a performance issue and ensuring query cancellation is possible, not about security or numeric limits."
703,96aa4737a71feb8b,qwen3:30b-a3b,v2,Planner & optimizer,0.95,false,false,"The fix addresses an issue where the partitionwise-join code would fail to produce a plan for individual partitions, leading to a 'could not devise a query plan' error. This is fundamentally about query planning and optimization, specifically handling partitioned tables during join operations."
704,3b918b135c986e4a,qwen3:30b-a3b,v2,Planner & optimizer,0.95,false,true,The fix addresses a performance issue in the planner where excessive work during index cleanup after large tuple deletions could cause significant performance hiccups. It limits the cleanup to 100 heap pages per query to prevent large performance impacts without affecting eventual correctness.
705,e5a1d7032dadf6c5,qwen3:30b-a3b,v2,Execution & correctness,0.95,false,false,"The fix ensures that full-text-search queries can be cancelled during phrase matching, addressing a cancellation mechanism issue within the query execution process."
706,c2955d8527f8851a,qwen3:30b-a3b,v2,"Data types, text & collation",0.95,false,false,"The fix addresses a memory leak specifically related to hashing strings using nondeterministic collations, which is a data type and text handling issue involving collation behavior."
707,c871af2308eb89b8,qwen3:30b-a3b,v2,Client interfaces,0.95,false,false,"The fix addresses a memory leak in libpq related to failed replication connection attempts, specifically cleaning up the connection object after failure. This is a memory management issue, not a security vulnerability or performance improvement."
708,e9d02f4cd936e7f8,qwen3:30b-a3b,v2,Replication & recovery,0.95,false,true,"The fix addresses performance issues in hot-standby servers related to tracking active XIDs on the primary, specifically by improving the cleanup of the KnownAssignedXids array to reduce processing effort under high connection loads."
709,f068bef4d81f7743,qwen3:30b-a3b,v2,"Concurrency, locking & crashes",0.95,true,false,"The fix addresses uninitialized memory usage in logical decoding, specifically preventing the reuse of freed XID data which could cause unpredictable behavior. This is a memory safety issue related to improper handling of memory resources."
710,5372dfe0e79ddf97,qwen3:30b-a3b,v2,Indexes,0.95,false,false,"The fix addresses a panic during WAL replay related to hash-index page splits, specifically a failure to acquire a cleanup lock. This is a stability issue tied to index operations during recovery, not a security vulnerability or performance improvement."
711,d4e710b2f78a557c,qwen3:30b-a3b,v2,Replication & recovery,0.95,false,false,"The fix addresses a WAL replay issue where a heap page's LSN wasn't advanced when setting its all-visible bit, potentially causing inconsistencies between primary and standby servers. This is a replication and recovery concern related to WAL handling during replay."
712,6c55ecf507967428,qwen3:30b-a3b,v2,"Concurrency, locking & crashes",0.95,true,false,"The fix addresses a potential issue with the relation cache entry's rd_smgr pointer, ensuring it is recomputed when needed to prevent bugs from unexpected cache flushes. This is fundamentally about preventing a security vulnerability related to memory safety."
713,7ecbd1af6ba7704f,qwen3:30b-a3b,v2,"Concurrency, locking & crashes",0.95,true,false,"The fix addresses a latent buffer-overrun issue in the WaitEventSet logic, specifically in epoll and kqueue implementations, where the internal buffer size could differ from the caller's output buffer, potentially leading to a security vulnerability. This is a memory-safety issue, not related to numeric overflow or limits."
714,7026a98380bca3bd,qwen3:30b-a3b,v2,"Concurrency, locking & crashes",0.95,true,false,"The fix addresses a potential issue with pointer alignment in shared memory access on 32-bit builds, which could lead to undefined behavior. This is a memory safety concern related to alignment, not a numeric overflow or performance issue."
715,4cd0cbdba7576b05,qwen3:30b-a3b,v2,Planner & optimizer,0.95,false,false,"The fix removes a faulty assertion in the query optimization logic related to RESULT-RTE, which is part of the query planning and optimization process. This is not a security issue or performance improvement but a correctness fix in the planner."
716,af6a0ea3099590b9,qwen3:30b-a3b,v2,Execution & correctness,0.95,false,false,"The fix addresses incorrect error messages related to ACL (Access Control List) checks, specifically correcting copy-paste errors in messages that would rarely be triggered. The core issue is about the accuracy of error reporting, not a security vulnerability or performance issue."
717,fae90a9bd8887ea1,qwen3:30b-a3b,v2,Client tools,0.95,false,false,"The fix addresses a potential failure in pg_dump when examining tables that might be dropped concurrently by ensuring proper locking before accessing table properties, preventing crashes or incorrect behavior during dump operations."
718,a73c9ee0be9c0aba,qwen3:30b-a3b,v2,Client tools,0.95,false,false,"The fix addresses an issue with tab completion for the ALTER FUNCTION/PROCEDURE/ROUTINE ... SET SCHEMA command, which is related to the behavior of the command-line interface or client tool. This is not about query execution, data types, or security, but rather about the user interface for command completion in a client tool."
719,2b9692c44346fd37,qwen3:30b-a3b,v2,Extensions & contrib,0.95,false,false,"The fix addresses a faulty assertion in the postgres_fdw extension, which is a contrib module for foreign data wrappers. Assertions are typically used for debugging and catching internal errors, so this fix is about ensuring the extension's stability and correctness without causing crashes or incorrect behavior."
720,07604de1c3801417,qwen3:30b-a3b,v2,"Numeric, overflow & limits",0.95,true,false,"The fix addresses a crash and potential garbage output when processing input numbers with more than 127 digits in the contrib/seg module, which is related to numeric handling but specifically involves a buffer overflow or out-of-bounds access in the input processing."
721,39708e33d96843a3,qwen3:30b-a3b,v2,Extensions & contrib,0.95,false,false,"The fix addresses deprecation warnings in the sepgsql contrib module related to libselinux, which is a security module for SELinux integration. This is not a security hardening issue but rather a maintenance update to keep the module compatible with newer libselinux versions."
722,c5b161ec892dc221,qwen3:30b-a3b,v2,Build & platform,0.95,false,false,"The fix addresses a build issue specific to Microsoft Visual Studio 2013, which lacks the snprintf() function, requiring a fallback to sprintf(). This is a platform-specific build compatibility issue, not related to query execution, security, or performance."
723,9634b7019040bff0,qwen3:30b-a3b,v2,Build & platform,0.95,false,false,"The fix addresses a compile failure when building PL/Perl with MSVC using Strawberry Perl, which is a specific build issue related to the PL/Perl extension on Windows with MSVC."
724,892f6fe201479f2b,qwen3:30b-a3b,v2,Extensions & contrib,0.95,false,false,"The fix addresses a compatibility issue between PL/Perl built with MSVC and a Perl library built with gcc, which could cause loadable library errors due to binary incompatibility. This is not a security or performance issue but relates to the extension's compatibility."
725,dc869d4272f217c5,qwen3:30b-a3b,v2,Build & platform,0.95,false,false,"The fix addresses compiler warnings related to Perl header files, specifically suppressing warnings when using gcc. This is not related to query execution, security, performance, or any core PostgreSQL functionality but rather a build-time adjustment to avoid unnecessary warnings during compilation."
726,f4aa77fe00bbd19e,qwen3:30b-a3b,v2,Build & platform,0.95,false,false,"The fix addresses a build issue with pg_waldump on compilers that do not discard unused static-inline functions, which is a build system or platform compatibility problem."
727,6286b6df6437e70d,qwen3:30b-a3b,v2,"Numeric, overflow & limits",0.95,true,false,"The fix addresses a security vulnerability where CREATE SCHEMA could bypass search_path restrictions, allowing privilege escalation through security-definer functions or extension scripts. This is a security weakness related to access control and privilege management."
728,9a958a726783a57a,qwen3:30b-a3b,v2,Execution & correctness,0.95,true,false,"The fix addresses a security vulnerability where row-level security (RLS) policies were not enforced correctly when a set-returning function was inlined into a query, potentially allowing unauthorized access to rows. This is a security hardening issue due to improper enforcement of access controls."
729,dc168eac6b32e813,qwen3:30b-a3b,v2,Execution & correctness,0.95,false,false,"The fix addresses a crash caused by omitting the schema name in CREATE SCHEMA, which is a syntax error in the SQL standard but was handled incorrectly by the code. This is about incorrect handling of SQL syntax leading to a crash, falling under execution and correctness."
730,79f48d7c108e2f22,qwen3:30b-a3b,v2,Indexes,0.95,false,false,"The fix addresses a scenario where altering composite types used in indexes could lead to inconsistencies, as the system previously allowed modifications that might not be compatible with existing index structures. This is fundamentally about ensuring correctness in index behavior when composite types are modified, which falls under the 'Indexes' category."
731,e4b20590d7f9db12,qwen3:30b-a3b,v2,Execution & correctness,0.95,false,false,"The fix disallows system columns (like OID, which was removed) from being used in foreign keys, addressing a non-functional or invalid use-case that no longer has a valid purpose due to prior changes. This is about ensuring correct SQL semantics and preventing invalid configurations, not about performance, security, or other categories."
732,c8aeadcacc0daab0,qwen3:30b-a3b,v2,Execution & correctness,0.95,false,false,"The fix addresses an issue where COPY TO from an RLS-enabled parent table was incorrectly including rows from child tables, which contradicts the documentation stating it should only copy from the named table. This is a correctness issue related to how RLS interacts with inheritance and COPY operations."
733,40644e6bd037d46c,qwen3:30b-a3b,v2,Execution & correctness,0.95,false,false,"The fix addresses a potential crash when using array_position() or array_positions() with an empty array, which relates to backend stability and error handling during function execution."
734,f4a122ffade47595,qwen3:30b-a3b,v2,"Concurrency, locking & crashes",0.95,true,false,"The fix addresses a potential out-of-bounds memory access in the to_char() function, which could lead to a server crash. This is a memory-safety issue, not a numeric overflow or arithmetic error."
735,e9dc2489f4353d2c,qwen3:30b-a3b,v2,"Numeric, overflow & limits",0.95,true,false,"The fix addresses a buffer overread in the translate() function, which is a memory safety issue where the function accesses memory beyond the allocated buffer. This is a security vulnerability that could lead to crashes or potential exploitation."
736,18ef7aec8409b1bc,qwen3:30b-a3b,v2,"Data types, text & collation",0.95,false,false,"The fix addresses an issue where syntax errors in JSON string literals did not correctly set the error cursor, leading to misleading error messages or potential crashes. This is fundamentally about ensuring correct error reporting during query execution, specifically related to JSON parsing and syntax handling."
737,5d3bdcf80215eb3e,qwen3:30b-a3b,v2,"Storage, vacuum & TOAST",0.95,false,false,"The fix addresses a data corruption issue caused by an incorrect calculation of the vacuum cleanup horizon xid when vacuum_defer_cleanup_age exceeds the current 64-bit xid, leading to premature removal of live rows. This is fundamentally about storage and vacuum management, not performance or security."
738,f15383a8bdc86f94,qwen3:30b-a3b,v2,Planner & optimizer,0.95,false,false,"The fix addresses a parser issue where improperly-nested aggregates were not detected, which could cause executor failures for invalid queries. This is fundamentally about query syntax validation during parsing, not about execution results or performance."
739,083b9f7b4fdf34e1,qwen3:30b-a3b,v2,Execution & correctness,0.95,false,false,"The fix addresses a data structure corruption issue that occurs during the parsing of serial SEQUENCE NAME options, which can cause problems when an event trigger captures the corrupted parse tree. This is fundamentally about incorrect handling of data structures during parsing, leading to potential instability or incorrect behavior in the database system."
740,785a28274dfcb207,qwen3:30b-a3b,v2,Planner & optimizer,0.95,false,false,"The fix addresses a planner oversight where parallel-safety markings for plan nodes were not correctly updated when moving initplans between nodes, which could cause runtime errors. This is fundamentally about query planning and optimization, specifically the planner's handling of parallel execution safety."
741,c25f29cb31d30b7c,qwen3:30b-a3b,v2,Execution & correctness,0.95,false,false,"The fix addresses a specific optimization in window aggregates that was causing incorrect behavior when sub-SELECTs were involved, as the optimization assumed repeatable results which sub-SELECTs might not provide. This is fundamentally about ensuring correct query execution when using window functions with sub-SELECTs, which falls under execution correctness."
742,9fb2480c11dde79f,qwen3:30b-a3b,v2,Execution & correctness,0.95,true,false,"The fix addresses a potential crash caused by undersized output allocation when handling nested ARRAY[] constructs, specifically by detecting overflow in the total space needed for the result array. This is a memory safety issue related to buffer allocation, not a numeric overflow or arithmetic error."
743,43dd707cd8bffa0a,qwen3:30b-a3b,v2,Execution & correctness,0.95,false,false,"The fix addresses a crash occurring during an update operation on a specific column type involving arrays of domains over composite types. This is a stability issue related to backend execution, not a security vulnerability or performance improvement."
744,f5a0a93a17883d11,qwen3:30b-a3b,v2,Partitioning & inheritance,0.95,false,false,"The fix addresses an issue in partition pruning logic when dealing with boolean columns, specifically handling conditions like 'boolcol IS NOT TRUE' and 'NOT boolcol', which previously failed to correctly include NULL values in the results. This is fundamentally about the behavior of partitioning logic under specific query conditions."
745,437ce2a74d8d240d,qwen3:30b-a3b,v2,"Concurrency, locking & crashes",0.95,false,false,"The fix addresses a race condition during parallel hash join cleanup, which could lead to a crash under specific conditions. This is fundamentally about backend stability related to concurrency and parallel processing, not about query results, performance, or security."
746,ed806adf9ca44338,qwen3:30b-a3b,v2,Execution & correctness,0.95,false,false,"The fix addresses a scenario where GENERATED columns need to be recalculated after an EvalPlanQual check in READ COMMITTED isolation mode, ensuring correct results when concurrent updates affect the row being processed. This is about ensuring query correctness in the presence of concurrent modifications, not about performance or security."
747,42040c296eea1727,qwen3:30b-a3b,v2,"Storage, vacuum & TOAST",0.95,false,false,"The fix addresses a specific behavior in autovacuum processing where vacuum cost delay balancing was incorrectly applied when a table had a per-relation vacuum_cost_delay setting of zero, which should have disabled delay balancing. This is about the correct handling of vacuum cost settings during autovacuum operations."
748,98d44b4a6e70c37e,qwen3:30b-a3b,v2,"Concurrency, locking & crashes",0.95,false,false,"The fix addresses crashes occurring in a specific scenario involving views with columns added to the end, which relates to backend stability and execution correctness rather than a security issue or performance improvement."
749,3e499e55650a7ae3,qwen3:30b-a3b,v2,Partitioning & inheritance,0.95,false,false,"The fix addresses a failure in handling subplans within partitioned updates, specifically when child tables have different structures than the parent. This relates to the execution of queries on partitioned tables, which falls under the 'Partitioning & inheritance' category as it involves partition-level behavior and consistency checks during updates."
750,186ef9c9943c5fcb,qwen3:30b-a3b,v2,Execution & correctness,0.95,false,false,"The fix addresses an issue where a multi-row INSERT ... VALUES query on a view with a DO ALSO INSERT ... SELECT rule failed due to incorrect handling of DEFAULT markers, causing errors or assertion failures. This relates to the behavior of the rewriter or rules during query execution, specifically affecting how DEFAULT markers are processed in the context of view rules."
751,38275cc9e9c8f308,qwen3:30b-a3b,v2,Execution & correctness,0.95,false,false,"The fix addresses a crash that occurs when referencing OLD and NEW within subqueries in rule actions without explicit LATERAL marking, which is a stability issue related to query execution and rule handling."
752,11143ae445df2040,qwen3:30b-a3b,v2,Execution & correctness,0.95,false,false,"The fix addresses an issue in the decompilation of SQL functions or rules that contain INSERT/UPDATE/DELETE statements within a WITH clause, specifically ensuring the correct alias for the target table is printed. This relates to the correct handling of SQL syntax and semantics during decompilation, which falls under the category of execution and correctness."
753,6ef3e95a957fbe4c,qwen3:30b-a3b,v2,Execution & correctness,0.95,false,false,"The fix addresses an issue in the optimization logic for SERIALIZABLE READ ONLY transactions, specifically related to the safe-snapshot optimization being incorrectly skipped or causing assertion failures due to transactions marked as doomed. This pertains to transaction behavior and query execution semantics, not to performance improvements or security vulnerabilities."
754,b979323f6cb6fb0f,qwen3:30b-a3b,v2,Extensions & contrib,0.95,true,false,"The fix addresses a memory management issue in the pgoutput logical decoding plugin where repeated startup and shutdown cycles cause a resource leak in cache callback slots, leading to an out-of-slots error. This is a memory-safety issue related to improper resource cleanup, not a numeric or overflow problem."
755,78e6012072cd859d,qwen3:30b-a3b,v2,"Concurrency, locking & crashes",0.95,true,false,"The fix addresses a dangling pointer dereference during GiST index buffering, which is a memory safety issue that could lead to a crash. This is not a numeric overflow or a performance issue but a stability problem related to memory access."
756,69bafbd1e8f81824,qwen3:30b-a3b,v2,Replication & recovery,0.95,false,false,"The fix addresses an issue where logical replication with REPLICA IDENTITY FULL failed when tables contained dropped or generated columns during update or delete operations. This relates to how replication handles column states, specifically ensuring that dropped or generated columns are ignored during replication actions."
757,e765781b4ab86aa5,qwen3:30b-a3b,v2,Client interfaces,0.95,true,false,"The fix involves supporting RSA-PSS certificates with SCRAM-SHA-256 channel binding, which relates to authentication and security mechanisms in PostgreSQL. This is about enhancing security features, specifically in the context of SSL/TLS and authentication protocols."
758,4f34d85437504ce3,qwen3:30b-a3b,v2,"Concurrency, locking & crashes",0.95,false,false,"The fix addresses a race condition related to process ID tracking on Windows, where the operating system might recycle a PID before the postmaster observes the child process termination, leading to incorrect tracking of processes with the same PID. This is fundamentally about backend stability and process management, not a security vulnerability or performance issue."
759,7737f343ddb1ca7f,qwen3:30b-a3b,v2,Extensions & contrib,0.95,false,false,"The fix adds missing cases to SPI_result_code_string(), which is a function that converts SPI (Server Programming Interface) result codes to strings. This is about improving the functionality of a utility function for error reporting, not about query execution, performance, security, or other categories. The SPI is used in procedural languages and extensions for executing queries from within the server, but the fix itself is about string conversion for result codes, which falls under the category of client interfaces or extensions. However, SPI is part of the server's internal API, so it's more about the internal interface rather than client-facing libraries. Looking at the categories, this seems to fit under 'Extensions & contrib' because SPI is often used in extensions and procedural languages, but the function itself is part of the core server. Wait, let's reconsider: SPI_result_code_string() is a core function, not part of an extension. The category 'Client interfaces' (10) is for client-facing libraries and protocols, but SPI is a server-side API for internal use, not client-facing. The 'Extensions & contrib' (11) category includes procedural languages and contrib modules, but SPI is a core feature. Wait, the SPI is part of the server's internal API, so it's not a client interface. The closest category might be 'Extensions & contrib' because SPI is used by extensions, but the fix is to a core function. Alternatively, it might be under 'Client tools' (9), but SPI is not a client tool. Let's check the category definitions again. Category 11: 'Extensions & contrib — contrib modules and procedural languages (postgres_fdw, pg_stat_statements, pgcrypto, PL/pgSQL, PL/Perl, PL/Python, PL/Tcl, and similar).' SPI is used by procedural languages like PL/pgSQL, so the SPI function is part of the core that supports extensions. However, the fix is to a core function, not an extension. The category 'Client interfaces' (10) is for client-facing libraries, which SPI is not. SPI is a server-side API for internal use. So, the fix is about a core server function that is used by extensions, but the fix itself is in the core. The category that fits best is 'Extensions & contrib' because the SPI is primarily used by extensions and procedural languages, and the fix is to a function that supports that. Alternatively, it might be under 'Client tools', but SPI is not a tool. Let's see: the SPI_result_code_string() is a function that is part of the server's internal API, so it's not a client tool. The category 'Client interfaces' (10) is for client-facing libraries, which SPI is not. So, the best fit is 'Extensions & contrib' because SPI is used by extensions, and the fix is to a function that is part of the core but serves extensions. Wait, but the category definition says 'contrib modules and procedural languages', and SPI is a core feature, not a contrib module. However, the SPI is used by procedural languages, so the fix is related to the support for extensions. I think the intended category is 'Extensions & contrib' because the SPI is a key part of how extensions interact with the server. Let's confirm: the SPI is the Server Programming Interface, which is used by procedural languages (like PL/pgSQL) to execute queries from within the server. So, the function SPI_result_code_string() is part of the SPI, which is used by extensions. Therefore, the fix is about the SPI, which is part of the extension support, so category 11. Now, for the flags: is_security_hardening? The fix is adding missing cases to a string conversion function, which is not a security issue. is_performance? It's not a performance improvement. So both flags are false."
760,67900db566c7e6e9,qwen3:30b-a3b,v2,"Storage, vacuum & TOAST",0.95,false,false,"The fix addresses a Valgrind marking issue in memory reallocation, specifically when reducing the size of a large memory chunk. This is not a security vulnerability but a correctness issue in memory management that could affect debugging tools."
761,24a16c695fa9c109,qwen3:30b-a3b,v2,Replication & recovery,0.95,false,false,"The fix addresses an assertion failure during the decoding of a transactional logical replication message, which relates to the stability and correctness of replication operations. This is not a security issue or performance improvement but rather a correctness issue in the replication process."
762,cd7681aaf0ee87e9,qwen3:30b-a3b,v2,"Data types, text & collation",0.95,false,false,"The fix addresses an issue where a backslash followed by a non-ASCII character could cause an assertion failure due to locale sensitivity in regular expression processing. This is fundamentally about handling text and encoding correctly, specifically related to regular expression escapes and locale-dependent behavior."
763,10c2bf62c6f02b0e,qwen3:30b-a3b,v2,Replication & recovery,0.95,false,false,"The fix addresses a potential assertion failure in the WAL (Write-Ahead Logging) subsystem when handling empty page ranges, which relates to the stability and correctness of the database's crash recovery mechanism. This is not a security issue or performance improvement but rather a correctness fix within the replication and recovery area."
764,01fc991a97d0db1c,qwen3:30b-a3b,v2,"Concurrency, locking & crashes",0.95,false,false,"The fix addresses a memory leakage issue specifically in plpgsql DO blocks when using cast expressions, which relates to backend stability and memory management rather than query correctness or performance. This is a memory management issue that could lead to resource exhaustion, but it's not a security vulnerability like a buffer overrun."
765,b3899dba52a49a8a,qwen3:30b-a3b,v2,"Data types, text & collation",0.95,false,false,"The fix addresses a potential crash or incorrect output when converting inconsistent Perl list structures to multi-dimensional SQL arrays, specifically tightening dimensionality checks to prevent non-rectangular array representations. This is a stability issue related to array handling in the Perl interface, not a security vulnerability or performance improvement."
766,8b45724ae27492a0,qwen3:30b-a3b,v2,Execution & correctness,0.95,false,false,"The fix addresses a bug in plpython where inconsistent or empty sub-lists in Python lists could cause crashes or incorrect output when converting to multi-dimensional SQL arrays, which is fundamentally about ensuring correct behavior during data conversion between Python and SQL, falling under execution and correctness."
767,f01383c3c806eb24,qwen3:30b-a3b,v2,"Concurrency, locking & crashes",0.95,false,false,"The fix addresses a rare issue where the exception stack in plpython wasn't properly unwound, which could lead to crashes if another error occurred before the stack was cleaned up. This is fundamentally about backend stability and crash prevention, not about query results, performance, or security vulnerabilities."
768,1e76cc086afb1699,qwen3:30b-a3b,v2,Client interfaces,0.95,false,false,"The fix addresses inconsistent error handling in libpq's PQconnectPoll() function when GSS-encryption is required, specifically ensuring that a GSS initialization failure marks the connection as dead immediately, aligning with TLS behavior. This is about client-side protocol handling and error consistency, not security hardening or performance."
769,79351a97bf03fc5d,qwen3:30b-a3b,v2,Client interfaces,0.95,true,false,"The fix addresses a data corruption issue in ecpg programs when using the -C ORACLE option, specifically when ecpg_get_data() is called with varcharsize set to zero, causing a terminating zero to be written into the last byte of the preceding field. This is a memory safety issue where a buffer overrun could occur, leading to data corruption."
770,944969b41f1ec6c7,qwen3:30b-a3b,v2,"Data types, text & collation",0.95,false,false,"The fix addresses an issue in pg_dump and pg_restore related to restoring hash-partitioned tables with enum-type columns, ensuring that rows are correctly placed into partitions after a dump and restore by automatically applying the --load-via-partition-root option and preventing unnecessary TRUNCATE operations that could cause deadlocks or data loss."
771,5f5ecf2be6832a67,qwen3:30b-a3b,v2,"Concurrency, locking & crashes",0.95,false,false,"The fix addresses a crash caused by a misbehaving check in the hstore_plpython contrib module when transforming a non-mapping Python value, which should have resulted in an error instead. This is fundamentally about preventing a crash due to incorrect handling of input types, falling under backend stability not tied to a more specific area."
772,9f72c8fad955e0ea,qwen3:30b-a3b,v2,Extensions & contrib,0.95,true,false,"The fix addresses a crash caused by accessing off the end of a work array when processing an unsatisfiable regular expression in the pg_trgm contrib module, which is a memory safety issue."
773,0606d75a6dc3260b,qwen3:30b-a3b,v2,Build & platform,0.95,false,false,"The fix addresses the use of the --strip-unneeded option instead of -x for stripping static libraries with GNU-compatible strip, which improves compatibility with llvm-strip and reduces output size. This is a build system improvement related to the build process and toolchain."
774,005f7ce06fd07564,qwen3:30b-a3b,v2,Build & platform,0.95,false,false,"The fix addresses an issue with building documentation that relied on downloading DTD files from SourceForge, which is no longer possible due to HTTPS restrictions. The change disables the auto-download recommendation and updates build recipes to use a specific option to avoid network access."
775,44e87bafd048f861,qwen3:30b-a3b,v2,Build & platform,0.95,false,false,"The fix addresses a build-time issue in PGXS (PostgreSQL Extension Building System) where the temporary portlock directory was incorrectly placed in the installation directory, which might not be writable. This is a build system concern related to the location of temporary files during testing."
776,045a8aeffd0f1556,qwen3:30b-a3b,v2,"Numeric, overflow & limits",0.95,true,false,"The fix prevents SQL injection by disallowing special characters in schema or owner names within extension scripts, addressing a security vulnerability."
777,07d54b2beca26155,qwen3:30b-a3b,v2,Indexes,0.95,false,false,"The fix addresses an issue in BRIN indexes where empty ranges and all-NULL ranges were confused, leading to potential query results missing NULL values. This is fundamentally about index correctness and behavior, specifically related to how BRIN indexes handle NULL values and range summaries."
778,5fe920752579cc06,qwen3:30b-a3b,v2,"Concurrency, locking & crashes",0.95,false,false,"The fix addresses a scenario where a database could become corrupted if the DROP DATABASE operation was interrupted after irreversible steps had begun, ensuring the database is marked as inaccessible before irreversible actions to prevent partial corruption."
779,386e2caeb5477824,qwen3:30b-a3b,v2,Partitioning & inheritance,0.95,false,false,"The fix addresses a correctness issue in partitioned indexes, specifically ensuring they are properly marked as valid or invalid during creation, preventing potential misbehavior or assertion failures in queries on partitioned tables."
780,dba5253ff57989fe,qwen3:30b-a3b,v2,Partitioning & inheritance,0.95,false,false,"The fix addresses an issue where invalid child indexes were not being properly ignored during the attachment of a partitioned table, leading to potential errors in index management. This is fundamentally about ensuring correct behavior in partitioned table index handling, which falls under the 'Partitioning & inheritance' category."
781,d954683e09a57790,qwen3:30b-a3b,v2,Indexes,0.95,false,false,"The fix addresses an issue where marking a partitioned index valid after all partitions are attached could fail due to stale data in the pg_index entry, leading to an error about updating an invisible tuple. This is fundamentally about the correctness of index management in partitioned tables, specifically related to how index metadata is updated when partitions are attached."
782,f7069f45605ba9dc,qwen3:30b-a3b,v2,"Data types, text & collation",0.95,false,false,"The fix addresses a bug where ALTER EXTENSION SET SCHEMA would not correctly detect if an extension contains objects in multiple schemas, leading to unexpected behavior. The core issue is about ensuring the extension's objects are confined to a single schema, which relates to the management and correctness of extension objects within the database schema system."
783,4157108653e11460,qwen3:30b-a3b,v2,Planner & optimizer,0.95,false,false,"The fix addresses a planner issue where partial unique indexes were incorrectly used for uniqueness proofs, potentially leading to incorrect query plans. This is fundamentally about query planning and optimization, not security or performance."
784,58e83d33b290b6da,qwen3:30b-a3b,v2,Planner & optimizer,0.95,false,false,"The fix addresses a planner issue where incorrect query plans were generated for foreign joins involving pseudoconstant join clauses, specifically disabling remote join generation in these cases to prevent incorrect planning. This is fundamentally about query planning and optimization, not execution correctness or security."
785,d8631b4d3a2da384,qwen3:30b-a3b,v2,Execution & correctness,0.95,false,false,"The fix addresses an issue with RLS (Row-Level Security) policy expressions and security-barrier views when handling sub-SELECTs in rule actions, which relates to how queries are rewritten or executed under security policies."
786,3995fffd9a2582a8,qwen3:30b-a3b,v2,"Concurrency, locking & crashes",0.95,false,false,"The fix addresses race conditions in conflict detection for SERIALIZABLE isolation mode, specifically preventing missed conflicts during bitmap heap scans, GIN index usage, and empty btree index examinations, which could lead to serializability failures. This is fundamentally about ensuring correct transaction behavior under high concurrency, falling under concurrency and locking issues."
787,7787f057548bb461,qwen3:30b-a3b,v2,Execution & correctness,0.95,false,false,"The fix addresses a bug where a hash join with an inner-side hash key containing Params from an outer nested loop failed to rebuild the hash table when the Params' values changed during rescanning, leading to missing join output rows. This is fundamentally about query execution correctness, specifically the behavior of hash joins and nested loops in the query planner and execution phase."
788,6bbe251b5ad56e94,qwen3:30b-a3b,v2,"Storage, vacuum & TOAST",0.95,false,false,"The fix addresses a crash caused by a cache flush timing issue when updating a composite column that requires out-of-line toasting, which relates to storage management and stability."
789,4db24587a144d023,qwen3:30b-a3b,v2,"Concurrency, locking & crashes",0.95,false,false,"The fix addresses memory leaks specifically in UPDATE queries that involve triggers, which relates to backend stability and resource management during query execution. This is not a security issue or performance improvement but rather a correctness and stability fix."
790,9772d422ae3a6724,qwen3:30b-a3b,v2,"Concurrency, locking & crashes",0.95,true,false,"The fix addresses stack-overflow crashes caused by complex text search patterns, which is a stability issue related to backend execution. Stack overflows are a type of memory safety issue that can lead to crashes or potential security vulnerabilities."
791,da1002c8df706ee9,qwen3:30b-a3b,v2,"Data types, text & collation",0.95,false,false,"The fix increases the maximum token length in configuration files from 256 to 10240 bytes, addressing a limitation in the configuration file parsing logic. This is not a security issue or performance improvement but a configuration parameter adjustment."
792,41224e89a8b3c919,qwen3:30b-a3b,v2,"Concurrency, locking & crashes",0.95,true,false,"The fix addresses a C++ out-of-memory condition in the JIT (Just-In-Time) compiler, where a memory allocation failure was mishandled, causing a FATAL error instead of a proper exception. This is a memory-safety issue related to handling memory allocation failures in C++ code, which falls under security hardening due to potential exploitation of memory management flaws."
793,7a48a4ac333b5a2c,qwen3:30b-a3b,v2,"Concurrency, locking & crashes",0.95,false,false,"The fix addresses a potential issue with shared memory management where free space coalescing might cause shared memory segments to be misplaced, leading to possible inefficiencies or failures in memory allocation. This is fundamentally about backend stability and memory management, not a security vulnerability or performance improvement."
794,48c22038689e9f89,qwen3:30b-a3b,v2,Indexes,0.95,false,false,"The fix addresses a scenario where VACUUM would previously halt due to b-tree index corruption, specifically invalid sibling-page links. Instead of aborting, it now logs the issue and continues, preventing unnecessary VACUUM failures that could exacerbate index problems. This is about index integrity and recovery during maintenance operations, not a security or performance issue."
795,a9eabb5570857f2c,qwen3:30b-a3b,v2,"Concurrency, locking & crashes",0.95,false,false,"The fix addresses a scenario where a lock (WrapLimitsVacuumLock) is not released after VACUUM detects invalid data in system catalogs (pg_database), which could lead to a deadlock. This is fundamentally about ensuring proper lock management during vacuum operations, which falls under backend stability and concurrency issues."
796,67dc3324894f167b,qwen3:30b-a3b,v2,Replication & recovery,0.95,false,false,"The fix addresses a scenario where crash recovery might replay prepared transactions twice, causing a fatal error due to a lock conflict. This is fundamentally about ensuring correct recovery behavior after a crash, which falls under replication and recovery."
797,cca305d9aac228ab,qwen3:30b-a3b,v2,"Storage, vacuum & TOAST",0.95,false,false,"The fix ensures that an empty table is properly fsync'd at the next checkpoint to prevent file loss during OS crashes, addressing a potential data integrity issue related to storage management."
798,bc916c25a8b0193f,qwen3:30b-a3b,v2,"Storage, vacuum & TOAST",0.95,false,false,"The fix ensures that the init fork of an unlogged index is properly WAL-logged during creation, addressing a consistency issue in index recovery after a crash. This is not a security or performance issue but relates to the storage and recovery behavior of indexes."
799,f98bf492cc464156,qwen3:30b-a3b,v2,"Storage, vacuum & TOAST",0.95,false,false,"The fix addresses a missing reinitialization of delay-checkpoint-end flags, which could cause unnecessary checkpoint delays or assertion failures. This is related to the internal management of checkpoint processes, falling under storage and vacuum operations."
800,f7fa31b443596209,qwen3:30b-a3b,v2,"Data types, text & collation",0.95,false,false,"The fix addresses an overly strict assertion in the jsonpath code that caused a failure when using the .type() operator on a like_regex result, but it does not affect the correctness of query results in non-assert builds. This is a correctness issue within the jsonpath implementation, not a security or performance problem."
801,5af1da7fe2e3e793,qwen3:30b-a3b,v2,"Concurrency, locking & crashes",0.95,false,false,"The fix addresses an assertion failure that occurs when processing an empty statement in the extended query protocol within a transaction that has already been aborted. This is a stability issue related to handling edge cases in transaction state, specifically preventing a crash during protocol processing."
802,efa7bc6e608dd465,qwen3:30b-a3b,v2,"Data types, text & collation",0.95,false,false,"The fix addresses the Soundex difference() function in the fuzzystrmatch contrib module, ensuring it handles empty input strings correctly without producing unpredictable results. This is about the behavior of a specific function in a data type or text processing context, not a security issue or performance improvement."
803,d9179827e0a98080,qwen3:30b-a3b,v2,"Data types, text & collation",0.95,false,false,"The fix tightens whitespace checks in the hstore contrib module, specifically addressing cases where non-whitespace characters were incorrectly identified as whitespace and discarded during input processing. This is a correction to the behavior of the hstore data type's input parsing, ensuring proper handling of whitespace characters."
804,d2e8c73bdfb151b0,qwen3:30b-a3b,v2,Indexes,0.95,true,false,"The fix addresses an issue where oversized input arrays were allowed in the 'gist__int_ops' index opclass, leading to invalid index entries that could cause crashes. This is fundamentally about preventing invalid data from being stored in an index, which relates to index correctness and stability."
805,a545db1dd6ec3e29,qwen3:30b-a3b,v2,Indexes,0.95,false,true,"The fix addresses an inefficiency in the GiST index handling within the intarray contrib module, specifically avoiding redundant decompression of index entries. This is a performance optimization related to index processing, not a security issue or a correctness problem in query results."
806,c3f62b6e60aec2e5,qwen3:30b-a3b,v2,Indexes,0.95,false,false,"The fix ensures that the `indisreplident` field in the relation cache is kept up-to-date, addressing a potential staleness issue. This is not a security or performance issue but rather a correctness concern related to the internal state of the relation cache, which falls under the 'Indexes' category as it pertains to index-related metadata."
807,f81f10d92fc92858,qwen3:30b-a3b,v2,Build & platform,0.95,false,false,"The fix addresses deprecation warnings related to OpenSSL 3.0.0 or later during compilation, which is about compatibility with a newer version of the OpenSSL library. This is not a security hardening or performance issue, but rather a build-related adjustment to avoid warnings."
808,bc07635d1c4e2df2,qwen3:30b-a3b,v2,"Numeric, overflow & limits",0.95,true,false,"The fix addresses a security vulnerability where unknown-type arguments in DISTINCT 'any' aggregate functions were mishandled, leading to a potential memory disclosure by interpreting text values as unknown-type (zero-terminated strings). This is a memory-safety issue involving improper handling of data types, which could expose server memory contents."
809,8c319888b34e3b86,qwen3:30b-a3b,v2,"Numeric, overflow & limits",0.95,true,false,"The fix addresses an integer overflow during array dimension calculation, which could lead to memory stomps and potential security vulnerabilities like arbitrary code execution or memory disclosure. This is a security hardening issue due to the memory safety weakness."
810,2cb7813e4e776b5c,qwen3:30b-a3b,v2,"Concurrency, locking & crashes",0.95,true,false,"The fix addresses a security oversight where the pg_signal_backend function could signal background workers and autovacuum processes, which are owned by superusers (indicated by role OID zero). This is a security vulnerability as it allows unintended signaling of processes that should be protected, potentially affecting extensions that rely on proper process ownership checks."
811,3e47733b0e115964,qwen3:30b-a3b,v2,Indexes,0.95,false,false,"The fix addresses a bug in GiST index build where page split tracking was incorrect, leading to potential incorrect query results from index searches. This is fundamentally about index correctness during build operations."
812,66c814261b1a780d,qwen3:30b-a3b,v2,Partitioning & inheritance,0.95,false,false,"The fix addresses a crash related to partition pruning in hash-partitioned tables with multiple partition keys, specifically when an IS NULL condition is applied to one of the partition keys. This is fundamentally about ensuring correct behavior during partition pruning, which falls under partitioning logic."
813,f8e60d0477daa5ce,qwen3:30b-a3b,v2,Indexes,0.95,false,false,"The fix addresses a specific edge case in the btree index scan processing for ScalarArrayOpExpr clauses, where the scan might miss rows due to incorrect setup steps during mark/restore operations. This is a correctness issue in index access, not a security or performance problem."
814,e373dfb98eb4a25f,qwen3:30b-a3b,v2,Execution & correctness,0.95,false,false,"The fix addresses a memory leak that occurs when a set-returning function returns zero rows repeatedly during a query. This is a stability issue related to memory management during query execution, not a security vulnerability or performance improvement."
815,80b17a8d6d8743dc,qwen3:30b-a3b,v2,"Concurrency, locking & crashes",0.95,false,false,"The fix addresses a crash that occurs when applying cursor_to_xmlschema() to a non-data-returning Portal, which relates to backend stability and error handling during query execution. This is not a security issue or performance improvement, but rather a stability fix within the execution phase."
816,d91d98f987649007,qwen3:30b-a3b,v2,Partitioning & inheritance,0.95,false,false,"The fix addresses an error condition when applying pgrowlocks() to a partitioned table, which previously resulted in an incorrect error message. This is about ensuring the correct error is raised for unsupported operations on partitioned tables, falling under the category of ""Partitioning & inheritance"" as it relates to partitioned table behavior and constraints."
817,835672d5ef8bf5df,qwen3:30b-a3b,v2,Indexes,0.95,false,false,"The fix addresses how SQL functions handle invalid indexes by reporting errors or doing nothing with debug messages instead of failing unpredictably. This is about ensuring correct behavior of functions related to index management, specifically preventing unexpected failures when dealing with invalid index states."
818,14ded2910f8aec1c,qwen3:30b-a3b,v2,"Numeric, overflow & limits",0.95,true,false,"The fix addresses a memory allocation issue in the `to_tsvector()` function when handling long inputs, which could lead to premature failure. This is a memory safety concern related to handling large inputs, not a numeric overflow or arithmetic error."
819,e721ae449bc1d5d5,qwen3:30b-a3b,v2,"Storage, vacuum & TOAST",0.95,false,false,"The fix addresses an over-allocation issue in the tsvector data type's binary receive function, specifically related to wasted space when position data is included, which could lead to disk space inefficiencies and potential failures due to exceeding length limits. This is not a security vulnerability but a storage efficiency issue."
820,6539e28f6e2e39aa,qwen3:30b-a3b,v2,Indexes,0.95,false,false,"The fix addresses a coding error in the GiST index split function for tsvector columns, which could cause suboptimal page-split decisions. This is fundamentally about index behavior and correctness, not security or performance."
821,ad8814f4edc178ea,qwen3:30b-a3b,v2,Execution & correctness,0.95,false,false,"The fix addresses an issue with the behavior of COMMIT AND CHAIN and ROLLBACK AND CHAIN commands when an unreleased savepoint exists, ensuring that the current transaction's properties are correctly propagated to the new transaction rather than previous ones. This relates to transaction management and semantics during execution."
822,cf49ef4f87516859,qwen3:30b-a3b,v2,"Concurrency, locking & crashes",0.95,false,false,"The fix addresses a crash that occurs when EXPLAIN is used with a parameter that has a NULL boot-time value, which is not a standard built-in parameter but could be defined by an extension. This is a stability issue related to backend behavior during query execution, specifically in the context of EXPLAIN output handling."
823,f093f6a1db4ee473,qwen3:30b-a3b,v2,Execution & correctness,0.95,false,false,"The fix ensures that a snapshot is maintained when dropping temporary tables with ON COMMIT DROP, preventing potential issues with catalog entries that require toasting (e.g., complex CHECK conditions). This addresses a correctness issue related to temporary table management and catalog handling, not a security vulnerability or performance improvement."
824,006a4368d7002458,qwen3:30b-a3b,v2,"Concurrency, locking & crashes",0.95,false,false,"The fix addresses a race condition in child processes forked by system() before exec, where signals intended for the parent could cause duplicate cleanup actions. This is a concurrency issue involving process signals and stability, not a security vulnerability or performance improvement."
825,84a57f73d2cdb22d,qwen3:30b-a3b,v2,"Storage, vacuum & TOAST",0.95,false,false,"The fix addresses a scenario where frontend programs might encounter invalid pg_control data due to non-atomic file reads during concurrent server writes, specifically handling CRC errors by retrying reads. This is about ensuring data consistency during file access, not a security vulnerability or performance issue."
826,ded6efd96f1d03ca,qwen3:30b-a3b,v2,"Concurrency, locking & crashes",0.95,false,false,"The fix addresses a potential inconsistency in reading the pg_control file by ensuring proper locking, which prevents torn reads and ensures a consistent view of the file during SQL function execution. This is fundamentally about backend stability and consistency, not a security vulnerability or performance issue."
827,049ee2a175b7b3dc,qwen3:30b-a3b,v2,"Numeric, overflow & limits",0.95,false,false,"The fix addresses an integer overflow issue in the calculation of the size for a backend activity string array, specifically when multiplying track_activity_query_size by the number of connections on 64-bit systems. This is a numeric overflow problem related to integer arithmetic, not a security vulnerability or performance issue."
828,fd000ee64889b21a,qwen3:30b-a3b,v2,Execution & correctness,0.95,false,false,"The fix addresses a caching issue in PL/pgSQL where CALL statements were not being re-planned after DDL changes to functions they depend on, causing incorrect behavior or errors. This is fundamentally about ensuring correct execution of queries involving cached PL/pgSQL calls after schema changes."
829,c39b19328a3282c9,qwen3:30b-a3b,v2,Execution & correctness,0.95,false,false,"The fix addresses a bug where the nesting depth of RECORD-type Vars from outer query levels was not tracked correctly, which could cause assertion failures, core dumps, or incorrect varno errors. This is fundamentally about backend stability and correctness during query execution, specifically related to variable handling in the query planner or executor."
830,49e9d0a65ba78970,qwen3:30b-a3b,v2,"Data types, text & collation",0.95,false,false,"The fix addresses an issue where a view containing references to fields of composite constants would fail during deparsing due to a missing registration of the record type. This relates to the correct handling of composite types in view definitions, which falls under data type semantics and behavior."
831,6d796d9be9ab7fcf,qwen3:30b-a3b,v2,"Data types, text & collation",0.95,false,false,"The fix allows extracting fields from a RECORD-type ROW() expression, which relates to how data types and their semantics are handled in SQL expressions, specifically enabling field extraction from a RECORD type. This is about data type behavior and not about performance, security, or other categories."
832,af88564a99106726,qwen3:30b-a3b,v2,"Concurrency, locking & crashes",0.95,true,false,"The fix addresses an out-of-memory error that could cause inconsistent state leading to an infinite loop in RECORD type cache management. This is a memory safety issue where improper error handling leads to a crash condition, not a numeric overflow or performance issue."
833,55104c4b25e2658b,qwen3:30b-a3b,v2,Replication & recovery,0.95,false,false,"The fix addresses an assertion failure that occurs when logical decoding is retried within the same session after an error, which relates to backend stability and error handling during replication operations."
834,3174d7399ee22886,qwen3:30b-a3b,v2,"Storage, vacuum & TOAST",0.95,false,false,"The fix addresses a scenario where out-of-memory failures during WAL reading were incorrectly handled as bogus data, causing inconsistent WAL replay. This is a stability issue related to memory management during critical recovery operations."
835,d1cad5454e798f42,qwen3:30b-a3b,v2,Replication & recovery,0.95,true,false,"The fix addresses a potential recovery failure caused by attempting to allocate memory using an invalid WAL record length field, which could lead to memory corruption or crashes during recovery processes."
836,e1b7892eb24c5ab3,qwen3:30b-a3b,v2,Replication & recovery,0.95,false,false,"The fix ensures that during WAL recovery in standby mode, an error is reported when an invalid page header is detected, which is a critical aspect of data integrity and recovery processes."
837,211303b0072a47ea,qwen3:30b-a3b,v2,Planner & optimizer,0.95,false,false,"The fix addresses a specific issue with plan cache revalidation for utility statements that don't require snapshot setting, preventing unnecessary cache invalidation and potential failures. This is fundamentally about query planning and optimization, specifically the handling of plan cache revalidation during parse analysis."
838,65be578a1da4f14e,qwen3:30b-a3b,v2,"Concurrency, locking & crashes",0.95,true,false,"The fix addresses a potential issue with dangling pointers when a tuple slot outlives the tuple descriptor, which relates to memory management and pointer validity during tuple handling. This is a memory safety issue that could lead to crashes or undefined behavior."
839,853bbfff6de9a5f0,qwen3:30b-a3b,v2,"Data types, text & collation",0.95,false,false,"The fix addresses the behavior of the search_path parameter after a role rename, ensuring that the special string $user is correctly re-evaluated. This relates to how role-related settings are handled during execution, specifically affecting the interpretation of the search_path in the context of role changes."
840,71b4325dcccca99d,qwen3:30b-a3b,v2,Replication & recovery,0.95,true,false,"The fix addresses a crash safety issue in GenericXLogFinish where WAL was written before marking buffers dirty, which could lead to data corruption or crashes. This is a fundamental issue in the replication and recovery component related to WAL handling."
841,7bbc945a900138b3,qwen3:30b-a3b,v2,Planner & optimizer,0.95,false,false,"The fix addresses an incorrect assertion in PL/Python exception handling, which relates to the behavior of the PL/Python procedural language when handling exceptions. This is not a security issue or performance improvement but rather a correctness issue within the procedural language extension."
842,4c569271cf3492c7,qwen3:30b-a3b,v2,Client tools,0.95,false,false,"The fix addresses an issue in pg_restore where column-level ACLs were not being restored for selected tables when both table-level and column-level ACLs existed. This is about ensuring correct ACL restoration behavior, which falls under client tools as pg_restore is a client-side utility."
843,3e40cb7661f41378,qwen3:30b-a3b,v2,"Data types, text & collation",0.95,false,false,"The fix checks for obsolete data types (abstime, reltime, tinterval) that were removed in PostgreSQL 12, ensuring they aren't present in older databases before upgrade. This is about data type handling and compatibility, not security or performance."
844,5420bfdcf223ceb7,qwen3:30b-a3b,v2,Client tools,0.95,false,false,"The fix addresses an issue where pg_basebackup was generating invalid temporary slot names when connecting through pgbouncer, which is a connection pooler. This is a problem with the client tool's behavior under specific connection scenarios, not a security vulnerability or performance issue."
845,8c83fcb2888214b1,qwen3:30b-a3b,v2,Client tools,0.95,false,false,"The fix addresses a false error message about too many client connections when using pgbench on Windows, which is related to client connection handling rather than a security or performance issue."
846,4624d8cfb54250fd,qwen3:30b-a3b,v2,Extensions & contrib,0.95,false,false,"The fix addresses a false-positive corruption report in the amcheck contrib module when it encounters an incomplete index page deletion during a btree index operation, specifically preventing incorrect error messages about index structure inconsistencies that occur before VACUUM completes cleanup."
847,3b7470fda94ef508,qwen3:30b-a3b,v2,Indexes,0.95,false,false,"The fix addresses an issue with btree_gin indexes on interval columns, specifically when using index scans with < or <= operators. This relates to the correct behavior of index access methods, which falls under the 'Indexes' category."
848,20813cb9e8d664f6,qwen3:30b-a3b,v2,Build & platform,0.95,false,false,"The fix adds support for LLVM 16 and 17, which relates to the build system and compiler compatibility. This is about enabling the PostgreSQL build process to work with newer versions of the LLVM compiler infrastructure, not about query execution, security, or performance."
849,c952311ca8c13dcb,qwen3:30b-a3b,v2,Build & platform,0.95,false,false,"The fix addresses build-time warnings related to linker behavior changes in Xcode 15 on macOS, specifically avoiding duplicate library citations and removing an obsolete linker switch. This is a build system issue, not related to security, performance, or any functional aspect of PostgreSQL."
850,27b185e0dd4de8f1,qwen3:30b-a3b,v2,"Data types, text & collation",0.95,false,false,"The fix removes a non-standard timezone abbreviation (PHOT) from the default list due to its absence in recent Debian and Ubuntu timezone databases, which is a data-type and timezone handling issue related to timezone abbreviations and their mappings."
851,8df07b0374a43201,qwen3:30b-a3b,v2,"Numeric, overflow & limits",0.95,true,false,"The fix addresses a security vulnerability where a materialized view owner could exploit a concurrent refresh operation to execute code with elevated privileges, specifically by persuading a high-privileged user to run the command. This is fundamentally about closing a security weakness related to privilege escalation."
852,78589fa84e09a9f5,qwen3:30b-a3b,v2,"Storage, vacuum & TOAST",0.85,false,true,"The fix addresses a memory leak specifically related to JIT inlining, which is a performance-related issue but also has security implications as memory leaks can lead to resource exhaustion and potential denial-of-service attacks. However, the primary focus is on resolving the memory leak to prevent out-of-memory conditions, which is a stability issue rather than a security vulnerability."
853,96d8405d7b1b5683,qwen3:30b-a3b,v2,"Concurrency, locking & crashes",0.95,false,true,"The fix addresses a performance issue in LWLock dequeueing by optimizing the process to avoid searching a long list of waiting processes, reducing complexity from O(N^2) to a more efficient operation. This is a performance improvement, not a security or memory safety issue."
854,6da3df2e08c5e3b2,qwen3:30b-a3b,v2,Planner & optimizer,0.95,false,false,"The fix addresses incorrect query plans generated for partitioned joins, specifically when lateral references are involved, which could lead to wrong results or crashes. This falls under query planning and optimization, not execution or crashes directly."
855,e6cad0f8640b88d8,qwen3:30b-a3b,v2,Execution & correctness,0.95,false,false,"The fix addresses a bug where subquery output expressions were incorrectly wrapped in PlaceHolderVars, leading to wrong query results when a subquery is under an outer join and references outside the join's scope. This affects the correctness of query execution, specifically the handling of subqueries and outer joins."
856,cc90c20fa6a504a1,qwen3:30b-a3b,v2,"Concurrency, locking & crashes",0.95,true,false,"The fix addresses a memory allocation issue in parallel hash join where the requested shared-memory size exceeded valid limits, leading to allocation errors. This is a memory-safety concern related to buffer overruns or invalid memory requests, not a numeric overflow or arithmetic error."
857,bd4baa07095292fe,qwen3:30b-a3b,v2,Execution & correctness,0.95,false,false,"The fix addresses assertion failures in heap_update() and heap_delete() related to foreign-key enforcement triggers failing a visibility crosscheck, which is a correctness issue in query execution rather than a security or performance problem."
858,f9d880a50d0ff6a5,qwen3:30b-a3b,v2,Partitioning & inheritance,0.95,false,false,"The fix addresses an issue where adding a column to a table in a complex inheritance hierarchy caused a failure due to a conflict in how the column inheritance was being processed across multiple parent tables. This is fundamentally about the behavior of inheritance structures during schema modifications, specifically related to how columns are propagated through the inheritance tree."
859,39bc60b769a2c93f,qwen3:30b-a3b,v2,"Data types, text & collation",0.95,false,false,"The fix addresses an issue where duplicate token names were causing problems in the ALTER TEXT SEARCH CONFIGURATION ... MAPPING commands, which relates to the handling of text search configuration mappings. This is fundamentally about the correct behavior of text search configuration commands, which falls under the category of data types, text & collation."
860,4e385c2c06dd9129,qwen3:30b-a3b,v2,"Concurrency, locking & crashes",0.95,false,false,"The fix addresses a concurrency issue where dropping statistics without proper locking could cause tuple deletion errors during concurrent ANALYZE operations. This is fundamentally about ensuring correct behavior under concurrent access, which falls under 'Concurrency, locking & crashes' as it involves locking mechanisms to prevent data corruption."
861,7201de78e39d6aa2,qwen3:30b-a3b,v2,Execution & correctness,0.95,false,false,"The fix addresses a flaw in how volatility of functions is checked for GENERATED and DEFAULT expressions, which could cause incorrect handling of these expressions in ALTER TABLE operations. This is about ensuring correct SQL semantics during execution, not about performance or security."
862,4e98f30d47b395d4,qwen3:30b-a3b,v2,"Concurrency, locking & crashes",0.95,false,false,"The fix addresses a race condition where a catalog cache entry could become stale during detoasting of fields, leading to persistent incorrect cache entries. This is fundamentally about ensuring cache correctness and stability, which falls under 'Concurrency, locking & crashes' due to the race condition and potential for incorrect behavior."
863,ce05abdf6c68ce2e,qwen3:30b-a3b,v2,"Numeric, overflow & limits",0.95,false,false,"The fix addresses an integer overflow scenario where a specific computation (0 - INT64_MIN) should trigger an overflow error but failed to do so on certain platforms due to missing overflow detection mechanisms. This is a numeric overflow issue within arithmetic operations, not a security vulnerability or performance improvement."
864,04a1c3bd79e1085d,qwen3:30b-a3b,v2,"Numeric, overflow & limits",0.95,false,false,"The fix addresses a scenario where adding or subtracting an interval to/from a timestamp could produce an incorrect result due to a Julian-date overflow, which should instead trigger an out-of-range error. This is fundamentally about numeric overflow in timestamp arithmetic, not a security vulnerability or performance issue."
865,e938fddd4e18c3ad,qwen3:30b-a3b,v2,"Numeric, overflow & limits",0.95,false,false,"The fix addresses incorrect results due to missing overflow checks in interval arithmetic operations, specifically in interval_mul() and interval_div(), which should have raised out-of-range errors but instead produced incorrect results. This is fundamentally about numeric overflow handling in arithmetic operations, not a security vulnerability or performance issue."
866,3076e325b3516d3b,qwen3:30b-a3b,v2,"Data types, text & collation",0.95,false,false,"The fix addresses a view (pg_file_settings) that wasn't correctly checking the validity of unapplied configuration settings for certain contexts (backend or superuser-backend), leading to invalid values not being flagged as intended. This is about ensuring correct behavior of a system view related to configuration settings, which falls under data type or configuration handling rather than security or performance."
867,8b8fe18cc8206786,qwen3:30b-a3b,v2,"Data types, text & collation",0.95,false,false,"The fix addresses a mismatch in collation between an existing index and a new partitioned index, which could lead to incorrect behavior in partitioned table operations. This is fundamentally about ensuring correct collation matching for indexes in partitioned tables, falling under data type and collation handling."
868,820e96f8e6bba1c2,qwen3:30b-a3b,v2,Indexes,0.95,false,false,"The fix addresses a concurrency issue in GIN index cleanup where insufficient locking (shared instead of exclusive) could cause index corruption under concurrent operations. This is fundamentally about index correctness and stability under concurrent access, not a security vulnerability or performance issue."
869,ee1bc4ee7f5dc4b1,qwen3:30b-a3b,v2,Indexes,0.95,false,false,"The fix addresses a concurrency issue in GIN index insertion where a buffer pin is released prematurely during a root page split, leading to a failure. This is a correctness issue in index operations, specifically related to buffer management during concurrent modifications."
870,60596938d39efdab,qwen3:30b-a3b,v2,Indexes,0.95,false,false,"The fix addresses an issue where using a partitioned SP-GiST index could cause a 'No such file or directory' error, which relates to the correct handling of index operations on partitioned tables. This is fundamentally about index behavior in the context of partitioning, not a security or performance issue."
871,442821f1d067fc54,qwen3:30b-a3b,v2,Execution & correctness,0.95,false,false,"The fix addresses an issue where a no-op ALTER LARGE OBJECT OWNER command incorrectly reported ownership changes by passing the wrong class ID to the PostAlterHook, which could confuse extensions relying on this hook. This is about the correctness of the command's behavior and its interaction with extensions, not about performance, security, or other categories."
872,e5c6c4aa4fb6e2e0,qwen3:30b-a3b,v2,Partitioning & inheritance,0.95,false,false,"The fix addresses a bug where standby servers incorrectly processed dead index tuples during subtransactions due to a mismanagement of the startedInRecovery flag. This affects the correctness of index operations in a replication context, specifically related to how index entries are marked as dead or not dead between primary and standby servers."
873,adf0d77fb8163db2,qwen3:30b-a3b,v2,"Concurrency, locking & crashes",0.95,false,false,"The fix addresses a deadlock scenario involving logical replication workers and a session process altering a subscription, which is fundamentally about concurrency and locking issues within replication."
874,6430a284409f94b7,qwen3:30b-a3b,v2,Client interfaces,0.95,false,false,"The fix addresses a scenario where a client disconnects without responding to a password challenge, ensuring the correct status code is returned instead of treating it as a loggable error. This is about proper handling of client authentication and connection states, which falls under client interface behavior."
875,8c9de1072cc49b37,qwen3:30b-a3b,v2,Client interfaces,0.95,true,false,"The fix addresses a compatibility issue with OpenSSL 3.2 by changing how private storage is handled, specifically using the BIO app_data field instead of the data field to prevent crashes and double-free errors. This is a memory safety issue related to OpenSSL integration, not a performance improvement or a bug in query execution or data handling."
876,926573f351f165a1,qwen3:30b-a3b,v2,Client interfaces,0.95,false,false,"The fix addresses a specific issue where OpenSSL does not set errno on error, leading to incorrect error reporting (e.g., 'could not accept SSL connection: Success'). This is about handling error conditions in SSL connections, which relates to client interface or protocol handling, specifically in the context of SSL error reporting. The fix is not about security hardening (as it's not closing a vulnerability) or performance, but about correct error handling in the client interface layer."
877,f281ce621bd22258,qwen3:30b-a3b,v2,Client interfaces,0.95,false,false,"The fix addresses reporting memory allocation errors from file-related system calls as a specific error code (ENOMEM) instead of an internal error, which is about correct error handling and not a security or performance issue."
878,042cd1d1cc35e46a,qwen3:30b-a3b,v2,"Concurrency, locking & crashes",0.95,false,false,"The fix addresses a race condition during OpenSSL initialization in libpq, which is a client interface component. Race conditions fall under concurrency issues, not security hardening, as it's about stability rather than a vulnerability."
879,a92769fd42a45f77,qwen3:30b-a3b,v2,Client interfaces,0.95,false,false,"The fix addresses a timing-dependent issue in GSSAPI data transmission during non-blocking mode, specifically related to libpq's handling of GSSAPI encryption. This is a client-side protocol and connection handling issue, not a security vulnerability or performance improvement."
880,798980141a63f0d1,qwen3:30b-a3b,v2,Client tools,0.95,false,false,"The fix addresses an issue in pg_dump where it incorrectly included RLS policies and security labels for extension member objects in the dump, which should be internal to the extension and not dumped. This is about ensuring correct behavior of the client tool pg_dump regarding what data it includes in the dump, specifically related to security labels and RLS policies."
881,b7938145c94af1b4,qwen3:30b-a3b,v2,Client tools,0.95,false,false,"The fix addresses a specific behavior in pg_dump where extended statistics objects are no longer dumped if their associated table isn't being dumped, aligning with how other dependent objects like indexes are handled. This is about ensuring correct dependency handling during database dumps, not about security, performance, or other categories."
882,3935e11d9866576b,qwen3:30b-a3b,v2,"Concurrency, locking & crashes",0.95,true,false,"The fix addresses a crash occurring when inserting an array containing INT_MAX into a GIST index on an intarray, which is a memory safety issue related to handling large integer values in the index implementation."
883,fc8c42d875651aef,qwen3:30b-a3b,v2,Indexes,0.95,false,false,"The fix addresses an error message for a specific function in the pageinspect contrib module when used on a partitioned hash index, which is a data structure handling. This is about improving error reporting for a function that interacts with index structures, specifically within the context of partitioned indexes."
884,d41f7d32686bbb20,qwen3:30b-a3b,v2,Build & platform,0.95,false,false,"The fix addresses an error message for a specific function in the pgstattuple contrib module when used with a partitioned hash index, which is a data type and functionality issue within a contrib extension."
885,598b3b9e1753c379,qwen3:30b-a3b,v2,Client tools,0.95,false,false,"The fix addresses a Windows-specific behavior where launching subprocesses via cmd.exe would execute autorun commands from the registry, which could cause unexpected side effects. This is about preventing unintended execution of registry-based autorun commands during subprocess launches in pg_ctl and pg_regress."
886,9f4bc61eeb0ad9e6,qwen3:30b-a3b,v2,Build & platform,0.95,false,false,"The fix addresses compilation issues with a newer version of libxml2, which is a library used by PostgreSQL. This is related to the build process and compatibility with external dependencies, not to query execution, security, or performance."
887,cf3ed4e3031635c0,qwen3:30b-a3b,v2,Build & platform,0.95,false,false,"The fix addresses compiler warnings related to Python header files, which is a build-time issue not affecting runtime behavior or security. It involves adjusting compiler options to suppress warnings, which falls under build system concerns."
888,ee44698d5e29c006,qwen3:30b-a3b,v2,Build & platform,0.95,false,false,"The fix addresses a deprecation warning during compilation with LLVM 18, which relates to build system compatibility and compiler toolchain support, not to query execution, security, or performance."
889,b1aad7eacfea9480,qwen3:30b-a3b,v2,"Data types, text & collation",0.95,false,false,"The fix addresses an issue where inserting multiple rows into a domain-over-array or domain-over-composite type column caused incorrect type handling or unexpected coercions, leading to potential wrong results or errors. This is fundamentally about ensuring correct data type behavior during insertion, which falls under data type semantics."
890,d80a4f9e3bbf3b16,qwen3:30b-a3b,v2,Partitioning & inheritance,0.95,false,false,"The fix addresses a logical error in partition pruning logic when dealing with NULL values in a boolean column, specifically when a query uses a boolean IS NOT clause. This affects the correctness of query results by incorrectly pruning partitions that should be included due to NULL handling in boolean comparisons."
891,2c6027d3d4eede80,qwen3:30b-a3b,v2,Execution & correctness,0.95,false,false,"The fix addresses a missing behavior in ALTER FOREIGN TABLE SET SCHEMA where sequences owned by the foreign table were not being moved to the new schema, which is consistent with the behavior for regular tables. This is about ensuring correct ownership and schema management for foreign tables, falling under the category of execution and correctness related to schema operations."
892,decc9ff738b59892,qwen3:30b-a3b,v2,Planner & optimizer,0.95,false,false,"The fix addresses how EXPLAIN counts heap pages accessed during a bitmap heap scan, specifically ensuring that all pages returned by the bitmap index scan are counted, including those with no visible tuples. This is about the accuracy of query planning and execution metrics, not a security issue or performance improvement."
893,3a4c2b90f2d4dba2,qwen3:30b-a3b,v2,"Concurrency, locking & crashes",0.95,false,false,"The fix addresses a deadlock scenario that occurs during the cleanup of orphaned temporary tables, specifically when two sessions attempt to remove the same temporary table with dependencies (like owned sequences) simultaneously. This is fundamentally about backend stability and concurrency issues, not about query results, indexes, or other categories."
894,14ec7081958f5d43,qwen3:30b-a3b,v2,"Concurrency, locking & crashes",0.95,false,false,"The fix addresses a race condition during VACUUM's processing of frozen-XID values, which could lead to incorrect or inconsistent state due to concurrent updates. This is fundamentally about backend stability and concurrency, not about query results, performance, or security."
895,52eff55297caf53d,qwen3:30b-a3b,v2,"Concurrency, locking & crashes",0.95,false,false,"The fix prevents converting a table to a view within an outer SQL command that uses the table, which avoids potential crashes. This relates to backend stability and crashes, not to query results or performance."
896,a2c440816d6218f1,qwen3:30b-a3b,v2,Planner & optimizer,0.95,false,false,"The fix addresses a bug where join conditions derived from equivalence classes were being applied at an incorrect plan level, specifically below outer joins instead of above them, which could lead to incorrect query results. This is fundamentally about query planning and optimization, as it involves the planner's handling of join conditions and equivalence classes."
897,b6cbd5455b9acdcb,qwen3:30b-a3b,v2,Planner & optimizer,0.95,false,true,"The fix addresses an optimization in the window function processing where the moving-aggregate mode is unnecessarily used for a non-moving window frame, which is a performance improvement in query execution."
898,3ff7adf20a03252c,qwen3:30b-a3b,v2,Execution & correctness,0.95,false,false,"The fix addresses a bug where already-freed data is used during planning of partition-wise joins under GEQO, which would cause crashes. This is a stability issue related to memory management during query planning, not a security vulnerability or performance improvement."
899,8f73366193fd6763,qwen3:30b-a3b,v2,Planner & optimizer,0.95,false,false,"The fix addresses an error message that incorrectly reports the statistics kind code when a requested statistics kind is not yet built, which relates to the accuracy of error messages during query planning or statistics handling."
900,357279f809b4cb9b,qwen3:30b-a3b,v2,Execution & correctness,0.95,false,false,"The fix addresses a scenario where RECORD-returning functions in FROM clauses were not properly validated against the expected column definitions specified by an AS clause, leading to potential runtime errors or assertion failures due to premature examination of the function's output. This is fundamentally about ensuring correct query execution semantics when handling function outputs in FROM clauses, which falls under execution correctness."
901,8f5730c4bef40778,qwen3:30b-a3b,v2,Execution & correctness,0.95,false,false,"The fix addresses an issue where SQL-language procedures returning a single composite-type column caused assertion failures or core dumps, which relates to the execution behavior of such procedures. This is fundamentally about incorrect behavior during execution, not a security or performance issue."
902,a471b74e59e51968,qwen3:30b-a3b,v2,"Concurrency, locking & crashes",0.95,true,false,"The fix adds stack depth checks to recursive functions to prevent potential stack overflow, which is a memory-safety issue related to buffer overruns or out-of-bounds access in the call stack."
903,91f507698315d30f,qwen3:30b-a3b,v2,"Numeric, overflow & limits",0.95,false,false,"The fix addresses integer overflow when performing arithmetic operations on timestamps, specifically when adding or subtracting intervals. This is a numeric overflow issue within the timestamp arithmetic logic, not a security vulnerability or performance improvement."
904,2461ab9aa5fbfec5,qwen3:30b-a3b,v2,"Concurrency, locking & crashes",0.95,false,false,"The fix addresses a race condition in pg_get_expr() where the function fails to return NULL when a referenced relation is dropped concurrently, which could lead to incorrect behavior or crashes. This is fundamentally about backend stability and concurrency issues, not a security vulnerability or performance improvement."
905,3b4e6aa40665d6a7,qwen3:30b-a3b,v2,"Numeric, overflow & limits",0.95,false,false,"The fix addresses a bug where transaction IDs older than 2^31 transactions could be incorrectly identified as recent, affecting functions like pg_xact_status() and txid_status(). This is a correctness issue related to transaction ID handling, not a security vulnerability or performance improvement."
906,1751ea14dfa3bc28,qwen3:30b-a3b,v2,"Concurrency, locking & crashes",0.95,false,false,"The fix addresses a file descriptor leakage issue that occurs when an error is thrown during a wait operation in WaitEventSetWait, which relates to resource management and stability during error handling in the backend."
907,2bac9f82402e24fc,qwen3:30b-a3b,v2,Indexes,0.95,false,false,"The fix addresses a scenario where accessing an index during reindexing could lead to an assertion failure, now promoting it to a runtime error for a clearer message. This is about preventing incorrect behavior during index operations, specifically related to index access during reindexing."
908,71d5b832a14f492a,qwen3:30b-a3b,v2,Indexes,0.95,true,false,"The fix addresses an issue where index-only scans on name columns were returning a truncated value from the index, which could potentially cause crashes or valgrind complaints. This is fundamentally about the correctness of index access methods, specifically how index-only scans handle name column values."
909,6fe00674f7de3d89,qwen3:30b-a3b,v2,"Concurrency, locking & crashes",0.95,true,false,"The fix addresses a crash related to DSM (Dynamic Shared Memory) allocations exceeding 4GB, which is a memory management issue. This is not a numeric overflow but a memory allocation boundary problem that could lead to security vulnerabilities."
910,82a04733b1d8ed18,qwen3:30b-a3b,v2,Client interfaces,0.95,false,false,"The fix addresses a connection issue where the server fails to set a client socket to non-blocking mode, which is a prerequisite for proper operation. This is a stability and correctness issue related to client connection handling, not a security vulnerability or performance improvement."
911,611f39e2f9ba68ef,qwen3:30b-a3b,v2,"Data types, text & collation",0.95,false,false,"The fix addresses the issue of OpenSSL 3.0.0+ error codes being reported as numeric codes instead of readable messages, which is a problem with client-side error handling and user experience, not a security or performance issue."
912,b32789d4d4582a5e,qwen3:30b-a3b,v2,Client interfaces,0.95,false,false,"The fix addresses a potential issue with concurrent calls to bindtextdomain() in libpq and ecpglib, specifically noting that the Windows version of GNU gettext is not thread-safe for this function. This is a concurrency issue related to client interfaces and libraries, not a security vulnerability or performance improvement."
913,1499d582d970d744,qwen3:30b-a3b,v2,"Concurrency, locking & crashes",0.95,false,false,"The fix addresses a crash occurring in the ecpg preprocessor when redefining a macro defined via the command line, which relates to backend stability and crash handling in a specific component (ecpg preprocessor)."
914,958ca5da5b540b96,qwen3:30b-a3b,v2,Client tools,0.95,false,false,"The fix addresses a false warning in ecpg (Embedded SQL for C) about unsupported features being passed to the server, which is a client-side tool issue."
915,819ac6db5be0efdf,qwen3:30b-a3b,v2,Client interfaces,0.95,false,false,"The fix ensures that the string result of the ecpg 'intoasc()' function is correctly zero-terminated, which is a correctness issue related to string handling in the client interface library."
916,08bee9fc010e0bb4,qwen3:30b-a3b,v2,Client tools,0.95,false,false,"The fix addresses an issue in pg_dumpall where role comments were not being dumped when --no-role-passwords was used, ensuring comments are included regardless of password-related settings."
917,db400c00d96dafbe,qwen3:30b-a3b,v2,"Data types, text & collation",0.95,false,false,"The fix addresses a parsing issue in PL/pgSQL related to single-line comments following expressions, specifically in a CASE statement. This is a syntax or parser error in the PL/pgSQL language, not a security or performance issue."
918,8069f60e28b863ae,qwen3:30b-a3b,v2,Indexes,0.95,false,false,"The fix addresses a false positive in the amcheck contrib module where differences in header types (short vs long) for variable-length datums were incorrectly flagged as errors, which is a correctness issue in the module's validation logic."
919,a33af32c74da35e7,qwen3:30b-a3b,v2,Extensions & contrib,0.95,false,false,"The fix addresses an issue in the postgres_fdw extension where unnecessary sorting by a constant was being generated, which could cause errors on the remote server due to misinterpretation of the ORDER BY clause. This is fundamentally about improving the correctness of query execution in the context of foreign data wrappers."
920,4068026e56d55c33,qwen3:30b-a3b,v2,"Data types, text & collation",0.95,false,false,"The fix adjusts the time zone setting for the remote session in postgres_fdw from UTC to GMT, addressing a potential failure scenario where the remote server's timezone database might be missing entries. This is a correctness issue related to time zone handling in the client interface."
921,3fbd2b91cb3d1b9d,qwen3:30b-a3b,v2,Extensions & contrib,0.95,false,false,"The fix addresses the use of deprecated library functions in the contrib/xml2 module, which is related to the handling of XML data types and their processing within PostgreSQL. This is not a security issue or performance improvement but rather a maintenance update to keep the code compatible with newer versions of the libxml2 library."
922,5fe600bbc614a37d,qwen3:30b-a3b,v2,Build & platform,0.95,false,false,"The fix addresses an incompatibility with LLVM 18, which relates to the build system or platform compatibility, specifically involving the compiler or toolchain used to build PostgreSQL."
923,64a34a534fce92eb,qwen3:30b-a3b,v2,Build & platform,0.95,false,false,"The fix allows 'make check' to work with the musl C library, which is a build-time compatibility adjustment for the build system to support a different C library implementation."
924,d2fb5e7a3222175d,qwen3:30b-a3b,v2,Client tools,0.95,true,false,"The fix addresses a security vulnerability where an attacker could inject SQL code via maliciously created objects, leading to unauthorized code execution during pg_dump. This is fundamentally about closing a security weakness related to access control and privilege escalation."
925,8c13d108b069321e,qwen3:30b-a3b,v2,Partitioning & inheritance,0.95,false,false,"The fix addresses an issue where attaching a table as a partition fails if the table previously had inheritance children. This relates to the behavior of partitioned tables and their interaction with inheritance, which falls under partitioning logic."
926,4fa79e24a2aaff0a,qwen3:30b-a3b,v2,Partitioning & inheritance,0.95,false,false,"The fix addresses an issue with the detachment of a partitioned table when indexes and constraints are inconsistently associated between the partitioned table and its partitions, specifically correcting the coninhcount value for constraints on the detached partition. This relates to the behavior of partitioned tables and their constraints, which falls under the partitioning category."
927,aa8a6c8a4b3cb3ff,qwen3:30b-a3b,v2,Execution & correctness,0.95,false,false,"The fix addresses an issue with polymorphic output arguments in procedures, specifically resolving data types for the SQL CALL statement to prevent errors and crashes. This is fundamentally about correct execution semantics of SQL statements, not about performance or security."
928,0ddf72a0382e2773,qwen3:30b-a3b,v2,Execution & correctness,0.95,false,false,"The fix addresses an issue where stable functions called within a CALL statement's argument list were receiving an incorrect snapshot when executed inside an atomic context, leading to stale data visibility. This pertains to the execution semantics of functions within transaction contexts, specifically affecting how snapshots are handled during function calls in a transactional environment."
929,c4ec813bcabdc740,qwen3:30b-a3b,v2,"Numeric, overflow & limits",0.95,false,false,"The fix addresses integer overflow in money type calculations, which is a numeric error related to arithmetic operations. It is not a security issue but a correctness problem in numeric handling."
930,faf0c5dd0b052bd2,qwen3:30b-a3b,v2,"Numeric, overflow & limits",0.95,false,false,"The fix addresses an issue where the scale argument in numeric functions like round() and trunc() was incorrectly clamped to a limited range, causing wrong results for valid larger scale values. This is a numeric precision and arithmetic handling issue, not a security or performance problem."
931,41341611e44f4fc1,qwen3:30b-a3b,v2,Execution & correctness,0.95,false,false,"The fix addresses a specific behavior of the pg_sequence_last_value() function, ensuring it returns NULL instead of throwing an error when used on unlogged sequences on standby servers or temporary sequences from other sessions. This is about correct function behavior under certain conditions, not about performance, security, or a broader category like planner or storage."
932,c81151755930f017,qwen3:30b-a3b,v2,"Data types, text & collation",0.95,false,false,"The fix addresses an issue in the parsing logic of the websearch_to_tsquery() function, where certain punctuation characters (like parentheses) were incorrectly treated as data words instead of being ignored, leading to unexpected behavior in query parsing. This is fundamentally about the correct handling of text and query syntax in a specific function, which falls under data type and text processing."
933,0549fc456e566915,qwen3:30b-a3b,v2,"Numeric, overflow & limits",0.95,false,false,"The fix addresses an integer overflow case when computing array dimensions, specifically rejecting invalid dimensions for an empty array. This is a numeric overflow issue, not a security vulnerability in the traditional sense, as the array remains empty and harmless."
934,f1b7c055e51c91a9,qwen3:30b-a3b,v2,Execution & correctness,0.95,false,false,"The fix addresses a scenario where catalog cache entries could become stale during in-place updates of catalog tuples, specifically in the pg_database catalog, leading to potential misbehavior due to missed updates. This is a correctness issue related to catalog cache management, not a security vulnerability or performance improvement."
935,5af0338513196683,qwen3:30b-a3b,v2,Execution & correctness,0.95,false,false,"The fix addresses a missing check for the updatability of view columns when using INSERT ... DEFAULT, ensuring an error is reported if a column is non-updatable rather than a generic error. This pertains to the correct handling of SQL semantics during execution, specifically related to view behavior and INSERT operations."
936,608e10a53c8a052f,qwen3:30b-a3b,v2,Execution & correctness,0.95,false,false,"The fix addresses a specific error reporting issue in recursive queries with a WITH RECURSIVE clause, where the error message was unhelpful due to the order of error checks. It ensures that a more precise error is thrown when the query lacks a self-reference in the second arm of the UNION but has one elsewhere, such as in ORDER BY. This is fundamentally about query execution semantics and correctness, not security or performance."
937,b175dbbe35e337ce,qwen3:30b-a3b,v2,Execution & correctness,0.95,false,false,"The fix addresses a scenario where a deferred AFTER trigger is queued for execution but no longer exists when the trigger is supposed to run, preventing an error and instead silently skipping the trigger. This is about ensuring correct behavior during trigger execution without causing errors due to missing triggers, which falls under execution correctness."
938,0cae569a9be00293,qwen3:30b-a3b,v2,"Data types, text & collation",0.95,false,false,"The fix addresses a catalog cleanup issue where column-level privilege entries (pg_init_privs) were not removed when a table was dropped, potentially causing conflicts if the table's OID was reused. This is a catalog management problem related to privilege tracking, not a security vulnerability or performance issue."
939,7bdae9e7deffb534,qwen3:30b-a3b,v2,Planner & optimizer,0.95,false,false,"The fix addresses an issue where the planner fails to select the correct arbiter index for ON CONFLICT when the index involves expressions or predicates, particularly when the query accesses the target table through an updatable view. This is fundamentally about query planning and optimization, as it involves the planner's ability to correctly identify and use the appropriate index for conflict resolution."
940,ad230fa85d16a257,qwen3:30b-a3b,v2,"Concurrency, locking & crashes",0.95,true,false,"The fix addresses a permissions issue where an ALTER TABLE operation could inadvertently modify a temporary table belonging to another session, which is a security or access-control weakness. This is not about numeric overflow or performance, but about preventing unauthorized access to another session's temporary table."
941,91b0cec02ac5eeb4,qwen3:30b-a3b,v2,Execution & correctness,0.95,false,false,"The fix addresses a bug where sub-queries generated from MIN() or MAX() aggregates were not being recalculated correctly in certain scenarios involving DISTINCT with hash aggregation, leading to incorrect results. This is fundamentally about query execution and correctness, specifically related to how aggregate functions interact with query planning and execution logic."
942,e439762558838aea,qwen3:30b-a3b,v2,"Concurrency, locking & crashes",0.95,true,false,"The fix addresses a crash caused by accessing pointers to a dynamically loaded module after it has been unloaded, which is a memory safety issue related to JIT compilation. This is not a numeric overflow or a performance issue, but rather a stability problem that could lead to a crash due to invalid memory access."
943,b3300def54921046,qwen3:30b-a3b,v2,Build & platform,0.95,false,false,"The fix addresses a change in behavior of libxml2 version 2.13.x, specifically suppressing a redundant error message that was previously reported in earlier versions. This is about handling external library behavior changes to maintain consistent error reporting, not about query results, security, performance, or any of the other categories."
944,69049654b655fc1b,qwen3:30b-a3b,v2,Replication & recovery,0.95,false,false,"The fix addresses an inconsistency in how subtransactions of prepared transactions are handled during standby server startup, specifically ensuring that subtransactions are correctly accounted for rather than being treated as aborted. This relates to the replication and recovery process, as it involves WAL replay and standby behavior."
945,2b1943fbc312e5b0,qwen3:30b-a3b,v2,Replication & recovery,0.95,false,false,"The fix addresses an issue where logical replication slots were incorrectly initialized, causing assertion failures or incorrect decoding results when the slot's start point was set within a transaction. This is fundamentally about the correctness of logical replication behavior, which falls under the 'Replication & recovery' category."
946,37ec1ae61a74c47c,qwen3:30b-a3b,v2,"Concurrency, locking & crashes",0.95,true,false,"The fix addresses a memory leakage issue caused by incorrectly switching the memory context to TopMemoryContext during the processing of notify or sinval interrupts, leading to session-lifespan memory leaks for data allocated before the context was restored. This is a memory safety issue related to improper memory management, not a numeric or overflow problem."
947,13df9c00045bf7ff,qwen3:30b-a3b,v2,"Concurrency, locking & crashes",0.95,false,false,"The fix addresses a potential issue where Windows sockets might not correctly report the end-of-input event after a remote disconnection, leading to indefinite waiting or timeouts. This is a stability and correctness issue related to socket handling in the network layer, not a security vulnerability or performance improvement."
948,1b8dd8512114b0dd,qwen3:30b-a3b,v2,Client interfaces,0.95,true,false,The fix disables stateful TLS session tickets in OpenSSL to prevent compatibility issues with clients that incorrectly assume session resumption support upon receiving a session ticket. This is a security-related adjustment to avoid potential vulnerabilities or misconfigurations in TLS handling.
949,788ed50fab0d912e,qwen3:30b-a3b,v2,Planner & optimizer,0.95,false,false,"The fix addresses a scenario where replanning a PL/pgSQL simple expression fails to verify if the expression remains simple after changes like dropping and recreating a function, which could cause unexpected plan node type errors. This is fundamentally about ensuring correct query execution and planning behavior, specifically related to PL/pgSQL expressions and their reevaluation during planning."
950,a06e1ef6f1cdde9a,qwen3:30b-a3b,v2,Planner & optimizer,0.95,false,false,"The fix addresses an incompatibility between PL/Perl and Perl 5.40, which relates to the behavior of the PL/Perl procedural language within PostgreSQL. This is not a security or performance issue but rather a compatibility issue with an extension or contrib module."
951,ec57ef65acd11eb6,qwen3:30b-a3b,v2,Extensions & contrib,0.95,false,false,"The fix addresses a bug in PL/Python functions where recursive calls with different column definitions would fail due to overwriting the rowtype return definition. This is fundamentally about the behavior of PL/Python functions, which falls under the 'Extensions & contrib' category as it involves a procedural language extension."
952,d5c1cbb1d02a5339,qwen3:30b-a3b,v2,Execution & correctness,0.95,false,false,"The fix addresses a bug where the TD dictionary in PL/Python triggers was being corrupted during recursive trigger calls, leading to incorrect behavior in nested trigger invocations. This is fundamentally about the correctness of trigger execution within the PL/Python procedural language."
953,16f2209e8f670092,qwen3:30b-a3b,v2,Planner & optimizer,0.95,false,false,"The fix addresses a crash caused by incorrect handling of invalid list syntax in a PL/Tcl function returning a tuple, which is a backend stability issue related to the PL/Tcl extension. This is not a security vulnerability but a correctness issue in the extension's error reporting."
954,e7fd0b3f6aac0fad,qwen3:30b-a3b,v2,Client interfaces,0.95,false,false,"The fix addresses a non-thread-safe usage of strerror() in libpq, which can lead to garbled error messages in multi-threaded applications. This is a concurrency issue related to thread safety, not a security vulnerability or performance improvement."
955,fb2a1d667fbe250f,qwen3:30b-a3b,v2,Client tools,0.95,false,false,"The fix addresses an issue in pg_restore where dependent TOC (Table of Contents) entries, such as comments, were not being reported correctly when using selective restore options like -n or -N. This affects the accuracy of the listing output, not the correctness of the restore operation itself."
956,ddf1e3c6f709c17d,qwen3:30b-a3b,v2,Build & platform,0.95,false,false,"The fix addresses a compilation issue caused by a conflict with system-provided <regex.h> headers on macOS 15+, which is a build-time problem related to platform compatibility."
957,99a19831762984d2,qwen3:30b-a3b,v2,"Concurrency, locking & crashes",0.95,false,false,"The fix addresses assertion failures during REINDEX CONCURRENTLY on an SP-GiST index, which relates to backend stability and correctness of index operations without affecting query results or security. This falls under backend stability not tied to a more specific area, as it involves assertion failures in index operations."
958,e1af9616d542e4bb,qwen3:30b-a3b,v2,Execution & correctness,0.95,true,false,"The fix addresses a bug where cached query plans were not properly marked as dependent on the executing role when Row-Level Security (RLS) policies were applied to non-top-level table references, which could lead to incorrect query results due to role-based access control being bypassed or misapplied."
959,2808611f4af45f69,qwen3:30b-a3b,v2,Client interfaces,0.95,true,false,"The fix addresses a security vulnerability where libpq was reporting error messages received during SSL or GSS protocol negotiation, which could be injected by a man-in-the-middle attacker. This could lead to security hazards like spoofed query results. The essence is closing a security weakness related to protocol negotiation."
960,8bd9d7349eca60c3,qwen3:30b-a3b,v2,Execution & correctness,0.95,false,false,"The fix addresses a flaw in the interaction between SET SESSION AUTHORIZATION and SET ROLE, specifically ensuring that SET SESSION AUTHORIZATION correctly sets ROLE to NONE as per the SQL standard, and prevents unintended side effects during transaction rollbacks or in parallel workers. This is a correctness issue related to SQL semantics and user role management, not a security vulnerability or performance improvement."
961,87fb9a554aa333ae,qwen3:30b-a3b,v2,"Numeric, overflow & limits",0.95,true,false,"The fix prevents trusted PL/Perl code from modifying environment variables, which is a security vulnerability that could allow arbitrary code execution. This is a security hardening measure targeting a memory-safety or privilege issue."
962,96230b41a3647b26,qwen3:30b-a3b,v2,Partitioning & inheritance,0.95,false,false,"The fix prevents attaching a partition to a partitioned table when the table to be attached has a foreign key referencing the partitioned table, which is unsupported behavior. This is about ensuring correct partitioning semantics and preventing invalid configurations."
963,6cb107775185528a,qwen3:30b-a3b,v2,Execution & correctness,0.95,false,false,The fix addresses a scenario where partitionwise joins or grouping could produce incorrect results due to a mismatch in collation between the query's key column and the partition key's collation. This directly relates to query execution correctness when handling collation mismatches in partitioned tables.
964,8995259601de7f5b,qwen3:30b-a3b,v2,Indexes,0.95,false,false,"The fix allows cancellation of the second stage of index build for large hash indexes, which relates to the process of building indexes and their management during execution. This is about the behavior of index construction, specifically enabling cancellation during a specific phase, which falls under index management and correctness."
965,11dc97242df0f8f0,qwen3:30b-a3b,v2,Execution & correctness,0.95,false,false,"The fix addresses an issue where a COPY (query) TO ... command fails with an assertion or confusing error when the query is rewritten by a DO INSTEAD NOTIFY rule. This relates to the behavior of query rewriting and error handling during COPY operations, which falls under execution correctness rather than a security or performance issue."
966,1ba1fe6776e97bbd,qwen3:30b-a3b,v2,Planner & optimizer,0.95,false,false,"The fix addresses a flaw in the parallel hash join algorithm where skewed data distribution caused unnecessary and repeated repartitioning, leading to resource exhaustion. This is fundamentally about query planning and optimization, specifically the handling of data skew in parallel execution."
967,53558c04ba77c532,qwen3:30b-a3b,v2,"Concurrency, locking & crashes",0.95,false,false,"The fix addresses a race condition during the commit of a serializable transaction, which could cause an assertion failure or an error about transaction status. This is fundamentally about backend stability related to concurrency and transaction management, not about query results, performance, or security."
968,4ec1e9506d3ee42f,qwen3:30b-a3b,v2,"Concurrency, locking & crashes",0.95,false,false,"The fix addresses a race condition during COMMIT PREPARED that leaves orphaned 2PC files, which could cause recovery failures after a crash. This is fundamentally about backend stability and concurrency issues, not about query results, performance, or security."
969,8aa4b0560f4c42e9,qwen3:30b-a3b,v2,"Concurrency, locking & crashes",0.95,true,false,"The fix addresses a memory access issue during VACUUM FULL where an invalid toast index was skipped, leading to potential crashes due to improper tracking of indexes needing rebuilding. This is a memory safety issue, not a numeric overflow or performance problem."
970,0481c05e42e27e6a,qwen3:30b-a3b,v2,Execution & correctness,0.95,false,false,"The fix addresses a race condition in system catalog updates that could lead to lost updates, specifically affecting the `pg_class.relhasindex` flag, which is critical for index management. This is a correctness issue in how catalog updates are handled, not a security or performance problem."
971,ca54fbcc0c5bdff5,qwen3:30b-a3b,v2,Replication & recovery,0.95,false,false,"The fix addresses a potential loss of catalog updates during recovery by resetting catalog caches, which ensures that the latest catalog data is used. This is related to the consistency and correctness of catalog data after recovery, falling under the 'Replication & recovery' category."
972,cd07dc7f083b7e29,qwen3:30b-a3b,v2,"Concurrency, locking & crashes",0.95,false,false,"The fix addresses a scenario where parallel query execution could lead to an indefinite wait due to holding off interrupts, which is a concurrency and stability issue. It is not about query results, performance, or security."
973,39867f60944e4d58,qwen3:30b-a3b,v2,"Numeric, overflow & limits",0.95,true,false,"The fix addresses a potential stack overflow in libxml2 when processing deeply nested XML input by changing the function used to compile XPath expressions, which prevents a security vulnerability related to excessive recursion."
974,ec395af490f42210,qwen3:30b-a3b,v2,Planner & optimizer,0.95,false,false,"The fix addresses an issue where the EXPLAIN output fails to correctly reference fields of a RECORD-type output from a subquery or CTE when the subquery has been optimized out of the plan. The problem occurs because the plan no longer contains the original field names, so the fix falls back to a generic naming convention (f N) for the record columns, which is the correct behavior for such cases."
975,55b226e4c1741c8f,qwen3:30b-a3b,v2,Execution & correctness,0.95,false,false,"The fix addresses a logical inconsistency in altering a generated column's type when a USING clause is specified, as generated columns are defined by an expression and do not require a USING clause for type alteration. This is about correct SQL semantics during execution, not a security issue or performance improvement."
976,fcbf44b24a1a027c,qwen3:30b-a3b,v2,Execution & correctness,0.95,false,false,"The fix addresses a potential null pointer dereference in the pg_cursors view when user-defined code inspects it during cursor setup, which could lead to a crash. This is fundamentally about backend stability related to cursor management, not a security vulnerability or performance issue."
977,c27d5dfbdec7faff,qwen3:30b-a3b,v2,"Storage, vacuum & TOAST",0.95,false,true,"The fix addresses memory consumption in logical decoding by reducing the default block size for tuple data storage, which prevents out-of-memory failures during long transactions. This is a performance improvement focused on memory efficiency, not a security vulnerability or numeric issue."
978,bec3be3dc9568836,qwen3:30b-a3b,v2,Client interfaces,0.95,true,false,"The fix addresses an unintended re-enabling of stateless TLSv1.2 session tickets, which was a security oversight where clients could incorrectly assume TLS session resumption was supported. This is a security hardening issue related to TLS session handling."
979,d293e1a91c0c81de,qwen3:30b-a3b,v2,"Storage, vacuum & TOAST",0.95,false,false,"The fix addresses a failure related to dropping a database when there are many ACL (access control list) entries, which involves handling permissions and database structure. This is not a security hardening issue as it's about a specific failure during database operations, not a vulnerability."
980,13e0879fce211744,qwen3:30b-a3b,v2,Execution & correctness,0.95,false,false,"The fix addresses an issue where session_authorization and role settings could not be adjusted via SET clauses within parallel workers, which is a behavior related to how session settings are handled in parallel execution contexts. This is not a security or performance issue but rather a correctness in session setting management during parallel query execution."
981,198591018fc7b075,qwen3:30b-a3b,v2,Execution & correctness,0.95,false,false,"The fix addresses a bug where stable functions called from a CALL statement's argument list within a PL/pgSQL EXCEPTION block were using an incorrect snapshot, leading to stale data visibility. This is fundamentally about the execution semantics of functions within exception handling in PL/pgSQL, which falls under the 'Execution & correctness' category as it affects the correctness of query results due to incorrect snapshot handling."
982,ad883b1c8d450b01,qwen3:30b-a3b,v2,Client interfaces,0.95,false,false,"The fix addresses a parsing inconsistency in libpq's 'keepalives' connection option, specifically handling trailing whitespace differently than other integer options, which caused issues in ecpg usage. This is about correct parsing behavior in client interface handling, not security or performance."
983,51e64b5a610a07c8,qwen3:30b-a3b,v2,Client interfaces,0.95,true,false,"The fix addresses an out-of-bounds read in ecpglib when parsing incorrect datetime input, which is a memory safety issue. This is not a numeric overflow but a buffer overrun vulnerability."
984,d7b24dfb5daf4bc3,qwen3:30b-a3b,v2,"Data types, text & collation",0.95,false,false,"The fix addresses a bug in pg_rewind's debug output where the source timeline history was incorrectly printed as empty due to a coding error, which is a correctness issue in the tool's output behavior."
985,6452d03ba26c3f6a,qwen3:30b-a3b,v2,Execution & correctness,0.95,false,false,"The fix addresses a bug where temporary tables and indexes were incorrectly attempted to be reindexed by vacuumdb and parallel reindexdb, which is impossible and causes failures. This is about execution correctness as it involves incorrect behavior during database maintenance operations, not security or performance."
986,ab3ec1366e7ca0ef,qwen3:30b-a3b,v2,Build & platform,0.95,false,false,"The fix allows inspection of sequence relations in specific contrib functions, which relates to the behavior of sequence handling within the pageinspect and pgstattuple extensions. This is about the correct functionality of these extensions, not a security issue or performance improvement."
987,222e0fb47230eb92,qwen3:30b-a3b,v2,Build & platform,0.95,true,false,"The fix addresses a bug in LLVM-generated code on ARM64 platforms where relocation distances exceeding 32 bits caused server crashes, which is a memory safety issue related to code generation and execution on specific hardware."
988,633f9bbb3e125b30,qwen3:30b-a3b,v2,"Numeric, overflow & limits",0.95,false,false,"The fix addresses a potential issue on 32-bit systems where the process start time, stored as a time_t, might not fit into a long value, which could cause failures after the year 2038. This is a numeric overflow concern related to time representation, not a security vulnerability or performance issue."
989,532102524c48fc27,qwen3:30b-a3b,v2,Build & platform,0.95,false,false,"The fix addresses an issue where building RPM packages for PostgreSQL fails due to a missing Perl module (PostgreSQL::Test::Utils), which is unrelated to core functionality, security, or performance. It pertains to the build process and dependencies for packaging."
990,3641d30a8813be09,qwen3:30b-a3b,v2,Build & platform,0.95,false,false,"The fix addresses a build issue specific to Strawberry Perl on Windows, which relates to the build system and platform compatibility. This is not about security, performance, or any functional aspect of PostgreSQL but rather about ensuring the software can be compiled on a specific platform."
991,ffd610faf9fefbbe,qwen3:30b-a3b,v2,"Data types, text & collation",0.95,false,false,"The fix addresses an issue where role settings from non-interactive sources (like previous ALTER commands or PGOPTIONS) were not being applied, which is a correctness issue in how role settings are handled during execution. This is not a security hardening or performance fix."
996,d12dd6429aec8584,qwen3:30b-a3b,v2,Replication & recovery,0.95,false,false,"The fix addresses an unintended change in the replication protocol where a walsender stopped generating an extra command-completion event required by walreceivers, which was part of the protocol specification. This is a protocol behavior issue within replication, not a security or performance fix."
999,39f5a29dc20e992c,qwen3:30b-a3b,v2,Partitioning & inheritance,0.95,false,false,"The fix prevents using ALTER TABLE ONLY ... DROP EXPRESSION when child tables exist, as the current implementation cannot handle this scenario correctly. This is about ensuring correct behavior in table structure modifications, specifically related to partitioned or inherited tables."
1007,f3e1e3311d22d7cd,qwen3:30b-a3b,v2,"Numeric, overflow & limits",0.95,false,false,"The fix addresses numeric overflow issues in datetime comparisons, specifically preventing internal overflows when comparing dates to timestamps or handling near-limit timestamp values during timezone rotation. This is a numeric overflow issue within the datetime handling logic, not a security vulnerability or performance improvement."
1009,dae5b45fc2878077,qwen3:30b-a3b,v2,"Data types, text & collation",0.95,false,false,"The fix allows the jsonpath .datetime() method to accept ISO 8601-format timestamps, which is related to the handling of JSON data types and their parsing behavior. This is about extending the functionality of a JSON-related method to support a specific timestamp format, falling under data type handling."
1011,84ad06de667d45a0,qwen3:30b-a3b,v2,"Concurrency, locking & crashes",0.95,false,false,"The fix addresses edge cases related to detecting the premature death of the postmaster process on systems using kqueue(), which is a mechanism for monitoring file descriptors. This relates to backend stability and process management, not to query execution, security, or performance."
1012,6a76c51ed96659bb,qwen3:30b-a3b,v2,Planner & optimizer,0.95,false,false,"The fix addresses an issue where the planner incorrectly generated an incremental-sort plan when the sort key involved a volatile expression, which could lead to wrong query results due to the planner's misestimation of the expression's volatility."
1014,3ba58e03ce114a52,qwen3:30b-a3b,v2,"Storage, vacuum & TOAST",0.95,false,false,"The fix addresses an issue in TOAST decompression that could lead to an infinite loop or corrupted output data, which is fundamentally about the storage and management of large objects in PostgreSQL. This falls under the 'Storage, vacuum & TOAST' category as it pertains to TOAST (The Oversized-Attribute Storage Technique) handling."
1015,a410ce1ad9def6f1,qwen3:30b-a3b,v2,"Storage, vacuum & TOAST",0.95,false,false,"The fix addresses an issue with counting entries in B-tree indexes during VACUUM operations, specifically for cleanup-only VACUUMs. This relates to the internal mechanics of index maintenance and storage management, not to query results, security, or performance improvements."
1021,7d3f6a0c52c55a5f,qwen3:30b-a3b,v2,Planner & optimizer,0.95,false,false,"The fix addresses an issue in EXPLAIN's XML output for incremental sort plans, specifically correcting the tag nesting structure. This is a documentation or output formatting issue within the query planning and execution tooling, not related to query correctness, performance, or security."
1023,a9f9d5a0229bc0a9,qwen3:30b-a3b,v2,"Data types, text & collation",0.95,false,false,"The fix addresses a missing data type coercion in SQL-language functions, which could cause incorrect query results or crashes due to improper handling of data types during function execution."
1025,47604dbf8d5faa77,qwen3:30b-a3b,v2,Build & platform,0.95,false,false,"The fix improves code generation for compare_exchange and fetch_add operations on PPC (PowerPC) architecture, which relates to low-level memory operations and atomic instructions. This is not a security issue or performance improvement but rather a code generation optimization for a specific architecture."
1032,2b6addef4a528e37,qwen3:30b-a3b,v2,Client interfaces,0.95,false,false,"The fix addresses a specific issue in ecpg (Embedded SQL for C) where it incorrectly processes certain string literals like B'...' and X'...'. This is related to how the client interface handles SQL syntax within C code, specifically the parsing of binary and hexadecimal string literals."
1040,fd72aa03d8acff24,qwen3:30b-a3b,v2,Execution & correctness,0.95,true,false,"The fix addresses a security vulnerability where column-level SELECT privileges were not properly enforced in join queries, allowing users with limited privileges to access all columns of a table. This is a security weakness related to access control."
1044,d3c3a0be5fffaa95,qwen3:30b-a3b,v2,Execution & correctness,0.95,false,false,"The fix addresses a crash occurring during the rescan of an aggregation plan node with specific grouping set configurations, which relates to backend stability and execution correctness under certain query conditions."
1045,93002b17db8aecb8,qwen3:30b-a3b,v2,Execution & correctness,0.95,false,false,"The fix addresses a scenario where hash aggregation spills tuples to disk, causing grouping values to be replaced by nulls upon readback, resulting in incorrect query results. This is fundamentally about query execution producing wrong outcomes due to a bug in handling spilled tuples during aggregation."
1046,25912ff724655cf0,qwen3:30b-a3b,v2,Execution & correctness,0.95,false,false,"The fix addresses a specific edge case in the incremental sort algorithm where the handling of tuple boundaries between sort batches led to incorrect sorting results or excessive tuple retrieval. This is fundamentally about the correctness of query execution, specifically the sorting mechanism during query processing."
1048,bc3e28d08240fa5f,qwen3:30b-a3b,v2,Partitioning & inheritance,0.95,false,false,"The fix addresses a behavior issue with BEFORE UPDATE triggers on partitioned tables, specifically allowing UPDATE operations to move rows between partitions when the trigger modifies the row, which was previously incorrectly restricted."
1055,7b6456d19a5a0f98,qwen3:30b-a3b,v2,Planner & optimizer,0.95,false,false,"The fix addresses query planning by considering unsorted subpaths for a Gather Merge operation, which is a planner optimization to improve plan selection when a Sort node is explicitly added."
1056,088be83684b73fa4,qwen3:30b-a3b,v2,Planner & optimizer,0.95,false,false,"The fix addresses an issue where the planner incorrectly attempted to parallelize sorts involving functions that cannot be safely executed in parallel worker processes, specifically parallel-restricted or set-returning functions. This is a planner optimization issue related to safe parallel execution considerations."
1061,db98a53d1fc67c81,qwen3:30b-a3b,v2,Replication & recovery,0.95,false,false,"The fix addresses a condition where the system fails to detect a snapshot being too old during a table rewrite in the current transaction, specifically under minimal wal_level. This relates to transaction snapshot management and recovery mechanisms, which falls under replication and recovery."
1062,406d44badc84f5f7,qwen3:30b-a3b,v2,Replication & recovery,0.95,false,false,"The fix addresses a specific issue where CREATE PUBLICATION fails spuriously when applied to a table created or rewritten in the same transaction, which is only relevant when wal_level is set to minimal. This relates to replication behavior, specifically how publications interact with table creation within transactions under certain WAL settings."
1078,bf3d735f587b1074,qwen3:30b-a3b,v2,Replication & recovery,0.95,false,false,"The fix addresses a bug in WAL (Write-Ahead Logging) handling during timeline switches, specifically ensuring that a standby can correctly follow a primary on a newer timeline when WAL archiving is enabled. This relates to replication and recovery logic, as it prevents failures in replication due to incorrect WAL segment handling."
1080,003152b6d8e0b755,qwen3:30b-a3b,v2,"Concurrency, locking & crashes",0.95,false,false,"The fix addresses a memory leak in walsender processes related to partitioned relations during logical replication, which is a stability issue not tied to a specific component like execution or replication but rather a backend stability problem."
1091,dbfeb04e0a213ead,qwen3:30b-a3b,v2,"Storage, vacuum & TOAST",0.95,false,false,"The fix addresses an issue where SHA256 hashing was being executed during base backups even when not needed, specifically when the --no-manifest option was used. This was causing errors on systems operating in FIPS mode due to SHA256 being rejected. The fix avoids unnecessary SHA256 execution, enabling base backups on FIPS-compliant systems."
1096,ad29bb3cd7b1930d,qwen3:30b-a3b,v2,Client interfaces,0.95,false,false,"The fix addresses a specific issue in the libpq library where the PQconndefaults() function was not reporting the correct default value for the channel_binding parameter. This is a correction to the behavior of a client-side library function, ensuring it provides accurate default configuration values for connection parameters."
1108,2b9692c44346fd37,qwen3:30b-a3b,v2,Extensions & contrib,0.95,false,false,"The fix addresses a faulty assertion in the postgres_fdw extension, which is a contrib module for foreign data wrappers. Assertions are typically used for debugging and catching internal errors, so this fix is about ensuring the extension's stability and correctness without causing crashes or incorrect behavior."
1128,4cfe92a72e7c5720,qwen3:30b-a3b,v2,Execution & correctness,0.95,false,false,"The fix addresses a bug in the handling of deeply nested WITH RECURSIVE constructs, which caused core dumps or incorrect error messages. This is fundamentally about query execution and correctness, specifically related to the recursive query processing logic."
1136,3533705029f2fc7f,qwen3:30b-a3b,v2,Planner & optimizer,0.95,false,false,"The fix addresses an issue in the query planner where it fails to find a pathkey item for sorting when the sort key involves an aggregate or window function. This is fundamentally about the query planning process, specifically how the planner handles sorting with complex expressions like aggregates or window functions."
1140,62c6628c23cdb240,qwen3:30b-a3b,v2,Indexes,0.95,false,false,"The fix addresses a scenario where GIN index searches could return incorrect results due to a lossy bitmap representation when the number of matching tuples exceeds a threshold related to work_mem. This is fundamentally about ensuring correct query results from index lookups, which falls under the 'Indexes' category."
1141,fad4ddce29732ace,qwen3:30b-a3b,v2,"Concurrency, locking & crashes",0.95,false,false,"The fix addresses a concurrency issue related to WAL segment recycling on Windows, specifically preventing permission denied errors during file renaming. This is a backend stability issue tied to operating system file operations, not a security vulnerability or performance improvement."
1146,a8de55ddc15c52c5,qwen3:30b-a3b,v2,"Storage, vacuum & TOAST",0.95,false,true,The fix addresses a performance issue related to autovacuum behavior by removing a parameter that was causing unnecessary full-index scans and degrading performance. The parameter was deemed unnecessary as a superior mechanism (autovacuum_vacuum_insert_threshold) was available.
1150,111530608835165d,qwen3:30b-a3b,v2,"Concurrency, locking & crashes",0.95,false,false,"The fix addresses an uninitialized variable in the walreceiver's statistics within shared memory, which could lead to instability on platforms without atomic variables or spinlock support. This is a backend stability issue not tied to a specific component, falling under concurrency, locking, or crashes."
1151,a670dd75a775baf0,qwen3:30b-a3b,v2,Build & platform,0.95,false,true,"The fix reduces the overhead of dtrace probes for LWLock operations when dtrace is compiled in but not active, which is about optimizing the performance of a specific feature without affecting correctness or security."
1157,2875d49cda49b581,qwen3:30b-a3b,v2,Client tools,0.95,false,false,"The fix addresses a repeated error message in psql after the first failure to print a result table, which is a client tool behavior issue. It does not involve security, performance, or other categories like execution correctness or data types."
1185,98fd6ee6e8d6f39a,qwen3:30b-a3b,v2,"Data types, text & collation",0.95,false,false,"The fix addresses the ability to use old-style Windows locale names in CREATE COLLATION commands, which was previously disallowed due to the OS not providing version information. This is about the behavior of collation handling in PostgreSQL, specifically related to the data type and collation semantics."
1193,712e3e654f547a1e,qwen3:30b-a3b,v2,Planner & optimizer,0.95,false,true,"The fix addresses a limitation in the work_mem configuration on 64-bit Windows, allowing the effective value of work_mem multiplied by hash_mem_multiplier to exceed 2GB. This change enables hash aggregations to avoid spilling to disk for large datasets, which is a performance optimization related to memory management for query execution."
1195,852e86945ebcb000,qwen3:30b-a3b,v2,Planner & optimizer,0.95,false,false,"The fix addresses an issue where constant function results in a LATERAL FROM clause were not being properly pulled up during query planning, which could lead to incorrect query execution or suboptimal plans. This is fundamentally about query planning and optimization, specifically related to the planner's handling of LATERAL joins and constant function inlining."
1198,9d6f390db9445177,qwen3:30b-a3b,v2,Replication & recovery,0.95,false,false,"The fix addresses a scenario where the oldest required WAL segment horizon isn't advanced after replication slots are invalidated, which could lead to WAL storage exhaustion. This is fundamentally about replication slot management within the replication system."
1205,7d7e65a6b4c1c0ae,qwen3:30b-a3b,v2,Replication & recovery,0.95,false,false,"The fix addresses crashes occurring during logical replication of updates on partitioned tables, which relates to the stability of replication processes when handling partitioned table operations."
1206,caf57928ef0d145c,qwen3:30b-a3b,v2,Partitioning & inheritance,0.95,false,false,"The fix addresses a potential crash related to firing AFTER triggers on partitioned tables within logical replication workers, which involves backend stability and replication behavior."
1209,b625ab91a15bf487,qwen3:30b-a3b,v2,Replication & recovery,0.95,false,false,"The fix addresses a memory leak in logical replication output, which is a stability issue related to resource management during replication operations. Memory leaks are not classified under 'Numeric, overflow & limits' but rather under the component affected, and since it's a memory management issue, it's not a security vulnerability but a stability fix."
1213,cec438542221453c,qwen3:30b-a3b,v2,"Concurrency, locking & crashes",0.95,false,false,"The fix addresses a race condition related to replication slot management, specifically when invalidating an obsolete slot while concurrently dropping or updating it. This involves concurrency and locking issues within replication, which falls under the 'Concurrency, locking & crashes' category."
1216,4f7004293ab2ab01,qwen3:30b-a3b,v2,Indexes,0.95,true,false,"The fix addresses a scenario where corrupt data could cause a crash by adding an error check for duplicate TID entries in B-tree indexes, preventing a crash rather than allowing it. This is a security hardening fix as it prevents a crash due to invalid data, which could be exploited."
1250,e93c5c1aabed0829,qwen3:30b-a3b,v2,Indexes,0.95,false,false,"The fix addresses an issue where REINDEX CONCURRENTLY was not preserving operator class parameters attached to the target index, which is a correctness issue related to index management."
1253,5dc836bd64de31f3,qwen3:30b-a3b,v2,Replication & recovery,0.95,false,false,"The fix addresses an issue where the relation cache wasn't properly invalidated for all partitions of a partitioned table when the table was added to or removed from a publication, which could cause incorrect replication behavior until sessions were restarted. This is fundamentally about ensuring correct replication behavior for partitioned tables in a publication context."
1257,004e40ba1d17b617,qwen3:30b-a3b,v2,Execution & correctness,0.95,false,false,"The fix addresses a specific interaction between two SQL clauses (FETCH FIRST WITH TIES and FOR UPDATE SKIP LOCKED) that caused unexpected locking behavior. The core issue is about the semantics of query execution where the locking behavior contradicts the intended result set, not a performance or security issue."
1259,bcf04cfe5d480e90,qwen3:30b-a3b,v2,Client interfaces,0.95,false,false,"The fix addresses an undocumented and non-functional syntax for altering index columns, which is a syntax error in the parser rather than a functional issue. This falls under the category of 'Client interfaces' as it pertains to the parser accepting invalid syntax, which is part of the client-facing interface."
1265,6fb4c038173d62ac,qwen3:30b-a3b,v2,Planner & optimizer,0.95,false,false,"The fix addresses a planner error related to subquery expression handling during query flattening, specifically preventing crashes caused by improperly processed expressions when functions reference earlier sub-SELECTs in the FROM clause. This is fundamentally about query planning and optimization, not execution correctness or security."
1272,94415b455ffcf2bd,qwen3:30b-a3b,v2,Execution & correctness,0.95,false,false,"The fix prevents LISTEN commands in background workers, as there's no infrastructure to support it, which would lead to issues with NOTIFY queue cleanup. This is about ensuring correct behavior in a specific context (background workers) without causing crashes or security issues."
1273,bffee7dfd9c6cc74,qwen3:30b-a3b,v2,Replication & recovery,0.95,false,false,"The fix addresses the timing of NOTIFY signal delivery, ensuring they are sent during transaction commit rather than in the idle loop, which improves the immediacy and reliability of notifications, particularly for logical replication workers."
1281,af981f73a5828d08,qwen3:30b-a3b,v2,"Storage, vacuum & TOAST",0.95,false,false,"The fix addresses memory usage accounting in logical decoding specifically for TOAST data, which is related to how large or complex data is stored and managed within the database. This is not about security or performance but about correct handling of data storage mechanisms."
1283,0ff6f780fa8e3144,qwen3:30b-a3b,v2,Replication & recovery,0.95,false,false,"The fix addresses the computation of the WAL range in a backup manifest during a timeline change, which is related to replication and recovery processes."
1287,647ab944863097dd,qwen3:30b-a3b,v2,Extensions & contrib,0.95,false,false,"The fix addresses a behavior where ALTER TYPE/DOMAIN/OPERATOR ... SET commands could inadvertently change extension membership for dependent objects, causing side effects in extension upgrade scripts. This is fundamentally about ensuring correct behavior of extension management commands, not about query results, performance, or security."
1292,e1c0266920307faf,qwen3:30b-a3b,v2,Planner & optimizer,0.95,false,false,"The fix addresses inefficient code generation for CoerceToDomain expression nodes, which relates to how expressions are processed during query execution. This is about optimizing the internal handling of domain coercions, not about security, performance, or other categories."
1295,1bca462a1f3d9abb,qwen3:30b-a3b,v2,Execution & correctness,0.95,false,true,"The fix addresses inefficient list-manipulation operations that cause O(N^2) behavior in specific scenarios, such as standby replaying transactions with many locks, file unlinks after checkpoints, hash aggregation with many batches, and pg_trgm processing. This is fundamentally about improving execution efficiency, not about security, numeric limits, or other categories."
1297,cd3ce2b376cf2514,qwen3:30b-a3b,v2,Indexes,0.95,false,false,"The fix adds defensive checks around B-tree posting list splits to detect index corruption involving duplicate table TIDs, which is fundamentally about ensuring the correctness of index operations and preventing corruption in the index structure."
1299,9e83009370eea67c,qwen3:30b-a3b,v2,Client interfaces,0.95,false,false,"The fix addresses missing libpq functions on AIX due to code reorganization, restoring visibility of specific encoding-related functions. This is about client interface functionality, not security or performance."
1321,9d2a85bd87bc8151,qwen3:30b-a3b,v2,"Concurrency, locking & crashes",0.95,false,false,"The fix addresses a null-pointer crash that occurs when altering statistics while the statistics object is being dropped concurrently, which relates to backend stability and crashes during concurrent operations."
1325,1892c55e399a77b0,qwen3:30b-a3b,v2,"Numeric, overflow & limits",0.95,false,false,"The fix addresses a parser issue related to matching functions or operators with polymorphic parameters, specifically involving 'anycompatible-family' data types. This affects query resolution and can lead to ambiguous operator errors or failures in function matching."
1328,ebf6505fe49c205d,qwen3:30b-a3b,v2,Replication & recovery,0.95,false,false,"The fix addresses a logical replication issue where child tables were being unnecessarily synchronized alongside their parent tables when the publish_via_partition_root option was enabled, leading to redundant data transmission. This is fundamentally about ensuring correct replication behavior for partitioned tables in logical replication, which falls under the 'Replication & recovery' category."
1338,7f574449bdc8c572,qwen3:30b-a3b,v2,"Storage, vacuum & TOAST",0.95,false,false,"The fix addresses a logic error in how the oldest xmin (a transaction ID used for MVCC) is computed during parallel vacuuming and concurrent index building, ensuring these operations are properly ignored in the calculation to prevent unnecessary delays in vacuum cleanup."
1340,e2d7b20df97471d8,qwen3:30b-a3b,v2,Replication & recovery,0.95,false,true,"The fix improves the performance of walsenders sending logical changes by avoiding unnecessary cache accesses, which is a performance optimization related to the replication process."
1343,9c52b21a5af7f67e,qwen3:30b-a3b,v2,"Concurrency, locking & crashes",0.95,true,false,"The fix addresses a buffer overrun when normalizing an empty Unicode string, which is a memory safety issue. This is not a numeric overflow but a buffer overrun, so it falls under security hardening."
1348,feb8a9cc6697170e,qwen3:30b-a3b,v2,Client tools,0.95,false,false,"The fix addresses an issue in the psql command's query logic when identifying parent triggers, specifically handling cases where a subquery returns multiple rows due to conflicting trigger names across partitions. This is a correctness issue in the client tool's behavior, not a security or performance problem."
1349,20f26c5fa0d44a54,qwen3:30b-a3b,v2,Client tools,0.95,false,false,"The fix addresses an issue with psql's tab-completion feature specifically for enum type label values, which falls under client tool behavior rather than a core database functionality. This is a usability improvement within the command-line interface tool, not related to security, performance, or core database operations."
1362,fda1f8fe4a5867cb,qwen3:30b-a3b,v2,Indexes,0.95,false,false,"The fix addresses a corruption issue in GiST indexes on ltree columns due to an incorrect default signature length (28 bytes instead of 8 bytes) that was accidentally changed during an upgrade. This is a correctness issue related to index behavior, not a security or performance problem."
1380,f3f855d2c4f36bd0,qwen3:30b-a3b,v2,Replication & recovery,0.95,false,false,The fix addresses an issue where logical replication might incorrectly identify the ancestor relation to publish changes through when multiple publications target different ancestors of a modified relation. This pertains to the correct handling of logical replication behavior in partitioned tables.
1383,703d5b3b2ff5a178,qwen3:30b-a3b,v2,Build & platform,0.95,false,false,"The fix addresses a platform-specific issue where altering the server process's display in ps(1) is not supported, specifically on Cygwin. This is a platform compatibility issue related to the build and platform layer, not a security or performance concern."
1406,0fbafd56bb941fd7,qwen3:30b-a3b,v2,Planner & optimizer,0.95,false,false,"The fix addresses an issue where the query planner generates incorrect execution plans when sorting by an expression involving a non-top-level set-returning function. This relates to how the planner handles expressions during query optimization, specifically affecting the planning phase rather than execution correctness or other areas."
1407,44063db46fd252fa,qwen3:30b-a3b,v2,Planner & optimizer,0.95,false,false,"The fix addresses a planner crash when using constant = ANY(array) clauses with MCV extended statistics, which falls under query planning and optimization issues."
1422,aa24fc85081274fa,qwen3:30b-a3b,v2,Partitioning & inheritance,0.95,false,false,"The fix addresses an issue in logical replication where replica identity columns need to be correctly identified for child partitions in a partitioned table, ensuring proper replication behavior across partitions."
1423,4d844fe4257c10a5,qwen3:30b-a3b,v2,Replication & recovery,0.95,false,false,"The fix addresses an issue where cached schema data in a logical replication subscriber fails to update after a schema change on the publisher, which directly relates to the synchronization of schema information between publisher and subscriber in logical replication."
1455,29447b27a77fa798,qwen3:30b-a3b,v2,Replication & recovery,0.95,false,false,"The fix addresses a crash in logical replication workers when attempting to replicate into a foreign-table partition, which is unsupported. This is fundamentally about preventing a crash in replication behavior, falling under the 'Replication & recovery' category."
1456,289db8693ae2c173,qwen3:30b-a3b,v2,"Data types, text & collation",0.95,false,false,"The fix addresses a redundant error check on the replica identity setting for partitioned tables, clarifying that only the leaf partitions' settings matter, not the parent table's. This is about correct behavior in partitioned table management, not security, performance, or other categories."
1465,e2f0aac013f1de7d,qwen3:30b-a3b,v2,Planner & optimizer,0.95,false,false,"The fix addresses an issue where the hash table size selection behaves incorrectly under specific conditions of small work_mem and large tuples, which relates to the internal handling of memory allocation and data structures during query execution. This is not a security or performance issue but rather a correctness problem in how the planner or executor manages resources for hash operations."
1482,fc1e1702abf8ff91,qwen3:30b-a3b,v2,Partitioning & inheritance,0.95,false,false,"The fix addresses an issue where GENERATED columns in child tables of partitioned tables or inheritance structures were not being updated correctly during an UPDATE operation, specifically when these columns do not exist in the parent table or have different dependencies in their generation expressions. This is fundamentally about ensuring correct behavior of generated columns within the context of partitioned tables and inheritance, which falls under the category of partitioning and inheritance."
1489,6e5f249242ccc98f,qwen3:30b-a3b,v2,Client interfaces,0.95,false,false,"The fix improves error reporting for buffered file read failures by correctly reporting the number of bytes desired versus actually read, specifically addressing a bug in replication logic that previously reported an irrelevant error code. This is about enhancing the clarity and accuracy of error messages during file operations, not about security, performance, or a specific functional area like execution or storage."
1500,128207c68956eb14,qwen3:30b-a3b,v2,Replication & recovery,0.95,false,false,"The fix addresses a scenario where invalidated replication slots were still being considered during catalog cleanup, leading to unnecessary bloat in system catalogs. This is about replication slot management and its impact on storage efficiency, not a security issue or performance improvement."
1521,7e5b08b36c482ae2,qwen3:30b-a3b,v2,Execution & correctness,0.95,false,false,"The fix addresses an issue where cloned triggers in partitioned tables were incorrectly skipped during ALTER TABLE ... ENABLE/DISABLE TRIGGER USER operations, as they were mistakenly identified as system triggers. This affects the correct handling of trigger management in partitioned tables, which falls under the category of ""Execution & correctness"" due to the incorrect behavior of trigger management during execution."
1547,cd8bbb5698b389a6,qwen3:30b-a3b,v2,Indexes,0.95,false,false,"The fix addresses unnecessary calls to custom validators for index operator class options, which relates to the internal handling of index configurations and their validation during setup or modification. This is not a security issue or performance improvement but rather a correctness issue in how index options are validated."
1550,900a5d03d672f459,qwen3:30b-a3b,v2,Build & platform,0.95,false,false,"The fix corrects a naming inconsistency in the wait event for SLRU buffer I/O related to commit timestamps, aligning the code with the documented name. This is a minor documentation and code consistency issue, not related to security, performance, or functional correctness."
1551,fc1bf087fce69d71,qwen3:30b-a3b,v2,Replication & recovery,0.95,false,false,"The fix addresses a potential underflow in the calculation of WAL segments to keep, which could lead to inaccurate enforcement of wal_keep_size. This is a correctness issue related to the replication and recovery subsystem, specifically in managing WAL retention."
1567,6135e08481d2872a,qwen3:30b-a3b,v2,Indexes,0.95,false,false,"The fix addresses a misalignment issue in GiST index access on ltree columns, specifically requiring the siglen option to be a multiple of 4 to prevent crashes on non-Intel architectures. This is fundamentally about index access method correctness and stability across architectures, not about numeric overflow or security vulnerabilities."
1586,90787f82ac42236d,qwen3:30b-a3b,v2,"Concurrency, locking & crashes",0.95,false,false,"The fix addresses memory leaks specifically tied to the rescan of an Incremental Sort plan node during query execution, which relates to backend stability and resource management during query processing."
1587,1269a11b682e01ec,qwen3:30b-a3b,v2,"Data types, text & collation",0.95,false,false,"The fix addresses the handling of fractional seconds in the input to the jsonpath 'datetime()' method, which relates to how date and time values are parsed and processed within the jsonpath functionality. This is fundamentally about data type behavior and text handling for date/time operations."
1591,c357633fc6eaa80f,qwen3:30b-a3b,v2,Planner & optimizer,0.95,false,false,"The fix addresses a null-pointer crash in plancache.c, which relates to the query planning cache. This is a stability issue during query planning, not a performance or security vulnerability. The crash occurs in the planner's cache mechanism, so it falls under 'Planner & optimizer' as it involves the planning process."
1596,ac19ceb470700ad2,qwen3:30b-a3b,v2,Replication & recovery,0.95,false,false,"The fix addresses a failure during standby promotion when archiving is enabled and two-phase transactions need recovery, specifically preventing an incorrect error about WAL segments being removed. This relates to replication and recovery processes."
1612,87007ad7e4534cec,qwen3:30b-a3b,v2,Indexes,0.95,false,false,"The fix addresses a fundamental issue in btree index handling for interval columns, where certain interval values compare equal but are distinguishable, causing incorrect results in index-only scans and de-duplication errors. This is a correctness issue in index behavior, not a security or performance problem."
1622,e4687c404a3d91c9,qwen3:30b-a3b,v2,"Storage, vacuum & TOAST",0.95,false,false,"The fix improves checks for corrupt PGLZ compressed data, which is related to data integrity and storage handling. PGLZ is a compression method used in PostgreSQL for TOAST (The Oversized-Attribute Storage Technique) to store large data efficiently. The fix ensures that corrupt compressed data is detected and handled properly, preventing potential issues during data retrieval or storage operations."
1630,253edc452eaf4a09,qwen3:30b-a3b,v2,Execution & correctness,0.95,false,false,"The fix addresses inconsistent progress statistics during ANALYZE on inherited tables, specifically resetting block-level counters when updating the current-relation field. This relates to the execution and correctness of the ANALYZE command on inherited tables, which falls under the 'Execution & correctness' category as it affects the accuracy of the statistics gathering process."
1639,a5528b7931357fb4,qwen3:30b-a3b,v2,"Numeric, overflow & limits",0.95,true,false,"The fix addresses an integer overflow issue in logical tape management related to datatype size confusion, which could lead to a potential buffer overrun or memory safety issue on certain platforms. This is not a numeric overflow in arithmetic but a size confusion that could cause memory safety problems."
1640,b636f13353d854ef,qwen3:30b-a3b,v2,"Concurrency, locking & crashes",0.95,false,false,"The fix addresses an unintended closure of the syslogger process's stdin, which relates to process stability and resource management within the PostgreSQL backend. This is not a security vulnerability or performance issue but rather a stability concern."
1654,fae2a0678034d873,qwen3:30b-a3b,v2,Build & platform,0.95,false,false,"The fix addresses a build-time issue in the contrib/unaccent module where the build process would fail if the Python interpreter wasn't explicitly specified via --with-python or the PYTHON make variable. This is a build system configuration problem, not related to query execution, security, or performance."
1692,8cc4ad566a20f3d4,qwen3:30b-a3b,v2,Build & platform,0.95,false,false,"The fix addresses a compilation issue specific to Windows for the WAL_DEBUG code, which relates to the build process on a particular platform."
1754,e13aae8af9f6bdb4,qwen3:30b-a3b,v2,"Concurrency, locking & crashes",0.95,true,false,"The fix addresses a buffer overread issue during JSON parsing when encountering incomplete multi-byte character sequences, which could potentially lead to a crash. This is a memory safety issue related to buffer handling."
1763,ee7efb3f2fdb073f,qwen3:30b-a3b,v2,Extensions & contrib,0.95,false,false,"The fix addresses a specific issue in the postgres_fdw extension where FETCH FIRST WITH TIES clauses were being sent to remote servers that might not support or interpret them correctly. This is about ensuring correct behavior when interacting with foreign data wrappers, specifically avoiding sending unsupported syntax to remote servers."
1770,205d0513559c4c8e,qwen3:30b-a3b,v2,Execution & correctness,0.95,false,false,"The fix addresses an issue where foreign-key constraints were not correctly updated when attaching or detaching table partitions, leading to missing enforcement triggers and potential data inconsistencies. This is fundamentally about ensuring correct behavior of foreign-key constraints in partitioned tables, which falls under the category of execution and correctness."
1773,44e77270009835c2,qwen3:30b-a3b,v2,Planner & optimizer,0.95,false,false,"The fix addresses an error related to sorting the output of a UNION ALL query when the sort column is an expression, specifically a 'could not find pathkey item to sort' error. This pertains to the query planning and optimization process, as it involves the planner's handling of sort keys in query execution."
1793,915c059241fedbce,qwen3:30b-a3b,v2,Client interfaces,0.95,false,false,"The fix addresses the use of pnstrdup() in ecpglib, which calls exit() on out-of-memory, a behavior that is undesirable in a library. The calling code already handles allocation failures properly, so the fix replaces pnstrdup() with a safer alternative to avoid the exit() call."
1796,3f9794e14cbd5a9e,qwen3:30b-a3b,v2,Client tools,0.95,false,false,"The fix addresses a specific issue with junction points on Windows, particularly affecting pg_rewind, which is a client tool used for database recovery. The problem relates to file system handling on Windows, which is part of the client tool's functionality."
1804,ff61f517138e558d,qwen3:30b-a3b,v2,Replication & recovery,0.95,false,false,"The fix addresses an issue where the restart_lsn of a logical replication slot could be incorrectly set to an older value, potentially causing replication to fail due to WAL file removal based on outdated information. This is fundamentally about the correctness of replication slot management in logical replication, which falls under the replication and recovery category."
1805,c11feb1f07ba6d97,qwen3:30b-a3b,v2,Indexes,0.95,false,false,"The fix updates the statistics tracking for Bloom indexes in the pg_stat_user_indexes view to include index scans, which is a correctness and monitoring improvement for index usage metrics."
1806,cdb6586db28b2984,qwen3:30b-a3b,v2,Indexes,0.95,false,false,"The fix addresses a crash that occurs when checking for changes in index operator class options during an ALTER TABLE operation. This is a stability issue related to index handling, specifically during index option validation, which falls under backend stability not tied to a more specific area."
1807,aac906e2647f37b7,qwen3:30b-a3b,v2,Client interfaces,0.95,true,false,"The fix addresses a security vulnerability in libpq's data-quoting functions by ensuring they validate input encoding to prevent SQL injection attacks, particularly when handling untrusted input that might be processed by client-side code like psql. This is fundamentally about closing a security weakness related to input validation and encoding, not about performance or a specific functional category like query planning or data types."
1808,0d6a9c178d4595af,qwen3:30b-a3b,v2,"Concurrency, locking & crashes",0.95,false,false,"The fix addresses privilege checks and connection limits specifically for parallel workers, ensuring they don't trigger unnecessary failures due to missing login privileges or connection limits that are meant for regular backends. This is fundamentally about access control and privilege management, not performance or numeric issues."
1809,746251f13f59e67b,qwen3:30b-a3b,v2,"Storage, vacuum & TOAST",0.95,false,false,"The fix addresses a synchronization issue between TransactionXmin and MyProc->xmin, which could lead to accessing data that has been vacuumed, causing transient errors. This is fundamentally about ensuring data integrity during vacuum operations, which falls under storage management."
1810,4a861adffd93ce62,qwen3:30b-a3b,v2,Execution & correctness,0.95,false,false,"The fix addresses a race condition affecting catalog cache updates, specifically preventing a newly-inserted catalog entry (like a function) from being properly added to the cache. This impacts the correct behavior of the system during query execution, as it could lead to failures in using new functions within the same session."
1811,5855f1a30a414841,qwen3:30b-a3b,v2,"Storage, vacuum & TOAST",0.95,false,false,"The fix addresses a potential issue where concurrent vacuuming of system catalogs alongside updates could lead to catalog corruption, which is a stability and correctness concern related to storage and catalog management."
1812,0857b94ebc0f9ddc,qwen3:30b-a3b,v2,"Storage, vacuum & TOAST",0.95,false,false,"The fix addresses a scenario where filesystem operations for relation truncation fail, leading to potential data corruption. By converting such failures into PANICs, the system ensures consistency through WAL replay, preventing inconsistent disk states."
1813,99375e0f264e8375,qwen3:30b-a3b,v2,"Concurrency, locking & crashes",0.95,true,false,"The fix addresses a race condition during checkpointing and relation truncation, specifically preventing checkpoints from starting while a relation is being truncated to avoid potential data corruption due to missing fsync operations. This is fundamentally about ensuring data integrity during concurrent operations, which falls under backend stability and crash prevention."
1814,c21d24e4762c9e99,qwen3:30b-a3b,v2,"Concurrency, locking & crashes",0.95,false,false,"The fix addresses a file operation issue where using link() and unlink() instead of rename() could lead to multiple links to the same file, risking data corruption. This is fundamentally about backend stability and avoiding crashes or data corruption, not about query execution or security vulnerabilities."
1815,246d526aacea15e2,qwen3:30b-a3b,v2,"Storage, vacuum & TOAST",0.95,false,false,"The fix addresses a concurrency issue where a VACUUM operation might fail to update the pg_database.datfrozenxid during a concurrent REASSIGN OWNED command, which could lead to incorrect database state or potential data integrity issues. This is fundamentally about ensuring correct behavior during concurrent operations on system catalogs, specifically related to the management of transaction ID freezing in the pg_database table."
1816,e4f90d2e119c4561,qwen3:30b-a3b,v2,Execution & correctness,0.95,false,false,"The fix addresses an issue where the tg_updatedcols bitmap, used to track updated columns in triggers, was incorrectly set to reflect columns updated by a prior command in the same transaction, leading to potential incorrect trigger behavior. It also resolves memory bloat from excessive bitmap copies."
1817,fea1ceb9c497d8b1,qwen3:30b-a3b,v2,"Data types, text & collation",0.95,false,false,"The fix addresses an issue where the 'FF n' format code in to_timestamp was misprocessed when an integer format code preceded it, causing all available digits to be consumed by the integer code and leaving none for 'FF n'. This is fundamentally about the behavior of a data type function related to text and timestamp parsing, specifically within the context of format codes for timestamp conversion."
1818,7cf745527a413bf9,qwen3:30b-a3b,v2,"Data types, text & collation",0.95,false,false,"The fix addresses the correct handling of XML namespace names during the deparse process of an XMLTABLE() expression, ensuring they are properly double-quoted to maintain syntactic correctness in the generated SQL."
1819,b7b8feee70a75f4c,qwen3:30b-a3b,v2,"Data types, text & collation",0.95,false,false,"The fix adds the 'ldapscheme' option to the output of pg_hba_file_rules(), which is related to LDAP authentication configuration in PostgreSQL's pg_hba.conf file. This is about the behavior of the authentication configuration parser and output, specifically related to LDAP scheme handling in client authentication rules."
1820,50b28d436674ee2d,qwen3:30b-a3b,v2,"Data types, text & collation",0.95,false,false,"The fix addresses a scenario where UNION operations were being merged without checking for consistent collations, which could lead to incorrect results due to nondeterministic collation behavior affecting uniqueness. This is fundamentally about ensuring correct query results by handling collation consistency in UNION operations."
1821,3411b31391b387ee,qwen3:30b-a3b,v2,Partitioning & inheritance,0.95,false,false,"The fix addresses an issue in partition pruning logic for partitioned tables, specifically ensuring that expression processing is correctly handled during partition pruning steps. This relates to the correct behavior of partitioned table queries, which falls under the 'Partitioning & inheritance' category as it involves partition-level constraints and pruning."
1822,81474007206c11aa,qwen3:30b-a3b,v2,"Storage, vacuum & TOAST",0.95,false,false,"The fix addresses an issue where dshash tables could not grow beyond 1GB, causing allocation errors during transactions processing many tables. This is a memory management limitation, not a security vulnerability or performance improvement."
1823,ccb62a3d5320f41f,qwen3:30b-a3b,v2,"Numeric, overflow & limits",0.95,false,false,"The fix addresses a potential integer overflow in the `bringetbitmap()` function, which is related to numeric handling and arithmetic operations. The note specifies that the result is used for statistical purposes, indicating it's a numeric overflow issue rather than a security vulnerability or performance problem."
1824,bfda3f52a2085083,qwen3:30b-a3b,v2,Replication & recovery,0.95,false,false,"The fix addresses a specific issue in streaming replication where standby servers could enter an infinite loop when processing a WAL record that spans multiple pages, particularly when the continuation of the record is on a page from a different WAL source. This is a replication-related stability issue, not a security or performance fix."
1825,21ef68e2677cddca,qwen3:30b-a3b,v2,"Concurrency, locking & crashes",0.95,false,false,"The fix addresses a scenario where a FATAL error during early process startup incorrectly escalated to a PANIC, which is a more severe error condition. This is a stability issue related to error handling in the backend process, not a security vulnerability or performance improvement."
1826,45924fadba3cd28f,qwen3:30b-a3b,v2,"Data types, text & collation",0.95,false,false,"The fix addresses a dangling reference issue in operator family members and support procedures, ensuring proper dependency management when dropping data types or operator families. This prevents failures during schema operations and ensures correct pg_dump output."
1827,cc4989c5c0be3691,qwen3:30b-a3b,v2,"Concurrency, locking & crashes",0.95,true,false,"The fix addresses multiple memory leaks in logical decoding output, which are memory safety issues that could lead to resource exhaustion or potential security vulnerabilities if exploited."
1828,f475d85582bda7b1,qwen3:30b-a3b,v2,Indexes,0.95,false,false,"The fix addresses a crash caused by a missing check for a failed memory allocation (malloc() failure), which is a stability issue related to memory management and not a security vulnerability or performance improvement. This falls under backend stability not tied to a more specific area, as it involves a crash due to an unhandled memory allocation failure."
1829,22ad793a56adf9cc,qwen3:30b-a3b,v2,"Numeric, overflow & limits",0.95,true,false,"The fix addresses an integer overflow issue that could cause a transaction with a large relation to incorrectly trigger a WAL copy instead of fsync, which is a security and correctness issue related to the WAL handling logic."
1830,b83fe05b6eba6407,qwen3:30b-a3b,v2,"Concurrency, locking & crashes",0.95,false,false,"The fix addresses an unsafe order of operations during cache lookups, which could lead to a warning about not owning a lock of type ExclusiveLock during GRANT TABLESPACE. This is a concurrency issue related to lock management, not a security vulnerability or performance improvement."
1831,6a2991ba18f32749,qwen3:30b-a3b,v2,Build & platform,0.95,false,false,"The fix addresses a potential issue with JIT (Just-In-Time) compilation on older ARM platforms due to inconsistencies in compiler settings between gcc and clang regarding the use of outline atomics. This is a build and platform compatibility issue, not related to security, performance, or other categories."
1832,af322ed340bc598f,qwen3:30b-a3b,v2,Build & platform,0.95,false,false,"The fix addresses an issue where initdb fails when encountering Windows junction points in the data directory path that don't expand to drive absolute paths or point to other junctions. This is fundamentally about the initialization process handling specific Windows filesystem structures, which falls under the 'Build & platform' category as it relates to platform-specific behavior during build or initialization."
1833,68f8806aa61b17ce,qwen3:30b-a3b,v2,Execution & correctness,0.95,false,false,"The fix addresses an assertion failure in WITH RECURSIVE queries involving UNION, which relates to query execution correctness rather than performance or security. This is a correctness issue in the query execution phase, specifically in handling recursive queries with UNION, which falls under the 'Execution & correctness' category."
1834,e958f4083a0ec60a,qwen3:30b-a3b,v2,Execution & correctness,0.95,false,false,"The fix addresses an assertion failure during rule deparsing when a set operation leaf query contains nested set operations, which relates to query rewriting or rule processing during execution."
1835,bd5e1c8e9f74daed,qwen3:30b-a3b,v2,"Concurrency, locking & crashes",0.95,false,false,"The fix addresses an assertion failure during parallel query startup, which relates to backend stability and process crashes, not to query results or performance. This falls under the 'Concurrency, locking & crashes' category as it involves a crash condition in the backend."
1836,00438ea5a700a939,qwen3:30b-a3b,v2,"Concurrency, locking & crashes",0.95,false,false,"The fix addresses a rare assertion failure during relation truncation, which is a backend stability issue related to the execution of a database operation. This does not involve query results, performance, or security vulnerabilities but rather ensures the system does not crash during a specific operation."
1837,c713e167619e4f35,qwen3:30b-a3b,v2,Execution & correctness,0.95,true,false,"The fix addresses a potential issue where a read-write pointer to an expanded object is passed to a data type's equality function within NULLIF(), which could lead to unintended modifications or deletions of the object. This is fundamentally about ensuring correct behavior during execution, specifically avoiding incorrect modifications that could affect query results or stability."
1838,36fb2e7695a565e0,qwen3:30b-a3b,v2,"Concurrency, locking & crashes",0.95,false,false,"The fix addresses memory leaks in PL/Python, specifically when using PLyPlan.execute or plpy.cursor repeatedly within a function. This is a memory management issue, not a security vulnerability or performance improvement."
1839,540d65c9c8fccbad,qwen3:30b-a3b,v2,Planner & optimizer,0.95,false,false,"The fix addresses compatibility with Tcl 9 for the PL/Tcl procedural language, which is a language extension for PostgreSQL. This is about ensuring the extension works correctly with a newer version of the underlying Tcl interpreter."
1840,bb01f615c198d906,qwen3:30b-a3b,v2,Client interfaces,0.95,false,false,"The fix addresses a potential issue in the ECPG preprocessor where cursors might reference variables that are out of scope, which could lead to incorrect behavior or crashes during preprocessing. This is fundamentally about the correctness of the ECPG preprocessor's handling of variable scope in cursor declarations."
1841,e6349528521d27af,qwen3:30b-a3b,v2,Client tools,0.95,false,false,"The fix addresses a compile-time warning in ecpg related to unsupported use of COPY ... FROM STDIN, which is a client-side tool issue. The warning was not being issued due to a typo, so the fix is about ensuring the correct warning is provided for a specific SQL command usage in the client tool."
1842,dfac265cbd2cfa21,qwen3:30b-a3b,v2,Client tools,0.95,false,false,"The fix addresses a specific issue in psql where file path names encoded in SJIS (a Japanese character encoding) were being corrupted due to improper handling of certain two-byte characters that include a backslash in their second byte. This corruption prevented access to files with such names, which is a correctness issue in client tool behavior rather than a security or performance problem."
1843,dd62c893df0573bc,qwen3:30b-a3b,v2,Client tools,0.95,false,false,"The fix addresses a specific issue with the use of an incorrect version of the `pqsignal()` function in pgbench and psql, which affects how interrupted system calls are handled during operations like the `-T` option in pgbench or the `\watch` command in psql. This is a correctness issue related to the behavior of client tools when handling system call interruptions."
1844,b89974bd76fa579c,qwen3:30b-a3b,v2,Client tools,0.95,false,false,"The fix addresses a misexecution issue in pgbench's handling of nested \if constructs, where an \if command inside a false branch was incorrectly processed as if it were an \elif. This is a correctness issue in the behavior of the pgbench tool, specifically related to its script interpreter."
1845,8273b8aa3063d8a2,qwen3:30b-a3b,v2,Client tools,0.95,false,false,"The fix addresses a potential misdisplay of progress messages during table initialization in pgbench, which is a client tool used for benchmarking PostgreSQL. This is a minor UI or logging issue within the client tool, not related to query execution, data correctness, or security."
1846,fbd90e05ffb426f0,qwen3:30b-a3b,v2,Client tools,0.95,false,false,"The fix addresses pg_controldata's handling of corrupted pg_control files, specifically preventing misbehavior when encountering invalid field values like timestamps and negative WAL segment sizes. This is about ensuring the tool doesn't crash or produce incorrect output due to malformed data, which falls under backend stability rather than a security vulnerability."
1847,e33f9581c86a66d0,qwen3:30b-a3b,v2,Client tools,0.95,false,false,"The fix addresses a potential crash in pg_dump when dealing with identity sequences attached to tables that are part of an extension. This is related to the behavior of a client tool (pg_dump) when handling specific database objects (identity sequences within extensions), which falls under the 'Client tools' category."
1848,8dfa1efbc3cba824,qwen3:30b-a3b,v2,Client tools,0.95,false,false,"The fix addresses an issue with pg_basebackup on Windows where it couldn't handle pg_wal.tar files larger than 2GB, which is a limitation in the client tool's file handling capability."
1849,048b7f34dd143216,qwen3:30b-a3b,v2,Build & platform,0.95,false,false,"The fix addresses a compiler configuration issue on ARM platforms, specifically updating the probes to correctly handle compiler switches for CRC instructions, which was causing a fallback to software CRC due to outdated compiler flags."
1850,9cad105619e44d5a,qwen3:30b-a3b,v2,Build & platform,0.95,false,false,"The fix addresses a compiler compatibility issue where PostgreSQL fails to compile with C23 compilers by attempting to switch to C17 standard, which is a build system adjustment rather than a functional or security-related change."
1851,617ff6d58be3a54b,qwen3:30b-a3b,v2,Client interfaces,0.95,true,false,"The fix addresses a flaw in libpq's quoting functions where they failed to respect the string length parameter, potentially causing incorrect output or crashes due to memory access beyond the intended string length. This is a memory safety issue related to buffer handling, not a numeric or overflow problem."
1852,bdd67bc72462cffc,qwen3:30b-a3b,v2,Execution & correctness,0.95,false,false,"The fix addresses a crash caused by incorrect handling of transition tables in triggers on partitioned tables, specifically when both AFTER UPDATE and AFTER DELETE triggers are present. This relates to the execution of triggers and their interaction with partitioned table structures, which falls under the category of execution and correctness."
1853,35b985eab0c8f69b,qwen3:30b-a3b,v2,"Concurrency, locking & crashes",0.95,true,false,"The fix addresses a buffer overread vulnerability in the handling of GB18030-encoded strings, which could lead to a SIGSEGV crash. This is a memory safety issue related to improper handling of invalidly-encoded strings, not a numeric or arithmetic error."
1854,d0739ef547b93551,qwen3:30b-a3b,v2,Partitioning & inheritance,0.95,false,false,"The fix addresses an issue with foreign key constraints on partitioned tables where self-referential constraints were not properly enforced due to missing catalog entries when partitions were created or attached. This is fundamentally about ensuring correct constraint enforcement in partitioned table structures, which falls under the 'Partitioning & inheritance' category."
1855,e142af725897e443,qwen3:30b-a3b,v2,Execution & correctness,0.95,false,false,"The fix addresses errors related to attribute type mismatches when using whole-row table references in UPDATE, DELETE, and MERGE queries involving views or functions in the FROM clause. This pertains to query execution semantics and correctness, specifically ensuring that the types of attributes are correctly handled during these operations."
1856,17614ca94464a1e7,qwen3:30b-a3b,v2,Execution & correctness,0.95,false,false,"The fix addresses a parser issue where references to outer CTE names within a WITH clause attached to DML commands (INSERT/UPDATE/DELETE/MERGE) were not correctly processed, leading to disallowed recursion cases and improper CTE ordering. This is fundamentally about query parsing and semantics, not performance or security."
1857,accd1d1712d89fe9,qwen3:30b-a3b,v2,"Data types, text & collation",0.95,false,false,"The fix addresses the behavior of ARRAY constructors when the input is of type int2vector or oidvector, ensuring the output type matches the expected array type for these vector types. This is about correct data type handling during array construction, not a security issue or performance improvement."
1858,e01754d78bcaafb3,qwen3:30b-a3b,v2,"Data types, text & collation",0.95,false,false,"The fix addresses an issue with parsing Ispell dictionaries, specifically preventing incorrect reports of invalid affixes. This relates to text processing and dictionary handling within the database, which falls under data type and text handling."
1859,2c80ff5721159b82,qwen3:30b-a3b,v2,Execution & correctness,0.95,false,false,"The fix addresses a bug where adding a column of a domain type with a default value did not correctly apply the domain's default to existing rows, resulting in null values instead of the expected default. This is fundamentally about the correct behavior of the ALTER TABLE command when dealing with domain types and their defaults, which falls under the category of execution and correctness."
1860,19893c95e6d6eb71,qwen3:30b-a3b,v2,Execution & correctness,0.95,false,false,"The fix improves the error message when attempting to alter a foreign key constraint in a way that's not allowed, which relates to the correctness of SQL semantics during execution, specifically the behavior of ALTER TABLE operations on foreign key constraints."
1861,1f071d1a2b7ba41d,qwen3:30b-a3b,v2,Execution & correctness,0.95,false,false,"The fix addresses a specific issue with temporary tables marked with ON COMMIT DELETE ROWS, where resetting the relhassubclass flag could cause an error. This relates to the behavior of temporary tables and their metadata during commit operations, which falls under the category of ""Execution & correctness"" as it involves incorrect handling of table state during transaction commit, not a security or performance issue."
1862,faafe22fee7bc80c,qwen3:30b-a3b,v2,Execution & correctness,0.95,false,false,"The fix addresses a scenario where a bitmap heap scan optimization could return dead tuples due to concurrent vacuum operations marking a page all-visible. This is fundamentally about ensuring correct query results during execution, specifically related to the behavior of heap scans and visibility checks."
1863,f428a66e2f11dd0c,qwen3:30b-a3b,v2,Indexes,0.95,false,true,"The fix addresses a performance issue in GIN index search startup when handling a large number of search keys, specifically reducing the time complexity from O(N^2) to a more efficient level. This is a performance improvement related to the GIN index implementation."
1864,634fe545b73c0320,qwen3:30b-a3b,v2,"Concurrency, locking & crashes",0.95,false,false,"The fix addresses a scenario where a BRIN index operator class lacks required support procedures, which previously caused a crash. This is fundamentally about preventing a crash due to missing functionality in an index, falling under backend stability not tied to a more specific area."
1865,4a5f15633c4205d5,qwen3:30b-a3b,v2,"Concurrency, locking & crashes",0.95,false,false,"The fix addresses a race condition in the handling of synchronous_standby_names right after PostgreSQL startup, which could cause backends to fail to wait for synchronous commit when it should be enabled. This is a concurrency issue related to synchronization between backends during startup."
1866,350c7466412777a2,qwen3:30b-a3b,v2,"Concurrency, locking & crashes",0.95,true,false,"The fix addresses a crash in pg_strtof() when a null endptr is provided, which is a memory safety issue related to improper handling of input parameters. This is not a numeric overflow or arithmetic error but a potential buffer overrun or out-of-bounds access."
1867,d5d55fd1f2ef7813,qwen3:30b-a3b,v2,"Data types, text & collation",0.95,false,false,"The fix addresses a crash caused by an out-of-memory condition when using the Snowball stemmer, which is a text processing feature. This is a stability issue related to memory handling, not a security vulnerability or performance improvement."
1868,f7b3e075fc84a0fd,qwen3:30b-a3b,v2,Replication & recovery,0.95,false,false,"The fix addresses a potential data corruption issue during archive recovery by skipping unnecessary WAL recycling and preallocation steps, which were causing WAL files restored from the archive to become corrupted. This is fundamentally about ensuring data integrity during recovery processes, which falls under the 'Replication & recovery' category as it involves WAL handling and recovery procedures."
1869,8fea4d3e2bbb8c1d,qwen3:30b-a3b,v2,Replication & recovery,0.95,false,false,"The fix addresses a potential issue where catalog xmin (a transaction ID used for visibility) was being advanced too quickly during logical decoding, which could lead to vacuuming deleted catalog entries prematurely. This is a correctness issue related to transaction visibility and catalog management, not a security vulnerability or performance improvement."
1870,e69c9de236a54af3,qwen3:30b-a3b,v2,Replication & recovery,0.95,false,false,"The fix addresses a scenario where DDL operations not requiring strong locks fail to update catalog data in WAL, causing logical replication to use outdated catalog information and potentially corrupt data. This is fundamentally about replication consistency and catalog synchronization in logical replication."
1871,a44143df4243948f,qwen3:30b-a3b,v2,Replication & recovery,0.95,false,false,"The fix addresses duplicate snapshot creation during logical replication index lookups, which relates to the efficiency and correctness of logical replication operations. It does not involve security vulnerabilities, performance improvements, or other categories like planner or indexes."
1872,d6b931e49dc0901c,qwen3:30b-a3b,v2,Indexes,0.95,false,false,"The fix addresses an overly-strict assertion in the gistFindCorrectParent() function, which is related to the GiST index access method. Assertions are typically used for debugging and validation, and an overly-strict assertion could cause unnecessary failures or crashes during index operations. This falls under the Indexes category as it pertains to the internal workings of the GiST index."
1873,6905bacab605841e,qwen3:30b-a3b,v2,Execution & correctness,0.95,false,false,"The fix addresses an issue in PL/pgSQL where a scrollable cursor on a simple SELECT expression query caused an unexpected plan node type error. This is about incorrect behavior during query execution related to cursor handling in PL/pgSQL, which falls under execution correctness."
1874,860cf49d1f522f80,qwen3:30b-a3b,v2,Client tools,0.95,false,false,"The fix addresses an issue in pg_dump where it attempts to drop individual index partitions in --clean mode, which the server rejects. This causes errors during restoration in --single-transaction mode, but the partitions would have been dropped anyway when the parent table or index is dropped. The core problem is with the pg_dump tool's behavior, not the server's execution or correctness."
1875,97d6e4739dcaff4b,qwen3:30b-a3b,v2,Client tools,0.95,false,false,"The fix addresses an issue in pg_dumpall where it would emit invalid role GRANT commands when encountering invalid role OIDs in pg_auth_members, instead opting to print a warning and skip the entry to handle catalog corruption from race conditions between GRANT and DROP ROLE."
1876,e319ec84e633f21e,qwen3:30b-a3b,v2,"Concurrency, locking & crashes",0.95,false,false,"The fix addresses the ability to interrupt dblink queries via query cancel, preventing hangs during database creation and deletion due to undetected deadlocks. This relates to concurrency and deadlock handling, not security or performance."
1877,632afc2ebf15583d,qwen3:30b-a3b,v2,"Concurrency, locking & crashes",0.95,true,false,"The fix addresses a crash caused by corrupt input data in the 'heap_page_items()' function of the contrib/pageinspect module, which is related to handling heap page data. This is a stability issue not tied to a specific component like indexing or storage, but rather a crash due to invalid input, falling under backend stability."
1878,d2123043f7daf6be,qwen3:30b-a3b,v2,"Concurrency, locking & crashes",0.95,false,false,"The fix addresses an assertion failure when applying pg_freespacemap() to a relation without storage, such as a view, by adding an error check to reject such cases. This is about preventing a crash or assertion failure in a specific function, not about query results, performance, or security."
1879,5498d1e890a963a2,qwen3:30b-a3b,v2,Build & platform,0.95,false,false,"The fix addresses a build failure on macOS 15.4 due to a configuration probe issue with strchrnul(), which is related to the build system and platform compatibility."
1880,f018d7bb63c7214b,qwen3:30b-a3b,v2,"Concurrency, locking & crashes",0.95,true,false,"The fix addresses security vulnerabilities related to access control and permissions, specifically preventing unauthorized access to statistics data through partitioning, inheritance, and views. It involves tightening security checks to ensure that users cannot bypass permissions on tables or views to access restricted statistics data."
1881,13feeec4164a27f8,qwen3:30b-a3b,v2,Client interfaces,0.95,true,false,"The fix addresses a security vulnerability where pg_dump could potentially allow an attacker to execute shell commands via psql meta-commands during a restore operation, which is a security hardening issue related to preventing unauthorized command execution."
1882,df4750b82b91b2df,qwen3:30b-a3b,v2,Client tools,0.95,true,false,"The fix addresses a vulnerability where object names containing newlines in pg_dump output could inject arbitrary SQL commands, which is a security issue related to input sanitization and command injection. This is not a numeric or performance issue but a security hardening fix."
1883,fa137683bc745872,qwen3:30b-a3b,v2,"Data types, text & collation",0.95,false,false,"The fix reverts a workaround for a libxml2 bug that limited XML input size to 10MB, returning to the previous behavior that did not impose this restriction. This is about handling XML input size limits, which falls under data type and text processing."
1884,2fb737711d1f6e6d,qwen3:30b-a3b,v2,Indexes,0.95,false,false,"The fix addresses a restriction on tables with statement-level triggers becoming partitions or inheritance children, clarifying that the previous check incorrectly blocked such tables despite the lack of a technical issue for statement-level triggers. This is about correct behavior of inheritance and partitioning features, not performance or security."
1885,f439a3f1482a045b,qwen3:30b-a3b,v2,Execution & correctness,0.95,false,false,"The fix addresses a scenario where triggers with transition tables on foreign tables were incorrectly allowed, leading to potential incorrect behavior when a parent table has such a trigger and a child table is a foreign table. The fix explicitly disallows this unsupported case and throws an error."
1886,ab9b8267170520f5,qwen3:30b-a3b,v2,Execution & correctness,0.95,false,false,"The fix addresses a race condition in index creation where concurrent operations might conflict over index names, specifically avoiding conflicts with not-yet-committed pg_class rows. This is fundamentally about ensuring correct behavior during concurrent index creation, which falls under execution and correctness."
1887,8096bd49c56b56c4,qwen3:30b-a3b,v2,"Storage, vacuum & TOAST",0.95,false,false,"The fix addresses a bug where incorrect VACUUM options (TRUNCATE and INDEX_CLEANUP) from one table were mistakenly applied to other tables in a single VACUUM command, which could lead to unintended data management behavior. This is fundamentally about the correct handling of VACUUM command options across multiple tables, falling under the 'Storage, vacuum & TOAST' category as it pertains to vacuum operations and their correct application."
1888,364c61777b0acc29,qwen3:30b-a3b,v2,"Data types, text & collation",0.95,false,false,"The fix addresses an issue in the handling of character classes within SIMILAR TO regular expressions, specifically ensuring that nested square brackets are correctly interpreted as literals rather than metacharacters. This is a correction to the behavior of the regular expression parser, which falls under data type and text handling."
1889,448b91edd8307b6d,qwen3:30b-a3b,v2,Execution & correctness,0.95,false,false,"The fix addresses a syntax issue in query deparsing for FETCH FIRST ... ROWS WITH TIES clauses, ensuring parentheses are added to maintain syntactic validity. This is about correct query representation during deparsing, not performance, security, or other categories."
1890,77d65555d0c4fa99,qwen3:30b-a3b,v2,"Storage, vacuum & TOAST",0.95,false,false,"The fix addresses a potential failure in the checkpointer process due to excessive memory allocation for fsync requests when shared_buffers is very large, preventing an infinite loop by clamping the queue size."
1891,6a24671875487a39,qwen3:30b-a3b,v2,Replication & recovery,0.95,false,false,"The fix addresses a scenario where logical decoding would enter an infinite wait state due to a partially-written WAL record after a server crash, which is a stability issue related to WAL processing and recovery."
1892,f5dfce4843cfab2c,qwen3:30b-a3b,v2,"Data types, text & collation",0.95,false,false,"The fix addresses inconsistent quoting of role names in ACL strings, specifically ensuring non-ASCII characters are consistently quoted in output while maintaining backward compatibility for input. This relates to how ACL strings are formatted and handled, which falls under data type and text handling semantics."
1893,105e531817e1c8fd,qwen3:30b-a3b,v2,"Data types, text & collation",0.95,false,false,"The fix addresses a specific issue with allowing equal signs in relation and foreign-data option names, which creates ambiguity in the stored representation. This is about the correctness of how option names are handled in the system, not about performance, security, or other categories."
1894,ccecf743afd52b02,qwen3:30b-a3b,v2,Indexes,0.95,false,false,"The fix addresses a rare issue in btree index scans where incorrect index entries were marked as dead, which relates to the correctness of index operations. This is not a security or performance issue but a correctness problem in index handling."
1895,2c82a9a3a32fee76,qwen3:30b-a3b,v2,Replication & recovery,0.95,false,false,"The fix addresses an issue where logical replication receiver processes were unnecessarily redistributing cache invalidation messages, causing an exponential increase in message volume and potential memory allocation failures. This is fundamentally about replication behavior and stability, not security or performance."
1896,fba7f24e56c666ad,qwen3:30b-a3b,v2,Replication & recovery,0.95,false,false,"The fix addresses a scenario where WAL segments might be removed prematurely during a checkpoint, causing recovery failure if a crash occurs right after. This is about ensuring WAL retention during critical operations to prevent data loss or recovery issues."
1897,4b008de0c70b7f41,qwen3:30b-a3b,v2,Replication & recovery,0.95,false,false,"The fix addresses a potential issue in replication where a replication client might acknowledge an LSN (Log Sequence Number) that's past the persistent storage, leading to possible data duplication if an older LSN is sent after a restart. The core of the fix is ensuring the replication slot's confirmed-flush position never moves backward, which is critical for maintaining data consistency in replication."
1898,3433effc03cef6e1,qwen3:30b-a3b,v2,Replication & recovery,0.95,false,false,"The fix addresses a scenario where a replication slot creation on a standby server could hang indefinitely waiting for transactions to complete on the primary, and adds a check for query cancellation to allow interruption. This is fundamentally about replication behavior and handling of replication slot creation, which falls under replication and recovery."
1899,cc4c6dd23be3d6ff,qwen3:30b-a3b,v2,Execution & correctness,0.95,false,false,"The fix addresses an issue where toasted fields of system catalogs were being accessed without an active snapshot, which could lead to assertion failures or errors. This is fundamentally about ensuring correct data retrieval during execution, specifically related to system catalog handling and snapshot management."
1900,45f82dea774d4fd2,qwen3:30b-a3b,v2,Execution & correctness,0.95,false,false,"The fix addresses an assertion failure that occurs during updates to cross-table constraints, which relates to the correctness of constraint handling during query execution. This is not a security issue or performance improvement, but rather a correctness problem in how constraints are managed."
1901,adef2daffebe7c68,qwen3:30b-a3b,v2,Execution & correctness,0.95,false,false,"The fix addresses an assertion failure in PortalRunMulti() related to command tags not being determined for empty prepared statements, which is a correctness issue in query execution rather than a security or performance problem."
1902,13fbba73539108c6,qwen3:30b-a3b,v2,Execution & correctness,0.95,false,false,"The fix restores the ability to run PL/pgSQL expressions in parallel, which was unintentionally disabled by a previous bug fix. This relates to the execution of PL/pgSQL code, specifically addressing how expressions are handled during query execution, which falls under the category of ""Execution & correctness"" as it affects the correct behavior of PL/pgSQL expressions in parallel execution contexts."
1903,6452de3a549625fb,qwen3:30b-a3b,v2,"Concurrency, locking & crashes",0.95,true,false,"The fix addresses a memory leak issue in PL/Python error reporting when an out-of-memory condition occurs, specifically preventing failure to drop reference counts on Python objects. This is a memory safety issue related to resource management during error handling."
1904,190d6e028e2ada51,qwen3:30b-a3b,v2,Client interfaces,0.95,false,false,"The fix addresses a behavior in libpq's PQport() function where it incorrectly returned NULL in cases where a port was not specified, deviating from documented behavior. The fix reverts to returning an empty string (or the default port in newer versions), ensuring consistency with expected client library behavior."
1905,5bdc24ef048d4578,qwen3:30b-a3b,v2,Client interfaces,0.95,false,false,"The fix addresses an issue where GSSAPI authentication fails for Active Directory users with many groups due to a packet size limitation, specifically preventing connection failures caused by packets exceeding 16kB. This is a client-side authentication protocol issue related to network communication and protocol handling, not a security vulnerability or performance improvement."
1906,5a1057e61a2b215a,qwen3:30b-a3b,v2,Client interfaces,0.95,false,false,"The fix addresses timing-dependent issues in SSL and GSSAPI data transmission during non-blocking mode, specifically preventing errors related to incomplete data retransmission. This is fundamentally about client-side protocol handling and stability, not security hardening or performance."
1907,d75f610f5ed5daa7,qwen3:30b-a3b,v2,Client interfaces,0.95,false,false,"The fix addresses a null-pointer dereference issue during connection lookup in ecpg applications, which is a stability issue related to backend handling of connections. This is not a security vulnerability but a crash prevention fix."
1908,9a77ffad809a02d4,qwen3:30b-a3b,v2,Client tools,0.95,false,false,"The fix ensures that comments on domain constraints are dumped in a valid order, specifically preventing the comment command from appearing before the constraint creation. This addresses the sequence of operations in the dump process, which is related to the correct generation of SQL commands for domain constraints."
1909,d82cd2e13cf9a6d5,qwen3:30b-a3b,v2,Client tools,0.95,false,false,"The fix addresses an issue in pg_dump where the sorting of database objects was inconsistent for certain object types like rules and constraints, leading to non-deterministic output that made diffing database dumps difficult. This is fundamentally about ensuring consistent and predictable behavior in the output of a client tool, specifically pg_dump, which is part of the client tools category."
1910,a1484209a5b8b847,qwen3:30b-a3b,v2,Client tools,0.95,false,false,"The fix addresses a preflight check in pg_upgrade to detect inconsistent inherited not-null constraints that could cause upgrade failures, which is about schema validation and compatibility during database upgrades."
1911,7572048f704d7e2f,qwen3:30b-a3b,v2,Build & platform,0.95,false,false,"The fix addresses an assertion failure that occurs when 'track_commit_timestamp' is enabled during the initialization of the database cluster (initdb). This is related to the initialization process and the handling of a specific configuration option, which falls under the category of 'Build & platform' as it involves the setup and configuration of the database system during initialization."
1912,0224b30f85eef1a8,qwen3:30b-a3b,v2,Extensions & contrib,0.95,false,false,"The fix addresses a memory leak scenario where an open database connection is not properly closed when an out-of-memory error occurs during connection establishment in the dblink contrib module. This is a resource management issue related to connection handling, not a security vulnerability or performance improvement."
1913,d58022b14864b1f0,qwen3:30b-a3b,v2,Extensions & contrib,0.95,false,false,"The fix addresses an issue where the pg_prewarm contrib module failed to handle very large shared_buffers settings, specifically causing a memory allocation error when shared_buffers exceeded approximately 50 million buffers (400GB). This is fundamentally about the module's ability to manage memory allocation within the context of large buffer settings, which falls under the 'Extensions & contrib' category as it pertains to a contrib module's behavior."
1914,513a21cc6bf3c4b9,qwen3:30b-a3b,v2,Extensions & contrib,0.95,false,false,"The fix addresses a gap in the parameter numbering within the pg_stat_statements extension, which tracks query statistics. This is about ensuring correct internal tracking of parameters for normalized queries, not about security, performance, or other categories."
1915,c70f7998cee6f237,qwen3:30b-a3b,v2,Extensions & contrib,0.95,false,false,"The fix addresses a memory leak in the postgres_fdw extension's DirectModify methods, specifically when a remote modify command fails and the PGresult is not properly freed, leading to a leak that persists for the session. This is a memory management issue, not a security vulnerability or performance improvement."
1916,64d8499ac8576cb7,qwen3:30b-a3b,v2,Build & platform,0.95,false,false,"The fix addresses the ordering of directory searches in the build process, ensuring user-built libraries override system-supplied ones by adjusting the order of compiler/linker flags. This is a build system issue, not related to security, performance, or any runtime behavior."
1917,e40b0bce66b4430e,qwen3:30b-a3b,v2,Build & platform,0.95,false,true,"The fix addresses a configure script issue where Windows-specific CPUID functions were not detected, causing suboptimal CRC computation performance due to missing hardware instruction usage. This is a performance improvement related to build configuration, not a security or correctness issue."
1918,a859d55189188d5e,qwen3:30b-a3b,v2,Build & platform,0.95,false,false,"The fix addresses a build failure related to the PAM authentication API inconsistency on Solaris platforms, specifically resolving a compiler warning that became an error with GCC 14. This is a platform-specific build issue, not related to security, performance, or functional correctness of the database."
1919,cfd0422e20fd6adb,qwen3:30b-a3b,v2,Build & platform,0.95,false,false,"The fix addresses portability issues related to specific system assumptions (IOV_MAX and O_RDONLY) on the GNU Hurd operating system, which is a non-standard platform for PostgreSQL. This is not about security, performance, or a specific functional area like query execution or storage, but rather about adapting the code to work correctly on a different OS platform."
1920,e2a4acbbeeb9ecf1,qwen3:30b-a3b,v2,Build & platform,0.95,false,false,"The fix addresses the usage of memset_s() to conform to the C11 standard, which is a change in code compliance rather than a functional or security issue. It does not relate to query execution, performance, or security vulnerabilities but rather to adhering to a specific standard for portability."
1921,6b1f28b0f1b821b1,qwen3:30b-a3b,v2,"Data types, text & collation",0.95,false,false,"The fix addresses compiler warnings related to uninitialized values in the JSONB comparison code, which is a correctness issue in the data type handling. This is not a security vulnerability but a code quality improvement to prevent potential undefined behavior."
1922,9c9201cae1a3b668,qwen3:30b-a3b,v2,Build & platform,0.95,false,false,"The fix addresses deprecation warnings during the build process when using libxml2 version 2.14 or later, which relates to compatibility with a newer library version. This is not a security or performance issue but rather a build-time adjustment to maintain compatibility."
1923,0d15755e3fc9ba3a,qwen3:30b-a3b,v2,Build & platform,0.95,false,false,"The fix addresses a compilation issue with pg_locale.h when included in C++ code, specifically by handling C++-only declarations in libicu headers. This is a build-related issue, not a security or performance fix."
1924,400dc2c3df4451ec,qwen3:30b-a3b,v2,"Numeric, overflow & limits",0.95,true,false,"The fix addresses a missing privilege check for schema creation in the CREATE STATISTICS command, which allowed table owners to create statistics in any schema, potentially causing naming conflicts. This is a security issue related to access control."
1925,c918a4c8f813544b,qwen3:30b-a3b,v2,Client interfaces,0.95,true,false,"The fix addresses integer overflow in memory allocation calculations within libpq, which could lead to buffer overruns and potential security vulnerabilities. This is fundamentally a security hardening issue due to the memory-safety weakness."
1926,40d66cd283206d0d,qwen3:30b-a3b,v2,"Data types, text & collation",0.95,false,false,"The fix addresses a specific corner case in the handling of character classes within SIMILAR TO regular expressions, where an escape sequence followed by a closing bracket was incorrectly processed. This is about the correct interpretation of regex patterns in SQL, falling under data type and text handling."
1927,c0b8faf5a4254f7e,qwen3:30b-a3b,v2,Planner & optimizer,0.95,false,false,"The fix addresses an issue where the parser for aggregate functions incorrectly handled sub-selects referencing CTEs outside the aggregate, causing planner or executor errors. This is fundamentally about query planning and optimization, specifically how the planner interprets the semantic level of CTE references within aggregates."
1928,280d31649f870d4e,qwen3:30b-a3b,v2,Planner & optimizer,0.95,false,false,"The fix addresses an issue in cost estimation for SubPlan, specifically handling corner cases where a relation entry is missing for a relid. This relates to query planning and optimization, as it involves cost estimation during the planning phase."
1929,284c08a48bb9d7a2,qwen3:30b-a3b,v2,Indexes,0.95,false,false,"The fix removes a faulty assertion in btree index cleanup, which relates to the internal correctness of the btree index implementation. Assertions are typically used for debugging and should not cause crashes in production, but a faulty assertion could lead to unexpected behavior or crashes during index maintenance operations."
1930,bd2fc42c6f90fad3,qwen3:30b-a3b,v2,Indexes,0.95,false,false,"The fix addresses a bug in GIN index scans where the order of scan conditions could lead to an infinite loop, specifically when conditions that reject non-matching entries (like a tsquery clause with !term) are improperly ordered. This is fundamentally about the correctness of index access methods, particularly GIN indexes, and how they handle multiple scan conditions."
1931,4cc3fe35cfb874c2,qwen3:30b-a3b,v2,Indexes,0.95,false,false,"The fix ensures that GIN index scans can be canceled by adding interrupt checks in long-running code paths, addressing a potential issue where scans might not respond to cancellation requests. This is fundamentally about ensuring correct behavior during execution, specifically related to index scans and their ability to handle interrupts without hanging."
1932,8215eebdd16003ce,qwen3:30b-a3b,v2,Indexes,0.95,false,false,"The fix addresses an issue where BRIN autosummarization failed for indexes with expressions, leaving placeholder tuples that caused index bloat. This is fundamentally about index management and correctness, specifically related to BRIN index behavior and its internal handling of index expressions."
1933,11d9717c5fafecf3,qwen3:30b-a3b,v2,"Numeric, overflow & limits",0.95,false,false,"The fix addresses an integer overflow issue in BRIN index scans that could cause infinite loops or unnecessary page scanning when dealing with large tables. This is a numeric overflow problem in the context of index handling, not a security vulnerability or performance issue."
1934,ffd68a04c958b3db,qwen3:30b-a3b,v2,Execution & correctness,0.95,false,false,"The fix addresses an inconsistency in how small integer data types are represented during JIT-generated tuple deforming, specifically correcting zero-extension to match sign-extension behavior seen in non-JIT code. This is a correctness issue in the execution phase, not a security or performance fix."
1935,7f5485ac671e1839,qwen3:30b-a3b,v2,Execution & correctness,0.95,false,false,"The fix addresses a missing recheck of a condition on ctid during concurrent updates, specifically for TID Scan and TID Range Scan plan nodes, which could lead to inconsistent behavior depending on the plan type selected. This is fundamentally about ensuring correct query execution semantics under concurrency, not about performance or security."
1936,6035f0dfdeebdab2,qwen3:30b-a3b,v2,"Concurrency, locking & crashes",0.95,false,false,"The fix addresses a crash caused by improper handling of foreign or custom joins in the EvalPlanQual (EPQ) mechanism, which is part of query execution. This is a backend stability issue not tied to a more specific area, falling under 'Concurrency, locking & crashes'."
1937,5699f70d5a730035,qwen3:30b-a3b,v2,Partitioning & inheritance,0.95,false,false,"The fix addresses a case where generated columns were incorrectly allowed in partition keys, which is a correctness issue related to the partitioning system. The problem was that the check for disallowing generated columns in partition keys was incomplete, leading to potential invalid configurations."
1938,adec3f1f475cd135,qwen3:30b-a3b,v2,Execution & correctness,0.95,false,false,"The fix addresses an issue where generated columns were incorrectly referenced in the WHERE clause of a COPY ... FROM statement, which is invalid because generated columns are not computed until after the WHERE clause is evaluated. This is a correctness issue related to SQL semantics during execution, specifically in the context of COPY operations and generated columns."
1939,269aab2464bf0e57,qwen3:30b-a3b,v2,"Data types, text & collation",0.95,false,false,"The fix addresses an issue where the visibility check for statistics objects in the temporary schema was incorrectly implemented, leading to potential naming and qualification problems in functions like pg_describe_object(). This is fundamentally about ensuring correct behavior of SQL semantics related to object visibility and naming in temporary schemas."
1940,df53e40f5cbd9561,qwen3:30b-a3b,v2,"Concurrency, locking & crashes",0.95,true,false,"The fix addresses a memory leak in hashed subplans where memory consumed by hash functions for tuple hashing was not freed, leading to a query-lifespan memory leak. This is a memory management issue, not a numeric overflow or performance improvement."
1941,1e69326e510f686f,qwen3:30b-a3b,v2,Replication & recovery,0.95,false,false,"The fix ensures that tables used in replication with MERGE or INSERT ... ON CONFLICT DO UPDATE have a REPLICA IDENTITY defined to prevent silent replication breaks, addressing a correctness issue in replication behavior."
1942,4a1597ed247443b6,qwen3:30b-a3b,v2,"Concurrency, locking & crashes",0.95,false,false,"The fix addresses a deadlock scenario that occurs when dropping a subscription while the publisher and subscriber are on the same server, which relates to concurrency and locking mechanisms in replication."
1943,c48bd825c7011629,qwen3:30b-a3b,v2,Replication & recovery,0.95,false,false,"The fix addresses an issue where the replication lag metrics in the pg_stat_replication view were not updating correctly when a standby server's replay LSN stopped advancing. This is about the accuracy of replication status reporting, which falls under replication monitoring and metrics."
1944,a300b35e4d230d42,qwen3:30b-a3b,v2,Replication & recovery,0.95,false,false,"The fix addresses duplicate log messages related to an invalid primary_slot_name setting, which is a logging issue rather than a functional or security problem. It does not involve query execution, security vulnerabilities, or performance improvements."
1945,5e695e477892fc4b,qwen3:30b-a3b,v2,Replication & recovery,0.95,false,false,"The fix addresses a scenario where a replication slot's state file remains as a temporary file after a write failure, causing subsequent write attempts to be blocked until manually cleaned up. This is about ensuring proper cleanup of temporary files in replication slot management, which falls under replication and recovery."
1946,9bad67b483e2bc0d,qwen3:30b-a3b,v2,Replication & recovery,0.95,false,false,"The fix addresses a bug where a standby server's WAL receiver unnecessarily shuts down and restarts during a timeline change, which could disrupt monitoring. This relates to the stability and behavior of the WAL receiver in replication scenarios, specifically during timeline transitions."
1947,344834c878047698,qwen3:30b-a3b,v2,Replication & recovery,0.95,false,false,"The fix addresses a rare issue in logical replication where file number collisions between regular and temporary tables caused transient errors, specifically affecting the replication process and the pg_filenode_relation() function. This is fundamentally about replication behavior and stability, not security or performance."
1948,0348cd187bea3024,qwen3:30b-a3b,v2,Replication & recovery,0.95,false,false,"The fix addresses an assertion failure related to releasing a replication slot in single-user mode, which is a stability issue tied to replication functionality. This does not involve security hardening or performance improvements."
1949,de5329915915e16d,qwen3:30b-a3b,v2,"Concurrency, locking & crashes",0.95,false,false,"The fix addresses a bug in message printing related to checking Windows administrator privileges, which could have caused a crash or garbage output. This is a stability issue not tied to a specific component like execution or concurrency, but rather a backend crash due to improper handling of system call failures."
1950,a1a4556bc747e42a,qwen3:30b-a3b,v2,Build & platform,0.95,false,false,"The fix addresses a startup failure on macOS and BSD due to a semaphore set collision, where the system returns EINVAL instead of EEXIST as expected. This is a platform-specific issue related to system call behavior, not a security vulnerability or performance improvement."
1951,2bec18708b69fc37,qwen3:30b-a3b,v2,"Concurrency, locking & crashes",0.95,true,false,"The fix addresses memory-context-checking warnings in debug builds on 64-bit Windows, which relates to memory safety and stability rather than a specific component like indexes or execution. This is a memory safety issue that could lead to crashes or undefined behavior, so it should be classified under security hardening."
1952,dfcec814dd44acac,qwen3:30b-a3b,v2,Extensions & contrib,0.95,true,false,"The fix addresses a memory leak occurring during SQL error handling in PL/Python, which is a procedural language extension. Memory leaks are not classified under 'Numeric, overflow & limits' but rather under the component affected (PL/Python, an extension), and since it's a memory safety issue, it should be flagged as security hardening."
1953,e14456a124309986,qwen3:30b-a3b,v2,Client interfaces,0.95,false,false,"The fix addresses a platform-specific issue in libpq's GSSAPI logic on Windows, where socket error handling was not correctly implemented, causing connection failures. This is not a security hardening or performance issue but relates to client interface behavior."
1954,396f4d06df53f364,qwen3:30b-a3b,v2,Client tools,0.95,false,false,"The fix addresses a missing feature in pg_dump where security labels on subscriptions and event triggers were not being included in the dump. This is about ensuring that all relevant metadata, including security labels, are correctly captured during the backup process."
1955,b9b0251d117d0613,qwen3:30b-a3b,v2,Client tools,0.95,false,false,"The fix addresses the sorting order of default ACLs and foreign key constraints in pg_dump to ensure consistent ordering, aligning with how other object types are handled. This is about the behavior of a client tool (pg_dump) in maintaining consistent output order for database objects."
1956,de302aa25a0c0ae3,qwen3:30b-a3b,v2,Client tools,0.95,false,false,"The fix addresses an issue in pg_dump where domain constraint comments were not labeled with the correct dependency, potentially causing parallel pg_restore to attempt creating comments before the constraints were restored. This is about ensuring correct dependency ordering during dump and restore operations, which falls under client tools as it involves pg_dump and pg_restore."
1957,bc76b06ff36f04f4,qwen3:30b-a3b,v2,Client tools,0.95,false,false,"The fix addresses pg_restore's behavior regarding comments and security labels for publications and subscriptions when specific restore options (--no-publications or --no-subscriptions) are used, ensuring these commands are skipped during restoration."
1958,abef9c62b228d3bf,qwen3:30b-a3b,v2,Client tools,0.95,false,false,"The fix addresses errors in the data compression logic within pg_dump and pg_restore, specifically related to error checking and portability issues on big-endian hardware. This is not a security or performance issue but rather a correctness problem in the client tool's implementation."
1959,2f77a3a2fc583cee,qwen3:30b-a3b,v2,Client tools,0.95,false,false,"The fix addresses pgbench's behavior when encountering a COPY operation, which it does not support, by changing it from an infinite loop to a clean error. This is about client tool behavior and correctness, not security or performance."
1960,a99f966b03309e53,qwen3:30b-a3b,v2,Client tools,0.95,false,false,"The fix addresses an issue in pgbench where it incorrectly reported error messages when two successive PQgetResult calls failed, which is a client tool behavior issue related to error handling in the command-line utility."
1961,395e8345a79c1aa9,qwen3:30b-a3b,v2,"Numeric, overflow & limits",0.95,false,false,"The fix ensures that functions in contrib/pg_buffercache can be canceled by checking for interrupts during long-running code paths, addressing a potential issue where operations might not respond to cancellation requests."
1962,364f77f9b74ef9eb,qwen3:30b-a3b,v2,Extensions & contrib,0.95,false,false,"The fix addresses a privilege check issue in the pg_prewarm contrib module, where it incorrectly required SELECT privilege on indexes (which don't have their own privileges) instead of checking the underlying table's privileges. This is about correct privilege handling for a specific feature, not a security vulnerability or performance issue."
1963,a597a6beb755747f,qwen3:30b-a3b,v2,Indexes,0.95,false,false,"The fix addresses robustness issues in the pgstattuple contrib module when handling index pages, specifically ensuring that all-zero pages are treated as free space and invalid pages are ignored instead of causing errors. This is about improving the module's behavior with invalid or empty data, not about security, performance, or other categories."
1964,ede1ca13e716c7aa,qwen3:30b-a3b,v2,"Concurrency, locking & crashes",0.95,true,false,"The fix addresses a memory barrier issue in the code that affects compiler behavior on specific architectures, specifically ensuring proper memory ordering for Clang on RISC-V, MIPS, and LoongArch. This is a memory safety concern related to preventing incorrect code generation due to compiler reordering."
1965,1b481dd396366256,qwen3:30b-a3b,v2,Build & platform,0.95,false,false,"The fix addresses a build issue specifically with LLVM version 21 and later, which relates to the build system and compatibility with a specific compiler version."
1966,81cd1ca3e2e8a89a,qwen3:30b-a3b,v2,Build & platform,0.95,false,false,"The fix addresses the PGXS build infrastructure to enable building NLS (Natural Language Support) po files for extensions, which relates to the build process and infrastructure for extensions."
1970,8ce82caa6a34fb50,qwen3:30b-a3b,v2,Indexes,0.95,false,false,"The fix addresses a bug where parallel VACUUM could skip processing certain indexes below a size threshold, leading to index corruption and incorrect query results due to stale references to removed heap entries. This is fundamentally about ensuring correct index maintenance during VACUUM operations, which falls under index correctness and integrity."
1974,0ff177a81e8d6477,qwen3:30b-a3b,v2,Execution & correctness,0.95,false,false,"The fix addresses a scenario where dropping a role could leave it owning objects if the database was cloned from a template with non-builtin objects, potentially causing ownership issues. This is fundamentally about incorrect behavior in role management during database cloning, which falls under the category of 'Execution & correctness' as it relates to the rewriter or object ownership semantics during database operations."
1976,0f56b4580b64df78,qwen3:30b-a3b,v2,Execution & correctness,0.95,true,false,"The fix addresses a memory management issue where an element of the parse tree was incorrectly freed during the creation of a range type, potentially leading to corruption or issues with later event triggers or plan cache usage. This is a memory safety issue related to improper memory handling, not a numeric or arithmetic error."
1981,a0f63304fff4bbfd,qwen3:30b-a3b,v2,Execution & correctness,0.95,false,false,"The fix addresses an issue where the wrong hash equality operator was being selected for Memoize plans, which could lead to crashes or incorrect query results. This is fundamentally about query execution correctness, as it involves the rewriter or execution phase producing wrong outcomes due to an incorrect operator choice."
1988,32b2e37093faeaf0,qwen3:30b-a3b,v2,Planner & optimizer,0.95,false,false,"The fix addresses an issue where EXPLAIN could not properly display a filter condition attached to a WorkTableScan node within a RecursiveUnion structure, which relates to query planning and execution output formatting rather than query correctness or performance."
1995,61ff3c6d2ce9aab0,qwen3:30b-a3b,v2,Indexes,0.95,false,false,"The fix addresses an assertion failure during insertion of NaN values into BRIN indexes for float types, which is a stability issue related to index handling rather than a security or performance problem."
1996,436cc4757e62c7f7,qwen3:30b-a3b,v2,"Numeric, overflow & limits",0.95,false,false,"The fix addresses the autovacuum launcher process's responsiveness to memory context logging requests, which relates to backend stability and process behavior rather than query execution, data types, or storage management. It does not involve security vulnerabilities or performance improvements as the primary focus."
1997,967ff3ccdc636466,qwen3:30b-a3b,v2,Extensions & contrib,0.95,false,false,"The fix addresses a memory leak in HMAC hash calculations, which is a resource management issue rather than a security vulnerability or performance improvement. Memory leaks are not classified under 'Numeric, overflow & limits' but fall under the component affected, which in this case is related to cryptographic operations. Since it's a memory leak and not a security vulnerability like buffer overruns, it does not trigger is_security_hardening."
1999,879fc8c7e89488b8,qwen3:30b-a3b,v2,Execution & correctness,0.95,false,false,"The fix addresses a bug in PL/pgSQL's RETURN QUERY statement where it incorrectly disallowed non-SELECT queries like UPDATE RETURNING, and also fixed a variant (RETURN QUERY EXECUTE) that lacked proper query-type checks. This is fundamentally about the correct behavior of SQL semantics within PL/pgSQL, specifically ensuring that the statement accepts valid tuple-returning queries as intended."
2005,791f9a21f79ea7f3,qwen3:30b-a3b,v2,"Storage, vacuum & TOAST",0.95,false,false,"The fix prevents pg_amcheck from checking temporary relations and invalid or not-ready indexes, which is about ensuring the tool only operates on valid, consistent database objects to avoid unnecessary or misleading checks."
2006,52d675f06d134f58,qwen3:30b-a3b,v2,Indexes,0.95,false,false,"The fix addresses the behavior of the amcheck contrib module on standby servers, specifically skipping unlogged tables because they are empty on standbys. This is about ensuring correct behavior of a contrib module in a replication context, not about security, performance, or a core functionality like query execution or storage."
2010,9a9d1aa837fcdcd0,qwen3:30b-a3b,v2,Build & platform,0.95,false,false,"The fix ensures that TAP tests can locate built programs during testing by adding the module's directory to the PATH environment variable, which is a build and test environment adjustment."
2013,82a81e362cb29335,qwen3:30b-a3b,v2,"Storage, vacuum & TOAST",0.95,false,false,"The fix addresses a rare scenario where VACUUM could corrupt HOT chains by improperly handling recently-dead tuples during page pruning, leading to potential index corruption if a tuple slot is reused. This is fundamentally about storage and vacuum management, not a security or performance issue."
2014,bb8eb89df5425d39,qwen3:30b-a3b,v2,Indexes,0.95,false,false,"The fix addresses a crash occurring during rechecks in EvalPlanQual for tables that have a combination of local and foreign partitions. This is a stability issue related to partitioned table handling, specifically involving foreign partitions and their interaction with local partitions during query execution."
2015,01065bca99e825fc,qwen3:30b-a3b,v2,"Concurrency, locking & crashes",0.95,false,false,"The fix addresses a dangling pointer issue in the COPY TO command, which could lead to incorrect error messages or crashes. This is a stability issue related to memory management, not a security vulnerability or performance improvement."
2017,92e680643ed28388,qwen3:30b-a3b,v2,"Concurrency, locking & crashes",0.95,true,false,"The fix addresses a crash caused by incorrect handling of alignment padding during multirange extraction, which is a memory safety issue related to variable-length data types. This is not a numeric overflow or arithmetic error but a memory access problem."
2018,ebf06d9338f8503a,qwen3:30b-a3b,v2,"Data types, text & collation",0.95,false,false,"The fix addresses an issue where hashing was being used incorrectly for anonymous RECORD data types, leading to errors about missing hash functions. This is fundamentally about data type handling and the correct behavior of hash functions for specific data types, which falls under the 'Data types, text & collation' category."
2021,46d86cef1f279461,qwen3:30b-a3b,v2,Planner & optimizer,0.95,false,false,"The fix addresses an issue in the Memoize plan node's handling of subplans that depend on parameters from higher-level queries, which is a core aspect of query planning and optimization."
2022,09180d51dcd0d9db,qwen3:30b-a3b,v2,Planner & optimizer,0.95,false,false,"The fix addresses an issue in the Memoize plan nodes, specifically ensuring they work correctly with non-hashable join operators. This relates to query planning and optimization, as Memoize is a planning mechanism that affects how queries are executed. The fix is about ensuring correct behavior in the planner, not about security, performance, or other categories."
2029,b9f926dfd815edbc,qwen3:30b-a3b,v2,Replication & recovery,0.95,false,false,"The fix ensures that the replication origin timestamp is correctly set during the replication of a ROLLBACK PREPARED operation, which is a specific behavior related to replication consistency and timing."
2038,f5cb0b15d423b032,qwen3:30b-a3b,v2,Indexes,0.95,false,false,"The fix addresses an issue where SP-GiST indexes fail to function correctly when the indexed column's data type is binary-compatible with the operator class's declared input type, specifically resolving a failure related to the 'compress method must be defined' error. This is fundamentally about index behavior and correctness, not security or performance."
2040,9bf137259be7400d,qwen3:30b-a3b,v2,Execution & correctness,0.95,false,false,"The fix addresses a memory leak during updates to expression indexes, which is a stability issue related to memory management during query execution. This is not a security vulnerability but a resource management problem."
2044,7c0dfd8b796c9ac0,qwen3:30b-a3b,v2,Client interfaces,0.95,false,false,"The fix addresses a behavior where a log message intended for the server log was incorrectly sent to the client due to a high client_min_messages setting, which could cause a protocol violation. This is about ensuring correct message routing in the client-server communication, not a security or performance issue."
2046,dbe9b5f312ea4469,qwen3:30b-a3b,v2,Execution & correctness,0.95,false,false,"The fix addresses the display of function parameters within an INSERT ... SELECT statement when listing a SQL-standard function body, ensuring named parameters are shown correctly instead of as $N. This is about correct SQL semantics during execution, specifically related to how function parameters are represented in the output."
2053,4261cf95bf065455,qwen3:30b-a3b,v2,Client tools,0.95,false,false,"The fix addresses the sorting order of extended statistics objects in the psql command's \d output, specifically changing it from sorting by OID to sorting by name. This is a change in the user-facing output behavior of a client tool, not related to query execution, data storage, or security."
2055,a271b7c7959e0589,qwen3:30b-a3b,v2,Client tools,0.95,false,false,"The fix addresses issues with the psql '\copy' command and pg_recvlogical when using the terminal as a data source or destination on Windows, specifically related to terminal handling in these tools."
2062,939e9b785e352d98,qwen3:30b-a3b,v2,Extensions & contrib,0.95,false,false,"The fix addresses edge cases in postgres_fdw's handling of asynchronous queries, which could cause crashes or incorrect results during parallel scans of foreign tables. This relates to the behavior of a specific extension (postgres_fdw) affecting query execution correctness."
2064,de22f2ce4f796aef,qwen3:30b-a3b,v2,Build & platform,0.95,false,false,"The fix addresses a configuration issue where the build process incorrectly assumed the absence of /dev/urandom on the target system, which is required for cross-compilation without OpenSSL. This is a build system concern related to platform compatibility and configuration assumptions."
2072,9848250de8ee4520,qwen3:30b-a3b,v2,"Numeric, overflow & limits",0.95,false,false,"The fix addresses a rounding error in the EXTRACT() function when processing interval values, specifically related to the calculation involving DAYS_PER_YEAR. This is a numeric precision issue in the handling of interval arithmetic, not a security or performance problem."
2073,95e234a375d62320,qwen3:30b-a3b,v2,"Concurrency, locking & crashes",0.95,false,false,"The fix addresses a potential issue where calling `pg_stat_get_replication_slot(NULL)` could lead to undefined behavior or crashes, as the function was not marked as strict in the catalog. This is a defensive programming measure to prevent invalid input from causing crashes, which falls under backend stability not tied to a more specific area."
2076,56773dad661c0564,qwen3:30b-a3b,v2,Planner & optimizer,0.95,false,false,"The fix addresses a planner issue where a Result node under an Append node caused crashes due to unrecognized node types, which is fundamentally about query planning and optimization."
2077,b209ab0c34f5d948,qwen3:30b-a3b,v2,Planner & optimizer,0.95,false,false,"The fix addresses a planner failure caused by a duplicate CTE name in a recursive WITH query with SEARCH or CYCLE features, which is a query planning issue related to the structure and handling of recursive common table expressions."
2083,2fd971f20d3be5e1,qwen3:30b-a3b,v2,Indexes,0.95,false,false,"The fix addresses a specific issue where the system incorrectly identified an index associated with a foreign key constraint as belonging to a unique or primary key constraint, leading to errors during ALTER TABLE operations. This is fundamentally about the correct handling of index ownership in the context of constraints, which falls under the category of Indexes."
2086,7ffdd48b82cc3bb9,qwen3:30b-a3b,v2,Indexes,0.95,false,false,"The fix addresses a missing fsync operation after building a GiST index, which could lead to index corruption on a system crash. This is a stability issue related to index building and recovery, not a security vulnerability or performance improvement."
2091,28bf419ad822b34b,qwen3:30b-a3b,v2,"Data types, text & collation",0.95,false,false,"The fix allows underscores as the first character in custom parameter names, which relates to the syntax or semantics of parameter naming in PostgreSQL. This is about data type or syntax handling, not performance, security, or other categories."
2092,38c1fd35e65ff3c7,qwen3:30b-a3b,v2,Planner & optimizer,0.95,false,false,"The fix adds a regression test option for the compute_query_id parameter, specifically to allow query IDs to be computed without being displayed in EXPLAIN output for testing purposes. This is about enabling better testing capabilities within the query planning and execution process, without affecting the actual query results or behavior."
2094,ccbcb411cc6ec586,qwen3:30b-a3b,v2,Replication & recovery,0.95,false,true,"The fix addresses the checkpointer's responsiveness to backend sync requests by improving how it handles latch events, which is related to backend coordination and performance under load."
2101,8e017eab6a938bdc,qwen3:30b-a3b,v2,"Concurrency, locking & crashes",0.95,false,false,"The fix addresses a scenario where a server process missing a timer interrupt would permanently fail to detect timeouts, leading to potential session issues. This is fundamentally about backend stability and process behavior, not a security vulnerability or performance improvement."
2105,afaff51589486efc,qwen3:30b-a3b,v2,Client tools,0.95,false,false,"The fix addresses a regression in psql, pg_dump, and pg_amcheck where patterns containing multiple dots (e.g., database.schema.table) were incorrectly ignored after a refactoring in version 14. The fix reinstates the previous behavior but adds a validation step to ensure the first fragment matches the current database name."
2110,cad26aafd33e0d30,qwen3:30b-a3b,v2,Extensions & contrib,0.95,false,false,"The fix addresses a specific behavior in the postgres_fdw extension where batch insertion could cause issues with BEFORE INSERT triggers that expect to see previously inserted rows. The problem arises because batch insertion might not make rows visible to the trigger immediately, leading to unexpected behavior. This is fundamentally about the interaction between a feature (batch insertion) and trigger semantics in a foreign table, which falls under the extension's functionality."
2112,da968918d716d43f,qwen3:30b-a3b,v2,Build & platform,0.95,false,false,"The fix addresses a configuration issue related to platform-specific header files, specifically handling cases where one header (sys/epoll.h) is present but another (sys/signalfd.h) is missing. This is a build-time adjustment to ensure compatibility across different operating systems."
2115,acd48ebe429c96ed,qwen3:30b-a3b,v2,Build & platform,0.95,false,false,"The fix addresses a build-time dependency issue in libpq, specifically preventing OpenSSL from being incorrectly listed as a dependency when OpenSSL is not being used during the build. This is a build system adjustment, not related to runtime behavior, security, or performance."
2120,6e747e8529326c0d,qwen3:30b-a3b,v2,Indexes,0.95,false,false,"The fix addresses a bug where indexes created or rebuilt with the CONCURRENTLY option could miss indexing rows updated during the build, leading to potential index corruption. This is fundamentally about index correctness and behavior during concurrent index operations."
2121,32db2d6ae608ac36,qwen3:30b-a3b,v2,"Concurrency, locking & crashes",0.95,true,false,"The fix addresses a potential crash in the Memoize plan node when using non-deterministic equality functions, which could lead to inconsistent results or crashes. This is fundamentally about preventing crashes due to inconsistent behavior in equality functions, falling under backend stability not tied to a more specific area."
2122,05d203ae686ec301,qwen3:30b-a3b,v2,Planner & optimizer,0.95,false,true,"The fix addresses incorrect cost estimates for Memoize plans, which affects query planning and optimization decisions, leading to suboptimal plan choices or performance issues due to unnecessary hash table initialization."
2123,fcb4263eff61613d,qwen3:30b-a3b,v2,Execution & correctness,0.95,false,false,"The fix addresses an issue where a whole-row variable references a function returning a domain over a composite type, which relates to how SQL semantics handle composite types and domain constraints during query execution."
2124,f34b17bc42c97f21,qwen3:30b-a3b,v2,Planner & optimizer,0.95,false,false,"The fix addresses a planner error related to a sub-SELECT referenced in a GROUPING function, specifically when pulling up a subplan. This involves query planning and optimization logic, as it pertains to how the planner handles subqueries and grouping functions."
2125,ccdeafb37933ceaf,qwen3:30b-a3b,v2,Execution & correctness,0.95,false,false,"The fix addresses a potential issue in pg_stat_get_subscription() where it might return an extra row with garbage values, which relates to the correctness of the function's output during execution."
2126,1de66cf8a58fdd0d,qwen3:30b-a3b,v2,"Data types, text & collation",0.95,false,false,"The fix addresses an error in encoding validation during COPY FROM operations when the database uses SQL_ASCII and the client uses a multi-byte encoding, preventing false error messages about invalid input data."
2127,730c4dc51e98b03b,qwen3:30b-a3b,v2,"Concurrency, locking & crashes",0.95,false,false,"The fix addresses a crash condition caused by an excessive number of column aliases in XMLTABLE or JSON_TABLE constructs, which relates to backend stability and error handling during query execution."
2128,36b81f4eeec269a1,qwen3:30b-a3b,v2,"Data types, text & collation",0.95,false,false,"The fix addresses the display of auto-generated column aliases in view or rule definitions, ensuring that these aliases are shown when they could be referenced elsewhere, which was previously hidden and caused issues in restoring view or rule definitions."
2129,e357b9838be1d5a2,qwen3:30b-a3b,v2,Execution & correctness,0.95,false,false,"The fix addresses a missing event trigger notification when an operator family is implicitly created by a CREATE OPERATOR CLASS statement, which is a correctness issue in how event triggers interact with operator family creation."
2130,d45d965adda08f84,qwen3:30b-a3b,v2,Replication & recovery,0.95,false,false,"The fix addresses an issue where the control file's last-checkpoint fields were incorrectly updated during a restartpoint while promoting a standby server, which could cause a PANIC and prevent restart after a crash. This is fundamentally about ensuring correct behavior during replication and recovery processes, specifically related to control file management during promotion."
2131,80c495978c9c0b51,qwen3:30b-a3b,v2,Replication & recovery,0.95,false,false,"The fix addresses a timeout issue in logical replication where large transactions on the primary server might not send data to the standby, causing the standby to time out due to lack of activity. The solution involves sending periodic keepalive messages to prevent the timeout."
2132,108d44930acb217d,qwen3:30b-a3b,v2,Client tools,0.95,false,false,"The fix addresses an open-file leak when reading an invalid timezone abbreviation file, which is a resource management issue related to file handling. This does not involve security vulnerabilities like buffer overruns but rather a resource leak that could lead to resource exhaustion or warnings."
2133,77b447218a41cf5c,qwen3:30b-a3b,v2,Client interfaces,0.95,false,false,"The fix addresses a crash that occurred when processing custom server parameters with NULL short descriptions, which is a stability issue related to handling NULL values in server configuration parameters. This is not a security vulnerability or performance issue, but rather a correctness problem in how the server handles NULL descriptions for custom parameters."
2134,6f814f2042d84fad,qwen3:30b-a3b,v2,Client interfaces,0.95,false,false,"The fix addresses an unnecessary file-ownership check in libpq's SSL key handling, which was incorrectly mirroring server-side behavior. This is a client-side protocol and security handling issue, not a performance or numeric problem."
2135,3b685ea43f1373b1,qwen3:30b-a3b,v2,Client tools,0.95,false,false,"The fix addresses a specific issue where the ECPG client tool mishandled a libpq error related to server connection loss, causing either a null string to be printed or a crash. This is fundamentally about the client tool's error handling behavior, not a security vulnerability or performance issue."
2136,0bd80261121cf5e0,qwen3:30b-a3b,v2,"Concurrency, locking & crashes",0.95,false,false,"The fix addresses a crash caused by misprocessing a libpq error result (lost connection), which is a backend stability issue not tied to a specific component like query execution or storage. This is a crash due to improper error handling, falling under backend stability."
2137,b48f028d784c1cd4,qwen3:30b-a3b,v2,Planner & optimizer,0.95,false,false,"The fix adjusts a PL/Perl test case to be compatible with Perl 5.36, addressing a compatibility issue with a newer version of Perl. This is not related to security, performance, or any of the core PostgreSQL functionality categories but rather to the compatibility of a procedural language extension with a specific Perl version."
2138,978f295c15c969d2,qwen3:30b-a3b,v2,Build & platform,0.95,false,false,"The fix addresses a build-time issue where PostgreSQL incorrectly uses an outdated libldap_r library when multiple OpenLDAP installations exist, which is a build system or platform compatibility problem."
2146,6eb45246a0ba844c,qwen3:30b-a3b,v2,"Numeric, overflow & limits",0.85,false,false,"The fix addresses a permissions-checking issue related to extended statistics, where users with partial SELECT permissions on a table were encountering errors due to incorrect code handling. This is about ensuring correct access control behavior, not a security vulnerability in the traditional sense but a correctness issue in permissions handling."
2147,27272efc23f2cb2e,qwen3:30b-a3b,v2,Planner & optimizer,0.95,false,false,"The fix addresses an issue where the extended statistics machinery failed to handle MCV-type statistics on boolean-valued expressions, causing queries with such expressions in the WHERE clause to fail. This is fundamentally about the correct handling of statistics for query planning, specifically related to how statistics are collected and used for boolean expressions."
2150,b828cc229a266986,qwen3:30b-a3b,v2,Execution & correctness,0.95,false,false,"The fix addresses the ability to cancel the ANALYZE command during the computation of extended statistics, specifically when it involves a long-running sort operation that was previously un-cancellable. This is about improving user control over long-running operations without causing crashes or incorrect results."
2153,cfac6eb8ea7d125c,qwen3:30b-a3b,v2,"Data types, text & collation",0.95,false,false,"The fix addresses the handling of a zero-dimensional array argument in the trim_array() function, which is related to array data type behavior and semantics. This is not a security issue or performance improvement, but rather a correction in how array data types are processed."
2163,aa1bbcdcc5448c9f,qwen3:30b-a3b,v2,"Concurrency, locking & crashes",0.95,false,false,"The fix addresses an assertion failure related to the configuration parameter 'min_dynamic_shared_memory', which is a system setting affecting shared memory allocation. This is a stability issue tied to backend behavior, not a security vulnerability or performance improvement."
2165,be971ab83be0774e,qwen3:30b-a3b,v2,Client interfaces,0.95,false,false,"The fix addresses issues in libpq's handling of idle states during pipeline mode, specifically preventing warnings about unexpected messages and ensuring correct handling of NULL results from PQgetResult(). This is about client-side library behavior, not security or performance."
2169,7717e0e59338bc2b,qwen3:30b-a3b,v2,Client tools,0.95,false,false,"The fix addresses a specific issue in pg_upgrade where it fails to detect non-upgradable usages of functions with the 'anyarray' type signature, which was changed to 'anycompatiblearray' in version 14. This is about ensuring compatibility during upgrades by detecting and reporting problematic user-defined aggregates or operators that reference the old function signature."
2172,5008e6cf23e358e0,qwen3:30b-a3b,v2,Indexes,0.95,false,false,"The fix addresses a limitation in the postgres_fdw extension where batch insertions could not properly handle WITH CHECK OPTION constraints, which are used to enforce data integrity on foreign tables. This is a correctness issue related to how the extension processes insert operations under specific constraints."
2173,06e102a85d1ee518,qwen3:30b-a3b,v2,Extensions & contrib,0.95,false,false,"The fix addresses a failure in the postgres_fdw extension to detect when an asynchronous data fetch query fails to send, which is a correctness issue in the extension's behavior."
2177,77f9a8cacfcbadd4,qwen3:30b-a3b,v2,"Concurrency, locking & crashes",0.95,false,false,"The fix addresses a system-specific issue with the use of signalfd() on illumos systems, which causes hangs and kernel panics. This is a stability issue related to backend crashes or system-level behavior, not a security vulnerability or performance improvement."
2182,fd0f9e26e670c097,qwen3:30b-a3b,v2,Planner & optimizer,0.95,false,false,"The fix addresses an issue where EXPLAIN VERBOSE fails when used with a query that employs SEARCH BREADTH FIRST and constant initial values. This relates to the correct execution and output of query planning and explanation, specifically within the context of query planning and optimization."
2204,ecc072ea3032eb15,qwen3:30b-a3b,v2,Client interfaces,0.95,false,false,"The fix addresses an issue in libpq related to handling the single-row mode when pipelining is active, specifically ensuring the single-row flag is reset at the correct time. This is about the correct behavior of the client interface library, not a security or performance issue."
2220,686decadeae8a915,qwen3:30b-a3b,v2,Execution & correctness,0.95,false,false,"The fix addresses an issue where a WITH RECURSIVE CTE with a CYCLE clause could not access its output column due to a cache lookup failure for type 0. This is fundamentally about the correct behavior of recursive CTEs, specifically the handling of output columns within the CTE structure, which falls under query execution semantics."
2221,266bd8a8f8e10ee1,qwen3:30b-a3b,v2,Execution & correctness,0.95,false,false,"The fix addresses an issue where pending inserts to a foreign table were not being flushed promptly, causing logical inconsistencies such as BEFORE ROW triggers not seeing the expected rows. This relates to the correct execution of triggers and data consistency during foreign table operations."
2225,ac9d59806e786ef2,qwen3:30b-a3b,v2,"Data types, text & collation",0.95,false,false,"The fix addresses an issue where jsonb subscripting failed when using text values from a table as keys, specifically handling toasted (out-of-line) values. This is about correct behavior of jsonb data type operations, not security or performance."
2233,2c1973983f4dc90c,qwen3:30b-a3b,v2,Planner & optimizer,0.95,false,false,"The fix addresses issues in the query planner related to the interaction between Memoize nodes and partitionwise joins or parameterized nestloops, which could result in suboptimal or incorrect query plans. This is fundamentally about the planner's behavior in handling specific query structures."
2236,4e5c98c2d86b8e34,qwen3:30b-a3b,v2,"Data types, text & collation",0.95,false,false,"The fix addresses an issue with the display formatting of AT TIME ZONE constructs, specifically when they are under-parenthesized, which could lead to dump/restore failures for rules or views. This is about the correct handling of SQL syntax and semantics during serialization/deserialization, not about performance, security, or a specific component like indexes or execution."
2237,82f206d4a16bbcd2,qwen3:30b-a3b,v2,Execution & correctness,0.95,false,false,"The fix addresses a crash or error caused by caching issues in SQL functions when executing utility statements multiple times, which relates to the execution behavior of SQL functions and their interaction with utility commands."
2240,9f2c3f504fbdc331,qwen3:30b-a3b,v2,"Concurrency, locking & crashes",0.95,false,false,"The fix addresses a deadlock scenario between dropping a database and a logical replication worker process, specifically due to blocking interrupts during logical replication slot creation. This is fundamentally about concurrency and locking issues, as it involves a deadlock caused by interrupt blocking during I/O operations."
2244,5b6f5ba6bd8bbe7a,qwen3:30b-a3b,v2,Replication & recovery,0.95,false,false,"The fix addresses a logical decoding issue where the subscriber wasn't notified about a transaction that crashed, causing unnecessary streaming files to persist until the next restart. This is fundamentally about replication behavior and communication between nodes in a logical replication setup."
2249,9badaa4047f9bfe9,qwen3:30b-a3b,v2,"Numeric, overflow & limits",0.95,false,false,"The fix addresses a function that incorrectly handled certain inputs for integer division to numeric conversion, specifically expanding its input range. This is a numeric arithmetic issue, not a security vulnerability or performance improvement."
2252,5274288378b149e8,qwen3:30b-a3b,v2,Indexes,0.95,false,false,"The fix addresses an overly strict assertion in BRIN minmax-multi opclasses, which is a type of index access method. The assertion failure was harmless in non-assert builds, indicating it's a correctness issue within the index implementation rather than a security or performance problem."
2256,a39961215e2bbdf7,qwen3:30b-a3b,v2,Client tools,0.95,false,false,"The fix addresses an issue in the psql command-line tool where the \sf and \ef commands incorrectly identified the start of SQL-language function bodies when using new-style syntax, which affects how function definitions are displayed or edited."
2279,562845a2e234145f,qwen3:30b-a3b,v2,Planner & optimizer,0.95,false,false,"The fix addresses an issue where extended statistics code failed when encountering PlaceHolderVars, which are used in query planning. This relates to the planner's handling of query structures, specifically in the context of extended statistics, which is part of query planning and optimization."
2286,721d08e6710cb232,qwen3:30b-a3b,v2,Execution & correctness,0.95,false,false,"The fix addresses a memory leak during Memoize plan execution, which is a resource management issue in query execution. Memory leaks are not classified under 'Numeric, overflow & limits' but rather as a stability issue affecting backend processes."
2287,64e90b51a9c04f65,qwen3:30b-a3b,v2,"Storage, vacuum & TOAST",0.95,true,false,"The fix addresses a buffer reference count leak specifically when using batched inserts on a foreign table within a partitioned table structure. This is a memory management issue related to buffer handling, not a numeric overflow or performance improvement."
2288,f21b11513dcb2a4f,qwen3:30b-a3b,v2,"Storage, vacuum & TOAST",0.95,false,false,"The fix restores support for sub-millisecond vacuum_cost_delay settings, which relates to the vacuum process's cost management. This is about the behavior of the vacuum process in managing resource usage, specifically the delay setting for vacuum operations."
2298,444727ba01386f38,qwen3:30b-a3b,v2,Indexes,0.95,false,true,"The fix addresses inefficiency in BRIN index scanning by ensuring all scan keys are properly considered, reducing unnecessary index scans. This is a performance optimization within the BRIN index implementation."
2299,8adc70dcfe116523,qwen3:30b-a3b,v2,Indexes,0.95,false,false,"The fix addresses an issue in the BRIN index opclass for inet_minmax_multi_ops, specifically related to netmask handling, which caused an assertion failure in assert-enabled builds. This is a correctness issue in index handling, not a security or performance problem."
2303,7bb2ac1481d84e76,qwen3:30b-a3b,v2,"Concurrency, locking & crashes",0.95,false,false,"The fix reactivates reporting of a specific wait event (SLRUFlushSync) that was accidentally removed during a code refactoring. This relates to backend stability and monitoring of wait events, which falls under backend stability not tied to a more specific area."
2319,6f11542a2aa334a6,qwen3:30b-a3b,v2,Client tools,0.95,false,false,"The fix addresses an issue where pg_dump and pg_restore fail to correctly handle non-seekable files (like pipes) on Windows, leading to misbehavior during data dump/restore operations. This is fundamentally about client tool behavior (pg_dump/pg_restore) when interacting with file systems or pipes."
2320,7737fb16a58b5098,qwen3:30b-a3b,v2,Client tools,0.95,false,false,"The fix addresses an issue in pgbench's prepared mode where commands were not prepared in a pipeline before execution, causing failures when starting a serializable transaction inside a pipeline. This is fundamentally about the correct behavior of the client tool pgbench during query execution."
2321,e978e145b449cdcb,qwen3:30b-a3b,v2,Extensions & contrib,0.95,false,false,"The fix addresses a specific issue in the amcheck contrib module related to handling tuples with zero xmin or xmax values during heap checking. This is a correctness issue in the data integrity checking process, not a security vulnerability or performance improvement."
2322,0780ae2c662d7434,qwen3:30b-a3b,v2,Extensions & contrib,0.95,false,false,"The fix addresses a specific issue in the amcheck contrib module where corrupted transaction IDs (xids) that wrap around before the epoch zero are mishandled, leading to incorrect reports. This is about ensuring correct behavior in the face of data corruption, not a security vulnerability or performance issue."
2325,37320179504f49a6,qwen3:30b-a3b,v2,Extensions & contrib,0.95,true,false,"The fix adds defenses against incorrect input for the gist_page_items() function in the contrib/pageinspect module, which is about handling input validation to prevent potential issues from malformed inputs."
2338,80efdb0df6380b2b,qwen3:30b-a3b,v2,Execution & correctness,0.95,false,false,"The fix addresses a scenario where memoization of lateral joins with volatile join conditions could produce incorrect query results, as volatile conditions can change between evaluations. This directly relates to query execution correctness."
2342,2cb116af17c1220b,qwen3:30b-a3b,v2,Execution & correctness,0.95,false,false,"The fix addresses a specific issue in the handling of EvalPlanQual checks for inherited or partitioned tables, which could cause incorrect execution of UPDATE or DELETE operations under READ COMMITTED isolation. This relates to query execution semantics and correctness, not performance or security."
2366,f460f0ac8b4cd747,qwen3:30b-a3b,v2,Indexes,0.95,false,false,"The fix addresses an issue in the 'gist_page_items()' function within the contrib/pageinspect module, specifically when dealing with GIST indexes that have included columns. The function previously failed to display included column values on leaf pages or crashed on non-leaf pages, which is a correctness issue in index handling."
2367,d85cc5682d0281f8,qwen3:30b-a3b,v2,Client tools,0.95,false,false,"The fix addresses an issue in pg_dump where it failed to correctly handle SQL-language functions that depend on unique indexes, causing incorrect ordering in the dump output and warnings about dependency loops. This is fundamentally about the correct handling of dependencies in the dump process, which falls under client tools as pg_dump is a client-side utility."
2374,d5c535a0cc6b3ace,qwen3:30b-a3b,v2,Indexes,0.95,false,true,"The fix addresses an inefficiency in the BRIN index's datetime_minmax_multi_ops handling for date values, specifically correcting a backward distance calculation that led to suboptimal index merging decisions. This is a performance issue within the index access method, not a security or correctness problem."
2375,132b047333581eda,qwen3:30b-a3b,v2,Indexes,0.95,false,false,"The fix addresses issues in BRIN indexes related to handling large timestamp values, specifically correcting how infinities and very large finite values are treated to prevent internal overflows and improve index efficiency. This is fundamentally about index behavior and correctness, not security or performance as the primary focus."
2376,b0121a96dedbf68d,qwen3:30b-a3b,v2,"Numeric, overflow & limits",0.95,false,false,"The fix addresses potential calculation overflows when handling extreme interval values in BRIN indexes, specifically in the interval_minmax_multi_ops index method. This is a numeric overflow issue within the index implementation, not a security vulnerability or performance improvement."
2378,76d0d8f1a2b66318,qwen3:30b-a3b,v2,Execution & correctness,0.95,false,false,"The fix addresses an issue where the target table for UPDATE/DELETE/MERGE operations was incorrectly identified in inherited tables, causing triggers to fire on the wrong table and leading to errors. This is fundamentally about query execution semantics and correctness in the context of table inheritance."
2380,9baddc33a3ed5b99,qwen3:30b-a3b,v2,Execution & correctness,0.95,false,false,"The fix addresses a memory leak within the Memoize execution component, which is related to memory management during query execution. This is not a security vulnerability but a stability issue."
2390,0654010824764d6e,qwen3:30b-a3b,v2,"Data types, text & collation",0.95,false,false,"The fix addresses a missing error check in COPY FROM when an unsupported encoding conversion is needed, leading to a cryptic 'cache lookup failed for function 0' error instead of a clear message. This is about handling data type and encoding issues during data import, specifically related to text encoding conversion."
2398,81c0a34a10a995f8,qwen3:30b-a3b,v2,"Storage, vacuum & TOAST",0.95,false,false,"The fix addresses the background writer's reporting of WAL writes to statistics counters, which relates to tracking and monitoring WAL activity for performance and diagnostics. This is not a security issue or a performance improvement but rather a correctness or monitoring aspect of WAL handling."
2401,26fd78a7d1e6ce4f,qwen3:30b-a3b,v2,Planner & optimizer,0.95,false,false,"The fix addresses a dependency tracking issue for hash and negator functions within ScalarArrayOpExpr plan nodes, which is related to query planning and optimization. This is not a security or performance issue but rather a correctness aspect of the planner."
2412,8bf50113c32e81e7,qwen3:30b-a3b,v2,"Concurrency, locking & crashes",0.95,false,false,"The fix addresses an error related to dynamic shared memory handling on Windows when a specific configuration parameter is set, which is a system-level memory management issue affecting backend stability."
2430,b34f6ac88d6ce73f,qwen3:30b-a3b,v2,"Concurrency, locking & crashes",0.95,true,false,"The fix addresses a potential issue where a buffer might be accessed after it was no longer pinned, specifically in the context of BEFORE ROW UPDATE triggers. This could lead to reading garbage data from a tuple that was moved to another page by another session, which is a memory safety concern related to buffer access."
2433,fe63326dc32b50fa,qwen3:30b-a3b,v2,Indexes,0.95,false,false,"The fix addresses an overly strict assertion related to the BRIN bloom operator classes' false_positive_rate parameter, which is a correctness issue within the index implementation. It does not involve security vulnerabilities or performance improvements."
2444,673e91996c3bccff,qwen3:30b-a3b,v2,Indexes,0.95,false,false,"The fix addresses a concurrency issue where dropping a child index while performing a REINDEX on a partitioned index could cause failure. This relates to index management under concurrent operations, specifically ensuring that index operations on partitioned tables handle concurrent index drops without failure."
2451,9d0c845c866a4a9a,qwen3:30b-a3b,v2,Replication & recovery,0.95,false,false,"The fix addresses a logical decoding issue where the decoder fails to properly recognize transactions modifying system catalogs, leading to incorrect catalog lookups during decoding. This is fundamentally about ensuring correct behavior in logical replication when handling transactions that modify system catalogs."
2455,6ceb8012610edf6a,qwen3:30b-a3b,v2,"Concurrency, locking & crashes",0.95,false,false,"The fix addresses a file descriptor leakage issue that occurs when a Foreign Data Wrapper's ForeignAsyncRequest function fails, which is a resource management problem related to backend stability and resource handling."
2457,b2c49ae23af53b7d,qwen3:30b-a3b,v2,"Data types, text & collation",0.95,false,false,"The fix addresses a parsing error in PL/pgSQL when handling CREATE FUNCTION/CREATE PROCEDURE statements with SQL-standard bodies, specifically allowing semicolons within the function body. This is fundamentally about the behavior of PL/pgSQL in processing SQL commands, which falls under the 'Data types, text & collation' category as it involves text handling and syntax parsing within the language."
2458,5d59ef237dc31a60,qwen3:30b-a3b,v2,Client interfaces,0.95,false,false,"The fix addresses a bug in libpq's error handling during pipeline operations, specifically preventing a busy-loop when non-query errors (like connection loss) occur. This is about client-side library stability and correct error propagation, not security or performance."
2459,3d6a140e5cde0f5c,qwen3:30b-a3b,v2,Client interfaces,0.95,false,false,"The fix addresses an inconsistency in libpq's behavior regarding flushing the client output buffer, specifically ensuring that PQsendFlushRequest() adheres to the same rules as other PQsend functions. This is about client interface functionality and consistency, not security or performance."
2464,b27a76d4b03a434e,qwen3:30b-a3b,v2,Client tools,0.95,false,false,"The fix addresses a scripting error in pgbench where a script ending with an open pipeline (missing \\endpipeline) would cause unexpected behavior. This is a client tool issue related to pgbench's script handling, not a security or performance problem."
2473,8b64203cca853095,qwen3:30b-a3b,v2,"Numeric, overflow & limits",0.95,true,false,"The fix addresses a security vulnerability where non-owner users could access table statistics involving columns they don't have permission to read, potentially exposing security-relevant data. This is a privilege/access control issue that requires restricting visibility to table owners."
2477,b0696cf513f7e8c3,qwen3:30b-a3b,v2,Execution & correctness,0.95,false,false,"The fix improves an error message for a specific ALTER TABLE operation when dependencies exist, which falls under the category of execution correctness as it relates to SQL semantics and dependency handling during schema changes."
2485,43be351f80756a4f,qwen3:30b-a3b,v2,"Concurrency, locking & crashes",0.95,true,false,"The fix addresses a memory management issue in the Memoize component where data is being freed while still in use, which could lead to undefined behavior or crashes. This is a memory safety issue related to improper memory handling, not a numeric or overflow problem."
2490,35422f132cec2ba5,qwen3:30b-a3b,v2,"Numeric, overflow & limits",0.95,false,false,"The fix addresses a rounding error and integer overflow in the date_bin() function, specifically handling cases where the timestamp difference is an exact multiple of the stride and preventing integer overflow that would lead to incorrect results."
2494,2dd3ed505730293e,qwen3:30b-a3b,v2,"Storage, vacuum & TOAST",0.95,false,false,"The fix addresses a scenario where the freespace map could reference a page beyond the table's end, leading to read errors after certain recovery operations. This is a storage management issue related to the physical structure of the table."
2496,69f841ae09469083,qwen3:30b-a3b,v2,Execution & correctness,0.95,false,false,"The fix addresses a potential corruption of the exception stack when a Foreign Data Wrapper (FDW) implements asynchronous append without properly configuring wait conditions for the Append plan node. This is a stability issue related to backend behavior during query execution, specifically involving the handling of asynchronous operations in FDWs."
2509,e8e00c127f985ded,qwen3:30b-a3b,v2,Indexes,0.95,false,false,"The fix addresses bugs in BRIN index output functions, which are part of the BRIN index access method used for displaying index entries via the pageinspect contrib module. This is a correctness issue within the index access method itself, not a security or performance problem."
2516,3c6a4a558b241eb8,qwen3:30b-a3b,v2,"Storage, vacuum & TOAST",0.95,false,false,"The fix addresses an issue where VACUUM on the primary server could enter an infinite loop due to confusion about tuple removal after a standby server with an old transaction reconnects. This is fundamentally about the correctness of VACUUM operations, which manage storage and reclaim space, falling under the 'Storage, vacuum & TOAST' category. There's no indication of security hardening or performance improvement."
2519,1ebfd39dc2ce1c67,qwen3:30b-a3b,v2,Partitioning & inheritance,0.95,false,false,"The fix addresses an issue where query execution could fail during a concurrent detach of a partition from a partitioned table, specifically related to partition pruning setup. This is fundamentally about ensuring correct behavior during partition management operations, which falls under partitioning and inheritance."
2520,c93511b89f1c5de6,qwen3:30b-a3b,v2,Partitioning & inheritance,0.95,false,false,"The fix addresses an issue where the reltuples field in pg_class for a partitioned table wasn't correctly updated to zero after the last child partition was dropped, which affected the accuracy of query planning and statistics. This is fundamentally about the correctness of partitioned table metadata and statistics, which falls under the 'Partitioning & inheritance' category."
2535,5fc0c8abc62b6c5a,qwen3:30b-a3b,v2,Indexes,0.95,false,false,"The fix addresses an issue where statistics expressions in CREATE TABLE LIKE STATISTICS were not correctly adjusted for column numbering differences between the source and target tables, leading to invalid statistics objects. This is fundamentally about ensuring correct handling of statistics expressions during table creation, which falls under the category of 'Indexes' as statistics are closely tied to index usage and query planning."
2542,030570f50c49de4a,qwen3:30b-a3b,v2,"Concurrency, locking & crashes",0.95,false,false,"The fix addresses a deadlock and assertion failure during the truncation of the multixact SLRU log, which involves concurrent processes (a process and the checkpointer) competing for resources. This is fundamentally about backend stability and concurrency issues, not about query results, indexes, or other categories."
2555,75a21c3ddc8c2053,qwen3:30b-a3b,v2,Planner & optimizer,0.95,false,false,"The fix addresses an assertion failure in the Memoize cost estimation, which is related to query planning and optimization. Assertions failing during planning typically indicate a bug in the planner's logic, not a security issue or performance improvement."
2562,1d054f0f4d063848,qwen3:30b-a3b,v2,"Concurrency, locking & crashes",0.95,false,false,"The fix addresses crashes and errors related to concurrent operations on partitioned tables, specifically during a DETACH CONCURRENTLY and immediate drop of a partition. This involves backend stability and race conditions in partitioned table operations, which falls under concurrency and crashes."
2575,8bcee2f1202be8df,qwen3:30b-a3b,v2,Client interfaces,0.95,false,false,"The fix addresses the attribution of query processing work in the extended query protocol by reporting the active query ID at the start of Bind and Execute messages, ensuring statistics accurately reflect which query is being processed."
2577,6cf4d28ad6a53bd8,qwen3:30b-a3b,v2,Execution & correctness,0.95,false,false,"The fix addresses a race condition in REINDEX CONCURRENTLY operations when indexes with predicates or expressions are involved, ensuring that concurrent operations are properly coordinated to prevent inconsistent behavior. This is fundamentally about execution correctness and stability, not security or performance."
2581,5160a8342d0fd849,qwen3:30b-a3b,v2,Execution & correctness,0.95,false,false,"The fix addresses an issue where a table_index_fetch_tuple call was unexpectedly triggered during logical decoding errors when processing transactions involving column default values. This relates to the correct handling of logical decoding operations, specifically during transaction processing with default values, which falls under execution correctness."
2587,bfc10614e88f5afc,qwen3:30b-a3b,v2,Planner & optimizer,0.95,false,false,"The fix addresses a specific error in PL/pgSQL's CALL statement related to cache lookups, which is a behavior issue within the procedural language's execution logic. This is not a security or performance issue but rather a correctness problem in how the language handles function calls."
2588,f16b961acfe7aa7e,qwen3:30b-a3b,v2,Client interfaces,0.95,true,false,"The fix addresses thread safety in a non-OpenSSL MD5 implementation, specifically on big-endian hardware. This is a memory safety issue related to concurrent access without proper synchronization, which could lead to undefined behavior or security vulnerabilities."
2600,e16cafcf928d536d,qwen3:30b-a3b,v2,Build & platform,0.95,false,false,"The fix addresses a binary compatibility issue caused by an unintended ABI break in the struct ResultRelInfo, which affects extensions like timescaledb. This is not a security or performance issue but a compatibility problem related to the structure's layout."
2603,fb54b5d6d57e4531,qwen3:30b-a3b,v2,Replication & recovery,0.95,false,false,"The fix addresses a scenario where pg_rewind might delete WAL files that are still needed for recovery on the demoted primary node, specifically when those files have been marked for archival but not yet archived. This is a correctness issue related to WAL management during replication recovery, not a security or performance problem."
2606,a14f8265072099a2,qwen3:30b-a3b,v2,Execution & correctness,0.95,false,false,"The fix addresses an assertion failure related to disconnected NFA sub-graphs in regular expression parsing, which is a correctness issue in the execution of regex operations, not a security or performance problem."
2625,cbc7ea659133ba19,qwen3:30b-a3b,v2,"Numeric, overflow & limits",0.95,false,true,"The fix addresses performance issues in the archiver process when handling a large number of status files, specifically improving efficiency to prevent downtime or replica loss. This is a performance optimization, not a security or correctness issue."
2638,97137eb83f5c5015,qwen3:30b-a3b,v2,Execution & correctness,0.95,false,false,"The fix addresses a specific issue in the handling of default null values during INSERT operations, particularly when the target column is of a domain type. It ensures that expression preprocessing, including coercion to the domain type, is correctly applied, which is a matter of query execution correctness rather than security or performance."
2656,659d5199406da1c8,qwen3:30b-a3b,v2,Indexes,0.95,false,false,"The fix addresses a bug in BRIN index summary merging where decompression results were not correctly handled, leading to potential data loss in index searches. This is fundamentally about index correctness and behavior, specifically within BRIN indexes."
2658,b49c98b6fc41884c,qwen3:30b-a3b,v2,Execution & correctness,0.95,false,false,"The fix addresses a scenario where an INSERT command fails due to a constraint violation on a domain data type's constraints, even though the generated column's expression produced a valid value. This is fundamentally about ensuring correct handling of domain constraints during INSERT operations, which falls under execution correctness."
2665,66852d83310ad95c,qwen3:30b-a3b,v2,Planner & optimizer,0.95,false,true,"The fix addresses a planner issue where the query planner failed to recognize multiple hashable ScalarArrayOpExpr subexpressions in a top-level expression, leading to inefficient execution of certain query clauses like IN or = ANY. This is fundamentally about query planning and optimization, specifically improving the planner's ability to identify and utilize hash tables for better performance."
2669,3395b0c28a72672f,qwen3:30b-a3b,v2,Planner & optimizer,0.95,false,false,"The fix addresses the handling of interrupts during asynchronous subplan execution in an Append plan node, ensuring that the system responds to cancellations or interrupts while waiting for subplans to complete. This is a stability and concurrency issue related to how the planner manages execution flow under interrupt conditions."
2677,f23acd3193b11c6a,qwen3:30b-a3b,v2,"Concurrency, locking & crashes",0.95,false,false,"The fix addresses an assertion failure during snapshot building, which relates to backend stability and internal consistency checks, not query results or performance. This falls under backend stability, which is categorized as 'Concurrency, locking & crashes' (category 6)."
2679,5ac698c6438ca00a,qwen3:30b-a3b,v2,Replication & recovery,0.95,false,false,"The fix addresses an assertion failure in standby servers during a primary server restart, which relates to replication stability and behavior under specific recovery conditions."
2683,bae5884bf1cbded4,qwen3:30b-a3b,v2,"Concurrency, locking & crashes",0.95,true,false,"The fix addresses a memory management issue in libpq allocations during pg_amcheck and pg_upgrade, specifically ensuring the correct function is used to free memory. This prevents crashes in certain Windows build configurations, indicating a memory-safety concern."
2691,4aa85f94b158291e,qwen3:30b-a3b,v2,Indexes,0.95,false,false,"The fix addresses an incorrect distance calculation in the BRIN index's numeric_minmax_multi_ops support function, which affected the efficiency and potential bloat of BRIN indexes. This is a correctness issue within the index implementation, not a security or performance improvement."
2695,72166ae5268f8fae,qwen3:30b-a3b,v2,"Concurrency, locking & crashes",0.95,false,false,"The fix addresses a potential deadlock during an ALTER SUBSCRIPTION operation involving dropping a publication, specifically ensuring catalog locks are acquired in a consistent order to prevent deadlocks."
2718,1266302b654199d1,qwen3:30b-a3b,v2,Client tools,0.95,false,false,"The fix improves the tab completion feature in psql for COPY and \copy commands by distinguishing between options valid for COPY FROM and COPY TO, ensuring more accurate suggestions based on the command context."
2748,2a1769888c35cdff,qwen3:30b-a3b,v2,Partitioning & inheritance,0.95,false,false,"The fix addresses an issue where hash partition constraints were incorrectly duplicated during a DETACH CONCURRENTLY operation, causing problems with dump/restore and parent table drops. This is fundamentally about partitioning behavior and constraints, not security or performance."
2764,85baeecafa25268e,qwen3:30b-a3b,v2,Execution & correctness,0.95,false,false,"The fix addresses a parser issue in PL/pgSQL where the DISTINCT option in GROUP BY was not being recorded, causing incorrect behavior in assignment statements. This is fundamentally about the correct handling of SQL semantics within PL/pgSQL, which falls under execution and correctness."
2766,419678baed7dd97d,qwen3:30b-a3b,v2,"Data types, text & collation",0.95,false,false,"The fix addresses an issue in libpq's trace output where characters with the high bit set were incorrectly displayed with '\xffffff' decoration on platforms where 'char' is signed. This is a text handling issue related to character encoding and display in client tools, specifically affecting how libpq outputs trace information."
2781,5550dceeaa2b5e85,qwen3:30b-a3b,v2,"Numeric, overflow & limits",0.95,true,false,"The fix addresses a potential issue where certain functions in PostgreSQL could misbehave due to unexpected dimensions in oidvector or int2vector data types, which are expected to be 1-dimensional arrays without nulls. This is a security hardening fix as it prevents potential memory safety issues from violating these expectations."
2782,618b876a8f286dfb,qwen3:30b-a3b,v2,Extensions & contrib,0.95,true,false,"The fix addresses a security vulnerability in the selectivity estimator function of the intarray extension, where it could be exploited for arbitrary code execution due to lack of input type validation. This is a security hardening measure to prevent misuse of third-party extensions."
2783,b287330b373f2ff5,qwen3:30b-a3b,v2,Extensions & contrib,0.95,true,false,"The fix addresses a buffer overrun in the pgcrypto extension's PGP decryption functions, which is a memory-safety vulnerability that could lead to arbitrary code execution. This is a security hardening issue, not a numeric or overflow category."
2784,606c1f26f2112760,qwen3:30b-a3b,v2,"Concurrency, locking & crashes",0.95,true,false,"The fix addresses a buffer overrun vulnerability in string processing due to inadequate validation of multibyte character lengths, which could lead to arbitrary code execution. This is a security hardening issue, not a numeric overflow or data type handling problem."
2785,a11d784d8a28fecd,qwen3:30b-a3b,v2,Execution & correctness,0.95,false,false,"The fix addresses a specific issue with CTE references in sub-selects within aggregate functions, which was incorrectly handled in a previous release. The problem was that the prior fix caused new issues, so the current fix reverts to throwing an error for such cases, aligning with SQL standard rules that disallow sub-selects within aggregates."
2786,54467d12819b4382,qwen3:30b-a3b,v2,Partitioning & inheritance,0.95,false,false,"The fix addresses an issue where the executor reports an error about a missing 'junk ctid column' when all child partitions of a partitioned table have been pruned, meaning no rows need to be updated or deleted. This is fundamentally about the behavior of partitioned tables during execution, specifically related to partition pruning and the executor's handling of such cases."
2787,4c60a881d93da82a,qwen3:30b-a3b,v2,Planner & optimizer,0.95,false,false,"The fix addresses a planner issue where the query optimizer incorrectly dropped a WHERE clause implied by a partial hash index's predicate, preventing the creation of an indexscan plan. This is fundamentally about query planning and optimization, specifically how the planner handles partial indexes and WHERE clause implications."
2788,a639594977394079,qwen3:30b-a3b,v2,"Storage, vacuum & TOAST",0.95,false,false,"The fix addresses a bug where unlogged BRIN indexes were incorrectly emitting WAL records, which would cause crash recovery to fail due to duplicate file existence errors. This is fundamentally about ensuring correct behavior of unlogged indexes during recovery, which falls under the Storage, vacuum & TOAST category as it involves index storage and WAL handling."
2789,e100881c68d22f65,qwen3:30b-a3b,v2,"Concurrency, locking & crashes",0.95,false,false,"The fix addresses a scenario where CLOG (Commit Log) truncation occurs prematurely, causing errors when backends are slow to process NOTIFY messages. This is fundamentally about ensuring transaction status integrity during replication or communication, which falls under concurrency and locking stability."
2790,07da97324a69c36a,qwen3:30b-a3b,v2,Execution & correctness,0.95,false,false,"The fix addresses a behavior where errors during NOTIFY message processing were not properly escalated, leading to potential loss of notifications and application state issues. The core issue is about ensuring consistent error handling to prevent missed notifications and application inconsistencies."
2791,fdb380ca3dc25e3e,qwen3:30b-a3b,v2,Execution & correctness,0.95,false,false,"The fix addresses a bug in the tuple locking mechanism during an update chain, where the xmin of the first new tuple was not checked, potentially leading to locking an unrelated tuple due to space reclamation by VACUUM. This could cause transaction delays, deadlocks, or incorrect tuple identification."
2792,7f1202dd648cb2c2,qwen3:30b-a3b,v2,Execution & correctness,0.95,false,false,"The fix addresses inconsistencies in catalog updates related to transaction rollback and WAL logging, specifically preventing premature CLOG truncation and transaction status errors. This is fundamentally about ensuring data consistency and correctness in the catalog system, which falls under the 'Execution & correctness' category as it involves incorrect behavior during execution rather than a security or performance issue."
2793,0cd61c1e3bc736f0,qwen3:30b-a3b,v2,"Concurrency, locking & crashes",0.95,false,false,"The fix addresses a potential crash during backend process exit caused by attempting to release a lock in a shared memory segment that has already been unmapped. This is a stability issue related to shared memory management during process termination, not a security vulnerability or performance improvement."
2794,f199526add7a2903,qwen3:30b-a3b,v2,Replication & recovery,0.95,false,false,"The fix addresses a potential issue with the multixact log, which is part of PostgreSQL's transaction management system. It ensures that the log is not incorrectly truncated after a crash, which relates to recovery and stability."
2795,b6328b6275ee6aa5,qwen3:30b-a3b,v2,"Data types, text & collation",0.95,false,false,"The fix addresses a potential issue where the activity string in shared memory might end with an incomplete multibyte character, which could lead to mis-encoded output. This is about ensuring correct text encoding handling in the backend activity function, not a security vulnerability or performance issue."
2796,b55750318389194d,qwen3:30b-a3b,v2,"Concurrency, locking & crashes",0.95,true,false,"The fix addresses a potential stack overflow caused by recursive execution of memory context logging code when handling constant signals, which is a memory safety issue."
2797,05f986327d268289,qwen3:30b-a3b,v2,"Concurrency, locking & crashes",0.95,true,false,"The fix addresses a memory context usage issue during parallel execution context reinitialization, which could cause a crash due to a subsidiary data structure having a shorter lifespan than the parallel context. This is a memory safety issue related to improper memory management, not a numeric or overflow problem."
2798,fd615ed8ad8b3788,qwen3:30b-a3b,v2,"Concurrency, locking & crashes",0.95,false,false,"The fix addresses a corner case where a wait loop was needed due to incorrect handling of multixid offsets during creation, which could lead to a deadlock or indefinite waiting. This is fundamentally about backend stability and concurrency, specifically related to locking or race conditions in the multixid management system."
2799,6a278433bff30e82,qwen3:30b-a3b,v2,Execution & correctness,0.95,false,false,"The fix addresses an inefficiency in the query rewriter where data-modifying CTEs were being rewritten multiple times, which could lead to false errors when updating views or relations with rules. This is fundamentally about query execution correctness and rewriter behavior, not performance or security."
2800,d14508ea8576f173,qwen3:30b-a3b,v2,Replication & recovery,0.95,false,false,"The fix addresses a scenario where recovery would crash or corrupt the database if WAL does not exist back to the redo point indicated by the checkpoint record. This is fundamentally about ensuring recovery safety and correctness, which falls under the 'Replication & recovery' category as it involves WAL and recovery processes."
2801,6148d80d5fa8978c,qwen3:30b-a3b,v2,Execution & correctness,0.95,false,false,"The fix addresses an issue where the source query tree was being modified during ALTER PUBLICATION, causing incorrect behavior in event triggers and prepared statements. This is fundamentally about query execution and correctness, specifically related to how the query tree is handled during publication alterations."
2802,f53ce007b17d49e2,qwen3:30b-a3b,v2,Replication & recovery,0.95,false,false,"The fix addresses a race condition between a checkpoint and replication slot synchronization, which could lead to WAL being removed prematurely, causing replication slots to become invalid. This is fundamentally about replication stability and correctness, specifically related to replication slots and WAL management."
2803,ffa0c882307be8b9,qwen3:30b-a3b,v2,Replication & recovery,0.95,false,false,"The fix addresses a race condition in the computation of a replication slot's required xmin, which could cause an error related to the snapshot's xmin. This is a concurrency issue affecting replication stability."
2804,fba7f7bdcc8dda63,qwen3:30b-a3b,v2,Replication & recovery,0.95,false,false,"The fix addresses a consistency issue in logical replication where a pg_replication_origin entry was not committed before data copying, causing potential loss of the entry on failure. This is fundamentally about ensuring correct state management during replication setup, which falls under replication and recovery."
2805,1bb8568197e56bfb,qwen3:30b-a3b,v2,Replication & recovery,0.95,false,false,"The fix addresses a potential issue where a streaming replica server might fail during restart due to unexpected data beyond the end of a file (EOF), which relates to replication and recovery processes."
2806,f1ed4aa28a6aff64,qwen3:30b-a3b,v2,Partitioning & inheritance,0.95,false,false,"The fix addresses an issue in parsing partition range bounds, specifically related to incorrect column position tracking, which affects error messages about casting partition bound values. This is fundamentally about the correctness of partitioning logic, not performance or security."
2807,52de747c9187be8f,qwen3:30b-a3b,v2,Client tools,0.95,false,false,"The fix addresses incorrect error messages that report the wrong timeline number in a backup manifest, specifically showing the starting timeline number instead of the ending one. This is a correction to the accuracy of error reporting, not related to query execution, security, or performance."
2808,f4f5a98d5c1413e1,qwen3:30b-a3b,v2,Planner & optimizer,0.95,false,true,"The fix addresses an issue where function inlining fails during JIT compilation with LLVM 17+, which is a compiler optimization technique. This relates to the execution of compiled code, specifically the JIT compilation process, which falls under the category of 'Planner & optimizer' as it affects how queries are compiled and optimized at runtime."
2809,362ecdfae05b3fc4,qwen3:30b-a3b,v2,Build & platform,0.95,false,false,"The fix adjusts JIT code to work with LLVM 21, specifically addressing compilation issues on aarch64 machines. This is a build and platform compatibility issue, not related to security, performance, or other categories."
2810,2484c32b6929e921,qwen3:30b-a3b,v2,Build & platform,0.95,false,false,"The fix supports process title changes on GNU/Hurd, which relates to how the PostgreSQL server interacts with the GNU/Hurd operating system's process management features. This is not about security, performance, or any of the other technical categories like planner, execution, or storage; it's about platform-specific behavior in a non-Linux OS."
2811,1873d632581a4614,qwen3:30b-a3b,v2,Client tools,0.95,false,false,"The fix updates pg_resetwal to print the new value of OldestXID after changing it, which was already done for other variables. This is a minor output improvement in a utility tool, not related to query execution, security, or performance."
2812,7ef853b3b5f58117,qwen3:30b-a3b,v2,Indexes,0.95,false,false,"The fix addresses an issue in the amcheck contrib module related to using the correct snapshot for btree index parent checks, specifically preventing spurious errors when examining indexes created with CREATE INDEX CONCURRENTLY. This is about ensuring correct behavior during index checks, not about security, performance, or numeric issues."
2813,6790e87818378039,qwen3:30b-a3b,v2,Indexes,0.95,false,false,"The fix addresses an issue in the amcheck contrib module where it incorrectly reported errors for half-dead btree index pages by expecting a parent downlink that doesn't exist. This is about the correct handling of index page states in the amcheck tool, which is part of the index verification process."
2814,7477c02f772fe102,qwen3:30b-a3b,v2,Indexes,0.95,false,false,"The fix addresses an issue in the amcheck contrib module related to handling incomplete btree root page splits, which could cause false error reports about the root page not being correctly identified. This is a correctness issue in the index handling logic, specifically related to btree index structure validation."
2815,80558119cdd64d05,qwen3:30b-a3b,v2,"Numeric, overflow & limits",0.95,false,false,"The fix addresses an integer overflow in the selectivity estimator for the intarray extension's '@@' operator, which affects query planning by producing incorrect selectivity estimates when dealing with maximum integer values. This is a numeric overflow issue within a specific extension's functionality, not a security vulnerability or performance improvement."
2816,2293c097f49255ce,qwen3:30b-a3b,v2,"Data types, text & collation",0.95,false,false,"The fix addresses an issue in the ltree contrib module related to handling multibyte characters, specifically ensuring that incomplete multibyte characters are not passed to the lower() function, which could lead to incorrect behavior. This is fundamentally about data type and text handling within a contrib module."
2817,90bbc765ad352b36,qwen3:30b-a3b,v2,Replication & recovery,0.95,false,false,"The fix addresses a replay failure in standby servers when processing WAL records from an older primary server, specifically related to multixid wraparound handling. This is a replication and recovery issue involving WAL replay logic."
2818,280d2370cdec9c0e,qwen3:30b-a3b,v2,"Data types, text & collation",0.95,false,false,"The fix addresses an issue where the substring() function incorrectly reported an invalid encoding when applied to toasted data, which was a false positive due to overly aggressive handling of character encoding in the substring operation. This is not a security vulnerability but a correctness issue in text handling."
2819,d189b57218c933a5,qwen3:30b-a3b,v2,Execution & correctness,0.95,false,false,"The fix addresses a discrepancy in the reporting of wait events for auxiliary processes in the pg_stat_get_backend_wait_event() and pg_stat_get_backend_wait_event_type() functions, aligning their behavior with the pg_stat_activity view. This is about ensuring correct query execution and monitoring data, not security or performance."
2820,c081d59aae0ada54,qwen3:30b-a3b,v2,"Data types, text & collation",0.95,false,false,"The fix addresses a specific issue in PL/pgSQL where casting a composite-type variable to a domain type during function return results in a cache lookup failure when the value is NULL. This is fundamentally about the behavior of data types and type casting within PL/pgSQL, which falls under the category of data type handling and semantics."
2821,c4ade6d75284bf61,qwen3:30b-a3b,v2,"Concurrency, locking & crashes",0.95,false,false,"The fix addresses a null pointer dereference in the hstore binary input function, which could cause a crash when processing input with duplicate keys. This is a stability issue related to backend crashes, not a security vulnerability in the traditional sense, but it does involve a potential crash from malformed input."
2822,c2bb66f57e12ac40,qwen3:30b-a3b,v2,"Concurrency, locking & crashes",0.95,true,false,"The fix addresses a vulnerability where a malicious client could cause a backend crash by sending alternating SSL and GSS encryption requests, leading to unbounded recursion. This is a security issue related to handling client connections and encryption protocols."
2823,29faceb8e758c65f,qwen3:30b-a3b,v2,"Numeric, overflow & limits",0.95,true,false,"The fix addresses integer overflows in memory-allocation calculations that could lead to buffer overruns, causing crashes or potential arbitrary code execution. This is a security vulnerability related to memory safety, not a numeric overflow category issue."
2824,987d15f3e606bc41,qwen3:30b-a3b,v2,Execution & correctness,0.95,true,false,"The fix addresses a vulnerability where excessively long strings in ts_headline() could cause a server crash, which is a memory safety issue due to lack of length validation. This is not a numeric overflow but a buffer overrun vulnerability."
2825,21ef7cf51bac319f,qwen3:30b-a3b,v2,"Concurrency, locking & crashes",0.95,true,false,"The fix addresses a vulnerability where malicious time zone names could cause buffer overflows in timeofday() and pg_strftime(), leading to crashes or memory disclosure. This is a security hardening issue due to buffer overrun vulnerabilities."
2826,4e16231c53aa9722,qwen3:30b-a3b,v2,"Numeric, overflow & limits",0.95,true,false,"The fix addresses a missing privilege check when creating a multirange type in a different schema than its parent range type, ensuring the user has CREATE privilege on the specified schema. This is a security-related access control issue."
2827,54f652a16153feeb,qwen3:30b-a3b,v2,Client interfaces,0.95,true,false,"The fix replaces standard string comparison functions with timing-safe alternatives to prevent timing attacks in authentication code, which is a security hardening measure addressing potential side-channel vulnerabilities."
2828,924ade70a11f759f,qwen3:30b-a3b,v2,Client interfaces,0.95,true,false,The fix addresses a security vulnerability where PQfn() could be exploited by a malicious server to overwrite client memory due to missing buffer size checks. This is a memory-safety issue requiring the function to be marked unsafe and deprecated.
2829,c3654262a9df9cb7,qwen3:30b-a3b,v2,Client tools,0.95,true,false,"The fix addresses a security vulnerability in pg_basebackup and pg_rewind where input paths were not validated, allowing path traversal attacks that could overwrite arbitrary files. This is fundamentally about closing a security weakness related to input validation and file path handling."
2830,500a9aa5bd353bb9,qwen3:30b-a3b,v2,"Concurrency, locking & crashes",0.95,true,false,"The fix addresses a field overflow in the 'query_int' and 'ltxtquery' types within contrib modules, which could lead to server crashes when executing invalid queries. This is a memory safety issue involving buffer overruns in 16-bit fields, not a numeric overflow category."
2831,115cfe2037182932,qwen3:30b-a3b,v2,Extensions & contrib,0.95,true,false,"The fix addresses a vulnerability where excessively long 'lquery' values in the ltree contrib module could cause internal overflows, leading to potential stack smashes (a type of buffer overflow) or incorrect query results. This is fundamentally a security hardening issue due to the buffer overflow vulnerability."
2832,cd9c100c6dc48b99,qwen3:30b-a3b,v2,"Numeric, overflow & limits",0.95,true,false,"The fix addresses SQL injection vulnerabilities and buffer overruns in the contrib/spi module, specifically in the check_foreign_key() function, which improperly handled quoting and used fixed-length buffers for query construction. This is a security hardening issue due to the presence of SQL injection and buffer overrun vulnerabilities."
2833,3699e454f1777026,qwen3:30b-a3b,v2,Planner & optimizer,0.95,false,false,"The fix addresses a planner optimization that incorrectly assumes uniqueness for equality conditions with collations, which can lead to wrong query results when nondeterministic collations are involved. This is fundamentally about query planning and optimization, specifically the planner's handling of collation properties affecting index usage and result correctness."
2834,d443f97de7f8f2b6,qwen3:30b-a3b,v2,Execution & correctness,0.95,false,false,"The fix addresses an issue where generated columns (NEW) were incorrectly handled in rule actions and qualifications, leading to NULL values in INSERTs or incorrect references to OLD values in UPDATEs. This is fundamentally about query execution semantics and correctness, specifically related to how generated columns are processed during rule-based operations."
2835,94a1891bcbc0cc5e,qwen3:30b-a3b,v2,Execution & correctness,0.95,false,false,"The fix addresses an error message related to generated columns in COPY FROM WHERE conditions, specifically when a system column is used. This pertains to the behavior of the COPY command and its interaction with generated columns, which falls under the execution and correctness of SQL semantics."
2836,8bf14ca761efe833,qwen3:30b-a3b,v2,Indexes,0.95,false,false,"The fix addresses an issue with copying extended statistics objects when creating a table using LIKE with INCLUDING STATISTICS, specifically when the source table has dropped columns. This relates to the correct handling of statistics during table creation, which falls under the category of 'Indexes' as statistics are closely tied to index usage and query planning."
2837,937d61f401c98094,qwen3:30b-a3b,v2,Indexes,0.95,false,false,"The fix addresses a scenario where a partitioned index might incorrectly remain marked as invalid despite all its leaf indexes being valid, allowing users to manually correct this state via ALTER INDEX ... ATTACH PARTITION. This is fundamentally about ensuring index correctness and validity in partitioned index structures, which falls under the Indexes category."
2838,226a6315fbf819c3,qwen3:30b-a3b,v2,Indexes,0.95,false,false,"The fix addresses an issue where ALTER FOREIGN DATA WRAPPER was incorrectly dropping the dependency on the handler function, which is a metadata management problem related to foreign data wrappers and their dependencies."
2839,2d4f0bce8ddd168d,qwen3:30b-a3b,v2,"Data types, text & collation",0.95,false,false,"The fix addresses a specific validation error in the type system where a composite type was allowed to be a member of itself via a multirange, which was previously overlooked compared to other types like domains or arrays. This is a correctness issue related to data type semantics and validation rules."
2840,2f237e0c82aa5e2c,qwen3:30b-a3b,v2,Execution & correctness,0.95,false,false,"The fix addresses issues with datum-image comparisons that were sensitive to sign-extension variations, which could lead to memoization table entry errors or incorrect query results. This is fundamentally about ensuring correct query execution and results, not about performance or security."
2841,338d289c578c6a7f,qwen3:30b-a3b,v2,Execution & correctness,0.95,false,false,"The fix addresses incorrect logic in handling hashed IN/NOT IN operations with non-strict equality operators, which could lead to crashes or wrong results. This is fundamentally about query execution correctness, not security or performance."
2842,83d406e516f1719a,qwen3:30b-a3b,v2,"Data types, text & collation",0.95,true,false,"The fix addresses a potential buffer overrun in the to_char() function when handling locale-specific numeric symbols longer than 8 bytes, which is a security vulnerability related to memory safety."
2843,2e4dbf7ef4b8a61b,qwen3:30b-a3b,v2,"Concurrency, locking & crashes",0.95,true,false,"The fix addresses a buffer overrun vulnerability in the Ispell dictionary affix file parser, which could cause a server crash. Although the issue is not classified as a security vulnerability due to the trust assumption on text search configuration files, the underlying problem is a memory safety issue (buffer overrun)."
2844,9d397c5439859fc4,qwen3:30b-a3b,v2,"Numeric, overflow & limits",0.95,false,false,"The fix addresses integer overflow in window aggregate calculations, specifically for frame start and end positions with large offsets, which could lead to incorrect results or errors. This is a numeric overflow issue within the window function logic, not a security vulnerability or performance improvement."
2845,e2c55084632097e2,qwen3:30b-a3b,v2,"Concurrency, locking & crashes",0.95,true,false,"The fix addresses a buffer overread vulnerability in the pglz_decompress() function when handling corrupt input, which could lead to a crash. This is a memory safety issue involving out-of-bounds access, not a numeric or arithmetic error."
2846,82b11f6219c9333e,qwen3:30b-a3b,v2,"Concurrency, locking & crashes",0.95,false,false,"The fix ensures internal consistency of tuplestore data structures after errors, specifically addressing issues with WITH HOLD cursors that could cause crashes. This is a stability issue related to backend operations, not a security vulnerability or performance improvement."
2847,20d4436cc466f6ac,qwen3:30b-a3b,v2,Replication & recovery,0.95,false,false,"The fix addresses an issue where the lag columns in pg_stat_replication were incorrectly reporting NULL values during active replication, which affects the accuracy of replication monitoring rather than query results, performance, or security."
2848,17dcf0293345c181,qwen3:30b-a3b,v2,Indexes,0.95,false,false,"The fix addresses a rare issue where non-WAL-logged GiST indexes could cause xlog flush request errors due to incorrect LSN selection during insertions. This is fundamentally about index correctness and stability, specifically related to GiST index handling during write operations."
2849,8ae5fe0f8ebe2bb6,qwen3:30b-a3b,v2,"Concurrency, locking & crashes",0.95,true,false,"The fix addresses a miscalculation in the size of DSA page maps, which caused out-of-bounds memory accesses and server crashes. This is a memory safety issue, not a numeric overflow or arithmetic error."
2850,cc0479a5a235b65b,qwen3:30b-a3b,v2,"Concurrency, locking & crashes",0.95,true,false,"The fix addresses a potential server crash caused by a NULL pointer dereference when processing extended statistics on expressions involving extension data types, specifically when the data type's typanalyze function doesn't compute useful statistics. This is a backend stability issue related to incorrect handling of extension data types during statistics processing."
2851,636b5b0fdc4854a6,qwen3:30b-a3b,v2,Replication & recovery,0.95,false,false,"The fix addresses a race condition between WAL replay of checkpoints and multixact ID creations, which caused a standby server to crash and restart repeatedly when following WAL from a primary of an older minor version. This is fundamentally about backend stability related to replication and recovery processes."
2852,addaf9c8be0757f9,qwen3:30b-a3b,v2,Replication & recovery,0.95,false,false,"The fix addresses a shutdown issue where the walsender process in logical replication would wait indefinitely for WAL to be written due to an incorrect request mechanism, which is a replication-related stability problem."
2853,d215b1508a72adb1,qwen3:30b-a3b,v2,"Storage, vacuum & TOAST",0.95,false,true,"The fix addresses a persistence issue with the free space map during WAL replay, specifically ensuring that changes to the map are properly marked as dirty and written to disk when checksums are enabled. This prevents the map from becoming inconsistent with the table's actual contents, which could lead to performance degradation after promotion of a standby server."
2854,beb01544381d0208,qwen3:30b-a3b,v2,Client interfaces,0.95,false,false,"The fix addresses crashes occurring in ecpg functions when no connection is established, which relates to backend stability and error handling in the absence of a connection. This is not a security issue or performance improvement but rather a stability issue in the client interface handling."
2855,2137fca7f4da2704,qwen3:30b-a3b,v2,Client tools,0.95,false,false,"The fix addresses a protocol version mismatch in pg_upgrade when connecting to older source servers, which is a client tool issue related to compatibility with pre-2018 servers."
2856,2d75ff7b7dc642a0,qwen3:30b-a3b,v2,"Data types, text & collation",0.95,false,false,"The fix addresses an issue in the ltree contrib module where case-folding during string comparison could alter byte length, causing incorrect matching of lquery patterns. This is fundamentally about data-type behavior and text handling, specifically related to case-insensitive matching in string operations."
2857,97b9abaff02362b2,qwen3:30b-a3b,v2,Extensions & contrib,0.95,false,false,"The fix addresses a memory leak in the pg_stat_statements extension when an error occurs during parsing of the pgss_query_texts.stat file, which is related to the extension's internal handling of query text storage and error recovery."
2858,5819b327baa5268b,qwen3:30b-a3b,v2,Indexes,0.95,false,false,"The fix addresses a crash caused by prematurely cleaning up a failed remote connection in postgres_fdw, ensuring the connection object is not closed until the transaction ends to prevent references to it from being invalidated."
2859,82d95cc5f8b43fb7,qwen3:30b-a3b,v2,Replication & recovery,0.95,true,false,"The fix restricts logical decoding output plugins to a whitelist specified by a new server parameter, addressing a security vulnerability where replication users could exploit arbitrary loadable libraries for logical decoding. This is a security hardening measure to prevent potential exploits."
2860,d08448b1afd541e3,qwen3:30b-a3b,v2,Extensions & contrib,0.95,true,false,The fix addresses a security vulnerability in pgcrypto where unsupported ciphers led to trivially breakable encryption due to OpenSSL rejection not being properly detected. This is a security hardening issue as it prevents trivial decryption of encrypted data by ensuring unsupported ciphers are rejected.
2861,9fbc5d1dba7feb2a,qwen3:30b-a3b,v2,Client tools,0.95,true,false,"The fix addresses a scenario where psql incorrectly processes input following a failed COPY command, potentially leading to SQL injection if the server fails to respond with PGRES_COPY_IN. This is fundamentally about client-side handling of input data to prevent security vulnerabilities."
2862,2fdf190dfb2ef898,qwen3:30b-a3b,v2,"Concurrency, locking & crashes",0.95,true,false,"The fix addresses a vulnerability where the row types of two portals used in EXECUTE/FETCH operations could diverge, causing memory disclosure and arbitrary code execution. This is a security issue related to memory safety and access control."
2863,baec3e88ae26c0e9,qwen3:30b-a3b,v2,"Numeric, overflow & limits",0.95,true,false,"The fix addresses a buffer overrun in the to_char() function when handling long time zone abbreviations, which can cause server crashes and potentially allow arbitrary code execution. This is a memory safety issue, not a numeric overflow or limits problem."
2864,a88c3768955ea701,qwen3:30b-a3b,v2,"Numeric, overflow & limits",0.95,true,false,"The fix addresses a buffer overrun vulnerability in regexp match/split functions when handling invalidly-encoded data, which could lead to memory corruption. This is a security hardening issue due to the memory-safety weakness."
2865,dc07374e22399a1e,qwen3:30b-a3b,v2,"Data types, text & collation",0.95,true,false,"The fix addresses a vulnerability where the ascii() function could read and return unintended data due to invalid input, which is a memory safety issue. This is not a numeric overflow but a security weakness related to input handling."
2866,228e50aeff313b4f,qwen3:30b-a3b,v2,"Numeric, overflow & limits",0.95,true,false,"The fix addresses a potential crash or memory disclosure caused by a missing type check in scalarineqsel(), which could be exploited via a maliciously-constructed operator. This is fundamentally a security vulnerability related to input validation and memory safety, not a performance issue or a correctness problem in query results."
2867,8f2cdc1a8792a765,qwen3:30b-a3b,v2,"Numeric, overflow & limits",0.95,true,false,"The fix addresses a security vulnerability related to handling overly long values in tsvector and tsquery types, specifically ensuring that documented limits on lexeme and total length are enforced across all code paths. This prevents potential memory safety issues from unbounded input lengths."
2868,d59c47ea82e09a28,qwen3:30b-a3b,v2,"Numeric, overflow & limits",0.95,false,false,"The fix addresses a bug where the parser failed to enforce the actual limit on the number of arguments to an aggregate function, which is FUNC_MAX_ARGS - 1, leading to potential hazards downstream. This is fundamentally about numeric limits and overflow in the context of function argument handling, not a security vulnerability or performance issue."
2869,557226e89cb9c2a2,qwen3:30b-a3b,v2,Client interfaces,0.95,true,false,"The fix addresses a security vulnerability where SQL calls to functions with 'internal' type parameters or return types were not properly restricted, potentially allowing unauthorized access or execution. This is a security hardening issue due to the lack of sufficient checks on function parameters."
2870,a115d5341c33c914,qwen3:30b-a3b,v2,"Data types, text & collation",0.95,false,false,"The fix addresses ownership inheritance for extended statistics objects during ALTER TABLE operations, ensuring the original owner retains control rather than the executing role gaining ownership. This is a correctness issue related to object ownership semantics, not a security vulnerability or performance improvement."
2871,6e35315afbe5d759,qwen3:30b-a3b,v2,Client tools,0.95,true,false,"The fix addresses a security vulnerability where unquoted field names in EXTRACT() function calls could lead to SQL injection during deparsing, such as in pg_dump. This is a security weakness related to improper handling of user input in a parser, not a numeric or performance issue."
2872,e8e22438fd01b99c,qwen3:30b-a3b,v2,"Numeric, overflow & limits",0.95,true,false,"The fix addresses a missing privilege check for USAGE on data types in commands like CREATE TYPE AS RANGE and ALTER TABLE OF, which allowed unauthorized creation of objects depending on restricted types, potentially blocking the type's owner. This is a security vulnerability related to access control."
2873,9cfaf44339db5cfe,qwen3:30b-a3b,v2,Execution & correctness,0.95,true,false,"The fix addresses a security vulnerability where cached query plans were not invalidated after role changes, potentially allowing row-level security policies to be bypassed due to outdated cached plans. This is a security hardening issue as it closes a weakness in access control."
2874,a61defa3bfd3d83e,qwen3:30b-a3b,v2,Client interfaces,0.95,true,false,"The fix addresses a memory safety issue where ecpg applications could experience out-of-bounds writes due to invalid bytea data from the server, which is a security vulnerability requiring memory safety hardening."
2875,3938ed3266b1ab47,qwen3:30b-a3b,v2,Client tools,0.95,true,false,"The fix addresses a security vulnerability where a malicious server could inject shell commands via the psql \unrestrict command, which was not properly handling backquote expansion. This is a security hardening issue related to preventing command injection."
2876,0e493dd892b08640,qwen3:30b-a3b,v2,Client tools,0.95,true,false,"The fix addresses a potential memory clobber in pg_dump due to an assumption about the size of an array that could exceed the defined limit, which is a buffer overrun vulnerability. This is a security hardening issue as it involves memory safety."
2877,7006fbebbfb9cc87,qwen3:30b-a3b,v2,Extensions & contrib,0.95,true,false,"The fix addresses a vulnerability in PL/Perl where tied Perl objects could cause memory overwrites or corrupt result arrays, which is a memory-safety issue. This is not a numeric overflow or a performance issue but a security hardening fix."
2878,9efa66d80985e18e,qwen3:30b-a3b,v2,"Numeric, overflow & limits",0.95,true,false,"The fix addresses integer overflows in memory-allocation calculations within PL/Perl and PL/Tcl, which are related to numeric overflow in computations that could lead to memory corruption or security vulnerabilities. This is not a general numeric overflow category but a specific security issue due to the potential for memory safety problems."
2879,303aa54490ccf204,qwen3:30b-a3b,v2,"Numeric, overflow & limits",0.95,true,false,"The fix addresses a security vulnerability where the amcheck functions could be exploited to run arbitrary code as the table owner by manipulating the search_path, which is a privilege escalation issue."
2880,cb87cb76d3e7f588,qwen3:30b-a3b,v2,"Numeric, overflow & limits",0.95,false,false,"The fix addresses integer overflows in the levenshtein() and levenshtein_less_equal() functions within the fuzzystrmatch contrib module, which could lead to incorrect results and potential out-of-bounds writes. This is a numeric overflow issue, not a security vulnerability in the traditional sense, though it could lead to security issues if exploited."
2881,4525a356c58c592e,qwen3:30b-a3b,v2,Extensions & contrib,0.95,true,false,"The fix addresses a buffer overrun in the pg_trgm extension's GiST picksplit function, which is a memory safety issue that could lead to crashes or incorrect behavior. This is a security hardening issue due to the buffer overrun."
2882,18c204e75aa6979d,qwen3:30b-a3b,v2,Execution & correctness,0.95,false,false,"The fix removes a plan cache in the contrib/refint module due to bugs where cached plans reused incorrect key values in cascade-UPDATE queries, leading to incorrect behavior. This is fundamentally about ensuring correct query execution semantics, not security or performance."
2883,a2adb06d9ed3f610,qwen3:30b-a3b,v2,Replication & recovery,0.95,false,false,"The fix addresses a deadlock scenario during WAL replay between a newer standby and an older primary, which is a replication-related issue involving WAL handling and standby behavior."
2884,6bc87ec0e8c43745,qwen3:30b-a3b,v2,Execution & correctness,0.95,false,false,"The fix addresses a bug in the handling of asynchronous reads during rescan of an Append plan node, specifically ensuring that in-flight requests to external servers (like those from postgres_fdw) are properly discarded when a subplan changes or is pruned. This prevents incorrect results, infinite loops, or assertion failures, which relates to query execution correctness."
2885,92855ca5908df203,qwen3:30b-a3b,v2,Partitioning & inheritance,0.95,false,false,"The fix addresses an issue where the DEFAULT partition was incorrectly skipped during partition pruning for RANGE-partitioned tables, causing missing rows in query results. This is fundamentally about the correctness of partition pruning logic in partitioned tables, which falls under the 'Partitioning & inheritance' category."
2886,aedabf49aec4145e,qwen3:30b-a3b,v2,Planner & optimizer,0.95,false,false,"The fix addresses a flaw in the query planner's handling of nullability and strictness checks for 'value IN (array)' expressions, specifically ensuring that optimizations are only applied when the array is known to be non-empty. This prevents incorrect query results due to improper optimization when the array might be empty."
2887,6bef9003d0ea4178,qwen3:30b-a3b,v2,Planner & optimizer,0.95,false,false,"The fix addresses a missing check in the planner for hashability of container datatypes (arrays, composites, ranges) before using hash-based plans, which previously caused execution failures due to missing hash functions. This is fundamentally about query planning and optimization, specifically ensuring the planner correctly verifies hashability before selecting a plan type."
2888,da6a7f5a1fed404a,qwen3:30b-a3b,v2,Partitioning & inheritance,0.95,false,false,"The fix addresses an issue with the ALTER COLUMN ... DROP EXPRESSION command in the context of multiple levels of partitioned tables, ensuring it functions correctly across partition hierarchies."
2889,5cf51d709808eab6,qwen3:30b-a3b,v2,Execution & correctness,0.95,false,false,"The fix addresses a specific issue where renaming a rule to _RETURN, a reserved name for view's ON SELECT rules, was allowed by ALTER RULE, leading to potential conflicts or errors. This is fundamentally about the correct behavior of rule management in SQL semantics, specifically related to rule naming conventions and their reserved status."
2890,c631429cd4018a4b,qwen3:30b-a3b,v2,Indexes,0.95,false,false,"The fix addresses an issue where REINDEX CONCURRENTLY incorrectly marked a transient index copy as enforcing immediate uniqueness, leading to false constraint violation errors. This is fundamentally about index behavior during reindexing, specifically related to how uniqueness constraints are handled in the index access method."
2891,f74c4ed6ed211d97,qwen3:30b-a3b,v2,"Data types, text & collation",0.95,false,false,"The fix addresses an issue with the `to_date()` function's handling of localized month and day names, specifically when case-folding affects string byte length. This relates to text and collation handling in data type processing."
2892,8386298389ac1dfd,qwen3:30b-a3b,v2,"Data types, text & collation",0.95,false,false,"The fix addresses an issue with Unicode normalization, specifically incorrect handling of Hangul character U+11A7 during NFC recomposition, which was causing the character to be silently swallowed. This relates to text and collation handling in data types."
2893,c692d04794175117,qwen3:30b-a3b,v2,"Data types, text & collation",0.95,false,false,"The fix addresses an issue where lexemes in case-insensitive synonym dictionaries were being incorrectly truncated after converting to lowercase, which could lead to data corruption or incorrect behavior in text processing. This is fundamentally about text handling and collation, specifically related to how lexemes are processed and stored in dictionaries."
2894,d2dd610c35b156d7,qwen3:30b-a3b,v2,"Data types, text & collation",0.95,false,false,"The fix addresses a typo in the hash_record_extended() function where the second isnull argument was not initialized. This could affect extension-provided hash functions that check PG_ARGISNULL(1), but it's not a security vulnerability or performance issue. The core issue is related to the correct handling of arguments in hash functions, which falls under data types and text handling."
2895,989f217199560e4e,qwen3:30b-a3b,v2,Partitioning & inheritance,0.95,false,false,"The fix prevents a crash in the function 'satisfies_hash_partition()' when encountering a VARIADIC NULL input, which relates to partitioning logic and stability."
2896,6c4e255e60a2c6a4,qwen3:30b-a3b,v2,"Data types, text & collation",0.95,false,false,"The fix addresses how invalid weight characters in tsvector_filter() are reported, specifically converting non-printable ASCII characters to octal form to ensure error messages are valid and consistent. This is about improving error message handling for text processing, not about numeric overflow, performance, or security."
2897,39d03604d96375a5,qwen3:30b-a3b,v2,"Data types, text & collation",0.95,false,false,"The fix addresses an issue with the handling of namespace nodes in the xpath() function, which is related to XML processing within PostgreSQL. This is a correctness issue in the execution of a specific function, not a security vulnerability or performance improvement."
2898,9af493c1b454a6a1,qwen3:30b-a3b,v2,"Data types, text & collation",0.95,true,false,"The fix addresses a bug where the jsonb @? and @@ operators incorrectly treated an undefined jsonpath variable as JSON null instead of raising an error, which could lead to unbounded memory consumption. This is fundamentally about incorrect behavior in JSON path expression handling, which falls under data type semantics."
2899,f90f9b70ab8bcada,qwen3:30b-a3b,v2,"Numeric, overflow & limits",0.95,false,false,"The fix addresses a specific arithmetic operation involving the smallest possible money value divided by -1, which relates to numeric precision and behavior in monetary calculations. This is not a security issue or performance improvement but falls under numeric handling."
2900,b6e4ff2399ab5432,qwen3:30b-a3b,v2,"Concurrency, locking & crashes",0.95,false,false,"The fix addresses a crash occurring during the creation of a cache entry for a text search dictionary when an out-of-memory failure happens. This is a backend stability issue related to handling memory allocation failures, not a numeric overflow or a security vulnerability."
2901,93885c84d4d863d3,qwen3:30b-a3b,v2,"Concurrency, locking & crashes",0.95,true,false,"The fix addresses memory-safety issues related to processing dictionary files, specifically mentioning ispell/hunspell. Memory-safety bugs like buffer overruns or out-of-bounds access fall under security hardening, not the 'Numeric, overflow & limits' category. The core issue is a security vulnerability in how dictionary files are handled, not a performance or correctness issue in query execution or data types."
2902,385592f99f88aeb7,qwen3:30b-a3b,v2,"Storage, vacuum & TOAST",0.95,false,false,"The fix addresses a scenario where vacuum operations on GIN indexes could run for extended periods without checking for query cancellation or vacuum delays, potentially leading to unresponsive behavior. This is fundamentally about ensuring timely interruption of long-running vacuum processes during index maintenance."
2903,bb33c0bc63c9fd98,qwen3:30b-a3b,v2,Indexes,0.95,false,false,"The fix addresses a bug in GiST and SP-GiST index-only scans where index tuples were being mis-decoded, potentially causing corrupted data output. This is a correctness issue specific to index access methods, not a security vulnerability or performance improvement."
2904,b60878a360e3f416,qwen3:30b-a3b,v2,"Concurrency, locking & crashes",0.95,false,false,"The fix addresses a scenario where multiple processes attempt to create the same directory simultaneously, which could lead to errors or failures. This is fundamentally about ensuring stability and correctness in directory creation operations, which falls under backend stability not tied to a more specific area."
2905,e9061ce005213b40,qwen3:30b-a3b,v2,Execution & correctness,0.95,false,false,"The fix addresses a race condition where concurrent operations (dropping a schema and creating a function in it) could lead to invalid object dependencies, which is fundamentally about ensuring correct object dependency management during concurrent schema operations. This is not a security issue or performance improvement, but rather a correctness issue in how dependencies are handled."
2906,7ac37272ce75082a,qwen3:30b-a3b,v2,"Concurrency, locking & crashes",0.95,false,false,"The fix addresses a race condition in conflict detection for SERIALIZABLE isolation mode, specifically when examining an initially-empty btree index, which could lead to serializability failures. This is fundamentally about concurrency and locking issues in transaction isolation, not about performance or security hardening."
2907,e68416ecee777db7,qwen3:30b-a3b,v2,"Concurrency, locking & crashes",0.95,false,false,"The fix addresses race conditions in lock group process termination that could cause PANIC aborts, specifically related to latch ownership. This is a backend stability issue not tied to a more specific area like concurrency or locking, but rather a general crash condition."
2908,2077ab0df0390942,qwen3:30b-a3b,v2,Replication & recovery,0.95,true,false,"The fix addresses a security concern by sanitizing the connection string shown in pg_stat_wal_receiver to prevent exposure of sensitive data during timeline jumps, which is a security hardening issue."
2909,9d9e7eeeb3b77c38,qwen3:30b-a3b,v2,Replication & recovery,0.95,true,false,"The fix addresses a potential inconsistency in the number of columns sent during logical replication, which could be exploited by a malicious or buggy publisher. This is a security hardening measure to prevent potential issues, not a performance improvement or a correctness issue in query results."
2910,ca5ec822554fd044,qwen3:30b-a3b,v2,Replication & recovery,0.95,false,false,"The fix addresses improper quoting of replication slot names and parameters in replication commands, which could lead to syntax errors or, in theory, SQL injection. However, the security risk is deemed unlikely due to the privileged nature of replication operations and the lack of untrusted input sources. The core issue is about correct parameter handling in replication commands, not a security vulnerability in the traditional sense."
2911,f665f67b1e443137,qwen3:30b-a3b,v2,Replication & recovery,0.95,false,false,"The fix addresses an issue where logical decoding of empty prepared transactions incorrectly sent COMMIT/ROLLBACK PREPARED messages without a preceding PREPARE, which disrupts replication and plugin behavior. This is fundamentally about ensuring correct handling of transaction states in logical replication, which falls under replication logic."
2912,70e16057f04b0a10,qwen3:30b-a3b,v2,Replication & recovery,0.95,false,false,"The fix addresses a failure in cascading standby reconnection after archive fallback, specifically related to WAL (Write-Ahead Logging) positions and recovery processes. This pertains to replication and recovery mechanisms in PostgreSQL, not security or performance."
2913,907b278f53d7c113,qwen3:30b-a3b,v2,Replication & recovery,0.95,true,false,"The fix addresses a race condition in the replication slot management, specifically when dropping ephemeral replication slots. It prevents unsafe updates to shared-memory entries after releasing the slot, which could lead to another session reusing the slot's entry before the updates are completed."
2914,d245bbeb956e9c82,qwen3:30b-a3b,v2,Replication & recovery,0.95,false,false,"The fix addresses an issue where progress reports in logical replication remained outdated after data synchronization completed, specifically in the pg_stat_progress_copy view. This is about incorrect reporting of replication status, not a security or performance issue."
2915,621e274248442366,qwen3:30b-a3b,v2,"Concurrency, locking & crashes",0.95,true,false,"The fix addresses a NULL pointer dereference crash in PL/Perl when handling an invalid PostgreSQL::InServer::ARRAY object, which is a stability issue related to backend crashes."
2916,961b8dcbf271a36c,qwen3:30b-a3b,v2,"Concurrency, locking & crashes",0.95,false,false,"The fix addresses a NULL pointer dereference crash in PL/Python when handling sequence and mapping objects, which is a stability issue related to backend crashes due to improper error checking. This is not a security vulnerability but a crash fix."
2917,85b90f92a5328b7f,qwen3:30b-a3b,v2,Client interfaces,0.95,false,false,"The fix addresses a potential issue in libpq where pending bytes in SSL or GSS decryption buffers were not fully drained during data reading, which could lead to waiting for more data than necessary. This is related to the handling of network data in client-server communication, specifically within the client interface layer."
2918,2cb7a843c3c12c67,qwen3:30b-a3b,v2,Client interfaces,0.95,false,false,"The fix addresses a limitation in libpq's handling of ParameterDescription messages, allowing them to exceed a 30000-byte limit. This is a client-side protocol handling issue, not related to security, performance, or other categories like execution correctness or numeric limits. The core issue is about client interface protocol constraints."
2919,9e0d4e9ff0a34acd,qwen3:30b-a3b,v2,Client tools,0.95,false,false,"The fix addresses a syntax issue in ecpg's GET/SET DESCRIPTOR statements where multiple descriptor header items were incorrectly allowed by the grammar, leading to broken C code generation. This is fundamentally about correcting the behavior of a client-side tool (ecpg) related to its syntax and documentation."
2920,d624e72da22cbb66,qwen3:30b-a3b,v2,Client tools,0.95,false,false,"The fix addresses an issue in psql's output formatting where data rows were not aligned with header lines when the data was narrower than the headers, improving visual consistency in the terminal output."
2921,1b8c085690932788,qwen3:30b-a3b,v2,Client tools,0.95,false,false,"The fix addresses a discrepancy in psql's privilege checks for displaying database sizes, where psql incorrectly required CONNECT privilege even though the server function allows users with pg_read_all_stats to view sizes without it. This is about correct behavior in client tool interaction with server privileges, not a security vulnerability or performance issue."
2922,ea122d9dc3cf1a5c,qwen3:30b-a3b,v2,Client tools,0.95,false,false,"The fix addresses an issue in psql's tab completion feature, specifically ensuring that it includes procedures when completing the '\df' command. This is a usability enhancement within the client tool's behavior, not related to query correctness, security, or performance."
2923,326f54b3a78c45a4,qwen3:30b-a3b,v2,Client tools,0.95,false,false,"The fix addresses the behavior of pg_recvlogical regarding file permissions for output files, specifically ensuring that the group-read permission is correctly applied as documented. This is about the correct handling of file permissions in a client tool, which falls under the 'Client tools' category."
2924,d2f9f70a7f71cfda,qwen3:30b-a3b,v2,"Data types, text & collation",0.95,false,false,"The fix addresses a specific issue in the amcheck contrib module related to handling varlena datums with short headers, which could lead to unnecessary work during index verification but does not affect correctness or security. This is about the internal handling of data types within a contrib module, specifically related to how varlena datums are processed."
2925,899a2d59114689ef,qwen3:30b-a3b,v2,"Data types, text & collation",0.95,false,false,"The fix addresses incorrect handling of NaN values in float4 and float8 opclasses within the btree_gist extension, specifically in comparisons, penalty, and distance functions. This is a correctness issue related to data type behavior and numeric handling, not a security or performance fix."
2926,b32a456102e29cbc,qwen3:30b-a3b,v2,Indexes,0.95,true,false,"The fix addresses a bug in the btree_gist extension where searches with a not-equal operator were using an incorrect comparison function for variable-length data types, causing wrong results and potential crashes. This is fundamentally about incorrect query results due to a flawed comparison function in an index access method."
2927,19b30e0fb390522a,qwen3:30b-a3b,v2,"Concurrency, locking & crashes",0.95,true,false,"The fix addresses unguarded recursion and loops in Perl-based contrib modules, specifically preventing stack overflow from deeply nested JSONB values and handling circular references. This is fundamentally about preventing crashes due to uncontrolled recursion, which falls under backend stability not tied to a more specific area."
2928,2d5f32ee5123d59e,qwen3:30b-a3b,v2,Extensions & contrib,0.95,false,false,"The fix addresses a missed release of a statistics cache entry in the intarray contrib module, which is a resource management issue within a specific extension. This is not a security vulnerability or performance improvement but relates to proper cleanup of resources in the extension's code."
2929,7e6978e7ee5b4c4d,qwen3:30b-a3b,v2,"Numeric, overflow & limits",0.95,false,false,"The fix addresses an integer overflow in the ltree contrib module during comparisons, which caused incorrect results for values with many labels. This is a numeric overflow issue within the data type handling, not a security vulnerability or performance improvement."
2930,172fd2b7731dd2cb,qwen3:30b-a3b,v2,"Concurrency, locking & crashes",0.95,true,false,"The fix addresses a buffer overrun in the 'heap_force_kill' and 'heap_force_freeze' functions of the contrib/pg_surgery module, where writing past the end of an allocated array could crash the server. This is a memory-safety issue involving out-of-bounds access, not a numeric overflow or arithmetic error."
2931,d563c2d017cb13f1,qwen3:30b-a3b,v2,Extensions & contrib,0.95,false,false,"The fix addresses an infinite loop in the contrib/pg_surgery module when handling TID arrays with more than 64K elements, which is a correctness issue in the execution of the tool."
2932,6f62100a2195b4a0,qwen3:30b-a3b,v2,"Concurrency, locking & crashes",0.95,false,false,"The fix addresses a NULL-pointer dereference in the 'check_foreign_key' function of the contrib/refint module, specifically when handling on-update-cascade with a null referenced column. This is a crash-related issue stemming from incorrect handling of null values, which is a stability problem rather than a security vulnerability or performance issue."
2933,0926bc6d35ccf2b1,qwen3:30b-a3b,v2,"Data types, text & collation",0.95,false,false,"The fix addresses a typo in the `seg_out()` function within the `contrib/seg` module, which caused incorrect printing of certainty indicators for segment boundaries in the 'seg' data type. This is a correctness issue related to the display of data type values, not a performance or security problem."
2934,20c9704497edbe16,qwen3:30b-a3b,v2,"Concurrency, locking & crashes",0.95,false,false,"The fix addresses a crash occurring in the contrib/xml2 module's xpath_nodeset() function when handling namespace nodes, which relates to backend stability and crash prevention in a specific extension."
2935,04dddcbccc32d31e,qwen3:30b-a3b,v2,Build & platform,0.95,false,false,"The fix item mentions supporting building PostgreSQL with Visual Studio 2026, which relates to the build system and compatibility with a specific compiler version. This is about the build process and toolchain compatibility, not about query execution, security, performance, or other categories."
2936,a1cf64820bb250af,qwen3:30b-a3b,v2,Build & platform,0.95,false,false,"The fix item mentions supporting building PostgreSQL with OpenSSL 4, which relates to the build process and compatibility with a new version of OpenSSL. This is about the build system and platform compatibility, not about security hardening, performance, or any other category."
2937,252b80cae0318a42,qwen3:30b-a3b,v2,"Storage, vacuum & TOAST",0.95,false,false,"The fix addresses a bug where large tables, split into multiple files, were not fully removed during table drops, leading to orphaned files that consume disk space. This is a storage management issue related to the physical storage of tables and their cleanup."
2941,61919d5e0b4f3b7f,qwen3:30b-a3b,v2,Execution & correctness,0.95,false,false,"The fix addresses an unsupported operation (MERGE on a partitioned table with foreign-table partitions) that previously caused an unclear error. This is about incorrect SQL semantics during execution, specifically related to the behavior of the MERGE statement on partitioned tables with foreign tables."
2943,1d688bb33322b3a9,qwen3:30b-a3b,v2,Planner & optimizer,0.95,false,false,"The fix addresses a planner failure related to extended statistics on partitioned or inherited tables, specifically resolving a cache lookup issue for statistics objects. This pertains to query planning and optimization involving statistics used for planning."
2949,e0cc399cbeb753d9,qwen3:30b-a3b,v2,"Concurrency, locking & crashes",0.95,false,false,"The fix addresses a double call of the shutdown callback in an archiver module, which is a stability issue related to the proper handling of module shutdown procedures. This is not a security vulnerability or performance issue but rather a correctness concern in the archiver's lifecycle management."
2953,2f81d6e087b9dbb3,qwen3:30b-a3b,v2,Client tools,0.95,false,false,"The fix addresses the behavior of psql when a command-line query is canceled, ensuring it exits with a nonzero status instead of a successful exit. This is about the correct handling of error conditions in the client tool, specifically psql."
2955,8cd426e7eff5b52c,qwen3:30b-a3b,v2,Client tools,0.95,false,false,"The fix addresses an issue where pg_dump fails to dump comments on certain CHECK constraints, which relates to the functionality of the pg_dump utility when handling specific database objects."
2956,8e84aacc6d58ccb5,qwen3:30b-a3b,v2,"Numeric, overflow & limits",0.95,false,false,"The fix addresses an issue where the CREATE DATABASE command's oid parameter was restricted to values below 2^31, which caused problems during pg_upgrade when databases with larger OIDs existed. This is fundamentally about a numeric limit in a database creation parameter, not a security or performance issue."
2964,f5bfdeb3a1c3fc30,qwen3:30b-a3b,v2,Execution & correctness,0.95,false,false,"The fix addresses an issue where MERGE statements with UPDATE followed by INSERT actions failed to compute GENERATED columns correctly, specifically when those columns didn't depend on the UPDATE target columns. This is fundamentally about incorrect behavior in query execution related to GENERATED columns during MERGE operations."
2965,5096418d8e69e44e,qwen3:30b-a3b,v2,Execution & correctness,0.95,false,false,"The fix addresses a logical error in the MERGE statement where an unreachable WHEN clause following an unconditional one was not properly detected, which could lead to incorrect query behavior or unexpected results."
2966,8ac28fc8a6535643,qwen3:30b-a3b,v2,Execution & correctness,0.95,false,false,"The fix addresses a test failure in MERGE operations when tables previously had rules but no longer do, which relates to the correct handling of SQL semantics during execution, specifically the behavior of MERGE on tables with or without rules."
2967,bbcd8a055060076c,qwen3:30b-a3b,v2,Execution & correctness,0.95,false,false,"The fix addresses a discrepancy in the MERGE statement's behavior where a DO NOTHING action was incorrectly counted as a processed tuple, aligning the implementation with the documentation. This is about ensuring correct execution semantics of the MERGE command, not a security issue or performance improvement."
2978,ac92ba60b4eb0b29,qwen3:30b-a3b,v2,"Data types, text & collation",0.95,false,false,"The fix removes a limit on the number of elements in int2vector and oidvector types, which was causing logical replication failures when handling long column lists. This is about addressing a limitation in data type handling, specifically related to the maximum size of these vector types."
2981,62fdb4b317b6ff6f,qwen3:30b-a3b,v2,Planner & optimizer,0.95,false,false,"The fix addresses an issue in the query planner related to window function expressions, specifically preventing planner errors when window functions are used in subplan target lists. This is about the planner's ability to correctly process and handle window function run-condition expressions during query planning."
2982,8da672611f26fbd0,qwen3:30b-a3b,v2,"Concurrency, locking & crashes",0.95,true,false,"The fix addresses a dangling-pointer access issue during the execution of window function run-condition expressions, which is a stability and memory safety concern. This is not a numeric overflow or performance issue but rather a memory safety problem that could lead to crashes or undefined behavior."
2987,b4bd7930bf633b56,qwen3:30b-a3b,v2,"Concurrency, locking & crashes",0.95,false,false,"The fix addresses a scenario where converting a table to a view could cause crashes or assertion failures due to the statistics machinery being confused by a change in the relation's relkind. This is fundamentally about backend stability related to relation type changes, not query results, performance, or security."
2998,4cb5e90c942f729c,qwen3:30b-a3b,v2,"Concurrency, locking & crashes",0.95,true,false,"The fix addresses a potential inconsistency in shared state during logical decoding context creation by ensuring proper spinlock acquisition for two-phase transaction data updates, which is a concurrency and locking issue."
2999,4d2bb2c05e48192a,qwen3:30b-a3b,v2,Replication & recovery,0.95,false,true,"The fix addresses an issue where the pgoutput replication plugin was sending unnecessary columns in UPDATE and DELETE events, which could confuse external replication receivers and waste bandwidth. This is fundamentally about ensuring correct behavior in replication data transmission, specifically related to the replication plugin's handling of column lists."
3008,6e0772e6f15f49cd,qwen3:30b-a3b,v2,Client tools,0.95,false,false,"The fix addresses a potential corruption issue in very large tablespace map files during pg_basebackup, which is a client tool used for backup operations. This relates to the integrity of the backup process and the handling of large files, falling under the 'Client tools' category as it involves pg_basebackup, a server-shipped command-line program."
3009,ee8fbe5979e84bb8,qwen3:30b-a3b,v2,Client tools,0.95,false,false,"The fix addresses a harmless warning message in pg_dump when using the --if-exists option, specifically related to schema ownership. The issue is about the output message not being correctly handled, not about data correctness, performance, or security."
3012,37adf6e2bacc29de,qwen3:30b-a3b,v2,Extensions & contrib,0.95,false,false,"The fix updates the pageinspect contrib module to mark disk-accessing functions as PARALLEL RESTRICTED, preventing potential failures when examining temporary tables in parallel workers. This addresses a concurrency issue related to temporary table accessibility in parallel execution contexts."
3021,7847ed6bb8f7a6aa,qwen3:30b-a3b,v2,"Storage, vacuum & TOAST",0.95,true,false,"The fix addresses improper buffer handling that could lead to data corruption in the template database when using the CREATE DATABASE with STRATEGY WAL_LOG option, specifically risking loss of modifications to the pg_class catalog. This is a memory safety issue related to buffer handling, not a numeric or performance issue."
3022,9fe8b1722a36a01b,qwen3:30b-a3b,v2,"Storage, vacuum & TOAST",0.95,false,false,"The fix addresses memory leakage and unnecessary disk reads during the CREATE DATABASE operation with the STRATEGY WAL_LOG option, which relates to storage and disk I/O operations rather than security or performance improvements. The memory leakage is a stability issue, not a security vulnerability, and the disk reads are about efficiency but not classified under performance improvement as per the category definitions."
3024,6e8c0fc8163cdc4e,qwen3:30b-a3b,v2,Planner & optimizer,0.95,false,false,"The fix addresses issues in the query planner related to MERGE commands, specifically preventing planner failures such as 'variable not found in subplan target list' or 'PlaceHolderVar found where not expected.' This is fundamentally about the planner's ability to correctly handle MERGE command structures during query planning."
3025,a202ac8afd23e825,qwen3:30b-a3b,v2,Execution & correctness,0.95,false,false,"The fix addresses the reporting of row counts in the MERGE command, specifically ensuring that rows modified by a BEFORE ROW trigger returning NULL are not counted, aligning with the behavior of UPDATE and DELETE. It also prevents double-counting rows moved between partitions in a partitioned table. This is fundamentally about correct query result semantics during execution, not performance or security."
3026,447909bc721ff5ba,qwen3:30b-a3b,v2,Execution & correctness,0.95,false,false,"The fix addresses issues with the MERGE statement when concurrent updates occur, specifically preventing crashes and ensuring correct execution of merge actions. This relates to query execution correctness under concurrency."
3027,9ad7ee1eee3916fe,qwen3:30b-a3b,v2,Execution & correctness,0.95,false,false,"The fix adds decompilation support for MERGE commands, which is about the SQL command's handling in the context of SQL functions, specifically addressing a missing feature in the rewriter or parser for MERGE statements."
3028,352e8ed19a39aa49,qwen3:30b-a3b,v2,Partitioning & inheritance,0.95,false,false,"The fix addresses an issue where enabling or disabling foreign-key triggers on partitioned tables failed due to incorrect trigger name matching, instead using the parent-trigger OID for proper identification. This is fundamentally about correct behavior of triggers in partitioned tables, which falls under the 'Partitioning & inheritance' category."
3035,3d528b7d84518964,qwen3:30b-a3b,v2,"Data types, text & collation",0.95,false,false,"The fix adjusts text-search-related character classification logic to correctly detect the C locale when the database's default collation uses ICU, addressing a specific issue in how locale handling affects text search behavior."
3036,1f55fbc69bada390,qwen3:30b-a3b,v2,"Data types, text & collation",0.95,false,false,"The fix addresses a potential crash when processing empty input for the 'interval' data type, which relates to handling invalid or unexpected input during data type processing. This is a stability issue tied to data type behavior, not a security vulnerability or performance improvement."
3037,20a7c18588e7d01d,qwen3:30b-a3b,v2,"Data types, text & collation",0.95,false,false,"The fix re-enables support for exponential notation in ISO-8601 interval fields, which was previously disallowed in version 15 but had been accepted in earlier versions. This is about maintaining compatibility with a previously accepted syntax for interval input, not about correctness, performance, or security."
3044,58cb3d4f000f8d80,qwen3:30b-a3b,v2,Planner & optimizer,0.95,false,false,"The fix addresses an issue where a subquery's qual clause transformation into a window aggregate run condition was incorrectly handled, leading to assertion failures or wrong query results. This pertains to query planning and optimization logic."
3070,ba066165f0b43c0b,qwen3:30b-a3b,v2,Replication & recovery,0.95,false,true,"The fix disables unnecessary progress reporting overhead in standby mode, which is a performance optimization since it removes redundant work that doesn't affect correctness or security."
3073,92b1c6ed33eeffa5,qwen3:30b-a3b,v2,Execution & correctness,0.95,false,false,"The fix addresses a specific function, list_copy_head(), which was not functioning correctly when handling an empty list. This is a correctness issue related to the internal handling of lists, which falls under the category of execution and correctness as it pertains to the behavior of a function during execution, not a security or performance issue."
3076,71f052efd9729bd4,qwen3:30b-a3b,v2,Execution & correctness,0.95,false,false,"The fix addresses an assertion failure when using MERGE into a partitioned table with row-level security (RLS) enabled. This involves the interaction between partitioning and RLS, which affects query execution correctness."
3091,523111bc0a1527ac,qwen3:30b-a3b,v2,Client tools,0.95,false,false,"The fix addresses a failure to properly detect when a pipe cannot be opened in the contrib/basebackup_to_shell module, which is related to client-side tooling for backup operations. This is not a security or performance issue but rather a correctness issue in a client tool."
3096,bec0665d5d802d6c,qwen3:30b-a3b,v2,Extensions & contrib,0.95,false,false,"The fix addresses a potential failure in handling escape sequences within the 'application_name' parameter of the postgres_fdw extension, specifically when executed in a background process like during auto-analyze of a foreign table. This is a correctness issue related to the extension's behavior under specific conditions, not a security vulnerability or performance improvement."
3097,8217943d70dd6aa2,qwen3:30b-a3b,v2,Client tools,0.95,false,false,"The fix limits memory usage in a contrib module's function, specifically addressing potential excessive memory consumption in pg_walinspect's pg_get_wal_records_info() function. This is a memory usage optimization within a client tool, not a security vulnerability or performance improvement in the core database."
3102,28d38bef1439809a,qwen3:30b-a3b,v2,Execution & correctness,0.95,true,false,"The fix addresses a misapplication of Row-Level Security (RLS) policies in the MERGE statement, specifically ensuring that UPDATE actions enforce the correct policies (UPDATE/SELECT) rather than incorrectly using INSERT policies, and preventing DELETE policies from being applied during DO NOTHING actions. This is about correct enforcement of security policies during query execution, not a performance issue or numeric error."
3109,7993d54603393051,qwen3:30b-a3b,v2,Indexes,0.95,false,false,"The fix addresses a bug where ALTER TABLE ... SET ACCESS METHOD failed to update pg_depend entries, which could lead to a situation where an access method might be dropped while tables still depend on it. This is fundamentally about ensuring correct dependency tracking for table access methods, which falls under the category of 'Indexes' as it involves the internal handling of access methods used by tables."
3123,d284c4e19db85740,qwen3:30b-a3b,v2,Extensions & contrib,0.95,false,false,"The fix addresses a faulty loop logic issue where some entries might be skipped when an extension declares a GUC prefix as reserved. This is about ensuring correct handling of GUC (Grand Unified Configuration) prefixes during extension initialization, which falls under the category of 'Extensions & contrib' as it involves extension behavior and configuration handling."
3126,cef85a2fa155672b,qwen3:30b-a3b,v2,Replication & recovery,0.95,false,false,"The fix addresses a memory leak related to a subscription's statistics entry when the subscription is dropped, which is a resource management issue in replication."
3133,e3afb12ce4ebcd15,qwen3:30b-a3b,v2,Replication & recovery,0.95,false,false,"The fix addresses a false error message about missing 'contrecord' in WAL processing, treating it as a normal end-of-WAL case instead of logging incorrect complaints. This is about handling WAL processing correctly without causing misleading errors."
3136,7931bb14d93a4dfe,qwen3:30b-a3b,v2,Planner & optimizer,0.95,false,false,"The fix addresses an assertion failure triggered by changing the 'stats_fetch_consistency' setting during a transaction, which relates to the internal handling of statistics fetching consistency within the query planning process."
3142,b89106e40fddf2e5,qwen3:30b-a3b,v2,Client tools,0.95,false,false,"The fix addresses the behavior of the psql command-line tool regarding the PSQL_WATCH_PAGER environment variable, specifically ensuring it is ignored when standard input/output are not terminal devices, aligning with how PSQL_PAGER is handled. This is a correction to the tool's behavior under specific conditions, not related to security, performance, or other categories."
3144,624b40547b7d1abf,qwen3:30b-a3b,v2,Client tools,0.95,false,false,"The fix improves the display of dependency-loop problems in pg_dump, which is a client tool for database backups. This is about enhancing the user experience and clarity of error messages in a client-side utility, not about query execution, data types, or security."
3145,5294a771aa068011,qwen3:30b-a3b,v2,Client tools,0.95,false,false,"The fix addresses a crash that occurs in pgbench when using an empty pipeline in prepared mode, which relates to backend stability and crash handling in the client tool pgbench."
3147,0ec7ab7ce6178424,qwen3:30b-a3b,v2,Build & platform,0.95,false,false,"The fix addresses an issue with the make_etags script when used with non-Exuberant ctags, which is a tool for generating tags for source code. This is related to the build process and tooling, not to query execution, security, or performance."
3157,b3a61fe5e1fe78c7,qwen3:30b-a3b,v2,Execution & correctness,0.95,false,false,"The fix addresses a bug in the MERGE statement's handling of concurrent updates in READ COMMITTED mode, specifically ensuring that the correct rows from joined tables are used during rechecking after a row update. This relates to query execution semantics and correctness, not performance or security."
3165,847265d46025cf12,qwen3:30b-a3b,v2,Execution & correctness,0.95,false,false,"The fix addresses an issue in the function pg_stat_reset_single_table_counters() where it failed to correctly reset counters for shared catalogs, which is a correctness issue in the statistics tracking mechanism."
3179,3eb6fe813d3455df,qwen3:30b-a3b,v2,Replication & recovery,0.95,false,false,"The fix addresses a potential issue where WAL I/O statistics might not be properly recorded during a shutdown due to confusion in the forced-flush behavior of pgstat_report_wal(). This relates to the accurate reporting of WAL (Write-Ahead Logging) statistics, which is part of the replication and recovery subsystem."
3181,62d16c8368eeec67,qwen3:30b-a3b,v2,"Concurrency, locking & crashes",0.95,true,false,"The fix addresses a crash caused by attempting to free a NULL pointer during OpenSSL connection setup, which is a memory safety issue related to improper pointer handling. This is not a numeric overflow or performance issue but a stability problem that could lead to crashes."
3188,c5a99674b95c1fbb,qwen3:30b-a3b,v2,"Concurrency, locking & crashes",0.95,false,false,"The fix addresses a race condition during database dropping that could cause the autovacuum launcher to become stuck due to lingering statistics entries for the removed database. This is fundamentally about backend stability and concurrency issues, specifically a race condition affecting the autovacuum process."
3197,478b127891753e46,qwen3:30b-a3b,v2,Client tools,0.95,false,false,"The fix addresses an assertion failure during pg_dump when dumping the pg_catalog schema, which relates to the behavior of a client tool (pg_dump) when handling a specific schema. This is not a security or performance issue, but rather a correctness issue in the tool's operation."
3213,da53aec534af3419,qwen3:30b-a3b,v2,Execution & correctness,0.95,false,false,"The fix addresses an issue where window function run conditions were misprocessed, leading to errors about a missing WindowFunc in subplan target lists. This is fundamentally about query execution and correctness, specifically related to how window functions are handled during query planning and execution."
3214,2a457265b07056e2,qwen3:30b-a3b,v2,Execution & correctness,0.95,false,false,"The fix addresses the behavior of MERGE statements on partitioned tables when a partition key change occurs, specifically skipping unnecessary triggers and checks that would otherwise fail. This is about ensuring correct execution semantics for MERGE operations, not about performance or security."
3215,57debdda55e67075,qwen3:30b-a3b,v2,Execution & correctness,0.95,false,false,"The fix addresses an issue where BEFORE ROW DELETE triggers in cross-partition MERGE updates could cause errors or assertion failures if they returned NULL, which relates to the correct handling of triggers during execution of a MERGE statement on partitioned tables."
3228,392d986dd75b5b63,qwen3:30b-a3b,v2,Planner & optimizer,0.95,false,false,"The fix addresses stale statistics being returned in certain code paths, which relates to query planning and optimization where statistics are used for cost estimation and plan selection. This is not a security or performance issue but a correctness issue in the planner."
3236,2c04294f5ec99d77,qwen3:30b-a3b,v2,Execution & correctness,0.95,false,false,"The fix corrects the labeling of I/O timing data in EXPLAIN (BUFFERS) output, specifically changing 'shared/local' to 'shared' since the data only pertains to shared buffers. This is a documentation or output clarification, not a functional change to query execution or results."
3237,bf4e77e34236e06c,qwen3:30b-a3b,v2,"Storage, vacuum & TOAST",0.95,false,false,"The fix addresses a durability issue with CREATE DATABASE, ensuring that critical files (PG_VERSION, pg_filenode.map) are properly written to disk before the operation completes, preventing recovery failures or missing files after a crash or backup."
3238,83726bccd8ecddf8,qwen3:30b-a3b,v2,Replication & recovery,0.95,false,false,"The fix adds more LOG messages during recovery from a backup to aid in diagnosing recovery issues, which falls under the category of Replication & recovery as it pertains to WAL and recovery processes."
3240,5d70e9f6f7d1b835,qwen3:30b-a3b,v2,"Numeric, overflow & limits",0.95,false,false,"The fix addresses an integer overflow in the WAL decoding buffer size check, which is a numeric overflow issue within the context of buffer size validation. This is not a security hardening issue because it's not a buffer overrun or memory-safety weakness but rather a numeric overflow in a specific calculation."
3242,b0f715b0772af450,qwen3:30b-a3b,v2,Replication & recovery,0.95,false,false,"The fix addresses an issue where the pgoutput logical replication plugin incorrectly transmitted NULL for columns with a default value added via ALTER TABLE, instead of the correct default value, leading to replication inconsistencies on the subscriber. This is fundamentally about ensuring correct data replication behavior for default values in logical replication, which falls under the replication component."
3243,b6c1fced09bb74a8,qwen3:30b-a3b,v2,Replication & recovery,0.95,false,false,"The fix addresses an issue where logical replication's initial sync fails for a table with no columns due to an improperly-formatted COPY command. This is about the behavior of logical replication during initial synchronization, specifically related to handling tables with no columns."
3262,e188a798ce03dc70,qwen3:30b-a3b,v2,Build & platform,0.95,false,false,"The fix moves a function from one header file to another to avoid including a problematic header, which is a build system or platform-related issue. It does not address security, performance, or any of the other categories like execution correctness or storage."
3269,77c8e0f5b0a2bd88,qwen3:30b-a3b,v2,Execution & correctness,0.95,false,false,"The fix addresses a privilege requirement for the MERGE statement with a DO NOTHING clause, ensuring that SELECT privilege on the target table is required even when no columns are read. This is about correct SQL semantics and privilege enforcement, not about query results, performance, or security vulnerabilities."
3270,f1f6a21254f789ec,qwen3:30b-a3b,v2,Execution & correctness,0.95,false,false,"The fix addresses a specific behavior in the MERGE statement where it now correctly handles cases of self-modified tuples and ensures that errors are thrown when a target row joins to multiple source rows or is updated by a later command in the transaction, aligning with SQL standard requirements."
3273,87db949a66d2dabb,qwen3:30b-a3b,v2,"Data types, text & collation",0.95,false,false,"The fix addresses a behavior where ALTER TABLE ... ADD COLUMN with an identity/serial column did not properly set the sequence's persistence (logged vs. unlogged) to match the table's persistence, which was inconsistent with CREATE UNLOGGED TABLE behavior. This is about the correct handling of sequence persistence in relation to table properties, falling under data type and sequence behavior."
3275,5ad0ea0f7c1c10f3,qwen3:30b-a3b,v2,"Data types, text & collation",0.95,false,false,"The fix addresses the case-insensitivity of strategy keywords in CREATE DATABASE, aligning with other options' behavior. This is about consistency in SQL syntax handling, not a security issue, performance improvement, or a specific functional area like execution or indexes."
3277,85d8040cf387e782,qwen3:30b-a3b,v2,Planner & optimizer,0.95,false,false,"The fix addresses an issue in EXPLAIN's output where subplans in MERGE statements were not correctly displaying parameters referencing variables from other parts of the plan tree. This is about the correctness of query planning and execution output, not about performance, security, or other categories."
3280,2b12a734c789bb02,qwen3:30b-a3b,v2,"Storage, vacuum & TOAST",0.95,false,false,"The fix addresses buffer usage reporting during parallel vacuuming, specifically ensuring that buffer accesses by parallel workers are correctly counted in VERBOSE mode statistics. This is about accurate reporting of resource usage, not a security vulnerability or performance improvement."
3283,7aa4f827464197c1,qwen3:30b-a3b,v2,Planner & optimizer,0.95,false,false,"The fix addresses an optimization issue in window functions, specifically preventing incorrect optimization of ntile() and count() with non-constant arguments, which could lead to errors like 'WindowFunc not found in subplan target lists'. This is fundamentally about query planning and optimization, as it involves the planner's handling of window function expressions and their interaction with subqueries."
3300,a24ae5f139ad35b8,qwen3:30b-a3b,v2,"Concurrency, locking & crashes",0.95,false,false,"The fix addresses a race condition in logical replication where an invalidation event might be missed during table sync operations, leading to delayed or missed synchronization of tables. This is fundamentally about ensuring correct behavior in replication logic, which falls under concurrency and stability issues."
3308,feb585e07fbabc93,qwen3:30b-a3b,v2,Client tools,0.95,false,false,"The fix addresses a specific issue in the psql client tool where query results could be leaked after a query was cancelled, particularly when cancelling a non-last query in a multi-query string. This is a client-side behavior issue related to the handling of query cancellation in the psql command-line interface."
3310,4455e8055f760b93,qwen3:30b-a3b,v2,Client tools,0.95,false,false,"The fix addresses a specific issue with macOS Finder creating .DS_Store files that interfere with backup and recovery tools (pg_basebackup, pg_checksums, pg_rewind). It's about avoiding unnecessary file processing in client tools, not about query execution, security, or performance."
3329,6105d21810adf320,qwen3:30b-a3b,v2,"Data types, text & collation",0.95,false,false,"The fix addresses an issue with the pg_size_pretty() function when handling the smallest possible bigint value, which relates to how numeric values are processed and formatted. This is a specific behavior of a data type function, not a security or performance issue."
3336,79ebedb36c9f008c,qwen3:30b-a3b,v2,"Concurrency, locking & crashes",0.95,false,false,"The fix addresses a concurrency issue where ALTER TABLE commands modifying table persistence (LOGGED/UNLOGGED) failed to lock owned sequences, risking data loss from concurrent nextval() calls. This is fundamentally about ensuring correct behavior during sequence management under concurrent operations, which falls under concurrency and locking."
3347,319a1d71735986eb,qwen3:30b-a3b,v2,Replication & recovery,0.95,false,false,"The fix addresses an error related to dropping statistics during replication slot creation and drop, which is a specific issue in the replication process. This does not involve security hardening or performance improvements, but rather a correctness issue in replication handling."
3348,3c877bcb2716b61b,qwen3:30b-a3b,v2,"Concurrency, locking & crashes",0.95,false,false,"The fix addresses a memory leak in the logical replication WAL sender specifically when handling partitioned tables with differing row types across partitions. This is a resource management issue affecting backend stability, not a security vulnerability or performance improvement."
3350,3b6037e1bc39516b,qwen3:30b-a3b,v2,"Concurrency, locking & crashes",0.95,false,false,"The fix addresses a reference count overflow in shared memory statistics handling, which could lead to failures in backend process starts after many sessions. This is a memory management issue affecting stability, not a security vulnerability or performance improvement."
3361,50dbb283198dc063,qwen3:30b-a3b,v2,Client tools,0.95,true,false,"The fix addresses a memory leak in pg_dump during a binary upgrade, which is a client tool issue. Memory leaks are not classified under 'Numeric, overflow & limits' but rather under the affected component, and since it's a memory leak, it should be flagged as security hardening."
3363,21e1c886f5cc1cb1,qwen3:30b-a3b,v2,Extensions & contrib,0.95,false,false,"The fix addresses an error related to cursor behavior in the postgres_fdw extension when interacting with remote servers running PostgreSQL 15 or later, specifically when a foreign table is mapped to a non-trivial remote view. This is a correctness issue within the extension's handling of cursor operations."
3392,3424d36cbbe4f28e,qwen3:30b-a3b,v2,"Data types, text & collation",0.95,false,false,"The fix addresses a syntax error message that incorrectly encoded multibyte characters following numeric literals, specifically preventing the mis-encoding of trailing characters in error messages. This is about how error messages handle text encoding, not about numeric overflow or performance."
3404,5c69fe237e1e5805,qwen3:30b-a3b,v2,Client tools,0.95,false,false,"The fix addresses an issue in pg_dump where it failed to correctly handle identity sequences with different persistence settings compared to their owning tables, specifically causing failures during binary upgrades. This is about the correct handling of sequence persistence during dump and restore operations, which falls under client tools as it involves pg_dump, a client-side utility."
3412,1052d8a986394405,qwen3:30b-a3b,v2,Build & platform,0.95,false,false,"The fix addresses a compiler warning or error related to the missing declaration of 'inet_pton' when building with MinGW, which is a cross-platform development environment for Windows. This is a build-time issue specific to the MinGW compiler, not related to runtime behavior, security, or performance."
3417,bb129fe22fdc3dd5,qwen3:30b-a3b,v2,"Concurrency, locking & crashes",0.95,false,false,"The fix addresses race conditions during the dropping of shared statistics entries, which could cause data loss or assertion failures. This is fundamentally about backend stability and concurrency issues, not about query results, indexes, or other categories."
3423,48d0a7b8ce3e80a6,qwen3:30b-a3b,v2,Execution & correctness,0.95,false,false,"The fix addresses a scenario where window aggregates might return stale results due to incorrect handling of partition boundaries, specifically when using run condition optimization and pass-by-reference result types. This is fundamentally about ensuring correct query results during execution, not about performance or security."
3432,40420b5f8c0b3be1,qwen3:30b-a3b,v2,Partitioning & inheritance,0.95,false,false,"The fix addresses an issue where detaching a partition with a foreign key constraint referencing a partitioned table incorrectly updated pg_constraint entries, causing errors related to foreign key constraints. This is fundamentally about the correctness of foreign key constraints in partitioned tables, which falls under the 'Partitioning & inheritance' category."
3452,de302a1c4b27b4c6,qwen3:30b-a3b,v2,"Storage, vacuum & TOAST",0.95,false,false,"The fix addresses an assertion failure during shutdown when writing the statistics file, which relates to backend stability and proper handling of file operations at shutdown. This is not a security issue or performance improvement, but rather a stability concern in the storage or file handling process."
3473,17cb97d7c32684c1,qwen3:30b-a3b,v2,Execution & correctness,0.95,false,false,"The fix addresses an error in the MERGE statement when used with partitioned tables and DO NOTHING actions, specifically resolving an 'unknown action in MERGE WHEN clause' error. This pertains to the correct handling of SQL semantics during execution, not to crashes or performance."
3479,ab8f7419be9b6f66,qwen3:30b-a3b,v2,Execution & correctness,0.95,false,false,"The fix addresses an issue where duplicate column names in a foreign key constraint's ON DELETE action (SET DEFAULT or SET NULL) caused incorrect behavior, which relates to the semantics of SQL operations during execution, specifically in the context of foreign key constraints and their actions."
3493,dbab29b204182656,qwen3:30b-a3b,v2,Replication & recovery,0.95,false,false,"The fix addresses an error message that incorrectly reported checkpoint and timeline values during recovery when a backup_label exists, ensuring it uses the correct values from the backup_label instead of the control file."
3495,edcf2c20f09dbcc4,qwen3:30b-a3b,v2,"Concurrency, locking & crashes",0.95,false,false,"The fix removes an incorrect assertion in pgstat_report_stat(), which is related to backend stability and error handling. Assertions are typically used for debugging and should not cause crashes in production, so this is about preventing a potential crash or assertion failure."
3511,275d3f93434fdc9d,qwen3:30b-a3b,v2,Execution & correctness,0.95,false,false,"The fix addresses issues with MERGE statements targeting a plain-inheritance parent table, specifically handling WITH CHECK OPTION and RETURNING actions correctly to prevent crashes and incorrect results."
3514,689bc16bbf37bab4,qwen3:30b-a3b,v2,"Data types, text & collation",0.95,false,false,"The fix addresses an issue where unknown custom parameters with reserved prefixes could not be reset after being stored via ALTER DATABASE/ROLE/SYSTEM, which relates to parameter handling and management within the server configuration system."
3524,3151978cdb0f27b7,qwen3:30b-a3b,v2,"Storage, vacuum & TOAST",0.95,false,false,"The fix addresses an issue with decompressing LZ4-compressed data, specifically when dealing with not-very-compressible input. This is related to the handling of data compression and decompression within the storage or data processing layer, not a security vulnerability or performance issue."
3530,e50e74613fe131ed,qwen3:30b-a3b,v2,"Concurrency, locking & crashes",0.95,false,false,"The fix addresses a memory leakage issue specifically tied to autovacuum operations on a per-relation basis, which is a stability and resource management problem rather than a security or performance issue. Memory leakage falls under backend stability, not security hardening, as it does not involve vulnerabilities like buffer overruns."
3534,a084bb751ad2efde,qwen3:30b-a3b,v2,"Data types, text & collation",0.95,false,false,"The fix addresses an assertion failure during XMLTABLE parsing, which relates to the correct handling of XML data structures in the query execution phase. This is not a security issue or performance improvement, but rather a correctness issue in how XML data is processed."
3542,29fbf63921c6a34b,qwen3:30b-a3b,v2,Client tools,0.95,false,false,"The fix addresses an assertion failure in pgbench when handling multiple pipeline sync messages, which relates to backend stability and error handling during execution. This is not a security issue or performance improvement, but rather a stability fix within the client tool."
3547,feb7f0598054bc3e,qwen3:30b-a3b,v2,Replication & recovery,0.95,false,false,"The fix addresses an issue in pg_waldump, a tool used to display WAL (Write-Ahead Logging) records, specifically ensuring it correctly shows information about dropped statistics in PREPARE TRANSACTION WAL records. This relates to the accurate representation of WAL content, which falls under the replication and recovery area as WAL is central to replication and recovery processes."
3565,8008be0a3b3d9c7c,qwen3:30b-a3b,v2,Partitioning & inheritance,0.95,true,false,"The fix addresses a potential use-after-free issue during the planner's handling of partitioned tables, specifically when the last live partition is concurrently dropped. This is a memory safety issue related to concurrent operations on partitioned tables."
3572,d3179cedc267a709,qwen3:30b-a3b,v2,Indexes,0.95,false,false,"The fix addresses a logic error in caching trigger-related information for partitions with non-identical column sets, which could cause crashes. This is fundamentally about backend stability related to partitioning behavior, not query results or performance."
3579,fee18a4de03ed8d7,qwen3:30b-a3b,v2,Execution & correctness,0.95,false,false,"The fix addresses the reporting of temporary status for dropped objects like columns, defaults, triggers, or RLS policies associated with temporary tables, ensuring accurate metadata reporting. This is about correct behavior during execution and metadata handling, not security or performance."
3581,473f65b48b37b169,qwen3:30b-a3b,v2,"Storage, vacuum & TOAST",0.95,false,false,"The fix addresses a memory leak during WAL replay when creating a database, which is a stability issue related to backend memory management during recovery operations."
3582,6c077f57ea38be68,qwen3:30b-a3b,v2,"Concurrency, locking & crashes",0.95,false,false,"The fix addresses a corruption issue in the shared statistics table caused by out-of-memory failures during hash table entry creation, which could lead to errors in other sessions. This is a stability issue related to shared memory and crash handling, not a security vulnerability or performance improvement."
3583,aab89c1f25cdec8d,qwen3:30b-a3b,v2,Execution & correctness,0.95,false,false,"The fix addresses a concurrency issue in the MERGE statement's UPDATE action, where concurrent updates to the same target row could lead to incorrect results due to improper handling of tuple versions. This is fundamentally about query execution correctness, not performance or security."
3591,b9a98367dbaca7e2,qwen3:30b-a3b,v2,"Concurrency, locking & crashes",0.95,true,false,"The fix addresses a use-after-free issue in the pgoutput logical decoding plugin, which caused crashes during logical decoding attempts. This is a memory safety issue leading to crashes, not a performance or numeric problem."
3607,c473dc9e38816830,qwen3:30b-a3b,v2,Client tools,0.95,false,false,"The fix addresses a faulty assertion in pgbench's pipeline mode, which is a client tool used for benchmarking PostgreSQL. The issue is related to error handling in the tool itself, not to query execution, data types, or security."
3619,713bc1fecfc351df,qwen3:30b-a3b,v2,Execution & correctness,0.95,false,false,"The fix addresses an issue where transition tables for triggers in a CTE with a MERGE statement were not capturing rows affected by the MERGE operation, only other DML operations. This is about incorrect behavior in trigger handling during query execution, specifically related to MERGE and CTEs."
3636,0a71c4f8ab1c5a61,qwen3:30b-a3b,v2,Replication & recovery,0.95,false,false,"The fix restores the previous behavior of passing connection options specified in CREATE SUBSCRIPTION ... CONNECTION to the publisher's walsender, which was broken in PostgreSQL 15 due to a refactoring. This is about ensuring that connection parameters are correctly transmitted to the walsender process for logical replication, which falls under replication functionality."
3647,a770c9b2d573496b,qwen3:30b-a3b,v2,Client tools,0.95,false,false,"The fix addresses an incorrect rejection of valid values (0 for next multixact xid or UINT32_MAX for next multixact offset) in pg_resetwal, which is a tool for resetting the write-ahead log. This is about ensuring correct behavior for valid inputs, not about security, performance, or a specific component like storage or replication."
3672,5d875003bd9809a3,qwen3:30b-a3b,v2,Execution & correctness,0.95,false,false,"The fix addresses a specific behavior in MERGE statements under repeatable-read or serializable isolation levels, where a serialization failure should be reported when a tuple is concurrently updated. This relates to transaction isolation semantics and correct handling of concurrency issues, which falls under execution correctness."
3682,216618ebfbd1b0f2,qwen3:30b-a3b,v2,"Storage, vacuum & TOAST",0.95,false,false,"The fix addresses an unintended side effect where resetting single table counters also reset the database's stat_reset_timestamp, which is a catalog-related issue affecting statistics tracking."
3689,c1c15923c0d61076,qwen3:30b-a3b,v2,"Concurrency, locking & crashes",0.95,false,false,"The fix addresses a scenario where the startup process fails, ensuring that other child processes are properly shut down before the postmaster exits. This is about improving the stability and correctness of the postmaster's shutdown procedure, preventing orphaned processes and ensuring a cleaner shutdown."
3694,d1f8c7204220a9ed,qwen3:30b-a3b,v2,Client tools,0.95,false,false,"The fix addresses issues in the decompression and tar-parsing code used by pg_basebackup and pg_verifybackup, specifically handling tar-file padding, LZ4-compressed data corruption, error condition checks, and memory leaks. These issues relate to the correct handling of data processing in backup tools, not security vulnerabilities or performance improvements."
3696,bff93b09953729fd,qwen3:30b-a3b,v2,Extensions & contrib,0.95,false,false,"The fix allows the basic_archive contrib module to start even if the archive directory doesn't exist yet, avoiding an unnecessary startup rejection. This is about the behavior of a specific contrib module (basic_archive) when handling directory paths, not about security, performance, or other categories."
3729,0f676bfd6beb2e39,qwen3:30b-a3b,v2,Execution & correctness,0.95,false,false,"The fix addresses a mis-optimization in COUNT window functions with EXCLUDE clauses or missing ORDER BY, which incorrectly treated them as monotonic, leading to wrong query results. This is fundamentally about query execution correctness, not performance or security."
3749,5c2569354ffabd86,qwen3:30b-a3b,v2,"Concurrency, locking & crashes",0.95,false,false,"The fix addresses a race condition in the ProcSignalBarrier code, which can cause processes to get stuck. This is a concurrency issue related to backend stability and process management, not a security vulnerability or performance improvement."
3755,7ce14fe2e2361742,qwen3:30b-a3b,v2,Replication & recovery,0.95,false,false,"The fix addresses a corruption issue with unlogged sequences specifically after a standby promotion event, which relates to the behavior of sequences during replication and failover scenarios. This is not a security or performance issue but rather a correctness problem in sequence handling during replication."
3759,dbfa9112e1d8d51e,qwen3:30b-a3b,v2,Replication & recovery,0.95,false,false,"The fix addresses a stale progress entry in pg_stat_progress_basebackup after a backup failure, which is related to the replication and recovery process where progress tracking should be updated upon failure. This is not a security or performance issue but a correctness issue in the replication and recovery component."
3760,6af9366bbf3966a2,qwen3:30b-a3b,v2,"Concurrency, locking & crashes",0.95,false,false,"The fix addresses a panic caused by concurrent operations on pgstats entries when track_functions is enabled, which relates to backend stability and race conditions during concurrent access."
3761,06194fef4f1208db,qwen3:30b-a3b,v2,"Concurrency, locking & crashes",0.95,true,false,"The fix addresses a null-pointer dereference caused by a broken local pgstats entry when failing to allocate space for a shared hashtable entry, which is a stability issue related to memory management and backend crashes."
3770,518ea339d21cd83a,qwen3:30b-a3b,v2,Client tools,0.95,false,false,"The fix addresses a thread-safety issue in pgbench where multiple threads attempting to write to the same buffer for error messages caused corrupted log output. This is a concurrency issue related to thread synchronization, not a security vulnerability or performance improvement."
3800,ab0d0d3a2b326d7c,qwen3:30b-a3b,v2,Replication & recovery,0.95,false,false,"The fix addresses an issue where the origin filter condition from one call to pg_logical_slot_get_changes() was incorrectly reused in subsequent calls without specifying the origin argument, which is a logical replication function. This is about the correct behavior of a replication-related function, not a security or performance issue."
3806,c2923cbcd3cf9b64,qwen3:30b-a3b,v2,Replication & recovery,0.95,false,false,"The fix addresses an issue where the ALTER SUBSCRIPTION command did not properly apply changes to the 'run_as_owner' option, which is related to replication configuration. This is about ensuring the command behaves as intended, not about security, performance, or other categories."
3807,15c69b690dadfcb4,qwen3:30b-a3b,v2,Partitioning & inheritance,0.95,false,false,"The fix addresses an issue where bulk table insertion into partitioned tables failed due to improper sharing of insertion state across partitions, causing read errors during COPY FROM. This is fundamentally about the behavior of partitioned tables during data insertion, specifically related to how state is managed across partitions."
3808,cf54b858e3d33a8b,qwen3:30b-a3b,v2,Execution & correctness,0.95,false,false,"The fix addresses a scenario in COPY FROM where default column values are unnecessarily evaluated, which could lead to errors if the defaults are invalid or their expressions fail. This is about preventing incorrect behavior during data import, specifically avoiding unnecessary evaluation that could cause failures."
3815,b74e1bee5c0b83ad,qwen3:30b-a3b,v2,Planner & optimizer,0.95,false,false,"The fix addresses an issue in query planning related to sorting aggregate functions with ORDER BY or DISTINCT, which affects the planner's ability to identify pathkey items for sorting. This is fundamentally about query planning and optimization, not execution correctness, performance, or security."
3820,a467b31c942fe58b,qwen3:30b-a3b,v2,"Storage, vacuum & TOAST",0.95,false,false,"The fix addresses the incorrect counting of temporary-table extensions as normal-table writes in statistics tracking, which affects how statistics are collected for temporary tables. This is a correctness issue related to the internal tracking of table operations, not a security or performance improvement."
3821,6546b1e07f256cc4,qwen3:30b-a3b,v2,"Storage, vacuum & TOAST",0.95,false,false,"The fix addresses the timing measurement for relation extension operations when track_io_timing is enabled, ensuring these operations are counted as write time. This is about accurately tracking I/O timing for storage operations, specifically related to how write times are measured during relation extensions."
3832,9826ecfc6b4a4b0c,qwen3:30b-a3b,v2,Client tools,0.95,false,false,"The fix addresses an issue in pg_dump where the 'run_as_owner' option for subscriptions was not being correctly dumped, leading to incorrect restoration behavior. This is about ensuring the correct serialization and restoration of subscription settings, which falls under client tools as pg_dump is a client-side utility."
3836,a076f73b8d9acb5a,qwen3:30b-a3b,v2,Client tools,0.95,false,false,"The fix addresses an issue in vacuumdb where multiple -N switches (to exclude tables in specific schemas) were not functioning correctly due to a faulty query construction. This is about the correct behavior of a client tool (vacuumdb) in handling command-line options, which falls under the 'Client tools' category."
3837,3fbed8b0212e1598,qwen3:30b-a3b,v2,Client tools,0.95,false,false,"The fix addresses an issue where vacuumdb did not correctly apply the --buffer-usage-limit option during analyze-only mode, which affects how the tool manages memory resources during the analysis phase. This is a correctness issue related to the behavior of the client tool in handling its command-line options."
3849,98bf100e2401e5d8,qwen3:30b-a3b,v2,Planner & optimizer,0.95,false,false,"The fix addresses an issue in Memoize plans where the detection of inner-side uniqueness was incorrect, potentially causing cache entry errors. This relates to query planning and optimization, specifically the planner's handling of memoization."
3850,5fc7eed8818c04aa,qwen3:30b-a3b,v2,Planner & optimizer,0.95,false,false,"The fix addresses an issue in the planner's handling of nullingrels during constant-folding of field selection, which affects query planning and optimization logic. This is not a security or performance issue but a correctness problem in the planner."
3855,81bba8e6ffa79b19,qwen3:30b-a3b,v2,"Storage, vacuum & TOAST",0.95,false,false,"The fix addresses a corruption issue in the local buffer state during an error when extending a temporary table, which relates to the stability and correctness of table operations, specifically involving temporary table management and error handling."
3856,6aee1a1ed43ca9f4,qwen3:30b-a3b,v2,Execution & correctness,0.95,false,false,"The fix addresses an issue where the wrong tuple slot was being used during the evaluation of DISTINCT aggregates with multiple arguments, which could cause type errors in the results. This is fundamentally about incorrect query results due to a bug in the execution logic, not a security or performance issue."
3861,527e991a2da9909e,qwen3:30b-a3b,v2,Execution & correctness,0.95,false,false,"The fix addresses a scenario where attempting to drop a role with a duplicate name caused an error due to a tuple being already updated by the self operation. This is about handling role management correctly, specifically the behavior of the DROP ROLE command when encountering duplicate role names, which falls under the category of execution and correctness as it pertains to the correct behavior of SQL commands during execution."
3868,831e47ec9d5b7005,qwen3:30b-a3b,v2,Execution & correctness,0.95,false,false,"The fix allows the scram_SaltedPassword() function to be interrupted by query cancel requests, which addresses a potential issue where the function could run for an extended period with large scram_iterations values. This is about improving the responsiveness and interruptibility of the function during execution, not about security hardening or performance improvement in the traditional sense."
3876,205a89e00cb306c2,qwen3:30b-a3b,v2,Execution & correctness,0.95,false,false,"The fix addresses an issue where operations on large objects requiring ownership privilege failed with an error about an unrecognized class ID, specifically when not run by a superuser. This relates to privilege checks and ownership validation for large objects, which falls under the correct handling of SQL semantics and privilege enforcement during execution."
3882,97ac4f6e78b3cd94,qwen3:30b-a3b,v2,"Concurrency, locking & crashes",0.95,false,false,"The fix addresses a signal handling issue in walreceiver processes, specifically reverting a change that caused them to be unresponsive to SIGTERM during connection establishment. This is a stability and process management issue, not related to security, performance, or other categories."
3887,c47570d25653ecbf,qwen3:30b-a3b,v2,Replication & recovery,0.95,true,false,"The fix addresses a scenario where a subscription's connection string might be used after the owner's privileges were changed, potentially leading to security issues if the new owner lacks the necessary credentials. This is fundamentally about ensuring proper access control and security validation before using the connection string."
3892,690a3de077585fca,qwen3:30b-a3b,v2,Replication & recovery,0.95,false,false,"The fix addresses a memory leak during connection string validation for CREATE SUBSCRIPTION, which is a resource management issue rather than a security vulnerability or performance improvement. Memory leaks are not classified under 'Numeric, overflow & limits' but fall under the affected component's category, which here is related to connection handling in replication."
3899,52860465df139c3c,qwen3:30b-a3b,v2,"Data types, text & collation",0.95,false,false,"The fix addresses an issue where initdb's --no-locale option was not functioning as intended due to commented-out lc_xxx parameters in postgresql.conf. This relates to the configuration of locale-related settings during database initialization, which falls under data type and configuration handling rather than security or performance."
3902,de77a3fc9449a249,qwen3:30b-a3b,v2,Client tools,0.95,false,false,"The fix addresses an out-of-memory condition in pg_dump, which is a client tool. The issue is about detecting memory exhaustion during the operation of pg_dump, not about numeric overflow or performance."
3925,160523c0d3675d1e,qwen3:30b-a3b,v2,"Storage, vacuum & TOAST",0.95,false,true,"The fix addresses an issue in VACUUM where the visibility map state was not updated correctly when using the DISABLE_PAGE_SKIPPING option, leading to unnecessary I/O due to all heap pages being dirtied. This is fundamentally about storage management and efficiency within the VACUUM process."
3929,f97e6542f3e80ca6,qwen3:30b-a3b,v2,Planner & optimizer,0.95,false,false,"The fix addresses an issue in query planning related to sorting aggregate functions with ORDER BY or DISTINCT, specifically when parallel plans are involved. This is about the planner's ability to correctly identify pathkey items for sorting, which falls under query planning and optimization."
3935,9e592bef7d16e12e,qwen3:30b-a3b,v2,Planner & optimizer,0.95,false,true,"The fix replaces a linear search with a hash table for catcache list objects, which directly addresses performance issues related to slow operations in environments with many roles. This is a performance optimization, not a security or correctness issue."
3948,29f6026f169cc541,qwen3:30b-a3b,v2,Replication & recovery,0.95,false,false,"The fix addresses a race condition related to replication slot invalidation, which could cause incorrect conflict reporting. This is a concurrency issue affecting replication stability, not a security vulnerability or performance improvement."
3953,b87b128b719a23fb,qwen3:30b-a3b,v2,Client interfaces,0.95,false,false,"The fix addresses a thread-safety issue in error reporting for getaddrinfo() on Windows, specifically preventing incorrect or corrupted error messages in multi-threaded libpq client programs during network lookup failures. This is a concurrency issue affecting stability and correctness of error handling in a client interface component."
3958,d2fa84bf2eae00d9,qwen3:30b-a3b,v2,Client tools,0.95,false,false,"The fix addresses the case-insensitivity of parameter names in the initdb -c option, aligning it with the server's behavior to prevent redundant entries in postgresql.conf. This is about ensuring consistency in configuration handling, not security, performance, or a specific technical category like execution or indexes."
3971,7dbf38cad7c7d291,qwen3:30b-a3b,v2,Planner & optimizer,0.95,false,false,"The fix addresses a specific issue in the query planning phase where a Merge Right Anti Join plan produces incorrect results due to duplicated join keys in the outer relation when the inner relation has unique join keys. This is fundamentally about query planning and optimization, specifically the planner's handling of join strategies and key uniqueness constraints."
3979,79c63cfe2badeee1,qwen3:30b-a3b,v2,"Data types, text & collation",0.95,false,false,"The fix addresses the input handling of the ISO-8601 extended time format for time and timetz data types, specifically re-enabling support for formats like T12:34:56. This relates to how time values are parsed and interpreted, which falls under data type behavior and text handling."
3986,9db94fb61e9d52fb,qwen3:30b-a3b,v2,"Data types, text & collation",0.95,false,false,"The fix addresses an issue with the `strnxfrm()` function in the context of non-deterministic collations, which is related to text and collation handling. This is not a security or performance issue but specifically about how collations are processed during text operations."
3997,bddaea1d86a081b8,qwen3:30b-a3b,v2,"Data types, text & collation",0.95,false,false,"The fix addresses an issue where positional parameters with underscores (e.g., $1_234) were incorrectly accepted as valid tokens, causing parsing errors. The change reverts to the original behavior where parameters must consist of $ followed only by digits, ensuring correct tokenization and preventing invalid syntax from being processed."
4011,e28ccf873b313e64,qwen3:30b-a3b,v2,"Data types, text & collation",0.95,false,false,"The fix addresses a specific issue in PL/pgSQL where integer literals with underscores (introduced in v16) were not properly handled in range expressions, causing syntax errors. This is a correctness issue in the PL/pgSQL language parser or interpreter, not a security or performance problem."
4018,d084cd11ce03e45f,qwen3:30b-a3b,v2,Execution & correctness,0.95,false,false,"The fix addresses an issue where the SQL-language function executor did not correctly pass the query ID for utility statements within functions, which affects how pg_stat_statements tracks these statements. This is about the correct handling of query execution within functions, specifically related to utility statements not being properly identified for statistics collection."
4033,927f7055ea64fd7d,qwen3:30b-a3b,v2,Planner & optimizer,0.95,false,true,"The fix addresses a performance issue related to query optimization, specifically the handling of subqueries under outer joins that are later simplified to plain joins. The problem was caused by overoptimistic simplification in the query-pullup logic, leading to suboptimal query execution plans."
4036,de6cce102d7fed85,qwen3:30b-a3b,v2,"Concurrency, locking & crashes",0.95,false,false,"The fix addresses a server crash caused by using a volatile function within a json_objectagg() call, which relates to backend stability and execution behavior rather than query planning or data types. This is a crash during execution, not a wrong result or a security issue."
4037,6fb793110befea47,qwen3:30b-a3b,v2,"Data types, text & collation",0.95,false,false,"The fix addresses a correctness issue in JSON object construction where duplicate keys could be incorrectly accepted or reported when the object exceeds a kilobyte in size. This pertains to the proper handling of JSON data types and their semantics during construction, specifically ensuring key uniqueness as per JSON standards."
4039,abcc670bb24298ef,qwen3:30b-a3b,v2,"Data types, text & collation",0.95,false,false,"The fix addresses an issue with locale names containing non-ASCII characters on Windows, specifically preventing crashes caused by unclear encoding representation in the Windows runtime library. This is fundamentally about handling data types and text encoding in locale names, which falls under the 'Data types, text & collation' category."
4048,bf5a88060713da3b,qwen3:30b-a3b,v2,"Data types, text & collation",0.95,false,false,"The fix addresses issues with the indentation and whitespace handling in the XMLSERIALIZE function's output, specifically ensuring proper indentation of nodes separated by whitespace and preventing an unnecessary trailing newline. This relates to the correct formatting of XML output, which falls under data type and text handling."
4050,579a5a8b6cf07c37,qwen3:30b-a3b,v2,Execution & correctness,0.95,false,false,"The fix addresses a parsing issue where the ORDER BY clause was misinterpreted due to a name conflict between output and input columns, leading to incorrect display of views. This is fundamentally about query parsing and semantics during execution, not a security or performance issue."
4054,665003ccf833a9d8,qwen3:30b-a3b,v2,"Data types, text & collation",0.95,false,false,"The fix addresses an issue where the `pg_stat_io` view displayed incorrect data (garbage) in the `stats_reset` timestamp column specifically on 32-bit machines, indicating a problem with how timestamps are handled or stored on that architecture."
4058,a188a7c00ce60e5d,qwen3:30b-a3b,v2,Replication & recovery,0.95,false,false,"The fix ensures that logical replication apply workers do not advance the origin progress point during errors or shutdowns, preventing potential transaction loss by maintaining the source server's ability to resend data."
4068,699dea7f921dac30,qwen3:30b-a3b,v2,Client tools,0.95,false,false,"The fix addresses a memory leak in the psql client tool when repeatedly using the \bind command, which is a command-line utility for interacting with PostgreSQL. This is a stability issue related to memory management in the client tool, not a security vulnerability or performance improvement."
4069,08bd6ad72cb6e5c8,qwen3:30b-a3b,v2,Client tools,0.95,false,false,"The fix addresses a specific behavior in the psql command-line tool where specifying an interval less than 1ms would cause the tool to hang, instead treating it as zero wait time. This is a client tool behavior issue, not related to security, performance, or other categories like execution correctness or numeric limits."
4100,aabca326e44d28f7,qwen3:30b-a3b,v2,Planner & optimizer,0.95,false,false,"The fix addresses a planner error related to incorrect handling of subqueries within outer joins, specifically preventing 'varnullingrels' errors. This is fundamentally about query planning and optimization, as it involves the planner's logic for processing subqueries and joins."
4101,a483a752e5abfb82,qwen3:30b-a3b,v2,Planner & optimizer,0.95,false,false,"The fix addresses an issue where nulling-relation marker bits were not ignored during statistics lookup, which could cause incorrect use of statistics or corrupt MVNDistinct entries. This relates to query planning and optimization, as statistics are critical for the planner to make accurate decisions about query execution."
4105,f1afaf7dd4a5002e,qwen3:30b-a3b,v2,"Concurrency, locking & crashes",0.95,false,false,"The fix addresses a scenario where the postmaster (the main PostgreSQL server process) fails to timely respond to client connections due to an already-set process latch interfering with socket event detection. This is fundamentally about backend stability and process communication, specifically related to the postmaster's ability to handle socket events under heavy load, which falls under concurrency and crashes."
4110,0a1d0a4c6c408382,qwen3:30b-a3b,v2,"Concurrency, locking & crashes",0.95,false,false,"The fix addresses a memory leak related to updating application_name or cluster_name settings, which is a stability issue not tied to a specific component like execution or storage. Memory leaks are not classified under 'Numeric, overflow & limits' but rather under stability concerns, so it falls under 'Concurrency, locking & crashes' as it affects backend stability."
4130,713244866b8658c3,qwen3:30b-a3b,v2,Client tools,0.95,true,false,"The fix addresses a memory leak specifically related to the decompression of zstd-compressed data in pg_restore, which is a client tool. Memory leaks are not classified under 'Numeric, overflow & limits' but rather under the affected component, and since it's a memory leak, it should be flagged as a security hardening issue."
4132,878a41d2aaf97bbd,qwen3:30b-a3b,v2,Extensions & contrib,0.95,true,false,"The fix addresses a security-related issue with the search path in SQL-language functions within the earthdistance extension, specifically to prevent potential attacks and ensure compatibility with PostgreSQL v17's security restrictions on generated columns. It is not about performance or numeric overflow."
4134,f3fa6e00457a21d5,qwen3:30b-a3b,v2,Build & platform,0.95,false,false,"The fix addresses a build system issue related to supporting older OpenSSL library names on Windows, specifically adding support for 'ssleay32' and 'libeay32' libraries. This is a build-time compatibility adjustment, not related to runtime behavior, security, or performance."
4135,ec54ce1a60a8ab53,qwen3:30b-a3b,v2,Build & platform,0.95,false,false,"The fix addresses unresolved external symbol errors in Windows builds using meson for libcommon and libpgport functions, which are related to the build system and platform compatibility."
4136,dae13f3d39e11576,qwen3:30b-a3b,v2,Build & platform,0.95,false,false,"The fix addresses a meson configuration issue related to detecting the OSSP uuid.h header file under MSVC, which is a build system configuration problem specific to the MSVC compiler on Windows."
4137,60c9ad4ce0260a69,qwen3:30b-a3b,v2,Build & platform,0.95,false,false,"The fix addresses the installation path for pgevent during the Meson build process, aligning it with the behavior of the Make-based and MSVC build systems. This is a build system configuration issue, not related to security, performance, or any of the other content categories."
4138,d46a7ddf0f9fb8f7,qwen3:30b-a3b,v2,Build & platform,0.95,false,false,"The fix addresses the installation path for sepgsql.sql during the build process, ensuring it is placed in the correct directory (share/contrib/) as per the make-based build system's behavior. This is a build system configuration issue, not related to security, performance, or any functional aspect of the database."
4140,3d028517bab8df0e,qwen3:30b-a3b,v2,Build & platform,0.95,false,false,"The fix addresses a build system issue related to detecting the availability of a specific system header file (bsd_auth.h) in the Meson build system. This is a build configuration problem, not related to runtime behavior, security, or performance."
4148,3fc0fa748dd98a8b,qwen3:30b-a3b,v2,Execution & correctness,0.95,false,false,"The fix addresses a specific issue where array_agg() was being incorrectly attempted to be parallelized when its argument was an anonymous record type, which the parallel worker protocol cannot handle. This is fundamentally about query execution and correctness, as it prevents an invalid operation that would lead to incorrect behavior or crashes."
4155,26f83a0094555402,qwen3:30b-a3b,v2,"Data types, text & collation",0.95,false,false,"The fix addresses a missing deparsing of the INDENT option in XMLSERIALIZE(), which was causing views or rules to be dumped without the INDENT clause, leading to incorrect results upon restore. This is fundamentally about ensuring correct SQL semantics during execution and data handling, specifically related to the XMLSERIALIZE function's behavior in serialization and restoration."
4156,2a60f4b874ef348a,qwen3:30b-a3b,v2,Execution & correctness,0.95,false,false,"The fix addresses a scenario where aggregate function arguments are prematurely evaluated before the FILTER clause, potentially causing errors like division by zero. This is fundamentally about ensuring correct query execution semantics by preventing incorrect evaluation order, which falls under Execution & correctness (category 2). It does not involve security hardening or performance improvements."
4162,c1111654c48ca140,qwen3:30b-a3b,v2,Replication & recovery,0.95,false,false,"The fix addresses the reporting frequency of I/O statistics for active WAL senders in the pg_stat_io view, ensuring that I/O performed by WAL senders is reported within one second instead of waiting for the process to exit. This is about improving the accuracy and timeliness of monitoring data for replication processes."
4164,70068ba82e5e98cc,qwen3:30b-a3b,v2,"Numeric, overflow & limits",0.95,false,false,"The fix addresses an infinite loop caused by setting scram_iterations to INT_MAX, which relates to numeric overflow or limits in the SCRAM authentication mechanism. This is not a security hardening issue as it's not a memory safety vulnerability but rather a numeric limit handling problem."
4165,70f8e77f4a63d96a,qwen3:30b-a3b,v2,Execution & correctness,0.95,false,false,"The fix addresses a potential crash caused by double transformation of a JSON array subquery, which relates to backend stability and execution correctness rather than a security vulnerability or performance issue."
4167,1489d1467969d22a,qwen3:30b-a3b,v2,"Concurrency, locking & crashes",0.95,false,false,"The fix addresses a crash occurring due to an out-of-memory condition during GUC (Grand Unified Configuration) assignments, which is a backend stability issue not tied to a specific component like indexing or replication. This is a crash related to memory allocation failure, not a security vulnerability or performance issue."
4169,5b920f3719a09bc0,qwen3:30b-a3b,v2,Replication & recovery,0.95,false,false,"The fix prevents copying of invalidated replication slots, which addresses a potential issue where an invalid slot might reference WAL that has already been removed, leading to replication inconsistencies or failures. This is fundamentally about replication behavior and stability."
4170,dee35e90a6da4d28,qwen3:30b-a3b,v2,Replication & recovery,0.95,false,false,"The fix prevents restoring logical replication slots on standby servers not in hot-standby mode, addressing a scenario where a slot could remain valid after promotion with insufficient wal_level. This is about replication behavior and ensuring correct replication slot management during promotion, which falls under replication and recovery."
4173,5dea1ebdd189d480,qwen3:30b-a3b,v2,Replication & recovery,0.95,false,false,"The fix addresses a scenario where a replication apply worker encounters an error but doesn't exit, leading to an incorrect reset of the replication origin. This could cause duplicate data application, which is a correctness issue in replication behavior. The core problem is in the replication process logic, not a security vulnerability or performance issue."
4175,09c420e008ba28a2,qwen3:30b-a3b,v2,Replication & recovery,0.95,false,false,"The fix addresses a logic error in subscription creation that detects when a table is being followed through multiple publications, which could lead to duplicate data. It specifically enhances the detection to include partition parent and child tables, ensuring correct subscription behavior without data duplication."
4211,92f0483b6a8fd92d,qwen3:30b-a3b,v2,Replication & recovery,0.95,false,true,"The fix addresses a delay in launching new logical replication workers, specifically preventing excessive sleep periods that exceed the configured wal_retrieve_retry_interval. This relates to the efficiency and timing of replication worker management within the replication system."
4212,cbe614634d85dd9e,qwen3:30b-a3b,v2,"Concurrency, locking & crashes",0.95,true,false,"The fix addresses a use-after-free error during logical replication of INSERT ... ON CONFLICT, which could lead to incorrect progress reporting or a crash of the WAL sender process. This is a memory safety issue (use-after-free) that could be exploited for security vulnerabilities or cause instability."
4214,8c17cc46850481a8,qwen3:30b-a3b,v2,Replication & recovery,0.95,false,false,"The fix addresses a scenario where logical WAL senders could become stuck during standby server shutdown due to attempting to send WAL data beyond what has been replayed, which could lead to a hang or deadlock. This is fundamentally about ensuring proper coordination and state management during replication shutdown, preventing a potential hang or deadlock in the replication process."
4216,2ffeb22d7d862592,qwen3:30b-a3b,v2,"Data types, text & collation",0.95,true,false,"The fix addresses memory leaks specifically related to the XMLSERIALIZE function with the INDENT option, which is a data type and text processing operation. Memory leaks are not classified under 'Numeric, overflow & limits' but rather under the component affected, which in this case is data type and text handling. Since it's a memory leak, it should be flagged as security hardening."
4243,4c7d3abe728314e3,qwen3:30b-a3b,v2,Build & platform,0.95,false,false,"The fix addresses a compatibility warning during the build process when using Meson with MSVC, which is related to the build system and platform compatibility."
4249,25ed1f923d7970fb,qwen3:30b-a3b,v2,Planner & optimizer,0.95,false,false,"The fix addresses a misclassification of JSON constructor expressions (like JSON_OBJECT()) as strict when they can return non-null results with null inputs, leading to incorrect query planning. This is fundamentally about query planning and optimization, specifically the planner's handling of expression strictness."
4277,af8d2d5a9ddc0f3a,qwen3:30b-a3b,v2,"Concurrency, locking & crashes",0.95,false,false,"The fix addresses a specific issue where the same signal number was used for both worker shutdown and lock timeout in parallel apply workers for logical replication, causing confusion and potential misbehavior. This is fundamentally about ensuring correct handling of signals in the replication process, which falls under concurrency and locking mechanisms."
4281,b986920760b9a8d6,qwen3:30b-a3b,v2,Replication & recovery,0.95,false,false,"The fix addresses unnecessary invalidation of logical replication slots, which relates to the management and stability of replication mechanisms in PostgreSQL. This is not a security or performance issue but rather a correctness or efficiency concern within replication."
4285,7e637fc14d7ebe21,qwen3:30b-a3b,v2,"Concurrency, locking & crashes",0.95,false,false,"The fix addresses a crash that occurs when using specific libsanitizer options, which are tools for detecting memory errors. This is a stability issue related to backend crashes, not a security vulnerability or performance improvement."
4304,5c2674526dc73c2a,qwen3:30b-a3b,v2,"Numeric, overflow & limits",0.95,false,true,"The fix applies specific compiler optimization flags to certain source files during the Meson build process to align with the existing Makefile build behavior, focusing on performance-related compiler settings for numeric and checksum operations."
4313,3240515b40643663,qwen3:30b-a3b,v2,Planner & optimizer,0.95,false,false,"The fix addresses a potential planner failure caused by confusion in deduplicating duplicate window function calls, which affects query planning and optimization."
4333,6257421433b62d2e,qwen3:30b-a3b,v2,Replication & recovery,0.95,false,false,"The fix addresses a logical replication issue where transactions were being lost due to a failure in parallel worker application, specifically ensuring that logical replication progress is not advanced after such a failure to prevent data loss."
4339,8afaa625b37b155b,qwen3:30b-a3b,v2,"Storage, vacuum & TOAST",0.95,false,false,"The fix introduces a new server parameter to control the file extension method, addressing issues with posix_fallocate() on certain file systems. This is about storage management and file system interactions, not security or performance."
4340,ad4962aa9722b9ed,qwen3:30b-a3b,v2,Client interfaces,0.95,true,false,"The fix addresses the handling of the O_CLOEXEC flag on Windows to prevent file handle leakage into child processes, which is a security concern related to process handling and file descriptor management."
4341,94d8ad029eadd8e4,qwen3:30b-a3b,v2,Build & platform,0.95,false,false,"The fix addresses an issue with parsing long command-line options in Solaris executables built with Meson, which is related to the build system and platform-specific handling of command-line arguments."
4352,92dce9ae5d2dee4f,qwen3:30b-a3b,v2,Planner & optimizer,0.95,false,false,"The fix addresses a bug in the planner's handling of outer joins within a LATERAL UNION ALL subquery, which could cause incorrect query results by skipping necessary NOT NULL tests. This is fundamentally about query planning and optimization, specifically the planner's logic for determining join conditions and nullability."
4358,735a0530946ca7ec,qwen3:30b-a3b,v2,Replication & recovery,0.95,true,false,"The fix addresses a security vulnerability where unquoted object names in logical replication origin checks allowed arbitrary SQL execution on the publisher, which is a critical security issue involving improper input handling leading to potential code injection."
4369,ad246c42254f43ac,qwen3:30b-a3b,v2,Planner & optimizer,0.95,false,false,"The fix addresses an issue in the query planner where relation references were not fully removed from RestrictInfo structs during join removal, leading to planner failures and incorrect plan considerations. This is fundamentally about the query planning process and optimization."
4382,255209e5df001a57,qwen3:30b-a3b,v2,Execution & correctness,0.95,false,false,"The fix addresses a bug in the array_agg_array_combine() function where null bitmaps were not being combined correctly, leading to incorrect results in parallelized array_agg calculations. This is fundamentally about ensuring correct query results during execution, specifically related to array aggregation behavior."
4383,8d3d6b08b8cdbe9f,qwen3:30b-a3b,v2,"Storage, vacuum & TOAST",0.95,false,false,"The fix addresses retrying the sync_file_range() system call when it encounters an EINTR error, which is a common signal interruption during I/O operations. This is a stability and reliability improvement related to file I/O operations in the storage layer."
4385,9a1b270fdc6b0cb8,qwen3:30b-a3b,v2,Replication & recovery,0.95,false,false,"The fix addresses a reporting issue in activity statistics for parallel apply workers when idle, specifically ensuring that statistics from completed transactions are reported promptly, which relates to monitoring and reporting within the replication or recovery system."
4392,0a9a1d6b56e6bf3b,qwen3:30b-a3b,v2,"Numeric, overflow & limits",0.95,true,false,"The fix addresses memory leaks in ICU-based string processing, which are memory safety issues rather than numeric or overflow problems. Memory leaks are a type of memory safety weakness that can lead to resource exhaustion or potential security vulnerabilities."
4399,bd8ce7977593fc8e,qwen3:30b-a3b,v2,Client tools,0.95,false,false,"The fix addresses an issue in pg_dumpall where role GRANTs with dangling grantor OIDs were being skipped, leading to potential loss of grants. It ensures that such GRANTs are emitted without a GRANTED BY clause, maintaining consistency with pre-v16 behavior and avoiding data loss."
4420,5baf48f7f4bfd2f0,qwen3:30b-a3b,v2,Client interfaces,0.95,true,false,"The fix addresses a security vulnerability where mock SCRAM authentication secrets were generated with a fixed iteration count, potentially allowing attackers to distinguish between non-existent roles and those without SCRAM secrets. This is a security hardening issue related to authentication mechanisms."
4434,41b4ebc8b45cd975,qwen3:30b-a3b,v2,Execution & correctness,0.95,false,false,"The fix addresses a specific issue in the query planning logic related to outer joins, where a constant value from the nullable side of an outer join was not being correctly replaced with NULL in certain edge cases. This pertains to the correctness of query execution and the behavior of join operations, which falls under the category of Execution & correctness."
4439,6c7dc42480b70c18,qwen3:30b-a3b,v2,"Concurrency, locking & crashes",0.95,false,false,"The fix addresses a missing lock release in role membership grants during a DROP OWNED BY operation, which caused a warning and retained a lock until transaction end. This is a concurrency issue related to locking mechanisms."
4440,dcf82d575729a8d9,qwen3:30b-a3b,v2,Execution & correctness,0.95,false,false,"The fix addresses an issue where EXPLAIN failed to correctly parse or display SQL/JSON aggregates due to an invalid node type in the plan structure, specifically related to the deparse process of JSON aggregates. This is fundamentally about query execution and correct representation of query plans, not about performance, security, or other categories."
4446,731d977ccdcab8ba,qwen3:30b-a3b,v2,Replication & recovery,0.95,false,false,"The fix addresses a scenario where a publication table is dropped concurrently, preventing a failure in the function pg_get_publication_tables(). This relates to handling concurrent operations on table structures, specifically within the context of publications, which are part of replication features."
4451,aa7ff528942b9176,qwen3:30b-a3b,v2,Execution & correctness,0.95,false,false,"The fix addresses a NULL-pointer crash occurring when certain JSON-related constructs are used with string-type arguments lacking a text cast. This is a crash during execution due to improper handling of data types, specifically related to type conversion in expressions involving string categories. The crash is not about query results or performance but about backend stability during execution."
4455,beb17d2cea61d72d,qwen3:30b-a3b,v2,Execution & correctness,0.95,true,false,"The fix addresses a security vulnerability where temporary tables from other sessions could be accessed, causing inconsistent query results. This is a memory-safety or access-control issue, not a numeric or performance problem."
4458,c826dec193d7d5a5,qwen3:30b-a3b,v2,"Storage, vacuum & TOAST",0.95,false,false,"The fix addresses an off-by-one error in the free space map management during bulk table extension, which prevents the last block from being marked as free immediately. This is a storage management issue related to space allocation and vacuum processes, not a security or performance fix."
4464,b339144d5c9e0188,qwen3:30b-a3b,v2,"Concurrency, locking & crashes",0.95,false,false,"The fix addresses a race condition during standby promotion in logical decoding, where a requested WAL segment might be removed before it could be processed, causing a temporary failure that required a retry. This is fundamentally about backend stability and concurrency during replication operations, not about query results, performance, or security."
4504,3bf35b0608aba6f8,qwen3:30b-a3b,v2,"Data types, text & collation",0.95,false,false,"The fix addresses a test error in collation handling where the test incorrectly checked LC_CTYPE instead of LC_COLLATE, which could lead to wrong query results or index corruption when LC_CTYPE and LC_COLLATE settings differ. This is fundamentally about data type and collation behavior affecting query correctness."
4506,ab9462c6884adbfe,qwen3:30b-a3b,v2,Planner & optimizer,0.95,false,false,"The fix addresses a planner issue where an IS NULL test on a NOT NULL column was incorrectly converted to constant FALSE, causing planner failures. This is fundamentally about query planning and optimization, specifically the planner's handling of logical expressions and constant folding."
4507,23f8ce31a56a6cfc,qwen3:30b-a3b,v2,"Concurrency, locking & crashes",0.95,false,false,"The fix addresses a potential crash during query planning when inlining a SQL function with specific array-related constructs, which falls under backend stability not tied to a more specific area, thus category 6. There's no indication of security hardening or performance improvement."
4508,0509f50f8e5d3760,qwen3:30b-a3b,v2,Planner & optimizer,0.95,false,false,"The fix addresses a potential issue in the planner related to MERGE statements with WHEN NOT MATCHED BY SOURCE actions, specifically preventing incorrect query results or varnullingrels errors. This falls under query planning and optimization, not execution or correctness, as it's about the planner's decision-making process."
4510,1f2c490148d606fb,qwen3:30b-a3b,v2,Indexes,0.95,false,false,"The fix addresses an issue in B-tree index scans involving ScalarArrayOp, specifically when a scrollable cursor is backed up and then run forward, leading to incorrect query results. This is fundamentally about index correctness during execution."
4512,b11398dc21a02cc9,qwen3:30b-a3b,v2,Execution & correctness,0.95,false,false,"The fix addresses incorrect validation of COPY command options, specifically FORCE_NOT_NULL and FORCE_NULL, ensuring that invalid usages are properly rejected. This relates to the correct handling of SQL command semantics during execution, not to performance, security, or other categories."
4515,ed5787f6018db8f1,qwen3:30b-a3b,v2,"Concurrency, locking & crashes",0.95,false,false,"The fix addresses a crash occurring when using ALTER DATABASE SET to modify a server parameter that relies on search-path-based lookup, specifically default_text_search_config. This is a stability issue related to backend behavior during a database configuration change, not a performance or security vulnerability."
4516,906105307dc0a2b6,qwen3:30b-a3b,v2,Indexes,0.95,false,false,"The fix addresses repeated lookups of opclasses and collations during index creation on partitioned tables, which were causing failures due to restricted search_path and unexpected behavior with comments on parent indexes. This is fundamentally about the correctness of index creation and management on partitioned tables, not about performance or security."
4517,80099225aa9d08b4,qwen3:30b-a3b,v2,Partitioning & inheritance,0.95,false,false,"The fix addresses a dependency issue where dropping an access method was allowed even when a partitioned table depended on it, which could lead to inconsistent behavior. This is fundamentally about ensuring correct dependencies for partitioned tables, falling under the 'Partitioning & inheritance' category."
4531,938aea86070949c3,qwen3:30b-a3b,v2,Client tools,0.95,false,false,"The fix addresses an issue where psql's describe commands failed with pre-9.4 servers due to using a function not present in those versions, which is a compatibility issue with older server versions. This is not a security or performance fix, but rather a client tool compatibility issue."
4533,792cc893c8f3e71b,qwen3:30b-a3b,v2,Client tools,0.95,false,false,"The fix addresses an issue where pg_basebackup and pg_receivewal failed to correctly match a replication password entry in ~/.pgpass when the database name field contained 'replication' and no -d or --dbname option was provided, causing an unexpected password prompt. This is fundamentally about client tool behavior related to password handling in authentication."
4534,a14ad73472a59d40,qwen3:30b-a3b,v2,Client tools,0.95,false,false,"The fix addresses a scenario in pg_combinebackup where an incremental backup file is mistakenly placed in a directory intended for full backups, causing potential data corruption or incorrect backup combination. This is a correctness issue in the backup tool's handling of file placement, not a security or performance concern."
4535,a55f6b1f9be6d350,qwen3:30b-a3b,v2,Client tools,0.95,false,false,"The fix addresses an issue in pg_combinebackup where filenames with double slashes were being constructed, which only affected error message readability without causing functional problems. This is a minor cosmetic issue in the client tool's error message handling."
4548,87527405395bf48e,qwen3:30b-a3b,v2,"Data types, text & collation",0.95,false,false,"The fix reverts a change that caused issues with database and user names in connection requests, specifically addressing how over-length names are handled. It returns to the previous behavior of truncating names without encoding awareness, which is a correctness issue related to name handling in client connections."
4550,ac9ba4280034e4f4,qwen3:30b-a3b,v2,Execution & correctness,0.95,false,false,"The fix addresses a refactoring issue that caused incorrect naming in the pg_stat_activity view, specifically adding a 'Lock' suffix to wait event names, which broke joins with pg_wait_events. This is about the correctness of the view's output and its alignment with expected naming conventions, not a security or performance issue."
4551,c9e88dc58b45bb90,qwen3:30b-a3b,v2,Indexes,0.95,false,false,"The fix addresses an issue where a btree index scan with a ScalarArrayOp condition (e.g., = ANY) might not return all matching tuples, which is a correctness problem in index access. This falls under the 'Indexes' category as it pertains to the behavior of btree index scans."
4561,043f135224125bdf,qwen3:30b-a3b,v2,"Data types, text & collation",0.95,false,false,"The fix addresses an issue with the pg_get_constraintdef function's handling of NOT NULL constraints on domains, which is related to the correct representation of constraint definitions in the system catalog. This is about ensuring the function returns accurate information about domain constraints, falling under data type and constraint semantics."
4563,6515e1cb60877a46,qwen3:30b-a3b,v2,"Data types, text & collation",0.95,false,false,"The fix addresses the correct handling of variable names in SQL/JSON query functions during deparse, specifically ensuring proper double-quoting of variable names when required. This relates to the correct rendering of SQL syntax, which falls under data type and text handling semantics."
4566,7f79d87ca1c4b115,qwen3:30b-a3b,v2,Planner & optimizer,0.95,false,false,"The fix addresses a planning issue with UNION operations where input column datatypes differ, which could cause incorrect sorting or crashes. This is fundamentally about query planning and optimization, not security or performance."
4571,dda24b93e6370732,qwen3:30b-a3b,v2,"Concurrency, locking & crashes",0.95,false,false,"The fix addresses a resource allocation issue where the slotsync worker process was incorrectly using the regular backend process slot pool, leading to potential failures in launching the worker or handling connection requests when the system is near the max_connections limit. This is fundamentally about process management and resource allocation within the backend processes, which falls under concurrency and locking as it affects how processes are managed and how resources are allocated to prevent failures in connection handling."
4574,5603bf4b3258e0ef,qwen3:30b-a3b,v2,"Storage, vacuum & TOAST",0.95,false,true,"The fix corrects a miscalculation in SLRU bank numbers, which affects the internal management of shared memory buffers but does not cause functional errors or crashes. It is about optimizing the internal buffer management to reduce contention, which is a performance-related adjustment."
4581,ed11bde13e4264f9,qwen3:30b-a3b,v2,Replication & recovery,0.95,false,false,"The fix addresses a crash occurring when a background process checks a new value of synchronized_standby_slots, which relates to replication configuration. This is a stability issue in replication handling, not a security or performance fix."
4584,ab090c011ea998c4,qwen3:30b-a3b,v2,"Concurrency, locking & crashes",0.95,true,false,"The fix addresses a potential use-after-free issue during parallel vacuum operations, which is a memory safety concern. This is not a numeric overflow or performance issue but a stability and security risk related to memory management."
4590,8d287f38c9f69ba7,qwen3:30b-a3b,v2,"Numeric, overflow & limits",0.95,true,false,"The fix addresses valgrind complaints related to string hashing code, which indicates a memory safety issue or potential buffer overrun in the hashing implementation. This is not a performance improvement but a security hardening fix due to the nature of the issue."
4593,8859eb5ec417fa6d,qwen3:30b-a3b,v2,"Storage, vacuum & TOAST",0.95,false,false,"The fix addresses a scenario where pre-existing data in a relation fork would be overwritten with zeroes during a bulk write operation, which is specific to extensions rather than core PostgreSQL. This is a data integrity issue related to how extensions handle relation forks, falling under the category of 'Storage, vacuum & TOAST' as it involves physical storage management and data preservation."
4594,f77f550b492149ec,qwen3:30b-a3b,v2,"Concurrency, locking & crashes",0.95,false,false,"The fix addresses a potential crash when a server process attempts to iterate over a shared radix tree it did not create, which is a stability issue related to shared memory structures. This is not a security vulnerability but a crash prevention in shared memory handling."
4600,71efc42df08c5e3a,qwen3:30b-a3b,v2,Client tools,0.95,false,false,"The fix adds tab completion for the COPY and MERGE INTO commands in psql, which is a command-line tool for interacting with PostgreSQL. This is a usability improvement within the client tool's functionality."
4609,5c04659e5d4279ec,qwen3:30b-a3b,v2,Extensions & contrib,0.95,false,false,"The fix addresses a version mismatch between the SQL declarations and the shared library for the pageinspect extension, which previously caused a crash when calling brin_page_items(). The core issue is preventing a crash due to version inconsistency, not a security vulnerability or performance issue."
4610,3e14c8f40431e34a,qwen3:30b-a3b,v2,Extensions & contrib,0.95,false,false,"The fix addresses a race condition in postgres_fdw where cancel requests for remote queries might be ignored if sent too early, requiring retries to ensure cancellation. This is fundamentally about ensuring correct behavior in distributed query handling, not security or performance."
4618,ae876fdf2f20454b,qwen3:30b-a3b,v2,"Concurrency, locking & crashes",0.95,false,false,"The fix addresses a small memory leak in the pg_createsubscriber function, which is related to memory management rather than security vulnerabilities or performance improvements. Memory leaks are typically categorized under stability issues, but since the fix is about memory management, it falls under the 'Concurrency, locking & crashes' category as it affects backend stability."
4627,8d241186b2636e3b,qwen3:30b-a3b,v2,"Data types, text & collation",0.95,false,false,"The fix addresses an issue with how casts are handled inside JSON constructor expressions, specifically within the keys of those expressions. This relates to the correct interpretation and processing of SQL syntax and data types during query execution, which falls under the category of data type behavior and text handling."
4637,ea33bda45304d82f,qwen3:30b-a3b,v2,Planner & optimizer,0.95,false,false,"The fix addresses a planner error where NOT NULL constraints were incorrectly discarded during query planning with outer joins, leading to potential incorrect query results. This is fundamentally about query planning and optimization, specifically how the planner handles constraints in the presence of outer joins."
4638,ac580b151857cf64,qwen3:30b-a3b,v2,Planner & optimizer,0.95,false,false,"The fix addresses incorrect query optimizations related to IS [NOT] NULL tests on composite values, which affects how the query planner handles such conditions. This is fundamentally about the planner's logic for optimizing queries based on null checks on composite types."
4640,b1bc25d708c24b7a,qwen3:30b-a3b,v2,Planner & optimizer,0.95,false,false,"The fix addresses a planner estimation error where the row count per page was not clamped to at least one row, leading to incorrect size estimates for tables with low fill factors. This is fundamentally about query planning and optimization."
4647,48af06cb81f79e23,qwen3:30b-a3b,v2,Execution & correctness,0.95,false,false,"The fix addresses handling of the `io_combine_limit` parameter during query execution, which affects I/O operations. This is related to query execution behavior rather than security, performance, or other categories."
4653,0d4af13add821e0d,qwen3:30b-a3b,v2,Planner & optimizer,0.95,false,false,"The fix addresses a crash during query planning caused by premature freeing of SpecialJoinInfo structs, which is a stability issue related to the planner's memory management. This is not a security vulnerability but a crash due to incorrect memory handling."
4659,b95fe1a384a2d022,qwen3:30b-a3b,v2,Partitioning & inheritance,0.95,false,false,"The fix addresses a crash occurring in logical replication when a subscriber's partitioned table has a BRIN index, which relates to the stability of the replication process under specific indexing conditions."
4663,df7754b838661e8a,qwen3:30b-a3b,v2,"Numeric, overflow & limits",0.95,false,false,"The fix addresses the initialization order of the SMgrRelation object in smgropen() to ensure proper cleanup if the callback fails, which relates to backend stability and resource management."
4666,fa5ba8fe3f0c8431,qwen3:30b-a3b,v2,"Concurrency, locking & crashes",0.95,false,false,"The fix addresses an assertion failure during parallel vacuum operations when the maintenance_work_mem configuration parameter is set to a very low value. This is a stability issue related to backend behavior under specific resource constraints, not a performance improvement or security vulnerability."
4672,7beee9f236c3da59,qwen3:30b-a3b,v2,Client tools,0.95,false,true,"The fix addresses an issue with the scheduling of parallel reindex operations in reindexdb, which is a client tool for reindexing databases. The problem was that the original implementation did not achieve the expected level of parallelism, affecting the efficiency of the reindexing process."
4675,238e04fa721258f2,qwen3:30b-a3b,v2,Extensions & contrib,0.95,false,false,"The fix addresses an issue in the postgres_fdw extension where restriction conditions from subqueries were being incorrectly pulled up, leading to unexpected expression errors in subquery outputs. This is fundamentally about the behavior of the postgres_fdw extension in handling query expressions, which falls under the 'Extensions & contrib' category."
4676,893528fc06a04f51,qwen3:30b-a3b,v2,Build & platform,0.95,false,false,"The fix addresses a build failure caused by an old version of libpq_fe.h in system include directories, which is a build system or platform compatibility issue."
4678,42a91c9223ca8f3c,qwen3:30b-a3b,v2,Client interfaces,0.95,false,false,"The fix addresses a valgrind labeling issue related to per-buffer data in read streams, which is a non-core code concern affecting extensions. It does not involve security, performance, or core functionality."
4679,8d287f38c9f69ba7,qwen3:30b-a3b,v2,"Numeric, overflow & limits",0.95,true,false,"The fix addresses valgrind complaints related to string hashing code, which indicates a memory safety issue or potential buffer overrun in the hashing implementation. This is not a performance improvement but a security hardening fix due to the nature of the issue."
4685,e71f7ac6e31148b4,qwen3:30b-a3b,v2,Execution & correctness,0.95,false,false,"The fix addresses a concurrency issue where a MERGE command within a CTE interacts with BEFORE ROW triggers and concurrent updates/deletes, causing crashes or incorrect behavior. This is fundamentally about ensuring correct execution of queries under concurrent modifications, which falls under Execution & correctness."
4693,69edf2322750a24a,qwen3:30b-a3b,v2,"Storage, vacuum & TOAST",0.95,false,false,"The fix addresses an issue where the free-space map (FSM) wasn't being updated promptly during vacuuming for tables without indexes, which could lead to inefficient space reclamation. This is fundamentally about storage management and vacuuming behavior, not performance or security."
4698,87b960189dd7efcd,qwen3:30b-a3b,v2,Client tools,0.95,false,false,"The fix addresses inconsistent spelling of LWLock names for specific SLRU (Simple Locking Reusable Unit) structures, which affected the consistency of wait-event names displayed in monitoring views like pg_wait_events and pg_stat_activity. This is about ensuring correct naming for monitoring purposes, not about performance, security, or a core functionality issue."
4704,fd13cdf0107ec661,qwen3:30b-a3b,v2,Replication & recovery,0.95,false,false,"The fix addresses a scenario where the server would unexpectedly shut down due to a misconfiguration between sync_replication_slots and wal_level settings. The core issue is about preventing an unnecessary server crash caused by a configuration error, not about performance or security vulnerabilities."
4713,fdeae847272eed56,qwen3:30b-a3b,v2,"Concurrency, locking & crashes",0.95,true,false,"The fix addresses a crash occurring due to an out-of-memory condition when allocating large memory chunks using the bump allocator, which is a memory management mechanism. This is a stability issue related to memory allocation failures, not a numeric overflow or performance improvement."
4720,7a2f87f7e45e150e,qwen3:30b-a3b,v2,Client interfaces,0.95,false,false,"The fix addresses a crash in the libpq PQcancelCreate() function when the server's address is specified with hostaddr, which relates to client-side connection handling and stability."
4727,8d77a59ca1046317,qwen3:30b-a3b,v2,Replication & recovery,0.95,false,false,"The fix addresses a bug where a transaction was being replayed twice during subscription initialization in logical replication, specifically when using pg_createsubscriber. This is a replication behavior issue related to transaction replay consistency."
4728,13445d8543167210,qwen3:30b-a3b,v2,Client tools,0.95,false,false,"The fix ensures pg_dump correctly includes comments on not-null constraints for domain types, addressing a missing feature in the dump process rather than a correctness issue in query execution or data storage."
4731,30b1605ccc3e099c,qwen3:30b-a3b,v2,Client tools,0.95,false,false,"The fix addresses an issue in pg_dump's filter file parsing, specifically how keywords are interpreted, ensuring that keywords are treated as extending to the next whitespace rather than stopping at the first non-alphanumeric character. This prevents misinterpretation of invalid keywords like 'table-data' as 'table', which is a correctness issue in the client tool's behavior."
4732,4550483aba0eb0ef,qwen3:30b-a3b,v2,Client tools,0.95,false,false,"The fix addresses an issue where pg_restore could not correctly restore large objects (BLOBs) from directory-format dumps created by older versions of pg_dump (pre-v12). This is a problem with the restoration process of large objects, which falls under the client tools category as it involves pg_restore, a server-shipped command-line utility."
4734,0fb428fb8eed58e6,qwen3:30b-a3b,v2,Replication & recovery,0.95,false,false,"The fix addresses a requirement during pg_upgrade that the target installation must have max_slot_wal_keep_size set to its default value, which is unnecessary and restrictive. This is related to replication and recovery settings, specifically WAL management during upgrades."
4739,d73ffcd16e9fefeb,qwen3:30b-a3b,v2,Indexes,0.95,false,false,"The fix addresses an assertion failure when applying pg_prewarm() to a relation without storage, such as a view, by adding an error check to reject such cases. This is about preventing a crash or assertion failure in a specific extension's behavior, not about query results, performance, or security."
4753,e0da75bc87662c3b,qwen3:30b-a3b,v2,"Data types, text & collation",0.95,false,false,"The fix addresses an issue where SQL/JSON functions like JSON_VALUE would encounter errors when a DEFAULT clause included a COLLATE expression, which is related to the handling of data types and collation during function execution."
4771,a6d10baa61628545,qwen3:30b-a3b,v2,"Concurrency, locking & crashes",0.95,true,false,"The fix addresses a potential use-after-free issue during parallel vacuum operations, which is a memory safety concern. This is not a numeric overflow or performance issue but a stability and security hardening issue."
4775,23d547c5770fabcd,qwen3:30b-a3b,v2,"Concurrency, locking & crashes",0.95,false,true,"The fix addresses a memory management issue in the startup process of a standby server, specifically preventing the leakage of SMgrRelation objects which could cause substantial bloat in a hashtable. This is a memory management problem that could lead to resource exhaustion, but it's not a security vulnerability like buffer overruns or access control issues."
4783,a93cc4ff3c3021ad,qwen3:30b-a3b,v2,Replication & recovery,0.95,false,false,"The fix addresses an issue where the system fails when referencing non-existent replication slots in the context of synchronized_standby_slots, which relates to replication configuration and behavior."
4799,97847293f24769c4,qwen3:30b-a3b,v2,Client tools,0.95,false,false,"The fix addresses an issue where pg_dump failed to correctly preserve non-inherited not-null constraints on inherited table columns when dumping from a pre-v18 server. This is about ensuring correct data integrity and schema preservation during backup operations, specifically related to how constraints are handled in inherited tables during the dump process."
4808,8e076426c7e17c58,qwen3:30b-a3b,v2,Client tools,0.95,false,false,"The fix addresses a memory leakage issue in pg_combinebackup, a client tool used for backup operations. Memory leakage is a stability issue that can lead to resource exhaustion, but it is not a security vulnerability like buffer overruns. The fix is about improving the stability of the client tool."
4828,1fea7cde133cbdc0,qwen3:30b-a3b,v2,Execution & correctness,0.95,false,false,"The fix addresses an issue in the EXPLAIN ANALYZE output for MERGE statements when concurrent updates occur, specifically correcting the count of skipped tuples or preventing assertion failures. This relates to the accuracy of query execution and output, not to security, performance, or other categories."
4831,25f0124aface89a0,qwen3:30b-a3b,v2,"Storage, vacuum & TOAST",0.95,false,false,"The fix addresses an issue where pg_combinebackup fails when a large table is truncated by VACUUM between a base backup and an incremental backup, specifically due to the truncation block length exceeding the segment size. This is fundamentally about the correct handling of backup and recovery processes involving large tables and incremental backups."
4839,4762286f9bce26e7,qwen3:30b-a3b,v2,"Concurrency, locking & crashes",0.95,false,false,"The fix addresses a scenario where a dynamic shared memory (DSM) registry entry fails to initialize partway through, preventing subsequent attempts from retrying. This is about ensuring the system can recover from partial initialization failures in shared memory management, which falls under backend stability and shared memory handling."
4847,80732debd7faf360,qwen3:30b-a3b,v2,Replication & recovery,0.95,false,false,"The fix addresses an issue where logical replication slotsync worker processes did not correctly handle LOCK_TIMEOUT signals, which is a concurrency and stability issue related to replication processes."
4849,deb647b0828f434f,qwen3:30b-a3b,v2,"Data types, text & collation",0.95,false,false,"The fix addresses an error reporting issue related to SQL/JSON path type mismatches, specifically ensuring the correct error message is displayed instead of a generic 'cache lookup failed' error. This pertains to the handling of data types and error messages in SQL/JSON operations."
4858,80d293d65ddc8103,qwen3:30b-a3b,v2,Client tools,0.95,false,false,"The fix addresses an assertion failure in pg_dump during binary-upgrade mode, specifically related to handling subscription-relation objects in the object sorting code. This is a correctness issue in the client tool pg_dump, not a security or performance problem."
4859,c0c96a361c484544,qwen3:30b-a3b,v2,Client tools,0.95,false,false,"The fix addresses an error handling issue in pgbench when multiple \syncpipeline commands are used after a query error, specifically preventing incorrect error messages or assertion failures. This is about the behavior of the client tool during execution, not about query results, performance, or security."
4875,87d1daeb8c587342,qwen3:30b-a3b,v2,Client interfaces,0.95,true,false,"The fix addresses a SQL injection vulnerability by properly quoting subscription names in pg_createsubscriber, which is a security issue related to input handling and injection prevention."
4904,3eb128ecdbfe3b66,qwen3:30b-a3b,v2,Planner & optimizer,0.95,false,false,"The fix addresses a failure in estimating array lengths during set operations when there's no relation entry for relid 0, which relates to query planning and optimization."
4906,8bbcc1cceb135945,qwen3:30b-a3b,v2,"Data types, text & collation",0.95,false,false,"The fix addresses an issue in the JSON parser where numeric tokens crossing buffer boundaries could lead to incorrect number formatting, causing subsequent failures. This is fundamentally about handling numeric tokens correctly in the JSON parser, which falls under data type and text handling."
4907,01479fbeb8ce3566,qwen3:30b-a3b,v2,"Storage, vacuum & TOAST",0.95,false,false,"The fix addresses an issue where restoring an incremental backup incorrectly computed the expected file length, causing unnecessary appending of zero blocks to the visibility map, leading to wasted disk space without data corruption. This is fundamentally about storage management and space efficiency, not about query correctness, performance, or security."
4908,c6967e3410155ccf,qwen3:30b-a3b,v2,"Data types, text & collation",0.95,false,false,"The fix addresses a specific issue with collation handling during catalog cache lookups on text columns, ensuring consistent behavior by using the C collation instead of relying on a database-specific default that might not be available in certain scenarios like physical replication startup."
4909,84ec7561dc136050,qwen3:30b-a3b,v2,Replication & recovery,0.95,false,false,"The fix addresses a scenario where a standby server's promotion is delayed due to a stuck worker process waiting for a primary server response, which is a concurrency and stability issue related to replication processes."
4910,3819564096120921,qwen3:30b-a3b,v2,Replication & recovery,0.95,false,false,"The fix addresses excessive log output from idle slot synchronization worker processes, which relates to logging behavior in a specific process type. This is not a security issue, performance improvement, or related to query execution, indexes, or other core components. The logging issue is tied to the replication or recovery subsystem, specifically worker processes involved in slot synchronization."
4915,fd736635082786c5,qwen3:30b-a3b,v2,"Concurrency, locking & crashes",0.95,true,false,"The fix addresses a bug in the indexing of oldest-multixact arrays in shared memory, which could lead to visibility issues for row locks in transactions and potential memory stomps under specific conditions. This is fundamentally about ensuring correct transaction visibility and memory safety, which relates to concurrency and locking mechanisms."
4945,03e7ab3b0f258ecb,qwen3:30b-a3b,v2,Client interfaces,0.95,true,false,"The fix addresses a security issue where the server incorrectly accepted GSSAPI encryption requests after a direct SSL connection, potentially bypassing pg_hba rules that intended to disallow TLS. This is a security weakness related to access control and encryption handling."
4963,355006fa2d121a50,qwen3:30b-a3b,v2,Partitioning & inheritance,0.95,false,false,"The fix addresses an issue with attaching partitions of indexes that are exclusion constraints, specifically breaking dump/restore functionality for partitioned exclusion constraints. This relates to the handling of partitioned tables and their constraints during backup and restore operations."
4971,3511bcfc7770ab99,qwen3:30b-a3b,v2,"Data types, text & collation",0.95,true,false,"The fix addresses a vulnerability in UTF-8 character handling during case conversion, specifically preventing issues with truncated UTF-8 sequences that could lead to memory safety problems or incorrect behavior. This is fundamentally about memory safety and preventing potential security issues related to invalid UTF-8 input."
4977,a34742d40e3cc98a,qwen3:30b-a3b,v2,"Data types, text & collation",0.95,false,false,"The fix addresses an issue where the jsonpath '.decimal' method was incorrectly throwing a hard error for invalid precision or scale settings, which should instead be handled silently in 'silent mode' as per the specification. This is about the behavior of a data type method related to JSON handling, specifically concerning numeric precision and scale validation within the context of JSON path expressions."
4979,a02a8f768054b49b,qwen3:30b-a3b,v2,"Data types, text & collation",0.95,false,false,"The fix addresses the application of declared precision and scale for numeric target columns when using SQL/JSON ON EMPTY / ON ERROR DEFAULT values, ensuring correct type coercion during default value handling."
4984,810fd9d379560c8d,qwen3:30b-a3b,v2,"Storage, vacuum & TOAST",0.95,false,false,"The fix addresses the order in which autovacuum processes databases, correcting it from lowest to highest score to the intended reverse order. This is a correctness issue in the autovacuum process behavior, not a security or performance improvement."
4985,32093e95e5257549,qwen3:30b-a3b,v2,"Concurrency, locking & crashes",0.95,false,false,"The fix addresses a memory leak in parallel vacuum worker processes, where each progress report caused a small memory leak that accumulated over time. This is a stability issue related to memory management in backend processes, not a security vulnerability or performance improvement."
4989,7df9bf335065d772,qwen3:30b-a3b,v2,"Concurrency, locking & crashes",0.95,false,false,"The fix addresses a potential double-free or infinite error recovery loop during transaction abort, which relates to backend stability and resource management. This is not a security vulnerability but a stability issue."
4995,b24b19ecd8a92363,qwen3:30b-a3b,v2,Replication & recovery,0.95,false,false,"The fix addresses WAL logging issues related to visibility map (VM) operations, specifically ensuring that changes to VM bits are properly logged in WAL to prevent incorrect incremental backups and potential data corruption from torn page writes. This is fundamentally about ensuring correct WAL logging for VM operations, which falls under replication and recovery as it affects backup and recovery processes."
4996,8968a636d4565987,qwen3:30b-a3b,v2,Replication & recovery,0.95,false,false,"The fix addresses a potential issue where the WAL summarizer process could become stuck during a timeline switch, which is a critical operation in replication and recovery. This is fundamentally about ensuring the stability and correct behavior of the replication and recovery processes."
5004,62f0caf26f152bae,qwen3:30b-a3b,v2,Build & platform,0.95,false,false,"The fix addresses an issue where event trigger cleanup attempted to clear a database log entry on a standby server, which is unnecessary and non-functional since the primary's changes are replayed. This relates to replication behavior and the handling of event triggers in a standby context."
5005,89e37f9afca6233d,qwen3:30b-a3b,v2,"Concurrency, locking & crashes",0.95,false,false,"The fix addresses a race condition related to the management of replication slots in shared memory, specifically preventing an incorrect unlock and log message when a slot is dropped and another session reuses the slot's shared-memory entry. This is fundamentally about backend stability and concurrency, not about query results, performance, or security vulnerabilities."
5020,cbc6ee6c600a0d55,qwen3:30b-a3b,v2,Client tools,0.95,false,false,"The fix addresses an infinite loop in pg_combinebackup when the source file is shorter than expected, which relates to the handling of file operations in a client tool. This is not a security issue or performance improvement but a correctness issue in a client-side utility."
5021,234af5d389298f13,qwen3:30b-a3b,v2,Replication & recovery,0.95,false,false,"The fix addresses a cleanup issue where logical replication objects (publication and replication slot) are not properly removed on the publisher side when pg_createsubscriber fails after creating them. This is about ensuring correct state management during replication setup failures, which falls under replication behavior."
5029,724a3c27a65925ff,qwen3:30b-a3b,v2,Extensions & contrib,0.95,true,false,"The fix addresses a double-free crash in the pgcrypto extension when an error occurs with an OSSLCipher object, which is a memory management issue leading to a crash."
5039,45254f1c26652c1b,qwen3:30b-a3b,v2,Planner & optimizer,0.95,false,false,"The fix addresses an issue where the query planner incorrectly optimized HAVING clauses without variables when used with grouping sets, leading to potential incorrect query results. This is fundamentally about query planning and optimization, specifically the planner's handling of HAVING clauses in the context of grouping sets."
5040,f22bd366ef7c21fc,qwen3:30b-a3b,v2,Execution & correctness,0.95,false,false,"The fix addresses a race condition in the shared hash table during parallel execution of hash right semi joins, which could lead to incorrect results or crashes. This is fundamentally about ensuring correct execution of a specific join type under parallelism, not about performance or security."
5041,e05193d8c6be3051,qwen3:30b-a3b,v2,Planner & optimizer,0.95,false,false,"The fix addresses a potential division-by-zero error in the planner's logic for creating ordered-append plans, which could lead to incorrect query plan selection or assertion failures. This is a correctness issue in the query planning process, not a security vulnerability or performance improvement."
5042,ed3414471da05ce9,qwen3:30b-a3b,v2,Planner & optimizer,0.95,false,false,"The fix addresses a planner issue where certain index types that support ordered access but not index-only scans were causing query failures, specifically resulting in no data being returned for index-only scans. This is fundamentally about the query planning process and how the planner handles specific index capabilities."
5044,319194886b4cb5d2,qwen3:30b-a3b,v2,"Storage, vacuum & TOAST",0.95,true,false,"The fix addresses a potential out-of-memory or invalid memory allocation during parallel GIN index build, which is a memory safety issue related to allocation size handling. This is not a numeric overflow but a memory safety concern."
5048,2b3473b8572beffa,qwen3:30b-a3b,v2,Execution & correctness,0.95,false,false,"The fix addresses a rare crash occurring during the processing of hashed GROUPING SETS queries, which relates to backend stability and execution correctness under specific query patterns. This is not a security or performance issue but rather a crash during query execution."
5049,60c3af7729bd51e6,qwen3:30b-a3b,v2,Planner & optimizer,0.95,false,true,"The fix addresses an issue in hash joins where the hash table size was being chosen incorrectly, leading to inefficient memory usage or failures in memory allocation. This is fundamentally about the planner and optimizer's handling of hash join memory management, which affects query planning and optimization."
5050,2b606ce8a5ffbaaa,qwen3:30b-a3b,v2,Execution & correctness,0.95,true,false,"The fix addresses the order of privilege checks and lock acquisition in statistics manipulation functions, ensuring privileges are verified before locking the relation to prevent potential security issues related to unauthorized access or privilege escalation."
5052,26231d0dd2c6d6f8,qwen3:30b-a3b,v2,"Concurrency, locking & crashes",0.95,false,false,"The fix addresses a crash occurring during rechecks of partitioned tables in the EvalPlanQual process, which relates to the stability of the backend when handling partitioned table operations. This is a backend stability issue not tied to a more specific area like indexing or execution correctness, so it falls under 'Concurrency, locking & crashes'."
5057,498e957dcc76c8aa,qwen3:30b-a3b,v2,Execution & correctness,0.95,false,false,"The fix addresses a scenario where an identity column could be incorrectly set when a not-null constraint is marked as invalid, which is a correctness issue in the handling of column constraints during identity column definition. This is not a security or performance issue."
5069,5f9a400f67e68610,qwen3:30b-a3b,v2,"Data types, text & collation",0.95,false,false,"The fix addresses a regression in accessing shared catalogs during backend startup, specifically related to C collation handling in locale setup. This is not a security or performance issue but rather a correctness issue in how collation is initialized early in the startup process."
5077,867fe185cddd373f,qwen3:30b-a3b,v2,Client tools,0.95,false,false,"The fix addresses the sorting order of foreign key constraints in pg_dump to ensure consistency with other object types, which is a behavior related to the output of a client tool."
5085,7957d2dfa5821582,qwen3:30b-a3b,v2,Extensions & contrib,0.95,false,false,"The fix addresses a crash in the pg_stat_statements extension when multiple constants share the same location in the SQL statement text, which relates to the stability of the extension's handling of query parsing and storage."
5093,4e6afe9b4f3cd7ea,qwen3:30b-a3b,v2,Extensions & contrib,0.95,true,false,"The fix addresses a potential buffer overrun in the pg_trgm extension due to locale-specific string lowercasing behavior changes in PostgreSQL 18, which can cause more characters to be produced than the original string length. This is a security vulnerability related to memory safety, not a numeric or arithmetic issue."
5094,41a037af498d552f,qwen3:30b-a3b,v2,"Data types, text & collation",0.95,false,false,"The fix addresses a discrepancy in case-insensitive matching behavior between index routines and primary operators in the ltree contrib module, specifically related to collation handling. This is a correctness issue in how text data is processed and indexed, not a security or performance problem."
5095,7b0eb2a3de6abb4b,qwen3:30b-a3b,v2,"Data types, text & collation",0.95,false,false,"The fix addresses a scenario where adding a named NOT NULL constraint to a column that is already NOT NULL requires the new constraint name to match the existing one, preventing naming conflicts or inconsistencies in constraint management."
5098,a26f6538462c9732,qwen3:30b-a3b,v2,Execution & correctness,0.95,false,false,"The fix addresses a bug where rowmarks from non-relation rangetable entries (like subqueries) were incorrectly pruned, leading to wrong query results when concurrent updates required rechecking via EvalPlanQual. This is fundamentally about query execution correctness, specifically related to how rowmarks are handled during query execution and rechecking."
5100,e1377e155d1d58e6,qwen3:30b-a3b,v2,Execution & correctness,0.95,false,false,"The fix addresses an issue where expression evaluation fails when a sub-select is used within an array subscript, which relates to how SQL expressions are processed during query execution. This is not a security or performance issue but rather a correctness problem in query execution."
5101,231c8fd7d23e2c9a,qwen3:30b-a3b,v2,"Data types, text & collation",0.95,false,false,"The fix addresses an issue where substring search fails to detect a match at the end of a string when using non-deterministic collations, which relates to text handling and collation behavior."
5103,421fc1b21e66ce9c,qwen3:30b-a3b,v2,Planner & optimizer,0.95,false,false,"The fix addresses a planner error related to set-returning functions and grouping sets, specifically ensuring that subexpressions involving grouping expressions are correctly detected and handled during plan construction. This is fundamentally about query planning and optimization, not about execution correctness, performance, or security."
5104,1c11f0071a3acf93,qwen3:30b-a3b,v2,Planner & optimizer,0.95,false,false,"The fix addresses a planner optimization issue where the planner incorrectly pushed down restrictions referencing a volatile or set-returning function in a subquery's grouping clause, causing incorrect results due to multiple evaluations of volatile functions or errors from introducing set-returning functions into WHERE/HAVING clauses. This is fundamentally about query planning and optimization, specifically the planner's handling of volatile functions in subquery grouping clauses."
5105,4175b708f670a01b,qwen3:30b-a3b,v2,Planner & optimizer,0.95,false,false,"The fix addresses the planner's ability to utilize statistics for expressions involving PlaceHolderVar nodes, which are common in subqueries and GROUP BY clauses. This is a fundamental improvement in query planning and optimization, specifically in how the planner handles statistics for complex expressions."
5106,8265fe6a0d60c75e,qwen3:30b-a3b,v2,Planner & optimizer,0.95,false,false,"The fix addresses a regression in index usage due to the introduction of PlaceHolderVar nodes in query planning, specifically ensuring that index matching logic correctly handles these nodes to avoid unnecessary index scans. This is fundamentally about query planning and optimization, as it involves the planner's ability to match expressions to indexes under new conditions introduced by version 18."
5107,8acc0c95d4cb14f2,qwen3:30b-a3b,v2,Planner & optimizer,0.95,false,false,"The fix addresses an issue in the query planner's handling of OR clauses when converting them to index conditions, specifically related to RelabelType nodes. This is about the planner's logic for generating correct index conditions, which falls under query planning and optimization."
5110,26531523d79aa172,qwen3:30b-a3b,v2,Indexes,0.95,false,false,"The fix addresses an issue in parallel GIN index builds where the wrong ordering function was used, leading to potential index corruption or failure. This is fundamentally about the correct behavior of index access methods, specifically GIN indexes, during parallel operations."
5113,8360f99ccc4292bd,qwen3:30b-a3b,v2,Execution & correctness,0.95,false,false,"The fix addresses how query IDs are computed, specifically ensuring that queries differing only in GROUP BY expressions are not incorrectly merged. This relates to the correct handling of query identification for statistics collection, which falls under execution and correctness."
5118,beac4dee73951927,qwen3:30b-a3b,v2,"Concurrency, locking & crashes",0.95,false,false,"The fix addresses a race condition in the asynchronous I/O code, which could lead to incorrect handling of I/O operation results due to concurrent access issues. This is a concurrency issue affecting backend stability, not a security vulnerability or performance improvement."
5126,b62509097a940509,qwen3:30b-a3b,v2,"Storage, vacuum & TOAST",0.95,false,false,"The fix addresses an issue where NUMA status views fail when a page is swapped out, which relates to system-level memory management and stability. This is not a security vulnerability but a stability issue related to memory handling."
5127,aafb76269cb02291,qwen3:30b-a3b,v2,Build & platform,0.95,false,false,"The fix addresses an issue where querying NUMA page status with older libnuma versions caused 'operation not permitted' errors, which relates to system-level interaction with the NUMA (Non-Uniform Memory Access) library. This is not a security vulnerability but a compatibility or system call handling issue."
5142,b9eca7cbaac14cbe,qwen3:30b-a3b,v2,Build & platform,0.95,false,false,"The fix addresses a build issue specific to the aarch64 architecture when using older system header files from RHEL7, which is a platform compatibility concern rather than a functional or security issue."
5143,f26f44e8af2e4a42,qwen3:30b-a3b,v2,Build & platform,0.95,false,false,"The fix addresses a configure probe issue for io_uring_queue_init_mem() that prevented optimization of async I/O buffer allocations in autotools-based builds, leading to slower backend process exits. This is a build system issue related to the configuration process, not a runtime behavior or performance improvement in execution."
5148,00318ee590961736,qwen3:30b-a3b,v2,Client tools,0.95,false,false,"The fix addresses an issue with tab completion in the psql command-line tool for VACUUM option values, which is a client-side feature. This falls under client tools as it involves the behavior of the psql utility."
5149,081c267f38f1c598,qwen3:30b-a3b,v2,Client tools,0.95,false,false,"The fix addresses the behavior of the psql command prompt when no server connection is active, specifically ensuring that the %P escape sequence does not display a value in such cases. This is about the correct behavior of a client tool's prompt handling, not related to security, performance, or other categories."
5150,131d9362644aec3a,qwen3:30b-a3b,v2,Client tools,0.95,false,false,"The fix addresses an issue in pg_dump where it incorrectly handled sequences that were dropped concurrently or when the user lacked privileges to read sequence values, leading to incorrect behavior rather than proper error handling."
5151,ddf24906078c9c8c,qwen3:30b-a3b,v2,Client tools,0.95,false,false,"The fix addresses an issue in pg_dump where the quoting of 'oauth_validator_libraries' values was incorrect, which affects the correct serialization of configuration settings during dump operations. This is a client tool issue related to proper handling of string quoting in the output of pg_dump."
5159,96a9652dd534239c,qwen3:30b-a3b,v2,Extensions & contrib,0.95,false,false,"The fix addresses an issue where memory allocation was excessive in the pg_buffercache extension, specifically allocating twice the required memory for NUMA page status. This is a memory management problem, not a security vulnerability or performance improvement."
5162,64d97401302e6b8b,qwen3:30b-a3b,v2,"Concurrency, locking & crashes",0.95,false,false,"The fix addresses a crash in the pg_stat_statements contrib module when handling an IN list with mixed constant and non-constant expressions, which relates to backend stability and crash prevention."
5165,2644af926368dd37,qwen3:30b-a3b,v2,Execution & correctness,0.95,true,false,"The fix addresses a bug where a modified array pointer wasn't returned to the caller, causing incorrect output or crashes in specific string processing functions when using ICU locales with certain encodings. This is a memory safety issue related to improper pointer handling, not a numeric overflow or data type issue."
5166,1ab72974ff676aa4,qwen3:30b-a3b,v2,"Data types, text & collation",0.95,false,false,"The fix corrects the volatility marking of json_strip_nulls() and jsonb_strip_nulls() functions from 'stable' to 'immutable', which affects their usage in index expressions and query optimization. This is a correctness issue related to function behavior and semantics, not a security or performance fix."
5168,f1c11a105793c5b5,qwen3:30b-a3b,v2,Execution & correctness,0.95,false,false,"The fix addresses a naming conflict between automatically generated NOT NULL constraints and user-defined constraints in the same CREATE TABLE statement, ensuring that constraint names do not collide. This is about correct constraint naming and management during table creation, which falls under the category of execution and correctness as it affects how constraints are handled during table definition and execution."
5177,106e849192aeab9b,qwen3:30b-a3b,v2,Planner & optimizer,0.95,true,false,"The fix addresses a validation issue in the restoration of attribute MCV (Most Common Values) statistics, which could lead to planner crashes due to faulty input. This is a correctness issue related to query planning and optimization, specifically in the statistics used for planning."
5188,6f46dec1b16dbafd,qwen3:30b-a3b,v2,Planner & optimizer,0.95,false,false,"The fix addresses a planner issue where partition key columns weren't being correctly matched to sub-query outputs due to unnecessary PlaceHolderVars, enabling proper partition pruning. This is fundamentally about query planning and optimization, specifically improving how the planner matches partition keys to sub-query outputs for effective partition pruning."
5189,812b22fffe56b1d9,qwen3:30b-a3b,v2,Planner & optimizer,0.95,false,false,"The fix addresses an issue where a self-join with a join clause using a bare boolean column caused a 'no relation entry for relid N' error. This is fundamentally about query planning and optimization, specifically how the planner handles join clauses involving boolean columns in self-joins."
5190,dd4dac944b23faaa,qwen3:30b-a3b,v2,Execution & correctness,0.95,false,false,"The fix addresses an issue where UPDATE/DELETE statements using WHERE CURRENT OF failed on tables containing virtual generated columns, which relates to the correct execution of SQL statements involving generated columns."
5191,59fbee83b0bf13a7,qwen3:30b-a3b,v2,Execution & correctness,0.95,false,false,"The fix addresses an issue with how virtual generated columns are expanded in the context of EXCLUDED column references during an INSERT ... ON CONFLICT statement. This relates to the correct handling of generated columns within the query execution logic, specifically in the context of conflict resolution clauses."
5193,0aa2817a6bbc5ca5,qwen3:30b-a3b,v2,Indexes,0.95,false,false,"The fix addresses an error message related to expression indexes on virtual generated columns, which is a correctness issue in index creation logic. This falls under the category of Indexes as it involves the behavior of index creation and error handling for a specific index type."
5198,ddb1afcdeba5ae64,qwen3:30b-a3b,v2,Execution & correctness,0.95,false,false,"The fix addresses the timing of invoking object-access hook functions during an ALTER TABLE ... SET NOT NULL operation, ensuring they are called only after the catalog change is completed. This is about the correctness of the operation's execution flow, not performance or security."
5200,8a60df4b3fd3d59c,qwen3:30b-a3b,v2,Execution & correctness,0.95,false,false,"The fix addresses an issue where foreign key triggers lost their deferrability status after being toggled between NOT ENFORCED and ENFORCED, which affects the correct behavior of foreign key constraints during transaction execution. This is fundamentally about ensuring the correct semantics of foreign key constraints, which falls under execution and correctness."
5201,d70277c1acf37244,qwen3:30b-a3b,v2,"Data types, text & collation",0.95,false,false,"The fix addresses a limitation in the implementation of the WITHOUT OVERLAPS constraint for domains over range or multirange types, ensuring that domains can now be used with this constraint as intended."
5220,14c72113bed944e5,qwen3:30b-a3b,v2,"Data types, text & collation",0.95,false,false,"The fix addresses a specific behavior in the pg_aios system view where the pid column incorrectly displayed 0 instead of NULL for entries without an owning process. This is a correctness issue in the system view's output, not related to performance, security, or other categories."
5222,1533c9cbd2030f85,qwen3:30b-a3b,v2,"Concurrency, locking & crashes",0.95,false,false,"The fix addresses an under-allocation of shared memory for parallel btree index scans, which in edge cases could cause a server crash. This is fundamentally about backend stability related to memory allocation for index operations, not about query results, performance, or security."
5226,610a21bce078667e,qwen3:30b-a3b,v2,"Concurrency, locking & crashes",0.95,true,false,"The fix addresses an array overrun issue caused by installing too many EXPLAIN extension options, which is a memory safety vulnerability (buffer overrun). This falls under security hardening due to the nature of the issue, not the numeric or overflow category."
5228,89a07166bd0bbf9d,qwen3:30b-a3b,v2,Execution & correctness,0.95,false,false,"The fix addresses an issue where the display of join alias Vars in the GROUP BY clause was incorrect in certain view queries, specifically when data types required implicit coercion. This affects query result correctness during deparsing, not performance or security."
5235,bf386830ffc14701,qwen3:30b-a3b,v2,Client tools,0.95,true,false,"The fix addresses a vulnerability in the tar-file parsing logic used by pg_basebackup and pg_verifybackup, where the code did not verify if the input was a valid tar file, potentially allowing malicious input to cause unexpected behavior or security issues. This is fundamentally about hardening against security weaknesses in input handling."
5237,7ffdeccadd704c73,qwen3:30b-a3b,v2,Client tools,0.95,false,false,"The fix addresses an issue in pg_dump where the NO INHERIT property of NOT NULL constraints was not being preserved during the dump process, leading to potential inconsistencies when restoring the schema. This is a correctness issue in the client tool's handling of constraint properties."
5242,10d6ab27b82f84d0,qwen3:30b-a3b,v2,Extensions & contrib,0.95,false,false,"The fix addresses a structural issue in the output format of the pg_overexplain contrib module, specifically correcting misplaced fields in JSON, YAML, and XML outputs to ensure they are valid. This is a correctness issue within a contrib module, not related to performance, security, or other categories."
5252,bf2443e9ca78bbc0,qwen3:30b-a3b,v2,"Data types, text & collation",0.95,true,false,"The fix addresses an issue where pg_restore_attribute_stats() incorrectly handled multirange types by treating them as their underlying range types, leading to incorrect statistics for non-histogram data. This is a correctness issue in data type handling, specifically related to multirange types and their statistics."
5270,e69267f213e3770a,qwen3:30b-a3b,v2,Extensions & contrib,0.95,true,false,"The fix addresses a buffer overrun in the pg_stat_statements extension, which is a memory safety issue involving incorrect space calculation for a normalized string. This is a security vulnerability, not a numeric or overflow issue in arithmetic."
5273,3a948430ecce48f7,qwen3:30b-a3b,v2,Planner & optimizer,0.95,false,false,"The fix addresses an issue where parallel GIN index builds incorrectly updated the table's reltuples value, which is a metadata field used for query planning and statistics. This could lead to incorrect autovacuum and autoanalyze decisions, but the core problem is about maintaining accurate table statistics, not a security flaw or performance improvement."
5276,0af46f69db9d4e5b,qwen3:30b-a3b,v2,Execution & correctness,0.95,false,false,"The fix addresses a crash or erroneous behavior caused by incorrect state updates in a ModifyTable plan node when partition pruning is applied to a partitioned table with foreign-table partitions. This relates to the execution of queries on partitioned tables with foreign data wrappers, specifically ensuring correct handling of partition pruning."
5277,9907f1bcc5788190,qwen3:30b-a3b,v2,Execution & correctness,0.95,false,false,"The fix addresses a scenario where a BEFORE UPDATE trigger on a table, when used with an UPDATE statement that includes RETURNING OLD, failed to reflect concurrent updates to the row at READ COMMITTED isolation level. The issue was that the OLD values returned were stale, even though the trigger and final output row correctly saw the updated values. This is fundamentally about the behavior of triggers and the RETURNING clause in the context of concurrent updates, which falls under execution correctness."
5278,30c5cf8682702dfe,qwen3:30b-a3b,v2,Planner & optimizer,0.95,false,true,"The fix addresses a performance issue in hash joins where null values in non-last join columns were incorrectly inserted into the hash table, causing unnecessary bloat. This is a performance optimization related to query execution and join processing."
5279,f92b71eed8c32ffe,qwen3:30b-a3b,v2,Execution & correctness,0.95,false,false,"The fix addresses an issue where parenthesized OLD or NEW references in RETURNING expressions were incorrectly parsed, causing them to be treated as NEW references instead. This affects the correct handling of SQL semantics during query execution, specifically in the context of trigger or RETURNING clause behavior."
5282,811ab0b6321da0e4,qwen3:30b-a3b,v2,Planner & optimizer,0.95,false,false,"The fix addresses edge cases in join removal that could cause assertions or incorrect plans, which relates to query planning and optimization."
5284,fe2ddcbb1694094c,qwen3:30b-a3b,v2,Planner & optimizer,0.95,false,false,"The fix addresses a scenario where WHERE clause pushdown is incorrectly applied to a grouping step with a nondeterministic collation, potentially causing incorrect row filtering. This relates to query planning and optimization, specifically how equivalence rules and collation handling affect the planner's decisions."
5286,030eab27b5eb5d3f,qwen3:30b-a3b,v2,"Data types, text & collation",0.95,false,false,"The fix addresses an error related to collation lookup during query planning for a 'char' column, specifically preventing a cache lookup failure. This involves the interaction between collation handling and the planner's statistics lookup, which falls under data type and collation behavior."
5289,f1a7844f582dcee7,qwen3:30b-a3b,v2,Partitioning & inheritance,0.95,false,false,"The fix addresses a scenario where ALTER TABLE ... ALTER CONSTRAINT was incorrectly allowing the setting of NO INHERIT on NOT NULL constraints of partitioned tables, which violates the design that such constraints must be inherited by all partitions. This is a correctness issue related to constraint behavior in partitioned tables."
5294,103b1c6e16afbddc,qwen3:30b-a3b,v2,"Data types, text & collation",0.95,false,false,"The fix addresses an issue with LIKE matching when using nondeterministic collations, specifically handling escaped backslashes and leading backslashes incorrectly. This relates to how text and collation handling behaves in SQL queries, not to performance, security, or other categories."
5295,2f3182d5d00e824c,qwen3:30b-a3b,v2,Planner & optimizer,0.95,false,true,"The fix addresses an optimization issue in the LIKE and regex pattern matching for index scans, specifically when the index collation doesn't match the expression collation, which was causing performance degradation in commands like 'psql \d tablename'. This is fundamentally about query planning and optimization, as it involves the planner's ability to convert patterns to efficient index conditions."
5297,d45246ca26aa096d,qwen3:30b-a3b,v2,"Data types, text & collation",0.95,false,false,"The fix addresses case-folding rules for Greek final sigma, specifically adjusting how it's handled in the context of Case Ignorable characters within the pg_unicode_fast locale. This pertains to text and collation handling, not numeric errors or security issues."
5305,59f51c8c9ae99707,qwen3:30b-a3b,v2,"Data types, text & collation",0.95,false,false,"The fix addresses a validation issue in the uuidv7() function, ensuring that the shift value does not produce a timestamp outside the representable range for a v7 UUID. This is about preventing incorrect or invalid output due to out-of-range input, which falls under data type and semantic handling rather than security or performance."
5314,ec4a5231b6bd1d4d,qwen3:30b-a3b,v2,"Storage, vacuum & TOAST",0.95,false,false,"The fix addresses a scenario where a large value of effective_io_concurrency could cause a single stream to consume all available local buffers, leading to errors during temporary table access. This is fundamentally about managing resource usage to prevent failures, not about security, performance, or a specific component like indexes or execution."
5316,d2ae9d2a44cdd0e4,qwen3:30b-a3b,v2,"Storage, vacuum & TOAST",0.95,false,false,"The fix addresses a regression in VACUUM's failsafe mode where the shared buffer pool usage was incorrectly limited, preventing efficient transaction ID reclamation. This is about optimizing VACUUM's resource usage during critical operations, not a security or performance improvement per se."
5323,6f27eb5077d34578,qwen3:30b-a3b,v2,Execution & correctness,0.95,false,false,"The fix addresses an issue in JIT-compiled code related to virtual generated columns, which affects how tuples are deconstructed during query execution. This is a correctness issue in the execution phase, not a security or performance improvement."
5337,6b95f702fa89c66f,qwen3:30b-a3b,v2,Replication & recovery,0.95,false,false,"The fix prevents hot-standby connections from being accepted before WAL replay has reached a consistent database state, which is a critical aspect of replication and recovery to ensure data consistency and prevent incorrect query results on standby servers."
5345,8fa5d7015ec0b948,qwen3:30b-a3b,v2,"Storage, vacuum & TOAST",0.95,false,false,"The fix addresses incorrect I/O operation statistics being recorded following failed read or write operations, which relates to the accuracy of statistics tracking during I/O operations. This is not a security issue or performance improvement but rather a correctness issue in how statistics are handled."
5349,90542a6e3babc13d,qwen3:30b-a3b,v2,Client interfaces,0.95,true,false,"The fix addresses libpq's handling of out-of-memory conditions, which is a memory management issue rather than a numeric overflow or performance problem. This is a memory-safety concern that could lead to crashes or undefined behavior."
5350,43d4ff286e726414,qwen3:30b-a3b,v2,Client interfaces,0.95,false,false,"The fix addresses an issue in libpq's trace facility where it incorrectly printed new-style BackendKeyData and CancelRequest messages, which relates to the correct handling of client-side protocol messages."
5352,bd7b49f5139f85ad,qwen3:30b-a3b,v2,Client tools,0.95,false,false,"The fix addresses a null-pointer crash in the ecpg compiler when processing a DECLARE section with a nested union inside a struct, which relates to compiler stability and correctness in handling specific C struct declarations."
5354,731288b80af05a28,qwen3:30b-a3b,v2,Client tools,0.95,false,false,"The fix addresses a specific issue in the psql client tool where it could get stuck or trigger an assertion failure due to deferred errors in pipeline mode, particularly when the server reports errors like deferred constraint violations after a Sync message. This is about the behavior of the client tool during error handling, not about query results, performance, or security."
5356,306bda11460a7bc9,qwen3:30b-a3b,v2,Client tools,0.95,false,false,"The fix addresses a bug where psql incorrectly applied a too-large WATCH_INTERVAL value despite reporting an error, which is about enforcing a correct behavior for a client tool's configuration parameter."
5363,96b6cadbc58b18c4,qwen3:30b-a3b,v2,Client tools,0.95,false,false,"The fix addresses inconsistent behavior in pg_restore when using --statistics or --statistics-only with other selective-restore options like --schema, which affects the expected restoration of items. This is about the correct functioning of the client tool during data restoration."
5364,21e82f897944c50f,qwen3:30b-a3b,v2,"Data types, text & collation",0.95,false,false,"The fix addresses an issue where vacuumdb incorrectly attempted to analyze partitioned expression indexes, which are not meant to have statistics. This is about the correct behavior of the vacuumdb tool regarding partitioned indexes, specifically avoiding unnecessary operations on indexes that don't store statistics."
5365,c86c66760cb8be9e,qwen3:30b-a3b,v2,Indexes,0.95,false,false,"The fix addresses a specific issue in the amcheck contrib module related to reporting corruption in a btree metapage's allequalimage flag, which is a data structure integrity check within the index system."
5366,5c4a78095c8435a1,qwen3:30b-a3b,v2,Extensions & contrib,0.95,false,false,"The fix addresses a memory leak in the amcheck contrib module during GIN index verification, which is a resource management issue within a specific extension, not related to query correctness, performance, or security vulnerabilities like buffer overflows."
5369,31d142cfe31177aa,qwen3:30b-a3b,v2,Indexes,0.95,false,false,"The fix addresses an inefficiency in the sorting of bit/varbit types during GiST index construction in the btree_gist extension, where the sorting was incorrectly treating them as bytea types. This is a correctness issue related to index behavior, not a security or performance improvement."
5371,9f3a767ddff8d20a,qwen3:30b-a3b,v2,Indexes,0.95,false,false,"The fix addresses the precedence of user-mapping settings over foreign server settings in dblink and postgres_fdw, ensuring consistency with other foreign-table options. This is about correct behavior in foreign data wrapper configuration, not security, performance, or other categories."
5372,3675ef3e49ea173d,qwen3:30b-a3b,v2,Client interfaces,0.95,false,false,"The fix addresses an incorrect configuration option being allowed at the FDW level for the dblink foreign-data wrapper, which should only be applicable at the foreign server and user mapping levels. This is a correctness issue in the FDW implementation, not a security or performance problem."
5377,e0fbdf9747efab5e,qwen3:30b-a3b,v2,"Concurrency, locking & crashes",0.95,true,false,"The fix addresses an out-of-bounds array access in the autoprewarm worker of contrib/pg_prewarm, which could lead to a segmentation fault. This is a memory safety issue, not a numeric overflow or arithmetic error."
